image_path,label,prediction
data/voc/silhouette/2007_000032.png,aeroplane,
data/voc/silhouette/2007_000033.png,aeroplane,
data/voc/silhouette/2007_000039.png,tvmonitor,"Based on the image provided, the object is a black, rectangular shape with a distinct form that is characteristic of a television monitor. The object has a flat top, a wider base, and a slightly curved side, which are typical features of a TV monitor.

Therefore, the correct class is:

TV Monitor"
data/voc/silhouette/2007_000042.png,train,
data/voc/silhouette/2007_000061.png,boat,
data/voc/silhouette/2007_000063.png,chair,"Based on the image provided, the main object is a stylized representation of a cat, which is depicted in a sleeping position within a chair. The object is clearly identifiable as a cat.

Cat"
data/voc/silhouette/2007_000068.png,bird,Bird
data/voc/silhouette/2007_000121.png,tvmonitor,"Based on the image provided, the main object is a television monitor. This is evident from its rectangular shape, the stand, and the overall design typical of a TV set. The image is a silhouette of a TV monitor, which is a type of electronic display.

TV Monitor"
data/voc/silhouette/2007_000123.png,train,
data/voc/silhouette/2007_000129.png,person,"Based on the visual information provided in the image, the main object is a silhouette of a person in a dynamic pose, likely performing a physical activity such as a dance or a sport. The figure is depicted with a bent knee and a posture that suggests movement.

The class of the main object is:
Person"
data/voc/silhouette/2007_000170.png,person,
data/voc/silhouette/2007_000175.png,sheep,"Based on the image provided, the main object is a silhouette of a large animal with a long, floppy ear and a body that suggests a domesticated animal. The shape, particularly the large size and the presence of a tail, is characteristic of a specific type of animal. It is not a vehicle, a person, or a household item. The animal is also not a bird, a dog, a horse, a cat, or a sheep. It has a shape that is more consistent with a"
data/voc/silhouette/2007_000187.png,tvmonitor,
data/voc/silhouette/2007_000241.png,boat,
data/voc/silhouette/2007_000243.png,aeroplane,Aeroplane
data/voc/silhouette/2007_000250.png,diningtable,
data/voc/silhouette/2007_000256.png,aeroplane,Aeroplane
data/voc/silhouette/2007_000323.png,person,
data/voc/silhouette/2007_000332.png,horse,
data/voc/silhouette/2007_000333.png,train,
data/voc/silhouette/2007_000346.png,person,
data/voc/silhouette/2007_000363.png,bird,"The main object in the image is a bird with its wings spread. Therefore, the correct class is:

Bird"
data/voc/silhouette/2007_000364.png,motorbike,
data/voc/silhouette/2007_000392.png,horse,"Based on the image provided, the main object is a horse. The silhouette clearly shows a horse in a dynamic pose, with one leg raised, which is characteristic of a horse in motion.

The correct class name from the list is:

Horse"
data/voc/silhouette/2007_000452.png,sofa,"Based on the provided image, the object is a black silhouette of a piece of furniture that resembles a sofa. The shape includes a backrest and a seat, which are characteristic of a sofa.

Therefore, the correct classification is:

Sofa"
data/voc/silhouette/2007_000464.png,cow,Cow
data/voc/silhouette/2007_000480.png,aeroplane,
data/voc/silhouette/2007_000491.png,cow,"Based on the image provided, the main object is a silhouette of an animal with a distinct head shape, horns, and a body that resembles a large, four-legged animal. The features are consistent with a cow.

From the given list of classes, the correct classification is:

Cow"
data/voc/silhouette/2007_000504.png,cow,Cow
data/voc/silhouette/2007_000515.png,person,
data/voc/silhouette/2007_000528.png,cat,"Based on the visual characteristics of the object in the image, the main object is a silhouette of a cat. The shape includes features such as pointed ears, a body, and a tail, which are typical of a feline.

Therefore, the correct classification is:

Cat"
data/voc/silhouette/2007_000529.png,boat,
data/voc/silhouette/2007_000549.png,cat,"Based on the visual evidence in the image, the main object is a silhouette that clearly depicts the head and upper body of an animal. The shape, including the distinct ear and the overall form, is characteristic of a cat.

Therefore, the correct classification is:

Cat"
data/voc/silhouette/2007_000559.png,tvmonitor,TV Monitor
data/voc/silhouette/2007_000572.png,bicycle,
data/voc/silhouette/2007_000584.png,bicycle,Bicycle
data/voc/silhouette/2007_000629.png,train,
data/voc/silhouette/2007_000636.png,train,"Based on the visual information provided, the main object in the image is a silhouette that resembles a train or a similar vehicle. The shape includes a large, elongated body with multiple smaller sections extending from the right side, which is characteristic of a train or a similar long vehicle.

Therefore, the correct classification is:

Train"
data/voc/silhouette/2007_000645.png,bird,
data/voc/silhouette/2007_000648.png,bus,"Based on the visual information provided in the image, the main object is a vehicle that is large and has a shape consistent with a bus. The object is depicted as a solid black silhouette, but the overall form is clearly identifiable as a bus.

Therefore, the correct classification is:

Bus"
data/voc/silhouette/2007_000661.png,sofa,"Based on the visual information provided in the image, the main object is a silhouette of a vehicle. The shape is consistent with that of a bus, which is a large, rectangular vehicle used for public transportation.

Therefore, the correct classification is:

Bus"
data/voc/silhouette/2007_000663.png,bus,
data/voc/silhouette/2007_000676.png,sheep,"Based on the provided image, the main object is a silhouette of a cow. The image shows a large, black, four-legged animal with a rounded body and a head that is characteristic of a cow. It is lying down in a horizontal position.

Therefore, the correct classification is:

Cow"
data/voc/silhouette/2007_000713.png,boat,
data/voc/silhouette/2007_000720.png,dog,"Based on the image provided, the main object is a silhouette of a person standing upright. Although the image is a simple black silhouette, the distinct shape of the figure, with legs and a torso, clearly identifies it as a human.

Therefore, the correct classification is:

Person"
data/voc/silhouette/2007_000727.png,bus,
data/voc/silhouette/2007_000733.png,motorbike,
data/voc/silhouette/2007_000738.png,aeroplane,Aeroplane
data/voc/silhouette/2007_000762.png,diningtable,
data/voc/silhouette/2007_000768.png,bus,"Based on the visual information provided in the image, the main object is a vehicle with a boxy shape, two wheels, and a visible rear section. This description matches the silhouette of a bus.

- The object has a large, rectangular body typical of a bus.
- It has two wheels at the bottom, which is consistent with a vehicle designed for public transport.
- The shape is not that of a car, which typically has a more compact body and different proportions.

Therefore, the correct classification"
data/voc/silhouette/2007_000783.png,horse,Horse
data/voc/silhouette/2007_000793.png,bicycle,
data/voc/silhouette/2007_000799.png,horse,"Based on the visual evidence in the image, the main object is a silhouette of an animal with distinct features such as two horns, a long body, and a raised front leg. These characteristics are consistent with a horse.

Therefore, the correct classification is:

Horse"
data/voc/silhouette/2007_000804.png,sofa,
data/voc/silhouette/2007_000822.png,motorbike,
data/voc/silhouette/2007_000830.png,diningtable,Dining Table
data/voc/silhouette/2007_000836.png,horse,Bicycle
data/voc/silhouette/2007_000837.png,boat,
data/voc/silhouette/2007_000847.png,person,"Based on the visual information provided, the main object in the image is a silhouette of a person. The figure is depicted in a seated posture, with arms and legs in a typical human stance.

Therefore, the correct classification is:

Person"
data/voc/silhouette/2007_000862.png,boat,
data/voc/silhouette/2007_000876.png,cat,"Based on the visual information provided in the image, the main object is a silhouette of a cat. The shape includes features such as pointed ears, a rounded body, and a tail, which are characteristic of a cat. The object is depicted in black against a white background, with a distinct outline.

Therefore, the correct classification is:

Cat"
data/voc/silhouette/2007_000904.png,horse,
data/voc/silhouette/2007_000925.png,sheep,
data/voc/silhouette/2007_000999.png,person,"Based on the visual information provided in the image, the main object is a silhouette of a human figure. The figure is shown in profile, with a distinct outline of a head, shoulders, and a posture that suggests movement.

The class that best fits this object is:

Person"
data/voc/silhouette/2007_001027.png,sofa,
data/voc/silhouette/2007_001073.png,cow,
data/voc/silhouette/2007_001149.png,pottedplant,
data/voc/silhouette/2007_001154.png,sofa,"Based on the visual information provided in the image, the object is a silhouette that appears to be a television monitor. This is determined by its characteristic shape, which includes a rectangular body with a slightly curved top and a visible frame. The image is a simple black shape against a white background, which is typical of a TV monitor's outline.

Therefore, the correct classification is:

TV Monitor"
data/voc/silhouette/2007_001175.png,person,
data/voc/silhouette/2007_001185.png,person,Person
data/voc/silhouette/2007_001225.png,dog,
data/voc/silhouette/2007_001239.png,dog,
data/voc/silhouette/2007_001284.png,person,
data/voc/silhouette/2007_001288.png,aeroplane,Aeroplane
data/voc/silhouette/2007_001289.png,bird,"Based on the image provided, the main object is a silhouette of a bird in flight.

The class name for the object is:
Bird"
data/voc/silhouette/2007_001299.png,cow,Cow
data/voc/silhouette/2007_001311.png,person,"Based on the image provided, the main object is a silhouette of a human figure in a crouched, athletic pose, which is characteristic of a person performing an action such as a dance move or a gymnastic maneuver. The figure is depicted with a bent knee, one leg lifted, and arms extended, suggesting movement.

Looking at the list of classes provided, the object can be classified as a person.

Person"
data/voc/silhouette/2007_001321.png,car,
data/voc/silhouette/2007_001340.png,person,
data/voc/silhouette/2007_001377.png,aeroplane,
data/voc/silhouette/2007_001397.png,dog,"Based on the visual evidence provided in the image, the main object is a silhouette that strongly resembles a dog. The shape includes a body, legs, and a tail, which are characteristic features of a canine. Although the image is very simple and lacks details, the overall form is consistent with a dog.

Therefore, the correct classification is:

Dog"
data/voc/silhouette/2007_001408.png,person,
data/voc/silhouette/2007_001416.png,sheep,"Based on the image provided, the main object is a silhouette of a large animal with a distinct shape, including a head, body, and legs. The animal is clearly identifiable as a cow.

Therefore, the correct class is:

Cow"
data/voc/silhouette/2007_001420.png,horse,"Based on the visual information provided, the main object in the image is a horse.

The image shows a black silhouette of a four-legged animal with a head, neck, body, and legs, which are characteristic features of a horse. The posture is that of a standing horse, and there are no other objects or features that suggest it is a different animal or a different type of object.

Therefore, the correct class is:

Horse"
data/voc/silhouette/2007_001423.png,person,
data/voc/silhouette/2007_001430.png,person,
data/voc/silhouette/2007_001439.png,diningtable,
data/voc/silhouette/2007_001457.png,sofa,"Based on the visual information provided in the image, the main object is a black, three-dimensional shape that resembles a sofa. It has a distinct backrest, seat, and armrests, which are characteristic features of a seating furniture item.

From the given list of classes, the most accurate classification is:

Sofa"
data/voc/silhouette/2007_001458.png,sofa,"Based on the provided image, the main object is a black, rectangular shape with a distinct top surface and a visible base, which is characteristic of a sofa.

Therefore, the correct classification is:

Sofa"
data/voc/silhouette/2007_001487.png,boat,
data/voc/silhouette/2007_001526.png,person,"Based on the image provided, the main object is a silhouette of a human figure. Therefore, the correct classification is:

Person"
data/voc/silhouette/2007_001568.png,aeroplane,
data/voc/silhouette/2007_001585.png,sofa,
data/voc/silhouette/2007_001586.png,horse,
data/voc/silhouette/2007_001587.png,bicycle,Bicycle
data/voc/silhouette/2007_001594.png,person,"Based on the image provided, the main object is a silhouette of a human figure in a walking pose, holding a stick. This is clearly a person.

Person"
data/voc/silhouette/2007_001595.png,bus,
data/voc/silhouette/2007_001602.png,bottle,Bottle
data/voc/silhouette/2007_001609.png,diningtable,
data/voc/silhouette/2007_001630.png,person,
data/voc/silhouette/2007_001677.png,diningtable,Chair
data/voc/silhouette/2007_001678.png,person,
data/voc/silhouette/2007_001698.png,boat,
data/voc/silhouette/2007_001704.png,tvmonitor,
data/voc/silhouette/2007_001709.png,motorbike,
data/voc/silhouette/2007_001717.png,person,
data/voc/silhouette/2007_001724.png,horse,"Based on the visual information provided in the image, the main object is a silhouette of an animal with a distinct head, body, and four legs, which is characteristic of a bovine animal. The shape and posture are consistent with that of a cow.

Among the given options, the most appropriate classification is:

Cow"
data/voc/silhouette/2007_001733.png,sheep,"Based on the visual information provided in the image, the main object is a silhouette of a sheep.

The object has the distinct shape of a sheep, including its body, head, and legs. The image is a simple black silhouette against a white background, which is typical for a representation of an animal.

Therefore, the correct classification is:

Sheep"
data/voc/silhouette/2007_001761.png,aeroplane,
data/voc/silhouette/2007_001763.png,sofa,
data/voc/silhouette/2007_001764.png,cow,"Based on the image provided, the main object is a silhouette of a large animal with four legs, a long body, and a head with a prominent horn-like structure. This is clearly identifiable as a cow.

Cow"
data/voc/silhouette/2007_001774.png,cat,
data/voc/silhouette/2007_001825.png,dog,
data/voc/silhouette/2007_001834.png,diningtable,
data/voc/silhouette/2007_001857.png,car,
data/voc/silhouette/2007_001872.png,sheep,
data/voc/silhouette/2007_001884.png,aeroplane,
data/voc/silhouette/2007_001901.png,sofa,"Based on the provided image, the object is a silhouette of a dog. The image shows a dark shape with a distinct body, head, and tail, which are characteristic features of a dog.

Therefore, the correct classification is:

Dog"
data/voc/silhouette/2007_001917.png,cow,"Based on the visual information provided, the object in the image is a silhouette of a cow.

The correct classification from the given list is:
Cow"
data/voc/silhouette/2007_001955.png,horse,
data/voc/silhouette/2007_001960.png,horse,Horse
data/voc/silhouette/2007_002024.png,bus,
data/voc/silhouette/2007_002046.png,horse,Horse
data/voc/silhouette/2007_002055.png,sofa,
data/voc/silhouette/2007_002088.png,cow,Cow
data/voc/silhouette/2007_002094.png,bird,
data/voc/silhouette/2007_002099.png,aeroplane,Aeroplane
data/voc/silhouette/2007_002105.png,motorbike,
data/voc/silhouette/2007_002107.png,aeroplane,
data/voc/silhouette/2007_002119.png,person,"The main object in the image is a person. The image shows a silhouette of a person standing, holding an object that appears to be a bottle. The object is clearly a person.

Person"
data/voc/silhouette/2007_002120.png,person,
data/voc/silhouette/2007_002132.png,tvmonitor,TV Monitor
data/voc/silhouette/2007_002142.png,person,"The main object in the image is a person. Therefore, the correct class is:

Person"
data/voc/silhouette/2007_002198.png,aeroplane,Aeroplane
data/voc/silhouette/2007_002212.png,bird,"Based on the image provided, the main object is a silhouette of a bird. The image shows a dark, elongated shape with a distinct head, body, wings, and tail, which are characteristic features of a bird.

Therefore, the correct classification is:

Bird"
data/voc/silhouette/2007_002216.png,bus,
data/voc/silhouette/2007_002227.png,bicycle,
data/voc/silhouette/2007_002234.png,boat,
data/voc/silhouette/2007_002260.png,motorbike,Motorbike
data/voc/silhouette/2007_002266.png,aeroplane,Aeroplane
data/voc/silhouette/2007_002268.png,sofa,"Based on the image provided, the main object is a stylized silhouette of a motorbike. It has the distinct shape of a motorcycle, including a frame, handlebars, and a seat, and is depicted in black and white.

The correct class name from the list is:
Motorbike"
data/voc/silhouette/2007_002273.png,horse,
data/voc/silhouette/2007_002281.png,car,
data/voc/silhouette/2007_002284.png,pottedplant,
data/voc/silhouette/2007_002293.png,person,"Based on the visual information provided in the image, the main object is a silhouette of a person. The figure is depicted in a standing posture, with a visible outline of a head and torso, consistent with a human form.

The class name for this object is:

Person"
data/voc/silhouette/2007_002361.png,pottedplant,
data/voc/silhouette/2007_002368.png,diningtable,
data/voc/silhouette/2007_002370.png,car,
data/voc/silhouette/2007_002376.png,aeroplane,Aeroplane
data/voc/silhouette/2007_002378.png,pottedplant,
data/voc/silhouette/2007_002387.png,cow,Cow
data/voc/silhouette/2007_002400.png,bird,"Based on the visual information provided, the main object in the image is a silhouette of a bird. The features such as the head, beak, and spiky crest are characteristic of an eagle or a similar raptor. The image does not contain any other objects or details that would suggest it belongs to any other class.

Bird"
data/voc/silhouette/2007_002403.png,boat,Boat
data/voc/silhouette/2007_002412.png,bird,
data/voc/silhouette/2007_002426.png,person,
data/voc/silhouette/2007_002427.png,sofa,
data/voc/silhouette/2007_002445.png,cat,
data/voc/silhouette/2007_002462.png,train,
data/voc/silhouette/2007_002470.png,cat,
data/voc/silhouette/2007_002488.png,motorbike,
data/voc/silhouette/2007_002539.png,bus,
data/voc/silhouette/2007_002545.png,sofa,
data/voc/silhouette/2007_002565.png,train,
data/voc/silhouette/2007_002597.png,dog,
data/voc/silhouette/2007_002611.png,person,
data/voc/silhouette/2007_002618.png,sheep,
data/voc/silhouette/2007_002619.png,aeroplane,Aeroplane
data/voc/silhouette/2007_002624.png,person,
data/voc/silhouette/2007_002639.png,person,
data/voc/silhouette/2007_002643.png,motorbike,"Based on the image provided, the main object is a motorbike. The image shows a stylized, black silhouette of a motorbike with a visible handlebar, seat, and wheels. The design is consistent with a motorbike, which is a two-wheeled vehicle powered by an engine.

Therefore, the correct classification is:

Motorbike"
data/voc/silhouette/2007_002648.png,sheep,"Based on the visual information provided in the image, the main object is a stylized silhouette of a cat. The cat is depicted in a low, crouched position with its head down, and there are droplets of what appears to be liquid falling from its body, suggesting a dramatic or artistic representation.

The class name from the list provided is:

Cat"
data/voc/silhouette/2007_002668.png,person,
data/voc/silhouette/2007_002669.png,cow,
data/voc/silhouette/2007_002719.png,boat,Aeroplane
data/voc/silhouette/2007_002728.png,person,
data/voc/silhouette/2007_002760.png,cat,"Based on the visual evidence provided in the image, the main object is a silhouette that clearly depicts a cat. The shape includes features such as pointed ears and a body that is consistent with a domestic cat. The image is a black silhouette against a white background, which makes the shape stand out. While there are other objects in the image, the primary subject is the cat.

Cat"
data/voc/silhouette/2007_002789.png,cow,Cow
data/voc/silhouette/2007_002823.png,motorbike,
data/voc/silhouette/2007_002824.png,person,
data/voc/silhouette/2007_002845.png,sheep,"Based on the visual characteristics of the object in the image, it is a silhouette of a horse. The shape includes a long body, a head with a mane, and a tail, which are typical features of a horse.

Therefore, the correct classification is:

Horse"
data/voc/silhouette/2007_002852.png,dog,"Based on the image provided, the main object is a silhouette of an animal that is clearly identifiable as a cow. The shape, with its distinct body, legs, and tail, is consistent with that of a cow. Among the given options, the most accurate classification is:

Cow"
data/voc/silhouette/2007_002895.png,person,"The main object in the image is a person. Therefore, the correct classification is:

Person"
data/voc/silhouette/2007_002896.png,bird,
data/voc/silhouette/2007_002903.png,cow,
data/voc/silhouette/2007_002914.png,person,"The main object in the image is a silhouette of a person. Therefore, the correct class is:

Person"
data/voc/silhouette/2007_002953.png,tvmonitor,Bicycle
data/voc/silhouette/2007_002954.png,person,
data/voc/silhouette/2007_002967.png,pottedplant,
data/voc/silhouette/2007_003000.png,aeroplane,"Based on the visual evidence provided in the image, the main object is a silhouette that clearly represents a bird in flight.

The object has the following characteristics:
- It has a streamlined body.
- It has two wings and a tail.
- It is depicted in a dynamic, flying posture.
- The shape is consistent with that of a bird, particularly a bird of prey or a similar type.

Given these features, the most accurate classification from the provided list is:

Bird"
data/voc/silhouette/2007_003011.png,sofa,
data/voc/silhouette/2007_003020.png,person,"The main object in the image is a person, represented as a silhouette. Therefore, the correct class is:

Person"
data/voc/silhouette/2007_003022.png,horse,Horse
data/voc/silhouette/2007_003051.png,car,"Based on the image provided, the main object is a silhouette of a vehicle. The shape, including the roofline, body, and visible wheels, is characteristic of a car. The object is not a motorcycle, a train, or a boat, and it is not a person, animal, or furniture item.

Therefore, the correct classification is:

Car"
data/voc/silhouette/2007_003088.png,person,
data/voc/silhouette/2007_003101.png,bus,
data/voc/silhouette/2007_003106.png,person,
data/voc/silhouette/2007_003110.png,dog,"Based on the image provided, the main object is a silhouette of a person standing. Among the given classes, the most appropriate classification is:

Person"
data/voc/silhouette/2007_003118.png,person,
data/voc/silhouette/2007_003131.png,boat,
data/voc/silhouette/2007_003134.png,person,
data/voc/silhouette/2007_003137.png,bus,
data/voc/silhouette/2007_003143.png,car,Car
data/voc/silhouette/2007_003169.png,cat,
data/voc/silhouette/2007_003178.png,train,"Based on the visual characteristics of the object in the image, it is a bottle. The object has a distinct shape with a wider base that tapers towards the top, which is typical of a bottle. The silhouette is also consistent with that of a common bottle, such as a soda or water bottle.

Bottle"
data/voc/silhouette/2007_003188.png,bicycle,
data/voc/silhouette/2007_003189.png,person,"The main object in the image is a person. Therefore, the correct class is:

Person"
data/voc/silhouette/2007_003190.png,sheep,"The main object in the image is a silhouette of a sheep. Therefore, the correct class is:

Sheep"
data/voc/silhouette/2007_003191.png,person,
data/voc/silhouette/2007_003194.png,dog,
data/voc/silhouette/2007_003195.png,bus,"Based on the image provided, the object is a black, rectangular shape with a distinct outline and a small, pixelated white area on the bottom left, which suggests a screen or display. The shape and features are consistent with a television monitor.

TV Monitor"
data/voc/silhouette/2007_003201.png,cow,
data/voc/silhouette/2007_003205.png,chair,
data/voc/silhouette/2007_003207.png,bottle,Bottle
data/voc/silhouette/2007_003251.png,diningtable,
data/voc/silhouette/2007_003267.png,bird,
data/voc/silhouette/2007_003286.png,train,"Based on the image provided, the main object is a train. The silhouette shows a long, box-like vehicle with a distinct shape, which is characteristic of a train. It has a large, rectangular body and a visible front section with a window and a side door, which are typical features of a train.

Therefore, the correct classification is:

Train"
data/voc/silhouette/2007_003330.png,bird,"Based on the visual information provided in the image, the main object is a bird. The image shows a black silhouette of a bird with a long tail, which is characteristic of a bird species like a long-tailed bird.

The class name from the list provided is:

Bird"
data/voc/silhouette/2007_003349.png,bird,
data/voc/silhouette/2007_003367.png,motorbike,
data/voc/silhouette/2007_003373.png,dog,
data/voc/silhouette/2007_003431.png,person,"Based on the image provided, the main object is a silhouette of a person holding a bottle. The image does not show a bicycle, car, or train. It does not show a bird, boat, or motorbike. The object is clearly a person, and the bottle is a part of the person's action.

Therefore, the correct classification is:

Person"
data/voc/silhouette/2007_003451.png,sofa,
data/voc/silhouette/2007_003499.png,train,
data/voc/silhouette/2007_003503.png,bus,
data/voc/silhouette/2007_003506.png,pottedplant,
data/voc/silhouette/2007_003525.png,cat,
data/voc/silhouette/2007_003529.png,person,
data/voc/silhouette/2007_003530.png,person,
data/voc/silhouette/2007_003541.png,person,Person
data/voc/silhouette/2007_003565.png,bird,
data/voc/silhouette/2007_003571.png,boat,
data/voc/silhouette/2007_003580.png,person,Person
data/voc/silhouette/2007_003587.png,train,
data/voc/silhouette/2007_003593.png,sheep,
data/voc/silhouette/2007_003604.png,dog,"Based on the visual information provided in the image, the main object is a silhouette of a dog. The shape, including the head, body, and the characteristic posture with the tail and paw, is consistent with that of a dog.

Therefore, the correct classification is:

Dog"
data/voc/silhouette/2007_003611.png,horse,
data/voc/silhouette/2007_003621.png,bicycle,
data/voc/silhouette/2007_003668.png,diningtable,
data/voc/silhouette/2007_003682.png,bird,
data/voc/silhouette/2007_003711.png,bus,"Based on the visual evidence provided in the image, the main object is a vehicle with a distinct shape and features that are characteristic of a bus. The object has a rectangular body, a roof, and visible windows, which are typical features of a bus.

Therefore, the correct classification is:

Bus"
data/voc/silhouette/2007_003714.png,sheep,"Based on the image provided, the main object is a silhouette of a cow. The object has the distinct features of a cow, including a head with a long, pointed horn and a body that is bent down, which is characteristic of a cow grazing or standing in a low position.

Therefore, the correct class name from the list is:

Cow"
data/voc/silhouette/2007_003715.png,bus,
data/voc/silhouette/2007_003742.png,person,Person
data/voc/silhouette/2007_003778.png,cat,Cat
data/voc/silhouette/2007_003786.png,bus,
data/voc/silhouette/2007_003788.png,chair,
data/voc/silhouette/2007_003815.png,car,"Based on the image provided, the main object is a silhouette of a vehicle. The object has the distinct shape of a car, including a body, wheels, and a visible side window. The object is not a bird, airplane, boat, or train. It is not a person, dog, horse, or cat. It is also not a bicycle, motorbike, bus, or dining table. The object is clearly a car.

Car"
data/voc/silhouette/2007_003841.png,cow,"Based on the visual evidence provided in the image, the main object is a silhouette of an animal. The shape includes a head with two ears and a snout, which is characteristic of a cow.

From the list of classes provided, the correct classification is:

Cow"
data/voc/silhouette/2007_003848.png,train,
data/voc/silhouette/2007_003861.png,boat,
data/voc/silhouette/2007_003872.png,dog,"Based on the image provided, the main object is a silhouette of a dog in motion. The object has the distinct features of a canine, including a body shape, legs, tail, and head, which are characteristic of a dog.

From the given list of classes, the correct classification is:

Dog"
data/voc/silhouette/2007_003876.png,aeroplane,Aeroplane
data/voc/silhouette/2007_003889.png,horse,The main object in the image is a dog.
data/voc/silhouette/2007_003910.png,boat,Boat
data/voc/silhouette/2007_003917.png,car,Bicycle
data/voc/silhouette/2007_003957.png,train,"Based on the provided image, the main object is a large, complex vehicle with multiple wheels and a structure that suggests it is a type of rail vehicle. The silhouette is very distinct and appears to be a train.

The class name for the main object in the image is:
Train"
data/voc/silhouette/2007_003991.png,cat,"Based on the visual information provided in the image, the main object is a silhouette of a cat.

The class name is: Cat"
data/voc/silhouette/2007_004003.png,motorbike,
data/voc/silhouette/2007_004009.png,aeroplane,Aeroplane
data/voc/silhouette/2007_004033.png,motorbike,
data/voc/silhouette/2007_004052.png,aeroplane,assistantAeroplane
data/voc/silhouette/2007_004065.png,bus,"Based on the image provided, the main object is a silhouette of a vehicle that appears to be a bus. The shape includes a long body, wheels, and a visible front section with a windshield and side windows. This matches the characteristics of a bus.

Bus"
data/voc/silhouette/2007_004081.png,pottedplant,
data/voc/silhouette/2007_004112.png,person,
data/voc/silhouette/2007_004121.png,person,
data/voc/silhouette/2007_004143.png,bird,"Based on the visual information provided in the image, the main object is a silhouette of a bird. It has a distinct shape with a head, body, wings, and legs, which are characteristic features of a bird.

The object is not an aeroplane, bicycle, boat, bottle, bus, car, cat, chair, cow, dining table, dog, horse, motorbike, person, potted plant, sheep, sofa, train, or TV monitor.

Therefore, the correct classification"
data/voc/silhouette/2007_004166.png,diningtable,
data/voc/silhouette/2007_004189.png,dog,Dog
data/voc/silhouette/2007_004190.png,tvmonitor,
data/voc/silhouette/2007_004193.png,chair,
data/voc/silhouette/2007_004241.png,boat,
data/voc/silhouette/2007_004275.png,motorbike,"Based on the silhouette in the image, the main object is a motorbike. This is evident from the distinct shape of the vehicle, including the handlebars, seat, and the overall form that is characteristic of a motorbike.

Motorbike

Motorbike"
data/voc/silhouette/2007_004281.png,train,
data/voc/silhouette/2007_004289.png,person,
data/voc/silhouette/2007_004291.png,person,
data/voc/silhouette/2007_004328.png,person,
data/voc/silhouette/2007_004380.png,motorbike,
data/voc/silhouette/2007_004392.png,person,
data/voc/silhouette/2007_004405.png,diningtable,
data/voc/silhouette/2007_004423.png,sheep,
data/voc/silhouette/2007_004459.png,aeroplane,Aeroplane
data/voc/silhouette/2007_004468.png,bottle,Bottle
data/voc/silhouette/2007_004476.png,person,
data/voc/silhouette/2007_004481.png,car,
data/voc/silhouette/2007_004483.png,train,
data/voc/silhouette/2007_004500.png,cow,Cow
data/voc/silhouette/2007_004510.png,chair,
data/voc/silhouette/2007_004537.png,horse,
data/voc/silhouette/2007_004538.png,horse,
data/voc/silhouette/2007_004558.png,pottedplant,
data/voc/silhouette/2007_004627.png,train,empty
data/voc/silhouette/2007_004644.png,dog,"Based on the image provided, the main object is a silhouette of an animal with a distinct head and body shape, which is characteristic of a cat. The object is not a bird, dog, horse, or any other animal that is clearly visible. It is not a vehicle, a person, or a furniture item.

The correct classification is:

Cat"
data/voc/silhouette/2007_004649.png,train,
data/voc/silhouette/2007_004663.png,train,
data/voc/silhouette/2007_004705.png,car,
data/voc/silhouette/2007_004707.png,pottedplant,Potted Plant
data/voc/silhouette/2007_004712.png,person,
data/voc/silhouette/2007_004722.png,person,
data/voc/silhouette/2007_004768.png,sheep,
data/voc/silhouette/2007_004769.png,bicycle,
data/voc/silhouette/2007_004810.png,car,
data/voc/silhouette/2007_004830.png,car,
data/voc/silhouette/2007_004841.png,aeroplane,
data/voc/silhouette/2007_004856.png,cat,"Based on the silhouette provided, the main object is clearly identifiable as a dog. The shape includes features such as a body, head, and tail, which are characteristic of a canine animal.

Dog"
data/voc/silhouette/2007_004866.png,cat,Cat
data/voc/silhouette/2007_004902.png,person,
data/voc/silhouette/2007_004948.png,pottedplant,
data/voc/silhouette/2007_004951.png,train,
data/voc/silhouette/2007_004969.png,sheep,"Based on the visual evidence provided in the image, the main object is a black silhouette of an animal with a rounded body, four legs, and a head that appears to be facing downward. This shape is characteristic of a sheep.

Therefore, the correct classification is:

Sheep"
data/voc/silhouette/2007_004988.png,aeroplane,Aeroplane
data/voc/silhouette/2007_004998.png,cat,
data/voc/silhouette/2007_005043.png,aeroplane,Aeroplane
data/voc/silhouette/2007_005058.png,sheep,
data/voc/silhouette/2007_005064.png,bicycle,
data/voc/silhouette/2007_005074.png,boat,"The main object in the image is a boat. Therefore, the correct class is:

Boat"
data/voc/silhouette/2007_005086.png,person,
data/voc/silhouette/2007_005107.png,bicycle,Bicycle
data/voc/silhouette/2007_005114.png,person,
data/voc/silhouette/2007_005124.png,cow,
data/voc/silhouette/2007_005130.png,bird,
data/voc/silhouette/2007_005144.png,person,"Based on the image provided, the main object is a silhouette of a person. The image shows the outline of a head and shoulders, with hair visible. This is a typical representation of a person.

Therefore, the correct class is:

Person"
data/voc/silhouette/2007_005149.png,dog,
data/voc/silhouette/2007_005173.png,person,
data/voc/silhouette/2007_005210.png,tvmonitor,TV Monitor
data/voc/silhouette/2007_005212.png,sofa,
data/voc/silhouette/2007_005227.png,person,
data/voc/silhouette/2007_005248.png,horse,Horse
data/voc/silhouette/2007_005262.png,bus,"Based on the image provided, the main object is a silhouette of a vehicle that is clearly identifiable as a bus.

The class name is:
Bus"
data/voc/silhouette/2007_005264.png,bird,
data/voc/silhouette/2007_005266.png,sofa,
data/voc/silhouette/2007_005273.png,bicycle,
data/voc/silhouette/2007_005281.png,person,
data/voc/silhouette/2007_005294.png,bottle,Bottle
data/voc/silhouette/2007_005296.png,car,
data/voc/silhouette/2007_005304.png,person,
data/voc/silhouette/2007_005314.png,motorbike,
data/voc/silhouette/2007_005331.png,horse,Horse
data/voc/silhouette/2007_005354.png,motorbike,
data/voc/silhouette/2007_005358.png,aeroplane,Aeroplane
data/voc/silhouette/2007_005360.png,train,
data/voc/silhouette/2007_005368.png,person,
data/voc/silhouette/2007_005428.png,bottle,Bottle
data/voc/silhouette/2007_005430.png,person,"Based on the image provided, the main object is a silhouette of a human figure in a standing position with one arm extended and the other hand on the hip. This posture is characteristic of a person.

From the given list of classes, the object can be classified as:

Person"
data/voc/silhouette/2007_005460.png,cat,
data/voc/silhouette/2007_005469.png,sheep,
data/voc/silhouette/2007_005509.png,aeroplane,assistantAeroplane
data/voc/silhouette/2007_005547.png,car,"The main object in the image is a car, with a cow inside it. The cow is a living animal, but the image shows the car as the main object. Therefore, the correct classification is:

Car"
data/voc/silhouette/2007_005600.png,aeroplane,Aeroplane
data/voc/silhouette/2007_005608.png,motorbike,
data/voc/silhouette/2007_005626.png,train,
data/voc/silhouette/2007_005647.png,diningtable,
data/voc/silhouette/2007_005688.png,cat,Cat
data/voc/silhouette/2007_005689.png,train,"Based on the visual evidence provided in the image, the main object is a silhouette of a locomotive, which is a type of train. The shape includes a boiler, a smokestack, a cab, and a driving mechanism, all characteristic features of a train.

Therefore, the correct classification is:

Train"
data/voc/silhouette/2007_005696.png,dog,
data/voc/silhouette/2007_005702.png,person,Bicycle
data/voc/silhouette/2007_005705.png,boat,
data/voc/silhouette/2007_005759.png,motorbike,Motorbike
data/voc/silhouette/2007_005790.png,person,
data/voc/silhouette/2007_005797.png,cow,
data/voc/silhouette/2007_005803.png,diningtable,
data/voc/silhouette/2007_005813.png,pottedplant,
data/voc/silhouette/2007_005828.png,aeroplane,Aeroplane
data/voc/silhouette/2007_005844.png,diningtable,
data/voc/silhouette/2007_005845.png,person,
data/voc/silhouette/2007_005857.png,pottedplant,Potted Plant
data/voc/silhouette/2007_005859.png,person,
data/voc/silhouette/2007_005878.png,motorbike,Motorbike
data/voc/silhouette/2007_005902.png,tvmonitor,"Based on the image provided, the main object is a television monitor, which is a type of electronic display device. The object is clearly identifiable as a TV Monitor.

TV Monitor"
data/voc/silhouette/2007_005911.png,bus,"Based on the visual information provided, the main object in the image is a black silhouette of a vehicle that appears to be a bus. The object has a long, rectangular shape with a visible front section and a lower part that resembles a wheel, which is characteristic of a bus.

Therefore, the correct classification is:

Bus"
data/voc/silhouette/2007_005915.png,sheep,"Based on the image provided, the main object is a silhouette of a sheep and a lamb. The class name for this object is:

Sheep"
data/voc/silhouette/2007_005951.png,motorbike,
data/voc/silhouette/2007_005978.png,bus,
data/voc/silhouette/2007_005988.png,person,"The main object in the image is a person. Therefore, the correct class is:

Person"
data/voc/silhouette/2007_005989.png,motorbike,
data/voc/silhouette/2007_006004.png,chair,
data/voc/silhouette/2007_006028.png,person,"The main object in the image is a silhouette of a person. Therefore, the correct class is:

Person"
data/voc/silhouette/2007_006035.png,car,"Based on the visual information provided, the main object in the image is a black silhouette of a vehicle with a distinct shape. This shape is consistent with that of a car, which has a long body, a front section, and a rear section with wheels. The object does not resemble a bicycle, a boat, a motorbike, or a train, nor does it appear to be a bird, a dog, a cat, a horse, a person, or a TV monitor. It does not"
data/voc/silhouette/2007_006046.png,boat,Boat
data/voc/silhouette/2007_006066.png,tvmonitor,
data/voc/silhouette/2007_006076.png,person,
data/voc/silhouette/2007_006086.png,diningtable,
data/voc/silhouette/2007_006117.png,person,
data/voc/silhouette/2007_006134.png,horse,Horse
data/voc/silhouette/2007_006136.png,sheep,"Based on the image provided, the main object is a silhouette of a sheep.

The correct class name from the list is:

Sheep"
data/voc/silhouette/2007_006151.png,horse,Horse
data/voc/silhouette/2007_006171.png,dog,"Based on the image provided, the main object is a silhouette of a dog. The shape includes features such as a head, body, and tail, which are characteristic of a canine animal. The object is not a vehicle, a piece of furniture, or a person.

Therefore, the correct class name from the list is:

Dog"
data/voc/silhouette/2007_006212.png,aeroplane,Aeroplane
data/voc/silhouette/2007_006232.png,aeroplane,
data/voc/silhouette/2007_006241.png,diningtable,
data/voc/silhouette/2007_006254.png,train,
data/voc/silhouette/2007_006260.png,cat,"Based on the visual evidence provided in the image, the main object is a silhouette that clearly resembles a cat. The shape includes features such as a head with pointed ears, a body, and a tail, which are characteristic of a feline.

Therefore, the correct classification is:

Cat"
data/voc/silhouette/2007_006277.png,car,
data/voc/silhouette/2007_006281.png,boat,
data/voc/silhouette/2007_006303.png,pottedplant,"Based on the visual information provided in the image, the main object is a silhouette of a plant with roots and hanging vines. The image does not depict a person, animal, or vehicle. It is a stylized representation of a plant, which is a type of potted plant.

Therefore, the correct classification is:

Potted Plant"
data/voc/silhouette/2007_006317.png,bus,
data/voc/silhouette/2007_006348.png,chair,
data/voc/silhouette/2007_006364.png,horse,Horse
data/voc/silhouette/2007_006373.png,sofa,
data/voc/silhouette/2007_006400.png,train,
data/voc/silhouette/2007_006409.png,diningtable,
data/voc/silhouette/2007_006444.png,dog,
data/voc/silhouette/2007_006445.png,horse,
data/voc/silhouette/2007_006449.png,bicycle,
data/voc/silhouette/2007_006477.png,person,
data/voc/silhouette/2007_006483.png,person,
data/voc/silhouette/2007_006490.png,boat,"Based on the visual information provided, the main object in the image is a silhouette of a boat. The shape includes a body and a structure that resembles a boat, with a figure on top, which could be interpreted as a person.

Therefore, the correct classification is:

Boat"
data/voc/silhouette/2007_006530.png,sofa,
data/voc/silhouette/2007_006549.png,boat,"Based on the image provided, the main object is a motorbike. The silhouette shows a vehicle with a handlebar, a seat, and a body consistent with a motorbike. It is not a bicycle, car, or boat, and it does not resemble a person, animal, or furniture.

Motorbike"
data/voc/silhouette/2007_006553.png,chair,"Based on the image provided, the main object is a chair. The silhouette clearly shows a piece of furniture with a backrest, armrests, and legs, which are characteristic features of a chair.

Therefore, the correct class is:

Chair"
data/voc/silhouette/2007_006560.png,person,
data/voc/silhouette/2007_006581.png,bicycle,
data/voc/silhouette/2007_006585.png,person,
data/voc/silhouette/2007_006605.png,chair,"Based on the visual information provided in the image, the main object is a chair. The object has a distinct shape with a backrest, seat, and legs, which are characteristic features of a chair.

Therefore, the correct classification is:

Chair"
data/voc/silhouette/2007_006615.png,person,
data/voc/silhouette/2007_006641.png,cat,
data/voc/silhouette/2007_006647.png,motorbike,
data/voc/silhouette/2007_006660.png,boat,Boat
data/voc/silhouette/2007_006661.png,person,"Based on the image provided, the main object is a silhouette of a person in a dynamic pose, likely performing a kick or a martial arts move. This figure has the characteristic shape of a human body, including a head, torso, arms, and legs.

From the given list of classes, the most appropriate classification is:

Person"
data/voc/silhouette/2007_006673.png,boat,
data/voc/silhouette/2007_006678.png,sheep,Sheep
data/voc/silhouette/2007_006680.png,train,
data/voc/silhouette/2007_006698.png,person,"Based on the visual information provided, the main object in the image is a silhouette of a person. The figure is depicted in a standing posture, with a discernible head, shoulders, and a torso. The shape is consistent with a human form.

From the list of classes provided, the most accurate classification is:

Person"
data/voc/silhouette/2007_006699.png,person,
data/voc/silhouette/2007_006704.png,tvmonitor,
data/voc/silhouette/2007_006761.png,cow,Cow
data/voc/silhouette/2007_006802.png,train,
data/voc/silhouette/2007_006803.png,train,Bicycle
data/voc/silhouette/2007_006832.png,sheep,Horse
data/voc/silhouette/2007_006837.png,sheep,
data/voc/silhouette/2007_006841.png,cow,
data/voc/silhouette/2007_006864.png,person,
data/voc/silhouette/2007_006865.png,bird,
data/voc/silhouette/2007_006866.png,horse,
data/voc/silhouette/2007_006899.png,sheep,
data/voc/silhouette/2007_006900.png,car,
data/voc/silhouette/2007_006944.png,sheep,"Based on the image provided, the main object is a silhouette of a large animal with a body, legs, and a tail, which is characteristic of a sheep.

The correct class name from the list is:

Sheep"
data/voc/silhouette/2007_006946.png,aeroplane,Aeroplane
data/voc/silhouette/2007_007003.png,car,
data/voc/silhouette/2007_007007.png,person,
data/voc/silhouette/2007_007021.png,diningtable,"Based on the visual information provided, the image displays a silhouette of a creature with a distinct shape. The outline includes a body, a head with a visible eye, and a long, curved neck, which are characteristic features of a bird. The overall form is consistent with that of a bird, particularly one that might be a type of raptor or bird of prey.

Therefore, the correct classification for the main object in the image is:

Bird"
data/voc/silhouette/2007_007048.png,sheep,"Based on the visual information provided in the image, the main object is a large, black silhouette of an animal with a distinct body shape, four legs, and a head, which is characteristic of a cow.

From the given list of classes, the correct classification is:

Cow"
data/voc/silhouette/2007_007084.png,bird,
data/voc/silhouette/2007_007098.png,cat,
data/voc/silhouette/2007_007109.png,horse,
data/voc/silhouette/2007_007130.png,tvmonitor,"Based on the image provided, the main object is a television monitor. It is depicted as a black, rectangular screen with a stand, which is characteristic of a TV monitor.

TV Monitor"
data/voc/silhouette/2007_007154.png,person,"Based on the image provided, the main object is a silhouette of a human figure. The object has the characteristics of a person, including a body, head, arms, and legs, and is depicted in a standing posture.

From the given list of classes, the correct classification is:

Person"
data/voc/silhouette/2007_007165.png,sheep,
data/voc/silhouette/2007_007168.png,train,
data/voc/silhouette/2007_007195.png,person,
data/voc/silhouette/2007_007196.png,tvmonitor,"Based on the visual information provided in the image, the main object is a television set. This is a flat-screen display, and the object is shown in a typical home setting. The image is a silhouette of the TV, which is the primary focus.

The class name for the main object is:

TV Monitor"
data/voc/silhouette/2007_007203.png,tvmonitor,
data/voc/silhouette/2007_007211.png,motorbike,
data/voc/silhouette/2007_007230.png,sheep,
data/voc/silhouette/2007_007235.png,bicycle,
data/voc/silhouette/2007_007250.png,tvmonitor,"Based on the image provided, the main object is a TV monitor. The image shows a black, rectangular object with a screen and a base, which is characteristic of a television set. The object is not a person, animal, or vehicle, nor is it a piece of furniture like a sofa or dining table. It is clearly a TV monitor.

TV Monitor"
data/voc/silhouette/2007_007341.png,aeroplane,
data/voc/silhouette/2007_007355.png,motorbike,"Based on the visual evidence provided in the image, the main object is a silhouette that clearly depicts a motorbike, including its handlebars, seat, and rearview mirror.

The object has the distinct shape of a motorcycle, which is a type of two-wheeled vehicle, and the silhouette is consistent with that of a motorbike.

Motorbike"
data/voc/silhouette/2007_007387.png,train,
data/voc/silhouette/2007_007398.png,bus,
data/voc/silhouette/2007_007414.png,car,"Based on the image provided, the main object is a silhouette of a vehicle that is clearly identifiable as a car. Among the given options, the most appropriate classification is:

Car"
data/voc/silhouette/2007_007415.png,boat,Boat
data/voc/silhouette/2007_007417.png,sofa,
data/voc/silhouette/2007_007432.png,chair,
data/voc/silhouette/2007_007447.png,person,"Based on the visual information provided in the image, the main object is a silhouette of a person in a crouched or bent-over position. This posture is characteristic of someone who might be performing a physical activity, such as bending down to pick something up or reaching for an object.

Given the options provided, the most accurate classification for the main object is:

Person"
data/voc/silhouette/2007_007470.png,aeroplane,Aeroplane
data/voc/silhouette/2007_007477.png,boat,Motorbike
data/voc/silhouette/2007_007480.png,bus,
data/voc/silhouette/2007_007481.png,bird,"Based on the visual information provided in the image, the main object is a silhouette that clearly resembles a bird. The shape includes a distinct head, body, and tail, which are characteristic features of a bird.

Therefore, the correct classification is:

Bird"
data/voc/silhouette/2007_007493.png,person,
data/voc/silhouette/2007_007498.png,person,
data/voc/silhouette/2007_007523.png,bird,
data/voc/silhouette/2007_007524.png,cat,Cat
data/voc/silhouette/2007_007530.png,chair,
data/voc/silhouette/2007_007534.png,sheep,
data/voc/silhouette/2007_007585.png,dog,
data/voc/silhouette/2007_007591.png,bus,
data/voc/silhouette/2007_007621.png,sheep,"Based on the visual characteristics of the object in the image, it is a silhouette of a sheep.

The object has the distinct shape of a sheep, including a rounded body, a head with ears, and a visible neck. It is a simple black silhouette against a white background, which is typical for a representation of a sheep.

Therefore, the correct class is:

Sheep"
data/voc/silhouette/2007_007624.png,pottedplant,Potted Plant
data/voc/silhouette/2007_007649.png,person,
data/voc/silhouette/2007_007651.png,diningtable,
data/voc/silhouette/2007_007688.png,motorbike,
data/voc/silhouette/2007_007698.png,aeroplane,Aeroplane
data/voc/silhouette/2007_007726.png,train,
data/voc/silhouette/2007_007748.png,horse,
data/voc/silhouette/2007_007772.png,cow,Cow
data/voc/silhouette/2007_007773.png,bus,"Based on the image provided, the object is a black, rectangular shape with a rounded top and a slightly irregular bottom edge, which is characteristic of a bus. The image is very blurry and low-resolution, but the overall shape strongly suggests a vehicle.

Therefore, the correct classification is:

Bus"
data/voc/silhouette/2007_007783.png,motorbike,
data/voc/silhouette/2007_007795.png,person,
data/voc/silhouette/2007_007810.png,diningtable,
data/voc/silhouette/2007_007815.png,car,
data/voc/silhouette/2007_007818.png,car,
data/voc/silhouette/2007_007836.png,bicycle,
data/voc/silhouette/2007_007849.png,person,"Based on the visual information provided in the image, the main object is a silhouette of a human figure. The figure appears to be standing and has a posture that suggests it is a person. Therefore, the correct classification is:

Person"
data/voc/silhouette/2007_007878.png,cat,"Based on the visual information provided in the image, the main object is a silhouette of a cat. The image shows a cat in a crouched position, with its head raised and its tail curved, which are characteristic features of a cat. The object is clearly identifiable as a cat, and it does not appear to be a person, animal, or vehicle.

Therefore, the correct class is:

Cat"
data/voc/silhouette/2007_007881.png,train,"Based on the image provided, the main object is a silhouette of a vehicle with a long body, a large front section, and a visible engine and smokestack, which are characteristic features of a train.

Therefore, the correct class name is:

Train"
data/voc/silhouette/2007_007890.png,pottedplant,
data/voc/silhouette/2007_007891.png,person,"Based on the image provided, the main object is a silhouette of a person sitting down. The shape includes a rounded head, a torso, and legs in a seated position. This is consistent with a human figure.

Therefore, the correct classification is:

Person"
data/voc/silhouette/2007_007902.png,motorbike,
data/voc/silhouette/2007_007908.png,bus,
data/voc/silhouette/2007_007930.png,dog,
data/voc/silhouette/2007_007947.png,train,"Based on the analysis of the image provided, the main object is a black, elongated shape that appears to be a large, rectangular object with a distinct, dark outline. This shape is consistent with the form of a television monitor.

- The object is not a bird, a car, a bicycle, a boat, or a dog.
- It is not a person, a horse, or a cat.
- It is not a bus, a train, or a motorbike.
- It is"
data/voc/silhouette/2007_007948.png,car,
data/voc/silhouette/2007_007996.png,person,"Based on the image provided, the main object is a silhouette of a human figure. Therefore, the correct classification is:

Person"
data/voc/silhouette/2007_008043.png,person,
data/voc/silhouette/2007_008051.png,bird,
data/voc/silhouette/2007_008072.png,person,
data/voc/silhouette/2007_008084.png,bird,
data/voc/silhouette/2007_008085.png,bird,"Based on the visual information provided, the main object in the image is a bird.

The image shows a silhouette of a bird, which is clearly identifiable by its shape, including a head, body, wings, and tail. The object is not a vehicle, a household item, or an animal that is not a bird.

Therefore, the correct classification is:

Bird"
data/voc/silhouette/2007_008106.png,chair,"Based on the visual information provided in the image, the main object is a piece of furniture with a backrest, seat, and legs, which is characteristic of a chair.

The class name for the object is:

Chair"
data/voc/silhouette/2007_008110.png,chair,
data/voc/silhouette/2007_008140.png,pottedplant,
data/voc/silhouette/2007_008142.png,horse,
data/voc/silhouette/2007_008203.png,sofa,
data/voc/silhouette/2007_008204.png,tvmonitor,
data/voc/silhouette/2007_008218.png,person,
data/voc/silhouette/2007_008219.png,person,
data/voc/silhouette/2007_008222.png,dog,
data/voc/silhouette/2007_008256.png,horse,
data/voc/silhouette/2007_008260.png,sofa,"Based on the visual information provided, the object in the image is a silhouette that strongly resembles a dog. The shape includes features such as a head, body, and legs, which are characteristic of a canine. Given the options provided, the most accurate classification is:

Dog"
data/voc/silhouette/2007_008307.png,horse,
data/voc/silhouette/2007_008339.png,train,
data/voc/silhouette/2007_008374.png,person,
data/voc/silhouette/2007_008403.png,cat,Cat
data/voc/silhouette/2007_008407.png,person,
data/voc/silhouette/2007_008415.png,dog,
data/voc/silhouette/2007_008430.png,person,
data/voc/silhouette/2007_008468.png,sofa,
data/voc/silhouette/2007_008526.png,horse,
data/voc/silhouette/2007_008543.png,sofa,"Based on the image provided, the object is a silhouette that appears to be a **Car**.

The classification is based on the distinct shape of the object, which is a typical silhouette of a car, particularly a sedan or hatchback, with a recognizable body shape and windows.

Therefore, the correct class name is:

Car"
data/voc/silhouette/2007_008547.png,pottedplant,
data/voc/silhouette/2007_008571.png,boat,
data/voc/silhouette/2007_008575.png,cat,Cat
data/voc/silhouette/2007_008596.png,person,
data/voc/silhouette/2007_008645.png,boat,
data/voc/silhouette/2007_008670.png,bird,
data/voc/silhouette/2007_008708.png,person,
data/voc/silhouette/2007_008714.png,aeroplane,Aeroplane
data/voc/silhouette/2007_008722.png,cow,"Based on the image provided, the main object is a silhouette of a dog.

The class name is: Dog"
data/voc/silhouette/2007_008747.png,bus,
data/voc/silhouette/2007_008764.png,bird,
data/voc/silhouette/2007_008778.png,person,
data/voc/silhouette/2007_008801.png,person,"Based on the provided image, the main object is a silhouette of a person. The figure is depicted in a standing posture with one leg extended forward, and the body is angled as if in motion. The silhouette includes a head, torso, arms, and legs, which are characteristic of a human figure.

The class name for this object is:

Person"
data/voc/silhouette/2007_008802.png,horse,
data/voc/silhouette/2007_008815.png,cat,"The main object in the image is a cat. Therefore, the correct classification is:

Cat"
data/voc/silhouette/2007_008821.png,sofa,Bicycle
data/voc/silhouette/2007_008897.png,person,
data/voc/silhouette/2007_008927.png,cow,"Based on the image provided, the main object is a silhouette of an animal with a body, four legs, and a head with a horn-like structure. This strongly resembles a sheep.

The correct class is: Sheep"
data/voc/silhouette/2007_008932.png,person,
data/voc/silhouette/2007_008944.png,person,
data/voc/silhouette/2007_008945.png,diningtable,
data/voc/silhouette/2007_008948.png,chair,"Based on the image provided, the object is a silhouette of a boat. The shape is consistent with a watercraft, such as a motorboat or a sailboat, though it's not clearly detailed. Therefore, the most accurate classification from the list is:

Boat"
data/voc/silhouette/2007_008964.png,dog,
data/voc/silhouette/2007_008973.png,cow,Cow
data/voc/silhouette/2007_008980.png,dog,"Based on the visual information provided, the main object in the image is a silhouette of an animal. The shape is consistent with that of a dog, which is characterized by its body shape, legs, and tail. The image does not show any other features that would suggest it is a different animal or object.

Therefore, the correct classification is:

Dog"
data/voc/silhouette/2007_008994.png,motorbike,
data/voc/silhouette/2007_009015.png,bus,
data/voc/silhouette/2007_009030.png,aeroplane,Aeroplane
data/voc/silhouette/2007_009052.png,car,
data/voc/silhouette/2007_009068.png,person,
data/voc/silhouette/2007_009082.png,cow,
data/voc/silhouette/2007_009084.png,motorbike,
data/voc/silhouette/2007_009088.png,bird,
data/voc/silhouette/2007_009096.png,car,
data/voc/silhouette/2007_009139.png,motorbike,
data/voc/silhouette/2007_009209.png,motorbike,
data/voc/silhouette/2007_009216.png,tvmonitor,
data/voc/silhouette/2007_009221.png,cat,Cat
data/voc/silhouette/2007_009245.png,cow,
data/voc/silhouette/2007_009251.png,horse,Horse
data/voc/silhouette/2007_009252.png,sofa,
data/voc/silhouette/2007_009258.png,person,Bicycle
data/voc/silhouette/2007_009295.png,bicycle,
data/voc/silhouette/2007_009320.png,person,
data/voc/silhouette/2007_009322.png,motorbike,"Based on the image provided, the main object is a silhouette of a person. Although it is not clearly visible, the shape includes a head, body, and legs, which are characteristic of a human figure. The object is not a vehicle, animal, or inanimate object.

Therefore, the correct classification is:

Person"
data/voc/silhouette/2007_009323.png,bird,"Based on the provided image, the main object is a silhouette of a bird.

The correct class name from the list is:
Bird"
data/voc/silhouette/2007_009327.png,person,"Based on the image provided, the main object is a silhouette of a human figure. Among the given options, the most appropriate classification is:

Person"
data/voc/silhouette/2007_009331.png,person,
data/voc/silhouette/2007_009346.png,cat,Cat
data/voc/silhouette/2007_009348.png,aeroplane,
data/voc/silhouette/2007_009392.png,bus,
data/voc/silhouette/2007_009413.png,person,
data/voc/silhouette/2007_009419.png,pottedplant,
data/voc/silhouette/2007_009422.png,bird,
data/voc/silhouette/2007_009435.png,sofa,Sofa
data/voc/silhouette/2007_009436.png,train,
data/voc/silhouette/2007_009446.png,tvmonitor,
data/voc/silhouette/2007_009458.png,bottle,
data/voc/silhouette/2007_009464.png,cat,
data/voc/silhouette/2007_009521.png,sofa,"Based on the visual information provided in the image, the main object is a silhouette that strongly resembles a chair. The shape includes a backrest and a seat, which are characteristic features of a chair.

Therefore, the correct classification is:

Chair"
data/voc/silhouette/2007_009527.png,boat,
data/voc/silhouette/2007_009533.png,boat,"Based on the visual information provided in the image, the main object is a silhouette of a boat. It has a distinct shape with a hull, a cabin, and a visible mast, which are characteristic features of a vessel designed for water travel.

Therefore, the correct classification is:

Boat"
data/voc/silhouette/2007_009550.png,chair,
data/voc/silhouette/2007_009554.png,person,
data/voc/silhouette/2007_009562.png,dog,
data/voc/silhouette/2007_009580.png,train,
data/voc/silhouette/2007_009592.png,sofa,
data/voc/silhouette/2007_009594.png,tvmonitor,
data/voc/silhouette/2007_009597.png,train,"Based on the visual information provided in the image, the main object is a train. The silhouette shows a long, elongated vehicle with a distinct front and rear, which is characteristic of a train. It has a shape consistent with a train's body, including a visible front end and a long, continuous form.

Therefore, the correct classification is:

Train"
data/voc/silhouette/2007_009605.png,dog,
data/voc/silhouette/2007_009607.png,bird,
data/voc/silhouette/2007_009618.png,bicycle,
data/voc/silhouette/2007_009630.png,cat,Bicycle
data/voc/silhouette/2007_009649.png,person,
data/voc/silhouette/2007_009654.png,person,
data/voc/silhouette/2007_009655.png,sofa,
data/voc/silhouette/2007_009665.png,horse,"Based on the visual characteristics of the object in the image, it is a silhouette that strongly resembles a horse. The shape includes a head with a mane and a body that tapers to a long tail, which are typical features of a horse.

Therefore, the correct classification is:

Horse"
data/voc/silhouette/2007_009684.png,person,
data/voc/silhouette/2007_009687.png,person,"Based on the visual information provided in the image, the main object is a silhouette of a person. The figure is shown with one arm raised, giving a thumbs-up gesture. This is a clear depiction of a human figure.

From the provided list of classes, the most accurate classification for the main object is:

Person"
data/voc/silhouette/2007_009691.png,motorbike,
data/voc/silhouette/2007_009706.png,diningtable,
data/voc/silhouette/2007_009709.png,bottle,Bottle
data/voc/silhouette/2007_009724.png,cat,"Based on the visual evidence provided in the image, the main object is a silhouette that clearly depicts a cat. The image shows a dark shape with distinct features such as pointed ears, a rounded body, and whiskers extending from the sides, which are all characteristic of a cat. The object is not a vehicle, a living animal in a different form, or a piece of furniture. It is a stylized representation of a cat, which is a domesticated mammal.

Therefore, the correct classification"
data/voc/silhouette/2007_009750.png,pottedplant,
data/voc/silhouette/2007_009756.png,motorbike,Motorbike
data/voc/silhouette/2007_009759.png,bird,
data/voc/silhouette/2007_009764.png,bus,"Based on the visual information provided, the object in the image is a **Chair**. This is determined by its characteristic shape, which includes a backrest, seat, and legs, typical of a chair.

The correct classification is:
Chair"
data/voc/silhouette/2007_009779.png,car,"Based on the image provided, the main object is a silhouette of a vehicle that is clearly identifiable as a car. The shape includes a body, wheels, and a roof, which are characteristic features of a car.

The correct classification is:

Car"
data/voc/silhouette/2007_009788.png,bicycle,
data/voc/silhouette/2007_009794.png,cat,Cat
data/voc/silhouette/2007_009807.png,horse,Horse
data/voc/silhouette/2007_009817.png,bird,
data/voc/silhouette/2007_009832.png,bus,
data/voc/silhouette/2007_009841.png,horse,Horse
data/voc/silhouette/2007_009889.png,dog,"Based on the visual information provided in the image, the main object is a silhouette of a dog. It is depicted in a running posture with its legs in motion, which is characteristic of a dog.

Therefore, the correct classification is:

Dog"
data/voc/silhouette/2007_009897.png,cow,
data/voc/silhouette/2007_009899.png,dog,
data/voc/silhouette/2007_009901.png,person,"Based on the visual information provided, the main object in the image is a silhouette of a human figure. Among the given options, the only class that fits this description is:

Person"
data/voc/silhouette/2007_009911.png,aeroplane,assistantAeroplane
data/voc/silhouette/2007_009923.png,cat,
data/voc/silhouette/2007_009938.png,motorbike,
data/voc/silhouette/2007_009947.png,boat,
data/voc/silhouette/2007_009950.png,train,
data/voc/silhouette/2008_000009.png,cow,Cow
data/voc/silhouette/2008_000015.png,bottle,
data/voc/silhouette/2008_000016.png,tvmonitor,
data/voc/silhouette/2008_000019.png,dog,Dog
data/voc/silhouette/2008_000028.png,car,"Based on the image provided, the main object is a silhouette of a vehicle that is clearly identifiable as a bus.

The class name is:
Bus"
data/voc/silhouette/2008_000033.png,aeroplane,Aeroplane
data/voc/silhouette/2008_000073.png,cow,"Based on the provided image, the main object is a silhouette of a dog. The image shows a four-legged animal with a distinct shape that is characteristic of a dog.

Therefore, the correct classification is:

Dog"
data/voc/silhouette/2008_000074.png,car,
data/voc/silhouette/2008_000075.png,bus,
data/voc/silhouette/2008_000080.png,dog,
data/voc/silhouette/2008_000089.png,chair,"```json
{""class"": ""Chair""}
```"
data/voc/silhouette/2008_000103.png,bird,
data/voc/silhouette/2008_000105.png,car,
data/voc/silhouette/2008_000107.png,chair,
data/voc/silhouette/2008_000120.png,boat,
data/voc/silhouette/2008_000123.png,bird,"Based on the visual information provided in the image, the main object is a silhouette of a bird. It has the characteristic shape of a hummingbird, including a long beak and a compact body. Among the given classes, the most accurate classification is:

Bird"
data/voc/silhouette/2008_000131.png,bird,"Based on the provided image, the main object is a silhouette of a bird, specifically a duck, given its shape and the visible wing and head. Among the listed classes, the correct classification is:

Bird"
data/voc/silhouette/2008_000144.png,motorbike,
data/voc/silhouette/2008_000149.png,sofa,
data/voc/silhouette/2008_000162.png,dog,"Based on the image provided, the main object is a silhouette of an animal that appears to be a dog. The shape, with its distinct head, body, and tail, is characteristic of a dog. Among the given options, the most appropriate classification is:

Dog"
data/voc/silhouette/2008_000182.png,cat,Cat
data/voc/silhouette/2008_000187.png,car,
data/voc/silhouette/2008_000188.png,pottedplant,
data/voc/silhouette/2008_000197.png,aeroplane,Aeroplane
data/voc/silhouette/2008_000207.png,person,"Based on the image provided, the main object is a silhouette of a person. The figure is depicted in a dynamic pose with one hand on the hip and the other on the shoulder, wearing what appears to be a jacket and high heels. This is clearly a human figure.

From the list of classes provided, the correct classification is:

Person"
data/voc/silhouette/2008_000213.png,person,
data/voc/silhouette/2008_000215.png,person,
data/voc/silhouette/2008_000217.png,person,
data/voc/silhouette/2008_000223.png,person,
data/voc/silhouette/2008_000226.png,car,
data/voc/silhouette/2008_000233.png,person,
data/voc/silhouette/2008_000234.png,person,
data/voc/silhouette/2008_000235.png,boat,
data/voc/silhouette/2008_000238.png,bus,
data/voc/silhouette/2008_000239.png,dog,"Based on the analysis of the image provided, the object is a silhouette of a vehicle that is not a typical automobile. The shape is consistent with a bus.

The main object in the image is a Bus."
data/voc/silhouette/2008_000254.png,person,"Based on the image provided, the main object is a silhouette of a person in a dynamic pose, likely dancing or moving. The figure has a distinct shape with legs and arms, which is characteristic of a human.

From the given list of classes, the most appropriate classification is:

Person"
data/voc/silhouette/2008_000259.png,person,"The main object in the image is a person. Therefore, the correct class name is:

Person"
data/voc/silhouette/2008_000270.png,sofa,
data/voc/silhouette/2008_000271.png,person,
data/voc/silhouette/2008_000273.png,dog,
data/voc/silhouette/2008_000284.png,person,
data/voc/silhouette/2008_000287.png,pottedplant,
data/voc/silhouette/2008_000289.png,person,"The main object in the image is a silhouette of a person. Therefore, the correct class is:

Person"
data/voc/silhouette/2008_000290.png,person,
data/voc/silhouette/2008_000309.png,tvmonitor,"Based on the visual information provided, the main object in the image is a television monitor. The image shows a black rectangular shape with a white outline, which is characteristic of a TV monitor.

Therefore, the correct classification is:

TV Monitor"
data/voc/silhouette/2008_000316.png,person,
data/voc/silhouette/2008_000336.png,dog,"Based on the visual evidence in the image, the main object is a silhouette of a dog. The shape includes a body, legs, a tail, and a head with pointed ears, which are characteristic features of a dog. The posture is that of a sitting dog, facing to the right.

Therefore, the correct classification is:

Dog"
data/voc/silhouette/2008_000345.png,cat,
data/voc/silhouette/2008_000348.png,tvmonitor,TV Monitor
data/voc/silhouette/2008_000359.png,person,
data/voc/silhouette/2008_000361.png,bird,
data/voc/silhouette/2008_000365.png,person,
data/voc/silhouette/2008_000391.png,pottedplant,Potted Plant
data/voc/silhouette/2008_000399.png,car,
data/voc/silhouette/2008_000400.png,bird,
data/voc/silhouette/2008_000401.png,cat,
data/voc/silhouette/2008_000415.png,person,
data/voc/silhouette/2008_000422.png,person,
data/voc/silhouette/2008_000436.png,person,
data/voc/silhouette/2008_000464.png,cat,Cat
data/voc/silhouette/2008_000469.png,person,"Based on the visual information provided in the image, the main object is a silhouette of a human figure. The figure is depicted standing upright with a typical human posture, including arms and legs. Given the context of the provided classes, the most appropriate classification is:

Person"
data/voc/silhouette/2008_000470.png,train,
data/voc/silhouette/2008_000474.png,person,
data/voc/silhouette/2008_000491.png,pottedplant,
data/voc/silhouette/2008_000495.png,chair,
data/voc/silhouette/2008_000501.png,car,"Based on the image provided, the main object is a silhouette of a vehicle. The shape is consistent with that of a car.

Car"
data/voc/silhouette/2008_000505.png,boat,
data/voc/silhouette/2008_000510.png,person,"Based on the visual information provided, the main object in the image is a silhouette of a person in a dynamic pose, appearing to be in motion. The figure is depicted with arms and legs extended, suggesting a running or leaping action.

Looking at the given class list, the object clearly matches the description of a person.

Person"
data/voc/silhouette/2008_000515.png,bird,
data/voc/silhouette/2008_000533.png,bird,"The main object in the image is a bird. Therefore, the correct classification is:

Bird"
data/voc/silhouette/2008_000540.png,person,
data/voc/silhouette/2008_000544.png,person,
data/voc/silhouette/2008_000567.png,boat,Boat
data/voc/silhouette/2008_000573.png,person,
data/voc/silhouette/2008_000578.png,tvmonitor,
data/voc/silhouette/2008_000584.png,person,
data/voc/silhouette/2008_000588.png,chair,
data/voc/silhouette/2008_000589.png,sofa,
data/voc/silhouette/2008_000595.png,car,"The main object in the image is a car. Therefore, the correct classification is:

Car"
data/voc/silhouette/2008_000602.png,horse,Horse
data/voc/silhouette/2008_000626.png,chair,
data/voc/silhouette/2008_000630.png,person,
data/voc/silhouette/2008_000645.png,person,
data/voc/silhouette/2008_000657.png,train,
data/voc/silhouette/2008_000661.png,person,
data/voc/silhouette/2008_000662.png,person,
data/voc/silhouette/2008_000666.png,person,
data/voc/silhouette/2008_000673.png,person,
data/voc/silhouette/2008_000676.png,dog,
data/voc/silhouette/2008_000696.png,horse,
data/voc/silhouette/2008_000700.png,person,
data/voc/silhouette/2008_000711.png,cow,
data/voc/silhouette/2008_000716.png,aeroplane,Aeroplane
data/voc/silhouette/2008_000725.png,person,"Based on the image provided, the main object is a silhouette of a person. The figure has a distinct shape with a head, torso, and legs, which is characteristic of a human. The object is not a vehicle, animal, or inanimate object.

Therefore, the correct classification is:

Person"
data/voc/silhouette/2008_000731.png,person,
data/voc/silhouette/2008_000733.png,person,"The main object in the image is a silhouette of a person. Therefore, the correct class is:

Person"
data/voc/silhouette/2008_000760.png,chair,
data/voc/silhouette/2008_000763.png,diningtable,
data/voc/silhouette/2008_000764.png,bicycle,
data/voc/silhouette/2008_000765.png,horse,
data/voc/silhouette/2008_000778.png,person,"The main object in the image is a person, as indicated by the silhouette of a human figure. The class name is:

Person"
data/voc/silhouette/2008_000782.png,motorbike,
data/voc/silhouette/2008_000785.png,bird,
data/voc/silhouette/2008_000795.png,person,
data/voc/silhouette/2008_000811.png,person,
data/voc/silhouette/2008_000832.png,bird,
data/voc/silhouette/2008_000841.png,person,
data/voc/silhouette/2008_000848.png,bird,Bird
data/voc/silhouette/2008_000853.png,cat,"Based on the visual information provided in the image, the main object is a black silhouette that strongly resembles a bird in flight. The shape includes a distinct body, wings, and a tail, which are characteristic features of a bird. The image is very simple and lacks any other context or detail.

Therefore, the correct classification is:

Bird"
data/voc/silhouette/2008_000860.png,cat,"Based on the visual information provided, the object in the image is a silhouette of a cat.

The image shows a black, elongated shape with a pointed head and a long body, which is characteristic of a cat in a lying position.

Therefore, the correct class is:

Cat"
data/voc/silhouette/2008_000861.png,bird,"Based on the provided image, the main object is a silhouette of a bird. The shape, with a distinct body, head, and tail, is characteristic of a bird.

Therefore, the correct classification is:

Bird"
data/voc/silhouette/2008_000863.png,dog,"The main object in the image is a silhouette of a sheep. Therefore, the correct class is:

Sheep"
data/voc/silhouette/2008_000870.png,person,Person
data/voc/silhouette/2008_000911.png,bottle,Bottle
data/voc/silhouette/2008_000919.png,cow,
data/voc/silhouette/2008_000923.png,pottedplant,
data/voc/silhouette/2008_000943.png,dog,
data/voc/silhouette/2008_000992.png,person,
data/voc/silhouette/2008_001013.png,boat,
data/voc/silhouette/2008_001028.png,person,
data/voc/silhouette/2008_001030.png,sofa,
data/voc/silhouette/2008_001040.png,boat,Boat
data/voc/silhouette/2008_001056.png,boat,
data/voc/silhouette/2008_001070.png,dog,
data/voc/silhouette/2008_001074.png,person,
data/voc/silhouette/2008_001076.png,person,
data/voc/silhouette/2008_001078.png,cat,Cat
data/voc/silhouette/2008_001106.png,person,"The main object in the image is a person, as indicated by the silhouette of a human figure with a visible outline. Therefore, the correct classification is:

Person"
data/voc/silhouette/2008_001112.png,person,
data/voc/silhouette/2008_001118.png,train,"Based on the visual information provided in the image, the main object is a black silhouette of a vehicle that appears to be a car. The shape is consistent with that of a modern sedan or hatchback.

Therefore, the correct classification is:

Car"
data/voc/silhouette/2008_001119.png,person,
data/voc/silhouette/2008_001135.png,boat,"Based on the visual information provided, the main object in the image is a silhouette of a large watercraft. The shape, including the hull, multiple decks, and structures typical of a cruise ship or a large passenger vessel, is clearly identifiable.

Therefore, the correct classification is:

Boat"
data/voc/silhouette/2008_001137.png,dog,"Based on the image provided, the main object is a silhouette of an animal that appears to be a dog. The features, such as the body shape, legs, and the characteristic posture, are consistent with a dog. The object is not a vehicle, a person, or a household item. The silhouette is not a bird, horse, cat, or sheep, and it is not a bus, car, train, or boat.

Therefore, the correct classification is:

Dog"
data/voc/silhouette/2008_001150.png,motorbike,"Based on the visual information provided, the main object in the image is a motorcycle.

The object has the distinct silhouette of a motorbike, which is a type of two-wheeled vehicle powered by an engine. The shape includes the main body, two wheels, a seat, and handlebars, all characteristic of a motorbike.

Therefore, the correct classification is:

Motorbike"
data/voc/silhouette/2008_001159.png,boat,
data/voc/silhouette/2008_001169.png,train,
data/voc/silhouette/2008_001170.png,person,
data/voc/silhouette/2008_001188.png,person,
data/voc/silhouette/2008_001203.png,motorbike,"Based on the visual information provided, the object in the image is a black silhouette that strongly resembles a television monitor. The shape includes a rectangular body with two antennae-like protrusions, which are characteristic of a TV monitor. The object is not a bird, a car, a bicycle, or a dog, and it is clearly not a person, a potted plant, or a sofa.

The most accurate classification for the main object in the image is:

TV Monitor"
data/voc/silhouette/2008_001208.png,car,"Based on the image provided, the main object is a silhouette of a vehicle that is clearly identifiable as a car.

Therefore, the correct class name is:

Car"
data/voc/silhouette/2008_001215.png,person,
data/voc/silhouette/2008_001231.png,bicycle,Bottle
data/voc/silhouette/2008_001235.png,horse,
data/voc/silhouette/2008_001245.png,person,
data/voc/silhouette/2008_001249.png,person,"Based on the image provided, the main object is a silhouette of a human figure. Among the given options, the most appropriate classification is:

Person"
data/voc/silhouette/2008_001260.png,boat,
data/voc/silhouette/2008_001263.png,person,
data/voc/silhouette/2008_001274.png,car,
data/voc/silhouette/2008_001283.png,person,
data/voc/silhouette/2008_001308.png,person,
data/voc/silhouette/2008_001358.png,train,Bottle
data/voc/silhouette/2008_001375.png,person,
data/voc/silhouette/2008_001379.png,dog,
data/voc/silhouette/2008_001387.png,bird,"Based on the image provided, the main object is a silhouette of a bird. The object has a distinct shape with a head, body, wings, tail, and legs, which are characteristic of a bird.

Therefore, the correct classification is:

Bird"
data/voc/silhouette/2008_001399.png,sofa,
data/voc/silhouette/2008_001402.png,person,"Based on the visual information provided in the image, the main object is a silhouette of a person in a dynamic pose, seemingly in motion. The figure is depicted with a bent leg and arm, and the overall shape is consistent with a human form.

The class of the main object is:
Person"
data/voc/silhouette/2008_001404.png,person,Bicycle
data/voc/silhouette/2008_001408.png,person,"Based on the image provided, the main object is a silhouette of a human figure. Among the given classes, the most appropriate classification is:

Person"
data/voc/silhouette/2008_001413.png,person,
data/voc/silhouette/2008_001433.png,cat,"Based on the visual information provided in the image, the main object is a silhouette of a cat. The shape clearly shows the head, ears, body, and tail of a feline animal. The image is a simple black outline against a white background, which is characteristic of a cat's silhouette.

Therefore, the correct classification is:

Cat"
data/voc/silhouette/2008_001439.png,chair,
data/voc/silhouette/2008_001462.png,person,Bicycle
data/voc/silhouette/2008_001467.png,person,
data/voc/silhouette/2008_001478.png,dog,
data/voc/silhouette/2008_001479.png,dog,
data/voc/silhouette/2008_001491.png,person,
data/voc/silhouette/2008_001498.png,dog,"Based on the visual evidence provided in the image, the main object is a silhouette of an animal that is lying down. The shape is consistent with that of a dog.

Therefore, the correct classification is:

Dog"
data/voc/silhouette/2008_001504.png,person,"Based on the visual information provided in the image, the main object is a silhouette of a human figure. The figure is standing upright, with discernible features such as a head, torso, arms, and legs, which are consistent with a person.

Therefore, the correct classification is:

Person"
data/voc/silhouette/2008_001510.png,person,Person
data/voc/silhouette/2008_001513.png,cat,
data/voc/silhouette/2008_001514.png,bird,
data/voc/silhouette/2008_001523.png,person,"Based on the image provided, the main object is a silhouette of a person in a crouched or bent-over position, with one leg extended and the other bent, suggesting a dynamic pose. This posture is characteristic of a person performing an action, such as running, jumping, or stretching.

The class that best fits this description is:

Person"
data/voc/silhouette/2008_001531.png,bicycle,
data/voc/silhouette/2008_001546.png,aeroplane,Aeroplane
data/voc/silhouette/2008_001547.png,person,"Based on the visual information provided in the image, the main object is a silhouette of a human figure. The figure is depicted in a standing posture, wearing what appears to be a coat or outerwear, and is positioned in a way that suggests movement.

Considering the options provided, the most accurate classification for the main object is:

Person"
data/voc/silhouette/2008_001566.png,bicycle,
data/voc/silhouette/2008_001580.png,boat,Bicycle
data/voc/silhouette/2008_001592.png,cat,
data/voc/silhouette/2008_001601.png,sheep,"Based on the image provided, the main object is a black silhouette of an animal with a distinct shape and features. The animal has a body with a head, legs, and a tail, and the overall form is consistent with that of a domesticated animal. The presence of a woolly coat and the specific body shape are characteristic of a sheep.

Therefore, the correct classification is:

Sheep"
data/voc/silhouette/2008_001610.png,cat,Cat
data/voc/silhouette/2008_001629.png,person,
data/voc/silhouette/2008_001632.png,car,
data/voc/silhouette/2008_001640.png,cat,Cat
data/voc/silhouette/2008_001643.png,motorbike,"Based on the visual elements present in the image, the main object can be identified as a **Motorbike**.

This conclusion is drawn from the distinct silhouette of a motorcycle, including its handlebars, frame, and wheels. The image is a black and white silhouette, which emphasizes the shape and structure of the vehicle.

The other classes listed are not applicable to the visual content:
- **Aeroplane**: The object does not have wings or an aircraft structure.
- **Bicycle**: While"
data/voc/silhouette/2008_001682.png,horse,Horse
data/voc/silhouette/2008_001688.png,tvmonitor,
data/voc/silhouette/2008_001691.png,motorbike,"Based on the visual information provided in the image, the main object is a motorbike.

- The object has a distinct shape with a large front wheel, a smaller rear wheel, a seat, handlebars, and a body structure typical of a motorbike.
- The silhouette is black and appears to be a complete representation of the vehicle.

Therefore, the correct classification is:

Motorbike"
data/voc/silhouette/2008_001715.png,chair,
data/voc/silhouette/2008_001716.png,car,"Based on the provided image, the main object is a silhouette of a vehicle that appears to be a car, specifically resembling a truck or a large vehicle. It has a distinct shape with a cab, a large body, and what looks like a front wheel and a rear wheel, which are typical features of a vehicle.

Looking at the options provided, the most accurate classification for this object is:

Car

Therefore, the final answer is:

Car"
data/voc/silhouette/2008_001719.png,aeroplane,Aeroplane
data/voc/silhouette/2008_001741.png,cat,
data/voc/silhouette/2008_001761.png,person,"The main object in the image is a silhouette of a person standing. Therefore, the correct class is:

Person"
data/voc/silhouette/2008_001787.png,sofa,
data/voc/silhouette/2008_001821.png,person,
data/voc/silhouette/2008_001829.png,bird,
data/voc/silhouette/2008_001874.png,person,
data/voc/silhouette/2008_001876.png,cat,
data/voc/silhouette/2008_001882.png,person,"The main object in the image is a silhouette of a person. Therefore, the correct class is:

Person"
data/voc/silhouette/2008_001885.png,cat,Cat
data/voc/silhouette/2008_001895.png,dog,
data/voc/silhouette/2008_001896.png,sofa,Bottle
data/voc/silhouette/2008_001926.png,train,
data/voc/silhouette/2008_001966.png,bird,Bird
data/voc/silhouette/2008_001971.png,aeroplane,Aeroplane
data/voc/silhouette/2008_001992.png,person,
data/voc/silhouette/2008_001997.png,chair,
data/voc/silhouette/2008_002032.png,diningtable,
data/voc/silhouette/2008_002043.png,bird,"Based on the image provided, the main object is a silhouette of a bird, specifically resembling a duck or a similar waterfowl.

The correct classification from the given list is:

Bird"
data/voc/silhouette/2008_002064.png,bird,"Based on the image provided, the main object is a bird. The silhouette clearly depicts a bird with a head, body, wings, and legs.

Therefore, the correct class is:

Bird"
data/voc/silhouette/2008_002066.png,tvmonitor,
data/voc/silhouette/2008_002067.png,person,
data/voc/silhouette/2008_002073.png,bird,"Based on the image provided, the main object is a silhouette of a person wearing a hat. The object is not a bird, car, or train, and it does not appear to be a potted plant, sofa, or TV monitor. It is a human figure, which can be classified as a person.

Therefore, the correct class is:

Person"
data/voc/silhouette/2008_002079.png,diningtable,
data/voc/silhouette/2008_002080.png,person,
data/voc/silhouette/2008_002123.png,motorbike,
data/voc/silhouette/2008_002152.png,cat,
data/voc/silhouette/2008_002160.png,dog,"The main object in the image is a cow. Therefore, the correct classification is:

Cow"
data/voc/silhouette/2008_002175.png,chair,
data/voc/silhouette/2008_002177.png,cat,Cat
data/voc/silhouette/2008_002182.png,cat,Cat
data/voc/silhouette/2008_002200.png,bird,"Based on the image provided, the main object is a silhouette of a bird in flight. The shape includes wings spread wide and a tail, consistent with a bird in flight.

The correct class from the list is:

Bird"
data/voc/silhouette/2008_002205.png,bus,
data/voc/silhouette/2008_002210.png,person,
data/voc/silhouette/2008_002212.png,car,
data/voc/silhouette/2008_002215.png,cat,"Based on the visual characteristics of the object in the image, it is a silhouette of a large, four-legged animal with a distinct body shape, a head, and a tail. The animal has a broad body and a long, curved tail, which are typical features of a cow.

The object in the image is a cow.

Cow"
data/voc/silhouette/2008_002218.png,chair,
data/voc/silhouette/2008_002221.png,aeroplane,Aeroplane
data/voc/silhouette/2008_002239.png,dog,
data/voc/silhouette/2008_002240.png,motorbike,
data/voc/silhouette/2008_002241.png,person,
data/voc/silhouette/2008_002247.png,person,"The main object in the image is a person. Therefore, the correct class is:

Person"
data/voc/silhouette/2008_002248.png,person,
data/voc/silhouette/2008_002255.png,bird,Bird
data/voc/silhouette/2008_002258.png,car,"Based on the visual information provided in the image, the main object is a vehicle with a distinct body shape, including a visible front, side, and rear. The silhouette clearly shows a four-wheeled vehicle with a roof and windows, which is characteristic of a car.

Therefore, the correct classification for the main object is:

Car"
data/voc/silhouette/2008_002269.png,bicycle,
data/voc/silhouette/2008_002273.png,pottedplant,
data/voc/silhouette/2008_002288.png,chair,
data/voc/silhouette/2008_002338.png,horse,Horse
data/voc/silhouette/2008_002358.png,aeroplane,
data/voc/silhouette/2008_002379.png,pottedplant,Potted Plant
data/voc/silhouette/2008_002383.png,motorbike,"Based on the visual evidence provided in the image, the main object is a silhouette of a person. The figure has a distinct shape with a head, torso, and limbs, and it is standing upright, which is consistent with a human form.

Therefore, the correct classification is:

Person"
data/voc/silhouette/2008_002411.png,horse,
data/voc/silhouette/2008_002425.png,person,Person
data/voc/silhouette/2008_002429.png,bird,"Based on the image provided, the main object is a silhouette of a bird. It has a distinct shape with a beak, wings, and legs, which are characteristic of a bird. The object is not a vehicle, furniture, or animal in a different form, nor is it a human or other animal.

Therefore, the correct class is:

Bird"
data/voc/silhouette/2008_002464.png,tvmonitor,
data/voc/silhouette/2008_002467.png,bottle,Bottle
data/voc/silhouette/2008_002471.png,bird,
data/voc/silhouette/2008_002473.png,car,
data/voc/silhouette/2008_002492.png,boat,
data/voc/silhouette/2008_002495.png,person,"Based on the visual information provided in the image, the main object is a silhouette of a person in a walking pose.

The object is clearly identifiable as a person.

Therefore, the correct class is:

Person"
data/voc/silhouette/2008_002504.png,boat,
data/voc/silhouette/2008_002521.png,chair,Chair
data/voc/silhouette/2008_002536.png,sheep,"Based on the visual information provided in the image, the main object is a silhouette of an animal. The animal has a body, legs, a head, and a tail, and its shape is consistent with that of a domesticated animal. Given the options provided, the most accurate classification is:

Cow"
data/voc/silhouette/2008_002551.png,aeroplane,"Based on the visual information provided, the main object in the image is a silhouette of a mountain or a hill. It does not resemble any of the other listed items.

Therefore, the correct class is:

Mountain"
data/voc/silhouette/2008_002588.png,person,"Based on the visual information provided, the main object in the image is a silhouette of a human figure. Therefore, the correct classification from the given list is:

Person"
data/voc/silhouette/2008_002623.png,cat,"Based on the provided image, the object is a silhouette that appears to be a long, streamlined shape with a distinct tail, which is characteristic of a specific type of vehicle.

After analyzing the silhouette, the object is clearly identifiable as a vehicle.

The correct class name is:
**Motorbike**"
data/voc/silhouette/2008_002641.png,person,
data/voc/silhouette/2008_002650.png,tvmonitor,
data/voc/silhouette/2008_002680.png,tvmonitor,
data/voc/silhouette/2008_002681.png,cat,"Based on the image provided, the main object is a silhouette of a cat walking. The object has the distinct shape of a cat, including its body, legs, and tail, and it is depicted in a walking posture.

Therefore, the correct classification is:

Cat"
data/voc/silhouette/2008_002697.png,horse,Horse
data/voc/silhouette/2008_002704.png,car,
data/voc/silhouette/2008_002710.png,car,
data/voc/silhouette/2008_002719.png,aeroplane,Aeroplane
data/voc/silhouette/2008_002749.png,cat,
data/voc/silhouette/2008_002762.png,horse,
data/voc/silhouette/2008_002772.png,motorbike,
data/voc/silhouette/2008_002775.png,diningtable,
data/voc/silhouette/2008_002778.png,cow,Cow
data/voc/silhouette/2008_002834.png,car,
data/voc/silhouette/2008_002835.png,horse,"Based on the image provided, the main object is a silhouette of an animal that is clearly identifiable as a horse.

The class name for the main object is:
Horse"
data/voc/silhouette/2008_002859.png,dog,"Based on the image provided, the main object is a silhouette of a large, four-legged animal in a walking pose. The features—such as the body shape, the long legs, and the tail—are characteristic of a horse. The object is not a dog, cat, or sheep, and it does not resemble a car, train, or boat. It is not a bird, airplane, or motorbike.

Therefore, the correct class is:

Horse"
data/voc/silhouette/2008_002864.png,person,
data/voc/silhouette/2008_002868.png,person,
data/voc/silhouette/2008_002885.png,person,
data/voc/silhouette/2008_002894.png,bicycle,Bicycle
data/voc/silhouette/2008_002900.png,train,
data/voc/silhouette/2008_002904.png,dog,"Based on the visual characteristics of the object in the image, the main object is a cow. The silhouette shows a large animal with a distinct head, body, and a long tail, which are typical features of a cow.

Therefore, the correct classification is:

Cow"
data/voc/silhouette/2008_002929.png,sofa,
data/voc/silhouette/2008_002936.png,dog,
data/voc/silhouette/2008_002942.png,person,
data/voc/silhouette/2008_002958.png,car,"Based on the visual information provided in the image, the main object is a silhouette of a cow. The image shows a black silhouette with a distinct shape that includes a head, body, and a prominent hump, which are characteristic features of a cow.

Therefore, the correct classification is:

Cow"
data/voc/silhouette/2008_002960.png,person,
data/voc/silhouette/2008_002970.png,bird,Bird
data/voc/silhouette/2008_002972.png,motorbike,
data/voc/silhouette/2008_002993.png,horse,Horse
data/voc/silhouette/2008_003003.png,tvmonitor,"Based on the image provided, the object is a black silhouette that appears to be a TV monitor or a similar electronic device. However, the description of the object as a ""TV Monitor"" is not accurate as it is a simple black rectangle with a horizontal line, which is not typical of a TV monitor.

Given the options provided, the most accurate classification is **TV Monitor**.

TV Monitor"
data/voc/silhouette/2008_003026.png,tvmonitor,
data/voc/silhouette/2008_003034.png,boat,
data/voc/silhouette/2008_003060.png,bus,"Based on the visual characteristics of the object in the image, the main object is a black silhouette with two pointed ears, a body shape that is consistent with a cat, and a tail. The object has no visible wheels, wings, or other features that would suggest it is a vehicle or an animal in a different form.

The most accurate classification among the provided options is:

Cat"
data/voc/silhouette/2008_003065.png,cow,
data/voc/silhouette/2008_003068.png,train,
data/voc/silhouette/2008_003076.png,person,
data/voc/silhouette/2008_003083.png,train,
data/voc/silhouette/2008_003087.png,bird,
data/voc/silhouette/2008_003094.png,cow,
data/voc/silhouette/2008_003101.png,dog,"Based on the visual characteristics of the object in the image, the main object is a cow. The silhouette shows a large, four-legged animal with a prominent head and a body that is consistent with a cow.

The class name from the list is:
Cow"
data/voc/silhouette/2008_003105.png,train,"The main object in the image is a train. Therefore, the correct class name is:

Train"
data/voc/silhouette/2008_003108.png,person,Person
data/voc/silhouette/2008_003110.png,bird,
data/voc/silhouette/2008_003135.png,pottedplant,
data/voc/silhouette/2008_003141.png,bus,"Based on the image provided, the main object is a black, rectangular shape with rounded edges and a slightly curved top, which is characteristic of a television monitor.

Therefore, the correct class is:

TV Monitor"
data/voc/silhouette/2008_003155.png,aeroplane,Aeroplane
data/voc/silhouette/2008_003168.png,chair,
data/voc/silhouette/2008_003180.png,dog,"Based on the image provided, the main object is a silhouette of a dog. The shape includes features typical of a dog, such as a body, legs, and a tail. The object is not a bird, car, boat, or train, and it does not appear to be a person, animal, or furniture.

The correct class name from the list is:

Dog"
data/voc/silhouette/2008_003196.png,aeroplane,
data/voc/silhouette/2008_003200.png,tvmonitor,
data/voc/silhouette/2008_003208.png,person,
data/voc/silhouette/2008_003210.png,person,
data/voc/silhouette/2008_003238.png,dog,
data/voc/silhouette/2008_003252.png,chair,
data/voc/silhouette/2008_003270.png,bicycle,
data/voc/silhouette/2008_003329.png,person,"Based on the visual information provided in the image, the main object is a silhouette of a human figure. This figure is depicted in a standing posture, with one arm extended, suggesting movement. The silhouette is consistent with the appearance of a person.

From the list of classes provided, the most accurate classification for the main object is:

Person"
data/voc/silhouette/2008_003330.png,person,
data/voc/silhouette/2008_003333.png,motorbike,
data/voc/silhouette/2008_003362.png,boat,
data/voc/silhouette/2008_003369.png,aeroplane,Aeroplane
data/voc/silhouette/2008_003373.png,bus,
data/voc/silhouette/2008_003379.png,horse,"Based on the visual information provided in the image, the main object is a silhouette of an animal with the distinct features of a horse, including its body shape, legs, and head. The image does not show any other elements of the listed classes.

The correct classification is:

Horse"
data/voc/silhouette/2008_003381.png,bus,Bus
data/voc/silhouette/2008_003415.png,car,"The main object in the image is a car. Therefore, the correct classification is:

Car"
data/voc/silhouette/2008_003429.png,motorbike,
data/voc/silhouette/2008_003451.png,person,"Based on the image provided, the main object is a silhouette of a person in a bent-over posture, which is characteristic of a person in a crouched or bending position. The object is clearly identifiable as a person.

The correct class from the list is:

Person"
data/voc/silhouette/2008_003461.png,horse,
data/voc/silhouette/2008_003477.png,diningtable,
data/voc/silhouette/2008_003480.png,boat,
data/voc/silhouette/2008_003492.png,person,"Based on the image provided, the main object is a silhouette of a person. The figure is depicted in a standing posture with one hand raised to the face, which is a common pose for someone in a prayer or contemplative position.

The class name for this object is:

Person"
data/voc/silhouette/2008_003499.png,cat,
data/voc/silhouette/2008_003500.png,tvmonitor,
data/voc/silhouette/2008_003511.png,person,
data/voc/silhouette/2008_003523.png,pottedplant,"Based on the visual information provided, the main object in the image is a stylized, abstract representation of a bird. The image features a dark silhouette with distinct features such as a beak, wings, and a body, which are characteristic of a bird. Given the options provided, the most accurate classification is:

Bird"
data/voc/silhouette/2008_003546.png,person,
data/voc/silhouette/2008_003562.png,sofa,Bicycle
data/voc/silhouette/2008_003576.png,dog,"Based on the image provided, the main object is a silhouette of a dog. Although the image is a simple black shape against a white background, the distinct features—such as the body, head, and tail—match those of a dog. Therefore, the correct classification is:

Dog"
data/voc/silhouette/2008_003577.png,car,
data/voc/silhouette/2008_003585.png,tvmonitor,
data/voc/silhouette/2008_003665.png,dog,Dog
data/voc/silhouette/2008_003676.png,person,
data/voc/silhouette/2008_003691.png,bus,
data/voc/silhouette/2008_003701.png,boat,
data/voc/silhouette/2008_003703.png,aeroplane,Aeroplane
data/voc/silhouette/2008_003709.png,sofa,"Based on the visual information provided, the main object in the image is a black silhouette that strongly resembles a chair. The shape includes a distinct backrest and a seat, which are characteristic features of a chair.

Therefore, the correct classification is:

Chair"
data/voc/silhouette/2008_003729.png,aeroplane,Aeroplane
data/voc/silhouette/2008_003733.png,person,
data/voc/silhouette/2008_003769.png,motorbike,"Based on the visual characteristics of the object in the image, it appears to be a stylized representation of a motorbike. The silhouette shows a body, two wheels, a handlebar, and a seat, which are all consistent with the design of a motorbike.

Therefore, the correct classification is:

Motorbike"
data/voc/silhouette/2008_003774.png,diningtable,
data/voc/silhouette/2008_003777.png,bus,
data/voc/silhouette/2008_003779.png,person,
data/voc/silhouette/2008_003782.png,horse,Horse
data/voc/silhouette/2008_003814.png,sofa,Bicycle
data/voc/silhouette/2008_003821.png,chair,
data/voc/silhouette/2008_003846.png,car,"Based on the image provided, the main object is a silhouette of a vehicle that is clearly identifiable as a car. The object has the characteristic shape of a four-wheeled passenger vehicle, with a distinct body, windows, and wheels.

The correct class name from the list provided is:

Car"
data/voc/silhouette/2008_003856.png,person,
data/voc/silhouette/2008_003858.png,boat,Boat
data/voc/silhouette/2008_003874.png,person,"The main object in the image is a silhouette of a person. Therefore, the correct class is:

Person"
data/voc/silhouette/2008_003876.png,aeroplane,Aeroplane
data/voc/silhouette/2008_003885.png,tvmonitor,
data/voc/silhouette/2008_003886.png,boat,
data/voc/silhouette/2008_003913.png,boat,
data/voc/silhouette/2008_003926.png,aeroplane,Aeroplane
data/voc/silhouette/2008_003939.png,motorbike,
data/voc/silhouette/2008_003947.png,person,"Based on the image provided, the main object is a silhouette of a person in a crouched position, which is characteristic of a person in a low stance, possibly crouching or squatting.

From the list of classes provided, the most appropriate classification is:

Person"
data/voc/silhouette/2008_003976.png,aeroplane,Aeroplane
data/voc/silhouette/2008_003986.png,car,
data/voc/silhouette/2008_003998.png,diningtable,"Based on the image provided, the main object is a black silhouette that appears to be a boat. The shape is consistent with a watercraft, particularly a boat.

Therefore, the correct classification is:

Boat"
data/voc/silhouette/2008_004014.png,boat,Boat
data/voc/silhouette/2008_004026.png,boat,
data/voc/silhouette/2008_004055.png,bus,"Based on the visual information provided, the main object in the image is a large, black silhouette that strongly resembles a bus. The shape includes a long body, a front section with what appears to be a windshield, and visible wheels at the bottom. These features are characteristic of a public transport vehicle.

Therefore, the correct classification is:

Bus"
data/voc/silhouette/2008_004069.png,car,
data/voc/silhouette/2008_004080.png,car,
data/voc/silhouette/2008_004097.png,tvmonitor,"Based on the image provided, the object is a black, rectangular shape with rounded edges and a slightly irregular outline, which is characteristic of a TV monitor. The image is very blurry and lacks clear details, but the overall form is consistent with a TV monitor.

TV Monitor"
data/voc/silhouette/2008_004101.png,person,
data/voc/silhouette/2008_004112.png,car,
data/voc/silhouette/2008_004140.png,person,
data/voc/silhouette/2008_004172.png,sofa,Sofa
data/voc/silhouette/2008_004175.png,horse,"Based on the image provided, the main object is a silhouette of a dog. The shape, including the body, legs, and tail, is characteristic of a dog in motion. The object is not a bird, horse, or cat, and it is not a vehicle or a piece of furniture.

Dog"
data/voc/silhouette/2008_004212.png,train,
data/voc/silhouette/2008_004259.png,tvmonitor,
data/voc/silhouette/2008_004279.png,tvmonitor,
data/voc/silhouette/2008_004321.png,sofa,
data/voc/silhouette/2008_004339.png,car,
data/voc/silhouette/2008_004345.png,motorbike,"Based on the visual information provided in the image, the main object is a motorbike. This is evident from the distinct shape, including the front wheel, the body of the vehicle, the handlebars, and the seat, which are all characteristic features of a motorbike.

Motorbike

Motorbike"
data/voc/silhouette/2008_004358.png,train,
data/voc/silhouette/2008_004363.png,bicycle,
data/voc/silhouette/2008_004365.png,person,
data/voc/silhouette/2008_004367.png,train,
data/voc/silhouette/2008_004396.png,horse,Horse
data/voc/silhouette/2008_004399.png,person,
data/voc/silhouette/2008_004416.png,sofa,
data/voc/silhouette/2008_004430.png,horse,
data/voc/silhouette/2008_004441.png,bicycle,
data/voc/silhouette/2008_004453.png,sheep,Cow
data/voc/silhouette/2008_004477.png,pottedplant,
data/voc/silhouette/2008_004547.png,train,"Based on the visual information provided in the image, the object is a silhouette that resembles a train or a locomotive. The shape includes a pointed front and a larger, more complex body, which is characteristic of a train.

The correct class from the list is:

Train"
data/voc/silhouette/2008_004551.png,bird,
data/voc/silhouette/2008_004552.png,car,
data/voc/silhouette/2008_004562.png,sofa,"Based on the image provided, the main object is a silhouette of a bird in flight. The shape, with its distinct wings and body, is characteristic of a bird.

Therefore, the correct classification is:

Bird"
data/voc/silhouette/2008_004575.png,person,
data/voc/silhouette/2008_004583.png,cat,"Based on the provided image, the main object is a silhouette of a cat. The image shows a black shape with a distinct head, ears, and body, which are characteristic features of a cat.

Therefore, the correct class is:

Cat"
data/voc/silhouette/2008_004588.png,diningtable,
data/voc/silhouette/2008_004607.png,bottle,Bottle
data/voc/silhouette/2008_004610.png,train,
data/voc/silhouette/2008_004612.png,chair,"Based on the image provided, the object is a silhouette of a piece of furniture that appears to be a chair, possibly a sofa or a recliner. However, the shape is more consistent with a chair than a sofa, which typically has a more defined backrest and seat. The object is not a vehicle, animal, or electronic device.

Given the options, the most accurate classification is:

Chair"
data/voc/silhouette/2008_004621.png,sheep,"Based on the image provided, the main object is a silhouette of a cat. The shape includes features such as pointed ears, a body, and a tail, which are characteristic of a cat.

Therefore, the correct class name is:

Cat"
data/voc/silhouette/2008_004624.png,horse,Horse
data/voc/silhouette/2008_004654.png,person,
data/voc/silhouette/2008_004659.png,bottle,Bottle
data/voc/silhouette/2008_004663.png,train,
data/voc/silhouette/2008_004687.png,horse,
data/voc/silhouette/2008_004701.png,cow,Cow
data/voc/silhouette/2008_004704.png,aeroplane,Aeroplane
data/voc/silhouette/2008_004705.png,horse,Horse
data/voc/silhouette/2008_004750.png,boat,
data/voc/silhouette/2008_004754.png,tvmonitor,TV Monitor
data/voc/silhouette/2008_004758.png,bicycle,Bicycle
data/voc/silhouette/2008_004776.png,diningtable,
data/voc/silhouette/2008_004822.png,motorbike,
data/voc/silhouette/2008_004838.png,motorbike,
data/voc/silhouette/2008_004841.png,cow,
data/voc/silhouette/2008_004854.png,sheep,
data/voc/silhouette/2008_004869.png,train,
data/voc/silhouette/2008_004892.png,horse,Horse
data/voc/silhouette/2008_004910.png,tvmonitor,"Based on the visual information provided in the image, the object is a black, rectangular shape with rounded edges and a slightly curved top, which is characteristic of a television screen.

Therefore, the correct classification is:

TV Monitor"
data/voc/silhouette/2008_004911.png,horse,"Based on the image provided, the main object is a silhouette of a horse in a galloping pose. The object is clearly identifiable as a horse.

Horse"
data/voc/silhouette/2008_004914.png,train,Motorbike
data/voc/silhouette/2008_004946.png,train,
data/voc/silhouette/2008_004983.png,boat,
data/voc/silhouette/2008_004995.png,bicycle,Bicycle
data/voc/silhouette/2008_005006.png,tvmonitor,
data/voc/silhouette/2008_005049.png,motorbike,Motorbike
data/voc/silhouette/2008_005074.png,car,"Based on the image provided, the object is a silhouette of a vehicle with a distinct shape, including a roof, body, and wheels. This is characteristic of a car.

Car"
data/voc/silhouette/2008_005089.png,tvmonitor,
data/voc/silhouette/2008_005097.png,cow,
data/voc/silhouette/2008_005105.png,cow,
data/voc/silhouette/2008_005145.png,diningtable,"Based on the image provided, the object is a black, rectangular shape with a curved top edge, which is characteristic of a TV monitor. The image is completely black, and no other details are visible.

TV Monitor"
data/voc/silhouette/2008_005196.png,bus,
data/voc/silhouette/2008_005197.png,dog,
data/voc/silhouette/2008_005214.png,pottedplant,Potted Plant
data/voc/silhouette/2008_005217.png,pottedplant,
data/voc/silhouette/2008_005231.png,person,
data/voc/silhouette/2008_005242.png,pottedplant,
data/voc/silhouette/2008_005245.png,motorbike,
data/voc/silhouette/2008_005254.png,tvmonitor,
data/voc/silhouette/2008_005262.png,bottle,"Based on the visual information provided, the object in the image is a black, irregularly shaped silhouette that does not resemble any of the listed categories.

The object appears to be a solid, non-identifiable shape that could be interpreted as a general form of a living creature, but it does not match any of the specific categories listed in the prompt. The image is a simple black shape on a white background.

Given the options, the most likely classification is **Cow**, as it is a common"
data/voc/silhouette/2008_005266.png,bus,
data/voc/silhouette/2008_005294.png,car,
data/voc/silhouette/2008_005300.png,cat,Cat
data/voc/silhouette/2008_005321.png,boat,"Based on the visual information provided, the main object in the image is a silhouette that appears to be a bird, given its shape and the small protrusion that could be a beak or head.

Therefore, the correct classification is:

Bird"
data/voc/silhouette/2008_005338.png,aeroplane,
data/voc/silhouette/2008_005342.png,diningtable,
data/voc/silhouette/2008_005345.png,pottedplant,Potted Plant
data/voc/silhouette/2008_005367.png,boat,Boat
data/voc/silhouette/2008_005375.png,cow,"Based on the visual information provided in the image, the main object is a silhouette of an animal. The animal has a distinct shape with a body, legs, and a head, which is characteristic of a cow. The image shows a cow in a grazing posture.

Therefore, the correct class name is:

Cow"
data/voc/silhouette/2008_005398.png,boat,
data/voc/silhouette/2008_005399.png,person,
data/voc/silhouette/2008_005422.png,motorbike,
data/voc/silhouette/2008_005439.png,tvmonitor,
data/voc/silhouette/2008_005445.png,person,"The main object in the image is a person sitting on a chair. The image shows a silhouette of a person in a seated position, with a chair visible beneath them. The person is not a cat, dog, horse, or any other animal, and the object is clearly a chair. Therefore, the correct classification is:

Chair"
data/voc/silhouette/2008_005512.png,boat,Boat
data/voc/silhouette/2008_005525.png,horse,Horse
data/voc/silhouette/2008_005541.png,boat,"Based on the image provided, the main object is a silhouette of a boat, specifically a large vessel with a prominent tail fin, which is characteristic of a ship or a large boat.

The class name is:
Boat"
data/voc/silhouette/2008_005544.png,train,
data/voc/silhouette/2008_005600.png,person,
data/voc/silhouette/2008_005628.png,boat,
data/voc/silhouette/2008_005633.png,sheep,
data/voc/silhouette/2008_005637.png,motorbike,Motorbike
data/voc/silhouette/2008_005642.png,horse,Horse
data/voc/silhouette/2008_005650.png,person,
data/voc/silhouette/2008_005668.png,horse,
data/voc/silhouette/2008_005676.png,bus,
data/voc/silhouette/2008_005678.png,tvmonitor,
data/voc/silhouette/2008_005679.png,dog,
data/voc/silhouette/2008_005680.png,pottedplant,
data/voc/silhouette/2008_005691.png,horse,Horse
data/voc/silhouette/2008_005698.png,person,"Based on the image provided, the main object is a silhouette of a human figure in a dynamic pose, suggesting movement. The figure has a discernible shape with arms and legs, and it appears to be standing or walking. This is consistent with the description of a person.

From the list of classes provided, the only one that matches this description is ""Person"".

Person"
data/voc/silhouette/2008_005706.png,sheep,"Based on the visual evidence provided in the image, the main object is a silhouette of a large animal with a distinct head, body, and legs. This shape is characteristic of a sheep.

The object is not a bird, as it lacks wings and a beak. It is not a car, bus, or train, which are typically more complex and have different features. It is not a dog, horse, or cat, which are smaller and have different physical characteristics. It is not a person"
data/voc/silhouette/2008_005713.png,bicycle,
data/voc/silhouette/2008_005714.png,cow,"Based on the image provided, the main object is a silhouette of a large animal with a long body, a head with horns, and a tail. This shape is characteristic of a cow.

The correct classification from the given list is:

Cow"
data/voc/silhouette/2008_005716.png,cat,Cat
data/voc/silhouette/2008_005727.png,bicycle,
data/voc/silhouette/2008_005738.png,bicycle,
data/voc/silhouette/2008_005747.png,car,
data/voc/silhouette/2008_005770.png,cat,
data/voc/silhouette/2008_005812.png,person,
data/voc/silhouette/2008_005839.png,bicycle,
data/voc/silhouette/2008_005843.png,bird,"Based on the image provided, the main object is a silhouette of a bird, specifically a parrot, given its shape and features.

The class name from the list is:
Bird"
data/voc/silhouette/2008_005845.png,dog,"Based on the visual characteristics of the object in the image, the main object is a silhouette of a dog. The shape includes a body, a head, and a tail, which are typical features of a dog. The object is not a bird, a cat, a horse, a person, or a car, and it is clearly not a bicycle, boat, or train. It does not appear to be a TV monitor, dining table, or sofa. The object is not a bottle, bus"
data/voc/silhouette/2008_005874.png,pottedplant,
data/voc/silhouette/2008_005904.png,bottle,
data/voc/silhouette/2008_005915.png,motorbike,
data/voc/silhouette/2008_005926.png,sofa,
data/voc/silhouette/2008_005938.png,sheep,
data/voc/silhouette/2008_005945.png,diningtable,
data/voc/silhouette/2008_005953.png,diningtable,
data/voc/silhouette/2008_006008.png,diningtable,
data/voc/silhouette/2008_006032.png,person,
data/voc/silhouette/2008_006036.png,horse,Horse
data/voc/silhouette/2008_006055.png,train,
data/voc/silhouette/2008_006063.png,cow,Cow
data/voc/silhouette/2008_006065.png,boat,Bottle
data/voc/silhouette/2008_006070.png,sheep,
data/voc/silhouette/2008_006108.png,person,
data/voc/silhouette/2008_006130.png,dog,
data/voc/silhouette/2008_006140.png,aeroplane,Aeroplane
data/voc/silhouette/2008_006143.png,bird,
data/voc/silhouette/2008_006159.png,tvmonitor,
data/voc/silhouette/2008_006182.png,bottle,Bottle
data/voc/silhouette/2008_006213.png,aeroplane,Aeroplane
data/voc/silhouette/2008_006215.png,car,
data/voc/silhouette/2008_006216.png,aeroplane,
data/voc/silhouette/2008_006219.png,horse,
data/voc/silhouette/2008_006221.png,sheep,
data/voc/silhouette/2008_006229.png,boat,Boat
data/voc/silhouette/2008_006254.png,car,
data/voc/silhouette/2008_006275.png,person,"The main object in the image is a person, as indicated by the silhouette of a figure holding a bouquet. The class name is:

Person"
data/voc/silhouette/2008_006289.png,boat,
data/voc/silhouette/2008_006325.png,cat,
data/voc/silhouette/2008_006327.png,sheep,
data/voc/silhouette/2008_006339.png,sheep,
data/voc/silhouette/2008_006341.png,person,Bird
data/voc/silhouette/2008_006345.png,motorbike,
data/voc/silhouette/2008_006349.png,boat,
data/voc/silhouette/2008_006353.png,aeroplane,
data/voc/silhouette/2008_006389.png,sofa,
data/voc/silhouette/2008_006408.png,person,
data/voc/silhouette/2008_006434.png,horse,
data/voc/silhouette/2008_006480.png,cat,Cat
data/voc/silhouette/2008_006481.png,bird,
data/voc/silhouette/2008_006482.png,diningtable,
data/voc/silhouette/2008_006490.png,boat,
data/voc/silhouette/2008_006509.png,pottedplant,
data/voc/silhouette/2008_006523.png,train,
data/voc/silhouette/2008_006526.png,person,
data/voc/silhouette/2008_006528.png,cow,Cow
data/voc/silhouette/2008_006553.png,train,
data/voc/silhouette/2008_006554.png,bus,
data/voc/silhouette/2008_006558.png,bottle,
data/voc/silhouette/2008_006655.png,train,
data/voc/silhouette/2008_006703.png,aeroplane,
data/voc/silhouette/2008_006722.png,person,"Based on the visual information provided in the image, the main object is a silhouette of a human figure in a crouched or crawling position. This posture is characteristic of a person moving or interacting with their environment, such as crawling or reaching.

The object is not a vehicle, a pet, or a household item. It is a representation of a human being.

Therefore, the correct classification is:

Person"
data/voc/silhouette/2008_006748.png,bus,
data/voc/silhouette/2008_006751.png,pottedplant,Potted Plant
data/voc/silhouette/2008_006752.png,train,
data/voc/silhouette/2008_006784.png,sofa,"Based on the visual information provided in the image, the main object is a piece of furniture with a distinct shape, including a backrest, seat, and armrests. This is characteristic of a sofa.

The class name for this object is:
Sofa"
data/voc/silhouette/2008_006835.png,sheep,
data/voc/silhouette/2008_006843.png,sofa,
data/voc/silhouette/2008_006873.png,bird,
data/voc/silhouette/2008_006874.png,person,"Based on the visual information provided in the image, the main object is a silhouette of a human figure. The figure is depicted standing, with one hand on the hip and the other slightly extended, which is a common posture for a person.

Therefore, the correct classification from the given list is:

Person"
data/voc/silhouette/2008_006877.png,boat,
data/voc/silhouette/2008_006908.png,dog,
data/voc/silhouette/2008_006920.png,aeroplane,Aeroplane
data/voc/silhouette/2008_006981.png,dog,
data/voc/silhouette/2008_006986.png,car,Car
data/voc/silhouette/2008_007011.png,train,
data/voc/silhouette/2008_007012.png,dog,
data/voc/silhouette/2008_007025.png,cow,
data/voc/silhouette/2008_007031.png,cow,Cow
data/voc/silhouette/2008_007048.png,diningtable,
data/voc/silhouette/2008_007090.png,car,
data/voc/silhouette/2008_007120.png,bird,
data/voc/silhouette/2008_007123.png,cow,Cow
data/voc/silhouette/2008_007142.png,bottle,Bottle
data/voc/silhouette/2008_007143.png,boat,Boat
data/voc/silhouette/2008_007165.png,cat,
data/voc/silhouette/2008_007194.png,chair,"Based on the image provided, the main object is a silhouette of a lamp. The object has a distinct shape with a base, a stem, and a lampshade, which are characteristic features of a table lamp.

Therefore, the correct classification is:

Potted Plant"
data/voc/silhouette/2008_007201.png,train,"Based on the provided image, the main object is a black, elongated shape with a distinct profile, which is characteristic of a vehicle. The silhouette strongly resembles a bus, given its elongated form and the visible side profile.

Therefore, the correct classification is:

Bus"
data/voc/silhouette/2008_007219.png,person,
data/voc/silhouette/2008_007239.png,cat,Cat
data/voc/silhouette/2008_007242.png,person,
data/voc/silhouette/2008_007245.png,sheep,
data/voc/silhouette/2008_007273.png,cow,
data/voc/silhouette/2008_007313.png,motorbike,
data/voc/silhouette/2008_007350.png,aeroplane,Aeroplane
data/voc/silhouette/2008_007355.png,diningtable,
data/voc/silhouette/2008_007357.png,aeroplane,
data/voc/silhouette/2008_007375.png,bus,
data/voc/silhouette/2008_007378.png,dog,"Based on the image provided, the main object is a silhouette of a dog in motion. The object is clearly identifiable as a dog, given its shape, posture, and features such as the tail, legs, and body.

Therefore, the correct classification is:

Dog"
data/voc/silhouette/2008_007392.png,horse,
data/voc/silhouette/2008_007402.png,person,"Based on the image provided, the main object is a silhouette of a person. The figure is standing in a bent posture, and the outline clearly shows a human form. Therefore, the correct classification is:

Person"
data/voc/silhouette/2008_007428.png,pottedplant,
data/voc/silhouette/2008_007433.png,dog,
data/voc/silhouette/2008_007472.png,cat,
data/voc/silhouette/2008_007497.png,sheep,"Based on the image provided, the main object is a silhouette of a sheep with prominent horns. The object is clearly identifiable as a sheep.

Sheep

Sheep"
data/voc/silhouette/2008_007498.png,bird,
data/voc/silhouette/2008_007507.png,aeroplane,
data/voc/silhouette/2008_007513.png,dog,"Based on the image provided, the main object is a silhouette of an animal in motion. The shape, with four legs, a head, and a body, is characteristic of a dog. The animal is depicted in a running pose, which is consistent with a dog.

From the list of classes provided, the correct classification is:

Dog"
data/voc/silhouette/2008_007527.png,chair,
data/voc/silhouette/2008_007548.png,cat,
data/voc/silhouette/2008_007581.png,dog,
data/voc/silhouette/2008_007596.png,cow,"Based on the provided image, the main object is a silhouette of a cow.

The class name is: Cow"
data/voc/silhouette/2008_007677.png,sheep,
data/voc/silhouette/2008_007691.png,chair,
data/voc/silhouette/2008_007737.png,person,"Based on the visual information provided in the image, the main object is a silhouette of a human figure. The figure is depicted in a standing posture with a visible head, body, and limbs, which are characteristic features of a person.

Among the provided classes, the most appropriate classification is:

Person"
data/voc/silhouette/2008_007759.png,train,
data/voc/silhouette/2008_007797.png,bus,
data/voc/silhouette/2008_007804.png,car,"Based on the visual information provided in the image, the main object is a vehicle that is clearly identifiable as a car.

The object is a silhouette of a car, and it is the dominant feature in the image.

Therefore, the correct classification is:

Car"
data/voc/silhouette/2008_007811.png,bottle,"Based on the visual information provided in the image, the main object is a silhouette of a person wearing a long cloak or robe. The shape is consistent with that of a human figure.

Therefore, the correct classification is:

Person"
data/voc/silhouette/2008_007814.png,sheep,
data/voc/silhouette/2008_007828.png,person,
data/voc/silhouette/2008_007836.png,aeroplane,"Based on the visual characteristics of the object in the image, the main object is a stylized, black silhouette that strongly resembles a bird in flight.

The object is a bird.

Bird"
data/voc/silhouette/2008_007858.png,bottle,Bottle
data/voc/silhouette/2008_007945.png,horse,
data/voc/silhouette/2008_007994.png,person,
data/voc/silhouette/2008_007998.png,horse,
data/voc/silhouette/2008_008051.png,diningtable,
data/voc/silhouette/2008_008103.png,sofa,
data/voc/silhouette/2008_008106.png,sofa,"Based on the image provided, the main object is a silhouette of a chair. It has a distinct shape with a backrest and a seat, which are characteristic features of a chair.

Therefore, the correct classification is:

Chair"
data/voc/silhouette/2008_008127.png,motorbike,
data/voc/silhouette/2008_008193.png,horse,Horse
data/voc/silhouette/2008_008221.png,train,
data/voc/silhouette/2008_008252.png,bus,"Based on the image provided, the object is a silhouette of a vehicle that appears to be a car. However, the image is very blurry and lacks clear details, making it difficult to confirm with certainty.

Given the options provided and the visual evidence, the most plausible classification is:

Car"
data/voc/silhouette/2008_008263.png,aeroplane,Aeroplane
data/voc/silhouette/2008_008268.png,bird,"Based on the image provided, the main object is a silhouette of a bird in flight.

The class name from the list is: Bird"
data/voc/silhouette/2008_008296.png,horse,Horse
data/voc/silhouette/2008_008301.png,bus,
data/voc/silhouette/2008_008323.png,sheep,
data/voc/silhouette/2008_008324.png,motorbike,Motorbike
data/voc/silhouette/2008_008335.png,person,Person
data/voc/silhouette/2008_008343.png,bus,
data/voc/silhouette/2008_008362.png,diningtable,
data/voc/silhouette/2008_008392.png,horse,"Based on the visual information provided, the main object in the image is a horse. The image shows a black silhouette of a horse standing with its head lowered, which is a common posture for grazing.

Therefore, the correct classification is:

Horse"
data/voc/silhouette/2008_008393.png,horse,"Based on the visual information provided, the main object in the image is a silhouette of a person sitting on a chair. The shape includes the form of a seated individual and a piece of furniture that is typically used for sitting.

From the list of classes provided, the most accurate classification is:

Chair"
data/voc/silhouette/2008_008421.png,horse,
data/voc/silhouette/2008_008434.png,pottedplant,
data/voc/silhouette/2008_008462.png,motorbike,
data/voc/silhouette/2008_008469.png,bus,
data/voc/silhouette/2008_008476.png,horse,Horse
data/voc/silhouette/2008_008511.png,motorbike,
data/voc/silhouette/2008_008521.png,cow,
data/voc/silhouette/2008_008525.png,motorbike,
data/voc/silhouette/2008_008541.png,cow,"The main object in the image is a silhouette of a cow. Therefore, the correct class is:

Cow"
data/voc/silhouette/2008_008545.png,train,
data/voc/silhouette/2008_008550.png,person,
data/voc/silhouette/2008_008629.png,bicycle,
data/voc/silhouette/2008_008682.png,bus,
data/voc/silhouette/2008_008711.png,bicycle,
data/voc/silhouette/2008_008746.png,bird,"Based on the visual information provided in the image, the main object is a silhouette of a bird. It has a distinct shape with a long tail, a beak, and a body that is characteristic of a small bird.

Therefore, the correct classification is:

Bird"
data/voc/silhouette/2008_008770.png,train,
data/voc/silhouette/2008_008773.png,diningtable,
data/voc/silhouette/2009_000006.png,bus,
data/voc/silhouette/2009_000012.png,horse,Horse
data/voc/silhouette/2009_000013.png,cat,
data/voc/silhouette/2009_000015.png,bicycle,Bicycle
data/voc/silhouette/2009_000022.png,train,"Based on the image provided, the main object is a black, elongated shape with a pointed tip, which is characteristic of a stylized representation of a certain object.

Given the options provided, the object in the image is most likely a **Bottle**. This is because the object has a distinct shape with a narrow opening at one end and a wider body, which is consistent with the typical form of a bottle. The image is a simple silhouette, but the shape is recognizable.

Therefore,"
data/voc/silhouette/2009_000028.png,chair,
data/voc/silhouette/2009_000029.png,dog,"Based on the visual information provided, the main object in the image is a silhouette of a dog. The shape includes a head, body, and a tail, which are characteristic features of a dog.

Therefore, the correct class is:

Dog"
data/voc/silhouette/2009_000032.png,aeroplane,Aeroplane
data/voc/silhouette/2009_000037.png,bird,"Based on the image provided, the main object is a silhouette of a bird. It has a distinct shape with a long neck, a pointed beak, and a slender body, which are characteristic features of a heron or similar wading bird.

The correct classification from the given list is:

Bird"
data/voc/silhouette/2009_000039.png,sheep,"Based on the visual evidence provided in the image, the main object is a silhouette that clearly depicts a sheep. The shape includes the characteristic features of a sheep, such as a rounded body, a head with two horns, and a general form that is consistent with that of a domestic sheep.

Therefore, the correct classification is:

Sheep"
data/voc/silhouette/2009_000073.png,train,
data/voc/silhouette/2009_000074.png,motorbike,Motorbike
data/voc/silhouette/2009_000080.png,cat,"Based on the image provided, the main object is a silhouette of a cat. It is depicted in a standing position with its tail raised.

From the given list of classes, the correct classification is:

Cat"
data/voc/silhouette/2009_000087.png,sofa,"Based on the image provided, the main object is a silhouette of a piece of furniture with a distinct backrest and seat, which is characteristic of a sofa. The object is not a person, animal, or vehicle, nor is it a TV monitor or dining table.

Therefore, the correct class name is:

Sofa"
data/voc/silhouette/2009_000096.png,sofa,
data/voc/silhouette/2009_000100.png,horse,Horse
data/voc/silhouette/2009_000103.png,bird,Bird
data/voc/silhouette/2009_000121.png,bottle,Bottle
data/voc/silhouette/2009_000133.png,aeroplane,assistantAeroplane
data/voc/silhouette/2009_000136.png,tvmonitor,"Based on the visual information provided in the image, the main object is a black, solid shape that appears to be a portion of a larger object. However, the object is not clearly identifiable as a standard item from the list.

Let's analyze the possibilities:

- The object is not a **Bicycle**, **Bird**, **Boat**, **Bottle**, **Bus**, **Car**, **Cat**, **Cow**, **Dining Table**, **Dog**, **Horse**, **Motorbike"
data/voc/silhouette/2009_000149.png,bicycle,Bicycle
data/voc/silhouette/2009_000156.png,dog,Dog
data/voc/silhouette/2009_000161.png,bicycle,
data/voc/silhouette/2009_000176.png,bus,
data/voc/silhouette/2009_000177.png,train,
data/voc/silhouette/2009_000201.png,bottle,Bottle
data/voc/silhouette/2009_000205.png,aeroplane,
data/voc/silhouette/2009_000219.png,cow,
data/voc/silhouette/2009_000242.png,sofa,
data/voc/silhouette/2009_000250.png,cow,Cow
data/voc/silhouette/2009_000285.png,cow,
data/voc/silhouette/2009_000309.png,cow,
data/voc/silhouette/2009_000318.png,bird,
data/voc/silhouette/2009_000335.png,bus,
data/voc/silhouette/2009_000347.png,train,
data/voc/silhouette/2009_000351.png,bicycle,
data/voc/silhouette/2009_000354.png,bicycle,Bicycle
data/voc/silhouette/2009_000385.png,boat,
data/voc/silhouette/2009_000387.png,aeroplane,Aeroplane
data/voc/silhouette/2009_000391.png,tvmonitor,
data/voc/silhouette/2009_000400.png,dog,
data/voc/silhouette/2009_000405.png,bus,
data/voc/silhouette/2009_000408.png,bus,"Based on the image provided, the main object is a silhouette of a vehicle that is a type of bus. The vehicle has a rectangular body, a driver's seat visible on the side, and wheels, which are characteristic features of a bus.

The class name from the list that best fits this object is:

Bus"
data/voc/silhouette/2009_000409.png,horse,Horse
data/voc/silhouette/2009_000412.png,horse,
data/voc/silhouette/2009_000418.png,person,
data/voc/silhouette/2009_000420.png,boat,
data/voc/silhouette/2009_000421.png,boat,
data/voc/silhouette/2009_000426.png,bus,
data/voc/silhouette/2009_000440.png,aeroplane,Aeroplane
data/voc/silhouette/2009_000444.png,tvmonitor,
data/voc/silhouette/2009_000446.png,boat,Boat
data/voc/silhouette/2009_000454.png,bird,"Based on the visual information provided, the main object in the image is a silhouette of a bird in flight. The image shows a shape with a long, pointed wing and a tail, which is characteristic of a bird. The object is not a vehicle, animal, or inanimate object like a bottle, car, or train. It is a stylized representation of a bird.

Therefore, the correct class name is:

Bird"
data/voc/silhouette/2009_000455.png,bus,"Based on the image provided, the object is a stylized, black silhouette of a bird. The bird has a distinct shape with a pointed head, a body, and wings, which are characteristic of a bird. The image does not show any features that would suggest it is a car, train, or other types of vehicles, nor does it resemble a bicycle, motorbike, or a person.

Therefore, the correct classification is:

Bird"
data/voc/silhouette/2009_000457.png,bicycle,
data/voc/silhouette/2009_000469.png,boat,
data/voc/silhouette/2009_000487.png,sofa,
data/voc/silhouette/2009_000488.png,pottedplant,Potted Plant
data/voc/silhouette/2009_000503.png,bird,
data/voc/silhouette/2009_000505.png,sofa,
data/voc/silhouette/2009_000523.png,car,
data/voc/silhouette/2009_000532.png,bus,
data/voc/silhouette/2009_000535.png,cat,
data/voc/silhouette/2009_000544.png,tvmonitor,
data/voc/silhouette/2009_000553.png,cat,Cat
data/voc/silhouette/2009_000562.png,bottle,Bottle
data/voc/silhouette/2009_000573.png,bicycle,
data/voc/silhouette/2009_000603.png,horse,Horse
data/voc/silhouette/2009_000619.png,bird,"Based on the visual information provided, the main object in the image is a silhouette of a bird. The shape, including the head, body, and wings, is characteristic of a bird.

Therefore, the correct classification is:

Bird"
data/voc/silhouette/2009_000626.png,cow,Cow
data/voc/silhouette/2009_000628.png,train,
data/voc/silhouette/2009_000635.png,pottedplant,
data/voc/silhouette/2009_000641.png,cow,
data/voc/silhouette/2009_000655.png,diningtable,
data/voc/silhouette/2009_000662.png,aeroplane,"Based on the visual information provided in the image, the main object is a silhouette of a vehicle that is not a bird, bicycle, car, or boat, but rather a vehicle designed for transportation on land.

The object has a distinct shape with a long body, a tail, and a visible undercarriage, which are characteristic features of a vehicle that moves on land. The image shows a vehicle that is not a bicycle, a boat, or a train.

Given the options provided, the most"
data/voc/silhouette/2009_000664.png,bird,
data/voc/silhouette/2009_000675.png,sheep,"Based on the visual information provided, the object in the image is a silhouette of a cow. The key features that identify it as a cow are its distinct shape, including the body, legs, and the overall form that is characteristic of a bovine animal. The image does not contain any other elements that would suggest a different classification.

Cow"
data/voc/silhouette/2009_000684.png,cat,
data/voc/silhouette/2009_000690.png,boat,
data/voc/silhouette/2009_000704.png,person,
data/voc/silhouette/2009_000705.png,horse,Horse
data/voc/silhouette/2009_000709.png,cow,"Based on the visual information provided, the main object in the image is a black silhouette of a large animal, which is clearly identifiable as a cow.

From the given list of classes, the correct classification is:

Cow"
data/voc/silhouette/2009_000712.png,train,
data/voc/silhouette/2009_000716.png,cat,
data/voc/silhouette/2009_000720.png,car,"Based on the image provided, the main object is a silhouette of a vehicle that is clearly identifiable as a car. The shape includes a body, two wheels, and a visible front and rear end, consistent with a standard automobile.

Therefore, the correct classification is:

Car"
data/voc/silhouette/2009_000723.png,boat,Boat
data/voc/silhouette/2009_000727.png,horse,Horse
data/voc/silhouette/2009_000730.png,motorbike,"Based on the image provided, the main object is a motorbike, which is a type of two-wheeled vehicle designed for transportation.

The correct classification from the given list is:
Motorbike"
data/voc/silhouette/2009_000731.png,cow,
data/voc/silhouette/2009_000732.png,sofa,
data/voc/silhouette/2009_000744.png,person,"Based on the visual information provided in the image, the main object is a silhouette of a person. The figure is depicted with a visible head, torso, and limbs, consistent with a human form. The lower part of the silhouette shows legs, which is further evidence of a human.

Therefore, the correct classification for the main object is:

Person"
data/voc/silhouette/2009_000746.png,bird,"Based on the image provided, the main object is a silhouette of a bird. The object has the distinct features of a bird, including a long neck, a body, and two legs.

Therefore, the correct classification is:

Bird"
data/voc/silhouette/2009_000771.png,cow,
data/voc/silhouette/2009_000774.png,dog,
data/voc/silhouette/2009_000801.png,aeroplane,Aeroplane
data/voc/silhouette/2009_000825.png,car,
data/voc/silhouette/2009_000828.png,boat,
data/voc/silhouette/2009_000839.png,dog,
data/voc/silhouette/2009_000840.png,bottle,Bottle
data/voc/silhouette/2009_000845.png,train,
data/voc/silhouette/2009_000879.png,bird,
data/voc/silhouette/2009_000887.png,aeroplane,
data/voc/silhouette/2009_000892.png,dog,"Based on the image provided, the main object is a silhouette of an animal that is clearly identifiable as a sheep.

The class name for the main object is:

Sheep"
data/voc/silhouette/2009_000894.png,motorbike,
data/voc/silhouette/2009_000895.png,tvmonitor,TV Monitor
data/voc/silhouette/2009_000906.png,car,"Based on the image provided, the object is a silhouette that appears to be a motorbike. Although the image is very low resolution and the details are not clear, the shape of the object is consistent with that of a motorbike.

Therefore, the correct class is:

Motorbike"
data/voc/silhouette/2009_000919.png,boat,Boat
data/voc/silhouette/2009_000924.png,sheep,Sheep
data/voc/silhouette/2009_000931.png,horse,Horse
data/voc/silhouette/2009_000935.png,dog,"Based on the visual information provided, the main object in the image is a silhouette of an animal. The features, such as the body shape, legs, and pointed ears, are consistent with a dog.

Therefore, the correct class name is:

Dog"
data/voc/silhouette/2009_000938.png,bird,
data/voc/silhouette/2009_000964.png,cat,Cat
data/voc/silhouette/2009_000987.png,person,
data/voc/silhouette/2009_000989.png,dog,
data/voc/silhouette/2009_000991.png,bird,
data/voc/silhouette/2009_000996.png,boat,"Based on the visual information provided, the main object in the image is a silhouette of a vehicle. The shape is consistent with that of a bus, which is a large, rectangular vehicle with a roof and windows.

Therefore, the correct class is:

Bus"
data/voc/silhouette/2009_000998.png,bird,
data/voc/silhouette/2009_001002.png,person,
data/voc/silhouette/2009_001008.png,cat,
data/voc/silhouette/2009_001019.png,boat,Boat
data/voc/silhouette/2009_001027.png,aeroplane,
data/voc/silhouette/2009_001036.png,horse,
data/voc/silhouette/2009_001070.png,chair,"``` 
Chair
```"
data/voc/silhouette/2009_001082.png,bus,
data/voc/silhouette/2009_001085.png,chair,Chair
data/voc/silhouette/2009_001095.png,diningtable,
data/voc/silhouette/2009_001096.png,person,Person
data/voc/silhouette/2009_001100.png,pottedplant,"Based on the visual information provided, the main object in the image is a silhouette of a tree with a distinct, rugged, and somewhat abstract shape. The tree has a trunk and branches that appear to be broken or jagged, which is a characteristic feature of a tree that has been damaged or is in a state of decay. The object is not a living plant, but rather a representation of a tree. Therefore, the most appropriate class from the list provided is:

Potted Plant"
data/voc/silhouette/2009_001104.png,cow,Cow
data/voc/silhouette/2009_001108.png,bird,Bird
data/voc/silhouette/2009_001117.png,cat,
data/voc/silhouette/2009_001124.png,dog,"Based on the image provided, the main object is a silhouette of a person. The image shows a profile view of a human figure, with discernible features such as a head, shoulders, and a posture that suggests a person standing or sitting.

Therefore, the correct classification is:

Person"
data/voc/silhouette/2009_001137.png,person,
data/voc/silhouette/2009_001140.png,motorbike,Motorbike
data/voc/silhouette/2009_001145.png,cow,Cow
data/voc/silhouette/2009_001146.png,sofa,
data/voc/silhouette/2009_001160.png,bird,Bird
data/voc/silhouette/2009_001163.png,cow,
data/voc/silhouette/2009_001177.png,sheep,
data/voc/silhouette/2009_001197.png,bus,
data/voc/silhouette/2009_001203.png,sheep,
data/voc/silhouette/2009_001205.png,cat,
data/voc/silhouette/2009_001215.png,diningtable,
data/voc/silhouette/2009_001240.png,car,
data/voc/silhouette/2009_001251.png,dog,Dog
data/voc/silhouette/2009_001253.png,motorbike,Motorbike
data/voc/silhouette/2009_001255.png,bicycle,
data/voc/silhouette/2009_001264.png,bird,"Based on the image provided, the main object is a silhouette of a bird, specifically resembling a kingfisher.

The correct class from the list is:
Bird"
data/voc/silhouette/2009_001268.png,sofa,
data/voc/silhouette/2009_001270.png,cat,
data/voc/silhouette/2009_001278.png,bottle,Bottle
data/voc/silhouette/2009_001283.png,bird,Bird
data/voc/silhouette/2009_001299.png,person,
data/voc/silhouette/2009_001300.png,train,"Based on the image provided, the main object is a silhouette of a vehicle. It has a distinct shape that is consistent with a car. The object is not a bicycle, a boat, a train, or a TV monitor, and it is clearly not a bird, a dog, a horse, a person, or a potted plant. It also does not appear to be a bus, a motorbike, a chair, a sofa, or a dining table.

Therefore, the correct classification is"
data/voc/silhouette/2009_001306.png,car,
data/voc/silhouette/2009_001311.png,bird,"Based on the image provided, the main object is a silhouette of a bird. The shape includes a distinct head, body, and a long tail, which are characteristic features of a bird.

Therefore, the correct class is:

Bird"
data/voc/silhouette/2009_001314.png,bird,"Based on the visual information provided in the image, the main object is a bird in flight. The silhouette clearly shows the shape of a bird with its wings spread, which is characteristic of a flying bird.

Therefore, the correct classification is:

Bird"
data/voc/silhouette/2009_001332.png,aeroplane,Aeroplane
data/voc/silhouette/2009_001333.png,train,
data/voc/silhouette/2009_001339.png,person,
data/voc/silhouette/2009_001359.png,train,
data/voc/silhouette/2009_001363.png,tvmonitor,"Based on the provided image, the main object is a silhouette of a vehicle that appears to be a car. The object is depicted in black and is in the shape of a car, with a visible front section, windshield, and a side profile.

Therefore, the correct classification is:

Car"
data/voc/silhouette/2009_001385.png,bird,
data/voc/silhouette/2009_001388.png,car,
data/voc/silhouette/2009_001390.png,aeroplane,Aeroplane
data/voc/silhouette/2009_001391.png,cat,"Based on the visual information provided in the image, the main object is a silhouette of a cat. The shape includes features such as pointed ears, a rounded body, and a tail, which are characteristic of a domestic cat.

Therefore, the correct classification is:

Cat"
data/voc/silhouette/2009_001403.png,sheep,"Based on the visual information provided in the image, the main object is a silhouette of a four-legged animal with a distinct shape. The animal has a rounded body, a long tail, and a visible rear end. This is characteristic of a cow.

Therefore, the correct classification is:

Cow"
data/voc/silhouette/2009_001411.png,cat,Cat
data/voc/silhouette/2009_001422.png,bird,"Based on the image provided, the main object is a bird. The image shows a silhouette of a bird with a distinct head shape and a small crest, standing upright. The features are consistent with those of a quail or a similar small bird.

The class name from the list provided that matches this object is:

Bird"
data/voc/silhouette/2009_001433.png,person,
data/voc/silhouette/2009_001443.png,motorbike,Motorbike
data/voc/silhouette/2009_001444.png,cat,"Based on the provided image, the main object is a silhouette of a cat. The image shows a black shape with distinct features resembling a cat's head, including a pointed ear and a body shape consistent with a feline.

Therefore, the correct classification is:

Cat"
data/voc/silhouette/2009_001481.png,bicycle,
data/voc/silhouette/2009_001502.png,cat,
data/voc/silhouette/2009_001505.png,sheep,
data/voc/silhouette/2009_001514.png,pottedplant,
data/voc/silhouette/2009_001516.png,train,
data/voc/silhouette/2009_001535.png,dog,"Based on the image provided, the main object is a silhouette of a cat.

The class name is:
Cat"
data/voc/silhouette/2009_001536.png,car,
data/voc/silhouette/2009_001544.png,boat,
data/voc/silhouette/2009_001565.png,bird,
data/voc/silhouette/2009_001607.png,bird,
data/voc/silhouette/2009_001615.png,person,
data/voc/silhouette/2009_001625.png,bottle,Bottle
data/voc/silhouette/2009_001636.png,horse,"Based on the visual information provided in the image, the main object is a silhouette of a large, rounded animal with a prominent body and a tail. The shape is consistent with that of a cow.

Therefore, the correct classification is:

Cow"
data/voc/silhouette/2009_001640.png,bottle,Bottle
data/voc/silhouette/2009_001644.png,sofa,"Based on the visual information provided in the image, the main object is a black silhouette of a piece of furniture that has a distinct shape and structure. The object has a long, rectangular backrest, two armrests, and a seat with a visible frame. This configuration is characteristic of a piece of furniture designed for sitting.

The object in the image is a **Sofa**.

Sofa
Sofa"
data/voc/silhouette/2009_001651.png,train,Bicycle
data/voc/silhouette/2009_001663.png,bicycle,
data/voc/silhouette/2009_001664.png,horse,
data/voc/silhouette/2009_001683.png,bird,Bird
data/voc/silhouette/2009_001684.png,pottedplant,
data/voc/silhouette/2009_001687.png,dog,"Based on the visual information provided in the image, the main object is a silhouette of a domesticated animal. The shape, with its rounded body, distinct head, and a visible tail, is characteristic of a specific type of animal.

The animal depicted is a sheep.

Therefore, the correct class name is:

Sheep"
data/voc/silhouette/2009_001690.png,person,
data/voc/silhouette/2009_001693.png,bird,
data/voc/silhouette/2009_001718.png,person,
data/voc/silhouette/2009_001724.png,horse,
data/voc/silhouette/2009_001731.png,sofa,"Based on the image provided, the object is a black silhouette of a vehicle that is not a standard vehicle but appears to be a stylized representation of a car. The image shows a long, rectangular shape with a curved top, which is characteristic of a car's body, and it is not a bicycle, boat, or motorcycle.

The object is not a person, animal, or household item. The silhouette is a car, and the image is of a car.

The class name is: Car"
data/voc/silhouette/2009_001735.png,train,
data/voc/silhouette/2009_001744.png,car,
data/voc/silhouette/2009_001755.png,motorbike,"Based on the visual information provided, the main object in the image is a motorbike. This is determined by the distinct features such as the handlebars, seat, engine, and wheels, which are characteristic of a motorbike.

Motorbike

Motorbike"
data/voc/silhouette/2009_001765.png,bird,"Based on the visual information provided in the image, the main object is a silhouette of a bird in flight. The key features that identify it as a bird include its distinct shape, wings, tail, and legs, which are characteristic of a flying bird.

The object is not an aeroplane, bicycle, boat, bottle, bus, car, cat, chair, cow, dining table, dog, horse, motorbike, person, potted plant, sheep, sofa, train, or TV"
data/voc/silhouette/2009_001768.png,sheep,
data/voc/silhouette/2009_001775.png,sofa,
data/voc/silhouette/2009_001782.png,car,"The main object in the image is a car. Therefore, the correct class name is:

Car"
data/voc/silhouette/2009_001783.png,sheep,
data/voc/silhouette/2009_001802.png,train,
data/voc/silhouette/2009_001804.png,bus,
data/voc/silhouette/2009_001816.png,bus,
data/voc/silhouette/2009_001818.png,bottle,Bottle
data/voc/silhouette/2009_001828.png,dog,Horse
data/voc/silhouette/2009_001850.png,aeroplane,Aeroplane
data/voc/silhouette/2009_001851.png,aeroplane,assistantAeroplane
data/voc/silhouette/2009_001854.png,bus,
data/voc/silhouette/2009_001868.png,train,
data/voc/silhouette/2009_001871.png,diningtable,
data/voc/silhouette/2009_001885.png,horse,
data/voc/silhouette/2009_001888.png,pottedplant,
data/voc/silhouette/2009_001894.png,cat,"Based on the visual information provided in the image, the main object is a black silhouette of an animal. The features, such as the shape of the head, the ears, and the body, are characteristic of a domestic cat. The object is not a vehicle, a person, or a piece of furniture, but rather a living creature.

Therefore, the correct classification is:

Cat"
data/voc/silhouette/2009_001898.png,car,
data/voc/silhouette/2009_001922.png,diningtable,
data/voc/silhouette/2009_001937.png,bottle,Bottle
data/voc/silhouette/2009_001941.png,boat,
data/voc/silhouette/2009_001961.png,tvmonitor,
data/voc/silhouette/2009_001964.png,tvmonitor,Motorbike
data/voc/silhouette/2009_001972.png,bird,
data/voc/silhouette/2009_001991.png,sheep,
data/voc/silhouette/2009_002010.png,car,Car
data/voc/silhouette/2009_002012.png,dog,
data/voc/silhouette/2009_002019.png,cow,
data/voc/silhouette/2009_002035.png,cow,Cow
data/voc/silhouette/2009_002042.png,person,
data/voc/silhouette/2009_002052.png,bus,
data/voc/silhouette/2009_002060.png,bottle,Bottle
data/voc/silhouette/2009_002072.png,bird,
data/voc/silhouette/2009_002082.png,sheep,"Based on the visual information provided in the image, the main object is a silhouette of an animal. The shape is consistent with that of a sheep, particularly given its body shape, head, and the visible tail. The image does not show any other objects or details that would suggest a different classification.

Therefore, the correct class is:

Sheep"
data/voc/silhouette/2009_002083.png,sofa,
data/voc/silhouette/2009_002094.png,tvmonitor,
data/voc/silhouette/2009_002097.png,horse,Horse
data/voc/silhouette/2009_002117.png,car,Car
data/voc/silhouette/2009_002122.png,cow,Cow
data/voc/silhouette/2009_002150.png,cow,
data/voc/silhouette/2009_002153.png,bird,
data/voc/silhouette/2009_002155.png,dog,
data/voc/silhouette/2009_002164.png,car,
data/voc/silhouette/2009_002165.png,horse,
data/voc/silhouette/2009_002171.png,cow,Cow
data/voc/silhouette/2009_002185.png,person,"Based on the silhouette in the image, the main object is a person. The shape includes a head, shoulders, and a posture that suggests a human figure.

Therefore, the correct classification is:

Person"
data/voc/silhouette/2009_002202.png,train,
data/voc/silhouette/2009_002204.png,bottle,Bottle
data/voc/silhouette/2009_002216.png,motorbike,Motorbike
data/voc/silhouette/2009_002221.png,cow,
data/voc/silhouette/2009_002229.png,cow,
data/voc/silhouette/2009_002238.png,bus,
data/voc/silhouette/2009_002239.png,motorbike,
data/voc/silhouette/2009_002245.png,sheep,
data/voc/silhouette/2009_002262.png,bird,
data/voc/silhouette/2009_002264.png,bird,"Based on the visual information provided in the image, the main object is a silhouette of a bird. The object has a distinct shape with a head, body, wings, and tail, which are characteristic features of a bird. The image is a simple black-and-white depiction, but the form clearly identifies it as a bird.

Therefore, the correct classification is:

Bird"
data/voc/silhouette/2009_002265.png,train,
data/voc/silhouette/2009_002268.png,cat,
data/voc/silhouette/2009_002281.png,train,
data/voc/silhouette/2009_002285.png,person,
data/voc/silhouette/2009_002291.png,train,"Based on the provided image, the main object is a large, dark silhouette that strongly resembles a train. The shape includes a long, elongated body with a distinct front section and what appears to be a cab, consistent with a locomotive or a long passenger train.

Therefore, the correct classification is:

Train"
data/voc/silhouette/2009_002295.png,bicycle,
data/voc/silhouette/2009_002314.png,aeroplane,Aeroplane
data/voc/silhouette/2009_002317.png,motorbike,"Based on the image provided, the main object is a silhouette that strongly resembles a dog. The shape includes features such as a head, body, and tail, which are characteristic of a canine.

Therefore, the correct classification is:

Dog"
data/voc/silhouette/2009_002320.png,aeroplane,Aeroplane
data/voc/silhouette/2009_002343.png,car,
data/voc/silhouette/2009_002346.png,person,
data/voc/silhouette/2009_002362.png,chair,Chair
data/voc/silhouette/2009_002366.png,tvmonitor,
data/voc/silhouette/2009_002372.png,person,
data/voc/silhouette/2009_002382.png,motorbike,
data/voc/silhouette/2009_002387.png,car,
data/voc/silhouette/2009_002390.png,sofa,
data/voc/silhouette/2009_002409.png,tvmonitor,
data/voc/silhouette/2009_002415.png,chair,
data/voc/silhouette/2009_002416.png,horse,Horse
data/voc/silhouette/2009_002419.png,dog,Cat
data/voc/silhouette/2009_002422.png,cow,
data/voc/silhouette/2009_002423.png,bird,"Based on the visual information provided in the image, the main object is a black silhouette of a vehicle that is long and rectangular with a distinct shape, suggesting it is designed for transportation on land. The object has a visible body and a tail, which are typical features of a vehicle that is moving. The image does not show any other objects or features that would suggest it is a bird, bicycle, boat, or other types of vehicles.

The object is a vehicle, and its shape and size are"
data/voc/silhouette/2009_002425.png,person,"Based on the image provided, the main object is a silhouette of a person in a dynamic pose, likely performing a martial art move such as a kick or a high kick. The figure is clearly identifiable as a person.

The class name from the list that best fits this object is:

Person"
data/voc/silhouette/2009_002445.png,dog,"Based on the visual information provided in the image, the main object is a silhouette of a dog. The figure has a distinct shape with four legs, a body, and a tail, which are characteristic features of a dog.

Therefore, the correct classification is:

Dog"
data/voc/silhouette/2009_002448.png,aeroplane,Aeroplane
data/voc/silhouette/2009_002460.png,dog,"Based on the visual characteristics of the object in the image, the main object is a silhouette that resembles a bird. It has a distinct shape with a head, body, and tail, which is consistent with a bird.

Therefore, the correct classification is:

Bird"
data/voc/silhouette/2009_002472.png,cow,
data/voc/silhouette/2009_002487.png,diningtable,
data/voc/silhouette/2009_002519.png,bicycle,Bicycle
data/voc/silhouette/2009_002521.png,bottle,Bottle
data/voc/silhouette/2009_002527.png,cat,Cat
data/voc/silhouette/2009_002530.png,boat,Boat
data/voc/silhouette/2009_002535.png,bus,
data/voc/silhouette/2009_002539.png,dog,
data/voc/silhouette/2009_002543.png,boat,
data/voc/silhouette/2009_002549.png,cow,Cow
data/voc/silhouette/2009_002562.png,tvmonitor,"Based on the image provided, the object is a black, rectangular device with a distinct shape that is characteristic of a television screen.

Therefore, the correct classification is:

TV Monitor"
data/voc/silhouette/2009_002567.png,bottle,Bottle
data/voc/silhouette/2009_002568.png,train,
data/voc/silhouette/2009_002571.png,pottedplant,
data/voc/silhouette/2009_002573.png,tvmonitor,"Based on the image provided, the main object is a black rectangle with a white border, which appears to be a TV monitor. The image is a simple, stylized representation of a TV monitor, and the object is clearly identifiable as such.

TV Monitor"
data/voc/silhouette/2009_002584.png,person,
data/voc/silhouette/2009_002586.png,dog,"Based on the provided image, the main object is a silhouette of a dog. The image shows a four-legged animal in a standing position, which is characteristic of a dog.

Therefore, the correct classification is:

Dog"
data/voc/silhouette/2009_002588.png,cow,"The main object in the image is a cow. Therefore, the correct classification is:

Cow"
data/voc/silhouette/2009_002591.png,boat,
data/voc/silhouette/2009_002594.png,bottle,Bottle
data/voc/silhouette/2009_002599.png,aeroplane,assistantAeroplane
data/voc/silhouette/2009_002604.png,bird,"Based on the visual information provided in the image, the main object is a silhouette of a bird in flight. The shape includes a head, body, wings, and a tail, which are characteristic features of a bird. The object is depicted in black against a white background, and its form is clearly that of a bird.

Therefore, the correct classification is:

Bird"
data/voc/silhouette/2009_002613.png,diningtable,Dining Table
data/voc/silhouette/2009_002618.png,car,
data/voc/silhouette/2009_002626.png,bus,"Based on the image provided, the main object is a black, rectangular shape with a curved top and a small protrusion at the bottom right, which is characteristic of a television monitor.

Therefore, the correct classification is:

TV Monitor"
data/voc/silhouette/2009_002628.png,pottedplant,
data/voc/silhouette/2009_002635.png,cow,Cow
data/voc/silhouette/2009_002638.png,train,
data/voc/silhouette/2009_002649.png,bottle,Bottle
data/voc/silhouette/2009_002651.png,motorbike,Motorbike
data/voc/silhouette/2009_002662.png,boat,
data/voc/silhouette/2009_002674.png,aeroplane,Aeroplane
data/voc/silhouette/2009_002713.png,sofa,
data/voc/silhouette/2009_002715.png,person,"Based on the visual information provided in the image, the main object is a silhouette of a human figure. This figure is depicted in a standing posture, with arms and legs positioned as if it is walking or standing still. The outline is simple and does not show any details that would suggest a specific type of animal, vehicle, or furniture.

The object is clearly identifiable as a person. The other classes listed do not match the visual representation. For example, there is no indication of an aeroplane"
data/voc/silhouette/2009_002727.png,boat,
data/voc/silhouette/2009_002732.png,sofa,
data/voc/silhouette/2009_002734.png,train,Train
data/voc/silhouette/2009_002749.png,bottle,Bottle
data/voc/silhouette/2009_002753.png,cat,
data/voc/silhouette/2009_002763.png,motorbike,Motorbike
data/voc/silhouette/2009_002771.png,pottedplant,
data/voc/silhouette/2009_002789.png,dog,"Based on the image provided, the main object is a silhouette of a dog. The object has the distinct shape of a dog standing upright, with a body, legs, and head, consistent with a canine animal.

Therefore, the correct classification is:

Dog"
data/voc/silhouette/2009_002808.png,aeroplane,
data/voc/silhouette/2009_002820.png,bird,
data/voc/silhouette/2009_002844.png,diningtable,
data/voc/silhouette/2009_002845.png,dog,
data/voc/silhouette/2009_002849.png,tvmonitor,
data/voc/silhouette/2009_002856.png,bottle,Bottle
data/voc/silhouette/2009_002862.png,car,
data/voc/silhouette/2009_002872.png,tvmonitor,"Based on the image provided, the main object is a silhouette of a vehicle that appears to be a motorbike. The shape, with its distinct frame and handlebars, is characteristic of a motorbike.

Motorbike"
data/voc/silhouette/2009_002885.png,diningtable,
data/voc/silhouette/2009_002887.png,train,
data/voc/silhouette/2009_002888.png,aeroplane,Aeroplane
data/voc/silhouette/2009_002897.png,boat,
data/voc/silhouette/2009_002912.png,cow,"The main object in the image is a cow. Therefore, the correct class is:

Cow"
data/voc/silhouette/2009_002914.png,aeroplane,
data/voc/silhouette/2009_002917.png,cat,
data/voc/silhouette/2009_002928.png,bicycle,
data/voc/silhouette/2009_002932.png,person,
data/voc/silhouette/2009_002936.png,cat,Cat
data/voc/silhouette/2009_002972.png,sofa,
data/voc/silhouette/2009_002975.png,horse,Horse
data/voc/silhouette/2009_002982.png,train,"Based on the visual information provided, the object in the image is a silhouette of a train. The shape, with its elongated body and distinct front and rear sections, is characteristic of a train, particularly one that could be a model or a representation of a train.

Therefore, the correct classification is:

Train"
data/voc/silhouette/2009_002984.png,tvmonitor,"Based on the image provided, the main object is a black, rectangular device with a stand, which is characteristic of a television or monitor.

TV Monitor"
data/voc/silhouette/2009_002988.png,sheep,
data/voc/silhouette/2009_002990.png,car,"Based on the image provided, the main object is a silhouette of a vehicle that is clearly identifiable as a car. The shape includes a distinct body, wheels, and a roofline characteristic of a passenger car.

Therefore, the correct classification is:

Car"
data/voc/silhouette/2009_002993.png,person,
data/voc/silhouette/2009_003003.png,diningtable,
data/voc/silhouette/2009_003005.png,aeroplane,Aeroplane
data/voc/silhouette/2009_003006.png,person,
data/voc/silhouette/2009_003007.png,bicycle,Motorbike
data/voc/silhouette/2009_003012.png,motorbike,"Based on the visual information provided in the image, the main object is a black silhouette that strongly resembles a motorbike. The shape includes features such as a seat, handlebars, and a body that are characteristic of a motorcycle.

Therefore, the correct classification is:

Motorbike"
data/voc/silhouette/2009_003034.png,bottle,Bottle
data/voc/silhouette/2009_003035.png,person,
data/voc/silhouette/2009_003039.png,pottedplant,
data/voc/silhouette/2009_003043.png,boat,
data/voc/silhouette/2009_003053.png,bus,
data/voc/silhouette/2009_003054.png,train,Car
data/voc/silhouette/2009_003059.png,cow,
data/voc/silhouette/2009_003063.png,dog,
data/voc/silhouette/2009_003065.png,person,
data/voc/silhouette/2009_003071.png,diningtable,
data/voc/silhouette/2009_003075.png,bicycle,
data/voc/silhouette/2009_003080.png,boat,
data/voc/silhouette/2009_003087.png,sofa,
data/voc/silhouette/2009_003088.png,bird,Bird
data/voc/silhouette/2009_003090.png,motorbike,
data/voc/silhouette/2009_003105.png,train,
data/voc/silhouette/2009_003123.png,sofa,"Based on the provided image, the main object is a black silhouette that appears to be a **Bus**. The shape, including the large rectangular body and the distinct front and side features, is consistent with a bus. Although the image is very low-resolution and lacks detail, the overall form strongly suggests a bus.

Bus"
data/voc/silhouette/2009_003142.png,bottle,Bottle
data/voc/silhouette/2009_003146.png,cow,"The main object in the image is a cow. Therefore, the correct class is:

Cow"
data/voc/silhouette/2009_003147.png,aeroplane,Aeroplane
data/voc/silhouette/2009_003164.png,bicycle,
data/voc/silhouette/2009_003172.png,dog,
data/voc/silhouette/2009_003193.png,bicycle,Bicycle
data/voc/silhouette/2009_003196.png,motorbike,Motorbike
data/voc/silhouette/2009_003200.png,bus,"Based on the visual information provided, the main object in the image is a silhouette that resembles a vehicle. Given the shape and the presence of a roof-like structure, the object is most likely a train.

Train"
data/voc/silhouette/2009_003217.png,dog,"Based on the image provided, the main object is a silhouette of a dog lying down. It has the distinct shape of a dog, with a body, head, and legs, and is depicted in a resting position.

From the given list of classes, the correct classification is:

Dog"
data/voc/silhouette/2009_003224.png,bicycle,
data/voc/silhouette/2009_003241.png,dog,
data/voc/silhouette/2009_003249.png,sheep,"Based on the image provided, the main object is a silhouette of an animal that has the characteristic shape of a sheep. The object is depicted in a resting position, with a body, head, and legs, consistent with a sheep.

Therefore, the correct classification is:

Sheep"
data/voc/silhouette/2009_003269.png,person,Person
data/voc/silhouette/2009_003273.png,bird,
data/voc/silhouette/2009_003299.png,train,
data/voc/silhouette/2009_003304.png,bus,"Based on the visual information provided in the image, the main object is a large, rectangular vehicle with a distinct shape, including a visible side and rear section, which is characteristic of a bus.

Therefore, the correct classification is:

Bus"
data/voc/silhouette/2009_003311.png,train,
data/voc/silhouette/2009_003317.png,diningtable,
data/voc/silhouette/2009_003323.png,horse,Horse
data/voc/silhouette/2009_003340.png,person,
data/voc/silhouette/2009_003343.png,bicycle,
data/voc/silhouette/2009_003345.png,boat,
data/voc/silhouette/2009_003353.png,bicycle,
data/voc/silhouette/2009_003361.png,person,
data/voc/silhouette/2009_003369.png,dog,
data/voc/silhouette/2009_003378.png,bird,Bottle
data/voc/silhouette/2009_003387.png,car,"Based on the visual evidence provided in the image, the main object is a silhouette that strongly resembles a vehicle. The shape includes a long, streamlined body, a visible cockpit area, and a distinct tail section, which are characteristic features of a motor vehicle. The object is depicted in black against a white background, and it appears to be a single, solid form without any visible details that would suggest it is a person, animal, or inanimate object.

Given the options provided, the most accurate classification"
data/voc/silhouette/2009_003406.png,car,"Based on the provided image, the main object is a silhouette of a vehicle that is clearly identifiable as a car.

The class name is:
Car"
data/voc/silhouette/2009_003433.png,train,
data/voc/silhouette/2009_003450.png,bird,
data/voc/silhouette/2009_003455.png,cow,
data/voc/silhouette/2009_003461.png,bus,Bus
data/voc/silhouette/2009_003466.png,dog,
data/voc/silhouette/2009_003468.png,person,
data/voc/silhouette/2009_003481.png,horse,
data/voc/silhouette/2009_003494.png,person,"Based on the image provided, the main object is a silhouette of a person. The figure has a distinct outline, including a head, body, arms, and legs, and is holding an object that appears to be a small animal, possibly a cat.

The class name for this object is:

Person"
data/voc/silhouette/2009_003497.png,train,
data/voc/silhouette/2009_003498.png,bird,
data/voc/silhouette/2009_003504.png,boat,
data/voc/silhouette/2009_003507.png,diningtable,
data/voc/silhouette/2009_003517.png,bottle,
data/voc/silhouette/2009_003519.png,bicycle,
data/voc/silhouette/2009_003522.png,motorbike,
data/voc/silhouette/2009_003523.png,tvmonitor,
data/voc/silhouette/2009_003539.png,motorbike,"Based on the visual information provided, the main object in the image is a motorcycle, which is a type of motorbike.

Motorbike"
data/voc/silhouette/2009_003542.png,cow,Cow
data/voc/silhouette/2009_003549.png,car,
data/voc/silhouette/2009_003551.png,tvmonitor,
data/voc/silhouette/2009_003555.png,bus,
data/voc/silhouette/2009_003564.png,sofa,
data/voc/silhouette/2009_003569.png,cow,
data/voc/silhouette/2009_003576.png,person,
data/voc/silhouette/2009_003589.png,car,"The main object in the image is a vehicle that is a type of car. Therefore, the correct classification is:

Car"
data/voc/silhouette/2009_003607.png,sofa,
data/voc/silhouette/2009_003613.png,sofa,"Based on the visual information provided in the image, the main object is a dark, rectangular shape with a distinct silhouette that matches the form of a sofa. The object is shown in a simple, stylized manner with no visible text or details that would suggest any other category.

Therefore, the correct classification is:

Sofa"
data/voc/silhouette/2009_003636.png,bus,
data/voc/silhouette/2009_003640.png,bird,
data/voc/silhouette/2009_003646.png,person,
data/voc/silhouette/2009_003660.png,cat,
data/voc/silhouette/2009_003666.png,sheep,
data/voc/silhouette/2009_003690.png,diningtable,
data/voc/silhouette/2009_003696.png,aeroplane,Aeroplane
data/voc/silhouette/2009_003697.png,pottedplant,
data/voc/silhouette/2009_003703.png,bus,"Based on the visual information provided in the image, the main object is a vehicle that appears to be a bus or a large truck. The silhouette shows a long, rectangular shape with a visible front section, side windows, and wheels, which are characteristic features of a bus.

Therefore, the correct classification is:

Bus"
data/voc/silhouette/2009_003707.png,boat,Boat
data/voc/silhouette/2009_003711.png,sofa,
data/voc/silhouette/2009_003734.png,horse,"Based on the image provided, the main object is a silhouette of a horse. It has the distinct features of a horse, including a head, body, legs, and tail. The object is clearly identifiable as a horse.

Horse"
data/voc/silhouette/2009_003736.png,person,"The main object in the image is a person. Therefore, the correct class is:

Person"
data/voc/silhouette/2009_003756.png,dog,
data/voc/silhouette/2009_003757.png,bus,
data/voc/silhouette/2009_003768.png,horse,
data/voc/silhouette/2009_003771.png,cat,Cat
data/voc/silhouette/2009_003773.png,cow,
data/voc/silhouette/2009_003783.png,cat,
data/voc/silhouette/2009_003799.png,aeroplane,
data/voc/silhouette/2009_003804.png,horse,Horse
data/voc/silhouette/2009_003806.png,aeroplane,assistantAeroplane
data/voc/silhouette/2009_003810.png,dog,
data/voc/silhouette/2009_003815.png,pottedplant,
data/voc/silhouette/2009_003820.png,motorbike,Motorbike
data/voc/silhouette/2009_003825.png,cow,"Based on the image provided, the main object is a silhouette of an animal with the characteristics of a cow. The object is clearly identifiable as a cow.

Cow"
data/voc/silhouette/2009_003849.png,person,
data/voc/silhouette/2009_003857.png,tvmonitor,"Based on the image provided, the main object is a television set, which is a type of monitor.

TV Monitor"
data/voc/silhouette/2009_003858.png,bird,
data/voc/silhouette/2009_003860.png,bicycle,
data/voc/silhouette/2009_003865.png,bottle,Bottle
data/voc/silhouette/2009_003895.png,tvmonitor,
data/voc/silhouette/2009_003903.png,horse,Horse
data/voc/silhouette/2009_003904.png,cat,"Based on the silhouette provided in the image, the main object is a dog. The shape, with its distinct body, legs, and tail, is characteristic of a canine.

Dog"
data/voc/silhouette/2009_003921.png,cat,
data/voc/silhouette/2009_003922.png,bird,
data/voc/silhouette/2009_003928.png,dog,
data/voc/silhouette/2009_003933.png,cow,"Based on the silhouette provided, the main object is clearly identifiable as a sheep. The shape includes a head with a long ear, a body, and a tail, which are characteristic features of a sheep.

Sheep

Sheep"
data/voc/silhouette/2009_003938.png,train,
data/voc/silhouette/2009_003961.png,diningtable,
data/voc/silhouette/2009_003971.png,bicycle,
data/voc/silhouette/2009_003975.png,cow,Cow
data/voc/silhouette/2009_003991.png,diningtable,"Based on the image provided, the main object is a chair. The image shows a simple, black silhouette of a chair with two legs and a backrest.

Therefore, the correct classification is:

Chair"
data/voc/silhouette/2009_004021.png,bird,"Based on the image provided, the main object is a silhouette of a bird.

The class name is: Bird"
data/voc/silhouette/2009_004033.png,dog,"Based on the visual information provided, the main object in the image is a silhouette of a large, round-bodied animal with two legs and a tail, which is characteristic of a cow.

Therefore, the correct classification is:

Cow"
data/voc/silhouette/2009_004043.png,motorbike,Motorbike
data/voc/silhouette/2009_004070.png,sheep,"Based on the image provided, the main object is a black silhouette of a cat.

The class name for the object is:
Cat"
data/voc/silhouette/2009_004072.png,bus,Person
data/voc/silhouette/2009_004084.png,bird,Bird
data/voc/silhouette/2009_004091.png,sofa,Sofa
data/voc/silhouette/2009_004095.png,person,
data/voc/silhouette/2009_004099.png,sofa,Bicycle
data/voc/silhouette/2009_004105.png,horse,
data/voc/silhouette/2009_004117.png,motorbike,
data/voc/silhouette/2009_004125.png,boat,
data/voc/silhouette/2009_004140.png,diningtable,
data/voc/silhouette/2009_004171.png,sheep,"Based on the visual information provided in the image, the main object is a stylized silhouette of an animal with a body, legs, and a head. The features are consistent with a bovine animal, specifically resembling a cow.

The class name from the list provided that best fits this description is:

Cow"
data/voc/silhouette/2009_004178.png,boat,
data/voc/silhouette/2009_004180.png,sofa,
data/voc/silhouette/2009_004186.png,cow,Cow
data/voc/silhouette/2009_004191.png,pottedplant,"Based on the visual information provided in the image, the main object is a silhouette of a hand making a gesture with three fingers raised. This is a common symbol associated with the ""peace"" sign. While the object is a hand, it is not a person in the typical sense, but rather a part of a person's body. The image does not show a full person, but rather the hand itself.

Given the options provided, the most appropriate classification for the main object is:

- Person"
data/voc/silhouette/2009_004212.png,person,"Based on the image provided, the main object is a silhouette of a person. The figure has a distinct shape with a head, torso, and legs, which is characteristic of a human. The image is a simple black silhouette against a white background, but the form clearly represents a person.

Therefore, the correct classification is:

Person"
data/voc/silhouette/2009_004213.png,train,
data/voc/silhouette/2009_004217.png,chair,
data/voc/silhouette/2009_004221.png,person,"Based on the visual information provided in the image, the main object is a silhouette of a human figure. The figure is depicted in a standing position with one leg extended, which is characteristic of a person in motion. Given the context of the image and the provided list of classes, the most accurate classification is:

Person"
data/voc/silhouette/2009_004228.png,diningtable,
data/voc/silhouette/2009_004247.png,bottle,Bottle
data/voc/silhouette/2009_004248.png,cat,Cat
data/voc/silhouette/2009_004249.png,motorbike,"Based on the image provided, the main object is a silhouette of a motorbike. This is identifiable by its distinct shape, including the handlebars, front fairing, and the overall body structure typical of a motorcycle.

Motorbike"
data/voc/silhouette/2009_004255.png,train,
data/voc/silhouette/2009_004264.png,sofa,
data/voc/silhouette/2009_004278.png,boat,Boat
data/voc/silhouette/2009_004298.png,sofa,"Based on the visual information provided in the image, the object is a large, dark, and rectangular shape with a distinct silhouette that suggests a piece of furniture designed for seating. This is consistent with the appearance of a sofa.

Therefore, the correct classification is:

Sofa"
data/voc/silhouette/2009_004301.png,sofa,
data/voc/silhouette/2009_004316.png,cow,Cow
data/voc/silhouette/2009_004317.png,aeroplane,Aeroplane
data/voc/silhouette/2009_004324.png,bottle,
data/voc/silhouette/2009_004327.png,car,Car
data/voc/silhouette/2009_004328.png,bus,
data/voc/silhouette/2009_004334.png,bird,
data/voc/silhouette/2009_004336.png,train,
data/voc/silhouette/2009_004368.png,motorbike,
data/voc/silhouette/2009_004374.png,bus,
data/voc/silhouette/2009_004409.png,aeroplane,
data/voc/silhouette/2009_004417.png,bus,
data/voc/silhouette/2009_004425.png,dog,
data/voc/silhouette/2009_004426.png,diningtable,
data/voc/silhouette/2009_004434.png,cat,"Based on the visual information provided in the image, the main object is a silhouette of an animal. The shape, with a rounded body, a visible head, and a distinct tail, is characteristic of a cat.

Therefore, the correct classification is:

Cat"
data/voc/silhouette/2009_004446.png,aeroplane,
data/voc/silhouette/2009_004455.png,motorbike,
data/voc/silhouette/2009_004464.png,sofa,"Based on the visual characteristics of the object in the image, the main object is a piece of furniture with a distinct shape and form, which is consistent with a sofa.

The class name for the object is:

Sofa"
data/voc/silhouette/2009_004479.png,chair,
data/voc/silhouette/2009_004494.png,car,
data/voc/silhouette/2009_004497.png,horse,"Based on the visual information provided in the image, the main object is a silhouette of an animal with a long body, a head with ears, and a mane. The features are consistent with those of a horse.

Therefore, the correct class is:

Horse"
data/voc/silhouette/2009_004504.png,cat,Cat
data/voc/silhouette/2009_004507.png,dog,
data/voc/silhouette/2009_004509.png,bird,
data/voc/silhouette/2009_004519.png,tvmonitor,
data/voc/silhouette/2009_004539.png,boat,
data/voc/silhouette/2009_004540.png,bird,
data/voc/silhouette/2009_004561.png,bicycle,
data/voc/silhouette/2009_004568.png,bird,
data/voc/silhouette/2009_004579.png,bottle,Bottle
data/voc/silhouette/2009_004581.png,dog,
data/voc/silhouette/2009_004590.png,bus,
data/voc/silhouette/2009_004592.png,dog,"Based on the visual information provided in the image, the main object is a silhouette of a large, four-legged animal with a prominent hump and a long body, which is characteristic of a specific animal.

Looking at the options provided, the animal depicted is clearly a **Cow**.

Cow

- Cow
- Horse
- Dog
- Cat
- Sheep
- Goat
- Pigeon
- Sheep
- Goat
- Horse
- Dog
- Cat
- Sheep"
data/voc/silhouette/2009_004594.png,car,
data/voc/silhouette/2009_004620.png,aeroplane,Aeroplane
data/voc/silhouette/2009_004626.png,aeroplane,
data/voc/silhouette/2009_004635.png,boat,"Based on the image provided, the object is a silhouette of a boat. The shape is consistent with that of a watercraft, typically a small boat.

The correct class name from the list is:
Boat"
data/voc/silhouette/2009_004643.png,motorbike,
data/voc/silhouette/2009_004653.png,aeroplane,Aeroplane
data/voc/silhouette/2009_004656.png,bottle,
data/voc/silhouette/2009_004661.png,bird,Bird
data/voc/silhouette/2009_004674.png,sofa,
data/voc/silhouette/2009_004687.png,sofa,
data/voc/silhouette/2009_004705.png,cat,
data/voc/silhouette/2009_004721.png,cat,
data/voc/silhouette/2009_004730.png,train,Bicycle
data/voc/silhouette/2009_004732.png,bus,
data/voc/silhouette/2009_004738.png,motorbike,Bicycle
data/voc/silhouette/2009_004748.png,car,
data/voc/silhouette/2009_004789.png,bus,
data/voc/silhouette/2009_004790.png,horse,Horse
data/voc/silhouette/2009_004799.png,train,
data/voc/silhouette/2009_004801.png,motorbike,"Based on the visual information provided in the image, the main object is a silhouette that resembles a motorbike. The object has a distinct shape with a body, handlebars, and a visible front wheel, which are characteristic features of a motorbike.

Therefore, the correct classification is:

Motorbike"
data/voc/silhouette/2009_004805.png,sheep,
data/voc/silhouette/2009_004829.png,bus,"Based on the provided image, the object is a black silhouette that appears to be a side view of a vehicle. Given the shape and the presence of a visible side window and door-like structure, it is most likely a car.

The correct classification for the main object in the image is:

Car"
data/voc/silhouette/2009_004848.png,person,Bicycle
data/voc/silhouette/2009_004859.png,diningtable,
data/voc/silhouette/2009_004867.png,bus,
data/voc/silhouette/2009_004882.png,bicycle,
data/voc/silhouette/2009_004886.png,bird,
data/voc/silhouette/2009_004887.png,cat,"The main object in the image is a cat. Therefore, the correct class is:

Cat"
data/voc/silhouette/2009_004888.png,boat,
data/voc/silhouette/2009_004890.png,person,
data/voc/silhouette/2009_004895.png,bird,
data/voc/silhouette/2009_004901.png,sofa,"Based on the image provided, the object is a black silhouette of a bird, likely a crow or a similar type of bird, with a distinct shape and a small, pointed tail.

The correct classification is:
Bird"
data/voc/silhouette/2009_004904.png,boat,
data/voc/silhouette/2009_004919.png,person,"The main object in the image is a person, identifiable by the silhouette of a human figure standing upright with a backpack. The class name is: Person."
data/voc/silhouette/2009_004939.png,chair,
data/voc/silhouette/2009_004942.png,horse,Horse
data/voc/silhouette/2009_004969.png,aeroplane,Aeroplane
data/voc/silhouette/2009_004980.png,aeroplane,
data/voc/silhouette/2009_004987.png,motorbike,Motorbike
data/voc/silhouette/2009_004990.png,pottedplant,Potted Plant
data/voc/silhouette/2009_004993.png,sofa,
data/voc/silhouette/2009_004994.png,person,
data/voc/silhouette/2009_005000.png,horse,"The main object in the image is a silhouette of a sheep. Therefore, the correct class is:

Sheep"
data/voc/silhouette/2009_005016.png,chair,
data/voc/silhouette/2009_005031.png,aeroplane,
data/voc/silhouette/2009_005037.png,cat,
data/voc/silhouette/2009_005038.png,person,
data/voc/silhouette/2009_005055.png,dog,"Based on the image provided, the main object is a silhouette of a dog. The shape, with its body, legs, and head, is characteristic of a dog. The object is not a bird, horse, cat, or any other animal in the list, but it is clearly a dog.

Dog"
data/voc/silhouette/2009_005056.png,person,
data/voc/silhouette/2009_005069.png,diningtable,
data/voc/silhouette/2009_005078.png,motorbike,Motorbike
data/voc/silhouette/2009_005084.png,train,
data/voc/silhouette/2009_005085.png,car,
data/voc/silhouette/2009_005087.png,person,"Based on the image provided, the main object is a silhouette of a person in a dynamic pose, likely dancing or performing an athletic movement. The figure has a distinct shape with a head, torso, and limbs, which is characteristic of a human.

From the list of classes provided, the object fits the category of ""Person"".

Person"
data/voc/silhouette/2009_005089.png,sheep,"Based on the image provided, the main object is a silhouette of an animal with a body, legs, and a head, which is characteristic of a sheep. Among the given classes, the most appropriate classification is:

Sheep"
data/voc/silhouette/2009_005107.png,dog,
data/voc/silhouette/2009_005118.png,boat,
data/voc/silhouette/2009_005120.png,aeroplane,
data/voc/silhouette/2009_005128.png,train,
data/voc/silhouette/2009_005130.png,horse,
data/voc/silhouette/2009_005137.png,bird,Bird
data/voc/silhouette/2009_005141.png,person,Person
data/voc/silhouette/2009_005145.png,diningtable,
data/voc/silhouette/2009_005148.png,train,
data/voc/silhouette/2009_005156.png,bicycle,Bicycle
data/voc/silhouette/2009_005158.png,cat,Cat
data/voc/silhouette/2009_005160.png,cat,
data/voc/silhouette/2009_005177.png,cat,
data/voc/silhouette/2009_005189.png,aeroplane,assistantAeroplane
data/voc/silhouette/2009_005190.png,bottle,Bottle
data/voc/silhouette/2009_005194.png,motorbike,
data/voc/silhouette/2009_005217.png,horse,Horse
data/voc/silhouette/2009_005219.png,cat,"Based on the visual evidence provided in the image, the main object is a silhouette of a bird in flight. The shape includes a distinct head, wings, and a tail, which are characteristic features of a bird. The object is depicted in a dynamic, flying posture.

Therefore, the correct classification is:

Bird"
data/voc/silhouette/2009_005220.png,train,"Based on the image provided, the main object is a silhouette of a vehicle. The shape is elongated and has a distinct profile, which is characteristic of a train. The object is not a bird, car, boat, or bicycle, nor is it a person or animal. The silhouette is clearly a train.

Train"
data/voc/silhouette/2009_005231.png,bus,
data/voc/silhouette/2009_005234.png,bird,"Based on the provided image, the main object is a silhouette of a bird. It has a distinct shape with a long neck, a head, and a beak, which are characteristic features of a bird.

Therefore, the correct class is:

Bird"
data/voc/silhouette/2009_005236.png,cat,Cat
data/voc/silhouette/2009_005247.png,motorbike,"Based on the visual information provided, the main object in the image is a motorbike. This is determined by the distinct silhouette of a motorcycle, which includes a frame, handlebars, a seat, and a front wheel. The object is depicted in a black silhouette against a white background.

Motorbike"
data/voc/silhouette/2009_005260.png,bird,
data/voc/silhouette/2009_005262.png,bird,
data/voc/silhouette/2009_005269.png,horse,Horse
data/voc/silhouette/2009_005287.png,train,"The main object in the image is a train. Therefore, the correct classification is:

Train"
data/voc/silhouette/2009_005302.png,bottle,
data/voc/silhouette/2010_000002.png,sheep,"Based on the image provided, the main object is a silhouette of an animal that is clearly identifiable as a sheep.

From the given list of classes, the correct classification is:

Sheep"
data/voc/silhouette/2010_000003.png,chair,
data/voc/silhouette/2010_000038.png,horse,Horse
data/voc/silhouette/2010_000043.png,car,
data/voc/silhouette/2010_000063.png,cow,
data/voc/silhouette/2010_000065.png,bicycle,
data/voc/silhouette/2010_000075.png,bird,
data/voc/silhouette/2010_000076.png,motorbike,
data/voc/silhouette/2010_000083.png,bicycle,Bicycle
data/voc/silhouette/2010_000084.png,boat,
data/voc/silhouette/2010_000087.png,motorbike,Motorbike
data/voc/silhouette/2010_000110.png,person,
data/voc/silhouette/2010_000114.png,cat,"The main object in the image is a cat, as indicated by the silhouette of a cat lying down. Therefore, the correct classification is:

Cat"
data/voc/silhouette/2010_000117.png,sheep,"Based on the image provided, the main object is a silhouette of a bird. The shape, with a distinct head, body, and wings, is characteristic of a bird.

Bird"
data/voc/silhouette/2010_000131.png,person,
data/voc/silhouette/2010_000132.png,pottedplant,Potted Plant
data/voc/silhouette/2010_000148.png,bus,
data/voc/silhouette/2010_000159.png,dog,
data/voc/silhouette/2010_000160.png,car,
data/voc/silhouette/2010_000163.png,cat,Cat
data/voc/silhouette/2010_000174.png,person,
data/voc/silhouette/2010_000187.png,bus,
data/voc/silhouette/2010_000189.png,sheep,"Based on the visual information provided in the image, the main object is a silhouette of an animal with a body, legs, and a head, which is characteristic of a sheep.

Therefore, the correct classification is:

Sheep"
data/voc/silhouette/2010_000195.png,boat,"Based on the provided image, the main object is a silhouette of a vehicle that appears to be a motorbike. The shape includes a prominent front section with handlebars, a seat, and a visible engine or frame, which are characteristic features of a motorbike.

Therefore, the correct classification is:

Motorbike"
data/voc/silhouette/2010_000216.png,dog,
data/voc/silhouette/2010_000238.png,aeroplane,
data/voc/silhouette/2010_000241.png,bird,
data/voc/silhouette/2010_000256.png,sofa,"Based on the image provided, the main object is a silhouette of a cow. The object has the distinct shape of a bovine animal, with a rounded body and a head that includes a visible horn.

Therefore, the correct classification is:

Cow"
data/voc/silhouette/2010_000269.png,diningtable,
data/voc/silhouette/2010_000272.png,boat,Boat
data/voc/silhouette/2010_000284.png,sofa,"The main object in the image is a sofa. Therefore, the correct class name is:

Sofa"
data/voc/silhouette/2010_000285.png,aeroplane,Aeroplane
data/voc/silhouette/2010_000309.png,sheep,
data/voc/silhouette/2010_000318.png,tvmonitor,
data/voc/silhouette/2010_000330.png,pottedplant,
data/voc/silhouette/2010_000335.png,bird,"Based on the visual information provided in the image, the main object is a silhouette of a high-heeled shoe.

The object has the following characteristics:
- It is a single, solid black shape.
- It has a distinct high heel, which is a key feature of a shoe.
- It is shown in a side profile, with a long, curved shape that suggests the form of a high-heeled shoe.

The object does not match any of the other classes listed (e.g., it is"
data/voc/silhouette/2010_000342.png,bicycle,Bicycle
data/voc/silhouette/2010_000371.png,motorbike,Motorbike
data/voc/silhouette/2010_000372.png,car,
data/voc/silhouette/2010_000392.png,aeroplane,
data/voc/silhouette/2010_000404.png,cat,Cat
data/voc/silhouette/2010_000422.png,dog,"Based on the visual information provided in the image, the main object is a silhouette of a dog. The shape includes a body, legs, and a tail, which are characteristic features of a dog.

The correct class name from the list is:
Dog"
data/voc/silhouette/2010_000426.png,bottle,Bottle
data/voc/silhouette/2010_000427.png,cow,"The main object in the image is a cow. Therefore, the correct classification is:

Cow"
data/voc/silhouette/2010_000436.png,sheep,
data/voc/silhouette/2010_000437.png,aeroplane,Aeroplane
data/voc/silhouette/2010_000466.png,car,"Based on the provided image, the main object is a silhouette of a vehicle that is clearly identifiable as a car. The object has the characteristic shape of a four-wheeled motor vehicle, including a body, windows, and wheels, which are all consistent with a car.

Therefore, the correct classification is:

Car"
data/voc/silhouette/2010_000469.png,cat,
data/voc/silhouette/2010_000492.png,person,
data/voc/silhouette/2010_000498.png,cow,
data/voc/silhouette/2010_000502.png,bird,
data/voc/silhouette/2010_000503.png,person,"The main object in the image is a person. Therefore, the correct classification is:

Person"
data/voc/silhouette/2010_000519.png,cat,Cat
data/voc/silhouette/2010_000530.png,person,
data/voc/silhouette/2010_000552.png,cat,
data/voc/silhouette/2010_000559.png,person,
data/voc/silhouette/2010_000567.png,pottedplant,"Based on the image provided, the main object is a silhouette of a plant with multiple stems and leaves, planted in a pot. This matches the description of a potted plant.

Potted Plant"
data/voc/silhouette/2010_000572.png,aeroplane,Aeroplane
data/voc/silhouette/2010_000573.png,bus,"Based on the visual information provided in the image, the main object is a silhouette of a vehicle that is large and has a distinct shape consistent with a public transport vehicle.

The object is a bus.

Bus"
data/voc/silhouette/2010_000588.png,sofa,
data/voc/silhouette/2010_000622.png,aeroplane,
data/voc/silhouette/2010_000628.png,car,"Based on the image provided, the main object is a silhouette of a vehicle with four wheels, a roof, and a body shape typical of a car. The object is clearly identifiable as a car.

Car"
data/voc/silhouette/2010_000632.png,bicycle,
data/voc/silhouette/2010_000639.png,pottedplant,
data/voc/silhouette/2010_000661.png,cat,
data/voc/silhouette/2010_000666.png,horse,
data/voc/silhouette/2010_000675.png,cat,Cat
data/voc/silhouette/2010_000679.png,boat,
data/voc/silhouette/2010_000682.png,bus,
data/voc/silhouette/2010_000683.png,cat,Cat
data/voc/silhouette/2010_000685.png,bicycle,
data/voc/silhouette/2010_000724.png,cat,
data/voc/silhouette/2010_000738.png,person,
data/voc/silhouette/2010_000746.png,dog,"The main object in the image is a cat. Therefore, the correct class is:

Cat"
data/voc/silhouette/2010_000748.png,boat,
data/voc/silhouette/2010_000764.png,train,
data/voc/silhouette/2010_000772.png,person,Person
data/voc/silhouette/2010_000787.png,tvmonitor,TV Monitor
data/voc/silhouette/2010_000788.png,dog,"Based on the visual characteristics of the object in the image, the main object is a cat. The silhouette shows a feline with distinct features such as pointed ears, a body shape, and a fluffy tail, which are typical of a cat.

Therefore, the correct classification is:

Cat"
data/voc/silhouette/2010_000810.png,bird,"Based on the visual information provided in the image, the main object is a silhouette of a bird. Specifically, it resembles a heron or a similar wading bird, identifiable by its long neck and legs.

Therefore, the correct classification is:

Bird"
data/voc/silhouette/2010_000814.png,bird,"Based on the image provided, the main object is a silhouette of a person standing upright, with a long neck and a hat. This is clearly a human figure.

Therefore, the correct classification is:

Person"
data/voc/silhouette/2010_000815.png,cat,
data/voc/silhouette/2010_000836.png,bird,Bird
data/voc/silhouette/2010_000847.png,sheep,
data/voc/silhouette/2010_000855.png,bus,
data/voc/silhouette/2010_000874.png,horse,Horse
data/voc/silhouette/2010_000885.png,aeroplane,assistantAeroplane
data/voc/silhouette/2010_000887.png,boat,Bottle
data/voc/silhouette/2010_000904.png,dog,
data/voc/silhouette/2010_000906.png,boat,
data/voc/silhouette/2010_000907.png,cow,
data/voc/silhouette/2010_000918.png,bird,"Based on the visual information provided in the image, the main object is a silhouette of a bird. It is depicted in profile, with a distinct shape that includes a head, body, and tail, consistent with a bird's form.

Therefore, the correct classification is:

Bird"
data/voc/silhouette/2010_000929.png,motorbike,Motorbike
data/voc/silhouette/2010_000941.png,cat,
data/voc/silhouette/2010_000952.png,car,
data/voc/silhouette/2010_000961.png,bird,
data/voc/silhouette/2010_000978.png,sheep,Sheep
data/voc/silhouette/2010_000986.png,aeroplane,
data/voc/silhouette/2010_001000.png,cow,
data/voc/silhouette/2010_001010.png,cow,
data/voc/silhouette/2010_001011.png,sheep,
data/voc/silhouette/2010_001016.png,bird,
data/voc/silhouette/2010_001017.png,aeroplane,Aeroplane
data/voc/silhouette/2010_001024.png,aeroplane,
data/voc/silhouette/2010_001036.png,boat,"Based on the visual information provided in the image, the main object is a silhouette of a boat. It has a distinct shape with a hull and a cabin, which are characteristic features of a watercraft. The object is not a person, animal, or vehicle in the sense of a motorcycle or car, but it is clearly a boat.

Therefore, the correct classification is:

Boat"
data/voc/silhouette/2010_001043.png,car,
data/voc/silhouette/2010_001061.png,bird,
data/voc/silhouette/2010_001069.png,bird,
data/voc/silhouette/2010_001070.png,cat,
data/voc/silhouette/2010_001079.png,sheep,"Based on the image provided, the main object is a silhouette of a large animal with a body, legs, and a head, which is characteristic of a cow.

Cow"
data/voc/silhouette/2010_001104.png,train,
data/voc/silhouette/2010_001120.png,person,
data/voc/silhouette/2010_001124.png,dog,
data/voc/silhouette/2010_001131.png,person,
data/voc/silhouette/2010_001149.png,sofa,
data/voc/silhouette/2010_001151.png,train,"Based on the visual information provided in the image, the main object is a train.

The image shows a silhouette of a long, black vehicle with multiple wheels and a distinct shape, which is characteristic of a train. The object is also consistent with the description ""a train"" in the provided list.

Therefore, the correct class is:

Train"
data/voc/silhouette/2010_001154.png,dog,
data/voc/silhouette/2010_001160.png,sheep,
data/voc/silhouette/2010_001174.png,aeroplane,
data/voc/silhouette/2010_001177.png,cat,"Based on the visual information provided, the main object in the image is a silhouette of a cat. The features such as pointed ears, a body shape, and a tail are characteristic of a domestic cat.

Therefore, the correct classification is:

Cat"
data/voc/silhouette/2010_001183.png,bicycle,Bicycle
data/voc/silhouette/2010_001184.png,horse,
data/voc/silhouette/2010_001195.png,cat,"Based on the visual information provided in the image, the main object is a black silhouette that resembles a dog. The shape includes a body, a head, and what appear to be legs, consistent with a canine.

Therefore, the correct classification is:

Dog"
data/voc/silhouette/2010_001206.png,bus,"The main object in the image is a bus. Therefore, the correct class is:

Bus"
data/voc/silhouette/2010_001245.png,person,"Based on the image provided, the main object is a silhouette of a human figure in a walking pose. Therefore, the correct classification is:

Person"
data/voc/silhouette/2010_001246.png,bicycle,
data/voc/silhouette/2010_001247.png,cat,
data/voc/silhouette/2010_001251.png,motorbike,
data/voc/silhouette/2010_001256.png,sheep,
data/voc/silhouette/2010_001261.png,diningtable,
data/voc/silhouette/2010_001264.png,dog,
data/voc/silhouette/2010_001273.png,dog,
data/voc/silhouette/2010_001279.png,dog,
data/voc/silhouette/2010_001282.png,dog,
data/voc/silhouette/2010_001292.png,cat,
data/voc/silhouette/2010_001313.png,motorbike,
data/voc/silhouette/2010_001327.png,sofa,
data/voc/silhouette/2010_001329.png,horse,Horse
data/voc/silhouette/2010_001331.png,cat,
data/voc/silhouette/2010_001347.png,cat,The main object in the image is a cat.
data/voc/silhouette/2010_001351.png,cat,
data/voc/silhouette/2010_001367.png,person,
data/voc/silhouette/2010_001374.png,train,"Based on the image provided, the main object is a long, black vehicle with a streamlined shape, which is characteristic of a train. Among the given options, the only class that fits this description is:

Train"
data/voc/silhouette/2010_001376.png,dog,"The main object in the image is a dog. Therefore, the correct class name is:

Dog"
data/voc/silhouette/2010_001386.png,cat,Cat
data/voc/silhouette/2010_001399.png,dog,"Based on the image provided, the main object is a silhouette of a cat.

The class name is:
Cat"
data/voc/silhouette/2010_001403.png,bus,Bus
data/voc/silhouette/2010_001413.png,aeroplane,Aeroplane
data/voc/silhouette/2010_001418.png,cat,"Based on the image provided, the main object is a silhouette of a cat. The image shows the profile of a cat, with its head turned to the side, and the shape is clearly that of a feline.

From the given list of classes, the correct classification is:

Cat"
data/voc/silhouette/2010_001422.png,dog,"Based on the visual evidence provided in the image, the main object is a silhouette of an animal. The shape, including the pointed ears, the body, and the tail, is characteristic of a dog. The object is shown in profile, with its head turned slightly to the right.

Therefore, the correct classification from the given list is:

Dog"
data/voc/silhouette/2010_001448.png,aeroplane,Aeroplane
data/voc/silhouette/2010_001451.png,horse,"Based on the visual characteristics of the image, the main object is a silhouette of a horse. The shape includes a head, neck, and a body consistent with that of a horse.

Therefore, the correct classification is:

Horse"
data/voc/silhouette/2010_001457.png,cat,
data/voc/silhouette/2010_001514.png,bicycle,Bicycle
data/voc/silhouette/2010_001515.png,train,
data/voc/silhouette/2010_001522.png,sheep,"Based on the visual information provided in the image, the main object is a silhouette of an animal with a long body, a head, and legs, which is characteristic of a sheep. The image shows the animal in a grassy environment, which is consistent with the typical depiction of a sheep.

Therefore, the correct classification for the main object is:

Sheep"
data/voc/silhouette/2010_001534.png,cat,Cat
data/voc/silhouette/2010_001553.png,motorbike,
data/voc/silhouette/2010_001557.png,sheep,Bottle
data/voc/silhouette/2010_001561.png,car,
data/voc/silhouette/2010_001562.png,tvmonitor,Bottle
data/voc/silhouette/2010_001563.png,person,
data/voc/silhouette/2010_001576.png,diningtable,
data/voc/silhouette/2010_001577.png,sheep,
data/voc/silhouette/2010_001579.png,diningtable,
data/voc/silhouette/2010_001590.png,cat,Cat
data/voc/silhouette/2010_001595.png,horse,
data/voc/silhouette/2010_001618.png,sheep,"Based on the visual evidence provided in the image, the main object is a silhouette that clearly depicts a sheep. The shape includes the characteristic features of a sheep, such as its body, head, and legs.

Therefore, the correct classification is:

Sheep"
data/voc/silhouette/2010_001619.png,person,
data/voc/silhouette/2010_001630.png,bus,
data/voc/silhouette/2010_001646.png,bus,
data/voc/silhouette/2010_001656.png,cat,
data/voc/silhouette/2010_001660.png,cat,
data/voc/silhouette/2010_001676.png,horse,
data/voc/silhouette/2010_001692.png,cow,Cow
data/voc/silhouette/2010_001699.png,chair,
data/voc/silhouette/2010_001706.png,dog,Cat
data/voc/silhouette/2010_001732.png,bus,
data/voc/silhouette/2010_001734.png,train,"Based on the visual information provided in the image, the main object is a silhouette of a vehicle. Given the shape, which includes a body, wheels, and a roof, it is most likely a car.

Therefore, the correct class is:

Car"
data/voc/silhouette/2010_001748.png,train,
data/voc/silhouette/2010_001752.png,tvmonitor,
data/voc/silhouette/2010_001767.png,sofa,
data/voc/silhouette/2010_001768.png,dog,Dog
data/voc/silhouette/2010_001773.png,pottedplant,
data/voc/silhouette/2010_001807.png,boat,
data/voc/silhouette/2010_001820.png,bird,"Based on the visual information provided in the image, the main object is a person. The image shows a silhouette of a human figure, likely in a seated or standing position, which is consistent with a person.

Therefore, the correct classification is:

Person"
data/voc/silhouette/2010_001830.png,bottle,Bottle
data/voc/silhouette/2010_001842.png,cat,
data/voc/silhouette/2010_001849.png,chair,
data/voc/silhouette/2010_001850.png,car,
data/voc/silhouette/2010_001851.png,diningtable,
data/voc/silhouette/2010_001852.png,horse,
data/voc/silhouette/2010_001860.png,tvmonitor,
data/voc/silhouette/2010_001908.png,dog,"Based on the visual information provided, the main object in the image is a silhouette of an animal that is clearly identifiable as a dog.

The object is not a bicycle, a car, a person, a bird, a horse, a cat, a cow, a sheep, a train, a bus, a motorbike, a boat, a dining table, a sofa, a TV monitor, a potted plant, or a chair. The shape, with its four legs, a body, and"
data/voc/silhouette/2010_001913.png,cat,
data/voc/silhouette/2010_001922.png,bicycle,Bicycle
data/voc/silhouette/2010_001923.png,motorbike,Motorbike
data/voc/silhouette/2010_001933.png,sofa,
data/voc/silhouette/2010_001939.png,diningtable,
data/voc/silhouette/2010_001944.png,dog,
data/voc/silhouette/2010_001951.png,train,
data/voc/silhouette/2010_001956.png,dog,
data/voc/silhouette/2010_001962.png,sofa,
data/voc/silhouette/2010_001966.png,car,
data/voc/silhouette/2010_001995.png,bird,"Based on the visual information provided, the image shows a silhouette of a person. The outline includes a head and shoulders, which is characteristic of a human figure.

Therefore, the correct classification is:

Person"
data/voc/silhouette/2010_002017.png,chair,
data/voc/silhouette/2010_002018.png,person,
data/voc/silhouette/2010_002020.png,dog,
data/voc/silhouette/2010_002025.png,cat,Cat
data/voc/silhouette/2010_002030.png,bicycle,
data/voc/silhouette/2010_002032.png,diningtable,
data/voc/silhouette/2010_002039.png,sheep,
data/voc/silhouette/2010_002047.png,cow,"Based on the visual information provided, the main object in the image is a black silhouette of a large animal with a humped back, two horns, and a long tail, which is characteristic of a cow. The image does not contain any other objects or elements that would suggest a different classification.

Cow"
data/voc/silhouette/2010_002054.png,sheep,
data/voc/silhouette/2010_002055.png,bicycle,
data/voc/silhouette/2010_002070.png,person,
data/voc/silhouette/2010_002097.png,tvmonitor,
data/voc/silhouette/2010_002106.png,sheep,
data/voc/silhouette/2010_002107.png,car,
data/voc/silhouette/2010_002137.png,pottedplant,
data/voc/silhouette/2010_002139.png,cow,Cow
data/voc/silhouette/2010_002142.png,bird,
data/voc/silhouette/2010_002146.png,cat,
data/voc/silhouette/2010_002147.png,aeroplane,Aeroplane
data/voc/silhouette/2010_002150.png,boat,
data/voc/silhouette/2010_002154.png,person,
data/voc/silhouette/2010_002161.png,person,
data/voc/silhouette/2010_002166.png,person,
data/voc/silhouette/2010_002200.png,aeroplane,
data/voc/silhouette/2010_002203.png,bus,
data/voc/silhouette/2010_002218.png,bus,
data/voc/silhouette/2010_002228.png,dog,"Based on the image provided, the main object is a silhouette of an animal that is sitting down. The features visible in the silhouette, such as the body shape, the posture (sitting), and the presence of legs and paws, are characteristic of a dog.

Therefore, the correct classification is:

Dog"
data/voc/silhouette/2010_002232.png,sheep,
data/voc/silhouette/2010_002236.png,car,
data/voc/silhouette/2010_002251.png,motorbike,
data/voc/silhouette/2010_002254.png,cow,
data/voc/silhouette/2010_002271.png,motorbike,Motorbike
data/voc/silhouette/2010_002286.png,cat,Cat
data/voc/silhouette/2010_002305.png,cat,
data/voc/silhouette/2010_002310.png,aeroplane,Aeroplane
data/voc/silhouette/2010_002336.png,diningtable,
data/voc/silhouette/2010_002338.png,dog,
data/voc/silhouette/2010_002348.png,cat,Cat
data/voc/silhouette/2010_002361.png,car,
data/voc/silhouette/2010_002363.png,car,
data/voc/silhouette/2010_002379.png,pottedplant,
data/voc/silhouette/2010_002382.png,dog,
data/voc/silhouette/2010_002387.png,car,
data/voc/silhouette/2010_002390.png,cow,
data/voc/silhouette/2010_002396.png,person,
data/voc/silhouette/2010_002413.png,bus,
data/voc/silhouette/2010_002418.png,diningtable,
data/voc/silhouette/2010_002422.png,cat,"Based on the visual information provided in the image, the main object is a silhouette of an animal. The shape, including the pointed ears, body, and tail, is characteristic of a cat. The object is depicted in black against a white background, and no other features or details suggest it is any other type of animal or object.

Therefore, the correct classification is:

Cat"
data/voc/silhouette/2010_002440.png,person,
data/voc/silhouette/2010_002450.png,bird,
data/voc/silhouette/2010_002455.png,bottle,"Based on the visual information provided in the image, the main object is a silhouette of a person wearing a long garment, which is consistent with a dress. The object is not a bird, boat, car, or any of the other listed items.

The correct class for the main object in the image is:

Person"
data/voc/silhouette/2010_002457.png,car,
data/voc/silhouette/2010_002480.png,dog,
data/voc/silhouette/2010_002499.png,dog,"Based on the visual characteristics of the object in the image, the main object is a horse.

The object is a silhouette that shows the distinct shape of a horse, including its head, neck, and body. It has a recognizable form with a mane and a body that is consistent with a horse. The shape is not a vehicle, animal, or person, but rather a representation of a horse.

Therefore, the correct classification is:

Horse"
data/voc/silhouette/2010_002512.png,cat,
data/voc/silhouette/2010_002527.png,sofa,"Based on the image provided, the main object is a silhouette of a person, likely a dog, but the image is very low resolution and the shape is indistinct. The silhouette appears to be a large, dark shape with a lighter area on the left, which could be a dog's body and head. However, the overall shape is not clearly identifiable as a dog. The image is a silhouette of a person, but the shape is not clear enough to definitively identify it as a dog"
data/voc/silhouette/2010_002531.png,sofa,"Based on the image provided, the main object is a silhouette of a cat. It is depicted in a lying position, with its body elongated and its tail extending to the right. The object is white against a black background.

The class name for this object is:
Cat"
data/voc/silhouette/2010_002532.png,aeroplane,Aeroplane
data/voc/silhouette/2010_002536.png,bicycle,
data/voc/silhouette/2010_002538.png,chair,
data/voc/silhouette/2010_002546.png,bus,
data/voc/silhouette/2010_002551.png,dog,
data/voc/silhouette/2010_002556.png,train,"Based on the visual information provided in the image, the main object is a long, slender, black silhouette. It has a distinct shape that is consistent with a vehicle, specifically a long, narrow object with a pointed front and a wider rear. This shape is characteristic of a train.

The object is not a bicycle, bird, boat, bottle, car, cat, chair, cow, dog, horse, motorbike, person, potted plant, sheep, sofa, train, TV monitor,"
data/voc/silhouette/2010_002570.png,person,
data/voc/silhouette/2010_002573.png,cat,"Based on the image provided, the main object is a silhouette of a cat. The shape, with its distinct ears, body, and fur texture, is characteristic of a domestic cat.

Therefore, the correct class is:

Cat"
data/voc/silhouette/2010_002623.png,person,
data/voc/silhouette/2010_002625.png,person,
data/voc/silhouette/2010_002659.png,dog,
data/voc/silhouette/2010_002682.png,train,
data/voc/silhouette/2010_002691.png,horse,
data/voc/silhouette/2010_002693.png,chair,
data/voc/silhouette/2010_002697.png,train,
data/voc/silhouette/2010_002701.png,cow,"Based on the image provided, the main object is a silhouette of an animal with a long neck, four legs, and a head that is lowered towards the ground, which is characteristic of a cow. The object is not a vehicle, a person, or a pet in the sense of a dog or cat, but it is clearly a cow.

Cow"
data/voc/silhouette/2010_002720.png,bicycle,
data/voc/silhouette/2010_002733.png,pottedplant,"Based on the image provided, the main object is a silhouette of a person. The figure has a distinct shape with a head, torso, and limbs, and it is holding a long object that resembles a staff or a weapon. The figure's posture and the object it holds are consistent with a person in a standing position.

Therefore, the correct classification is:

Person"
data/voc/silhouette/2010_002750.png,sheep,
data/voc/silhouette/2010_002763.png,cow,
data/voc/silhouette/2010_002778.png,cat,Cat
data/voc/silhouette/2010_002786.png,dog,
data/voc/silhouette/2010_002792.png,person,
data/voc/silhouette/2010_002794.png,dog,
data/voc/silhouette/2010_002811.png,sofa,
data/voc/silhouette/2010_002815.png,chair,
data/voc/silhouette/2010_002838.png,train,
data/voc/silhouette/2010_002856.png,dog,"Based on the visual characteristics of the object in the image, the main object is a silhouette of a dog. The shape, including the fur-like texture and the overall form, is consistent with that of a dog.

Dog"
data/voc/silhouette/2010_002868.png,bus,
data/voc/silhouette/2010_002870.png,chair,
data/voc/silhouette/2010_002892.png,aeroplane,Aeroplane
data/voc/silhouette/2010_002900.png,cat,
data/voc/silhouette/2010_002902.png,car,
data/voc/silhouette/2010_002907.png,dog,
data/voc/silhouette/2010_002921.png,chair,
data/voc/silhouette/2010_002929.png,car,
data/voc/silhouette/2010_002935.png,bird,
data/voc/silhouette/2010_002937.png,train,
data/voc/silhouette/2010_002938.png,dog,Dog
data/voc/silhouette/2010_002939.png,aeroplane,
data/voc/silhouette/2010_002962.png,person,"Based on the image provided, the main object is a person, as indicated by the silhouette of a figure holding a cup. The image is a black and white silhouette, and the figure is clearly identifiable as a person.

The class name from the list that best fits the main object is:

Person"
data/voc/silhouette/2010_002973.png,cat,Cat
data/voc/silhouette/2010_002988.png,car,
data/voc/silhouette/2010_003010.png,dog,Cat
data/voc/silhouette/2010_003014.png,person,"The main object in the image is a person. The silhouette shows a standing figure with a hand raised, possibly holding an object, and another figure in a seated position. Given the context of the silhouette and the presence of a person, the correct classification is:

Person"
data/voc/silhouette/2010_003017.png,person,
data/voc/silhouette/2010_003060.png,dog,
data/voc/silhouette/2010_003062.png,bicycle,Bicycle
data/voc/silhouette/2010_003088.png,aeroplane,
data/voc/silhouette/2010_003093.png,person,
data/voc/silhouette/2010_003097.png,bird,
data/voc/silhouette/2010_003114.png,sofa,
data/voc/silhouette/2010_003119.png,bird,"Based on the image provided, the main object is a bird in flight. The silhouette shows a bird with its wings spread wide, and the motion blur at the tips of the wings suggests it is flying.

The class name for the main object is:

Bird"
data/voc/silhouette/2010_003123.png,pottedplant,"Based on the visual information provided, the image shows a silhouette of an object that is not clearly identifiable due to the lack of detail. However, the object appears to be a vehicle with a curved top, which could suggest a type of vehicle. Given the options, the most plausible classification is a bus, which typically has a curved top and a large body.

Therefore, the correct classification is:

Bus"
data/voc/silhouette/2010_003127.png,aeroplane,
data/voc/silhouette/2010_003132.png,aeroplane,Aeroplane
data/voc/silhouette/2010_003153.png,sheep,"Based on the image provided, the main object is a silhouette of a large animal with a hump, four legs, and a long neck, which is characteristic of a sheep.

The correct class name from the list is:

Sheep"
data/voc/silhouette/2010_003157.png,diningtable,
data/voc/silhouette/2010_003168.png,bird,
data/voc/silhouette/2010_003170.png,chair,
data/voc/silhouette/2010_003174.png,sofa,Person
data/voc/silhouette/2010_003183.png,cow,
data/voc/silhouette/2010_003187.png,dog,
data/voc/silhouette/2010_003203.png,boat,
data/voc/silhouette/2010_003207.png,motorbike,
data/voc/silhouette/2010_003230.png,cat,"Based on the provided image, the main object is a silhouette that strongly resembles a dog. The shape includes a body, legs, a tail, and a head with pointed ears, which are characteristic features of a canine.

Therefore, the correct classification is:

Dog"
data/voc/silhouette/2010_003231.png,car,
data/voc/silhouette/2010_003239.png,cow,
data/voc/silhouette/2010_003250.png,person,Person
data/voc/silhouette/2010_003252.png,sheep,
data/voc/silhouette/2010_003269.png,dog,
data/voc/silhouette/2010_003274.png,train,
data/voc/silhouette/2010_003275.png,cat,
data/voc/silhouette/2010_003276.png,car,
data/voc/silhouette/2010_003293.png,bus,Bus
data/voc/silhouette/2010_003302.png,chair,
data/voc/silhouette/2010_003325.png,chair,
data/voc/silhouette/2010_003342.png,dog,Dog
data/voc/silhouette/2010_003345.png,cow,Cow
data/voc/silhouette/2010_003362.png,bird,
data/voc/silhouette/2010_003365.png,aeroplane,Aeroplane
data/voc/silhouette/2010_003380.png,horse,Horse
data/voc/silhouette/2010_003381.png,car,
data/voc/silhouette/2010_003383.png,cow,
data/voc/silhouette/2010_003384.png,train,
data/voc/silhouette/2010_003402.png,cat,
data/voc/silhouette/2010_003409.png,person,
data/voc/silhouette/2010_003418.png,bird,"``` 
Bird
```"
data/voc/silhouette/2010_003446.png,bicycle,
data/voc/silhouette/2010_003453.png,car,
data/voc/silhouette/2010_003468.png,cat,
data/voc/silhouette/2010_003473.png,bird,
data/voc/silhouette/2010_003495.png,aeroplane,Aeroplane
data/voc/silhouette/2010_003506.png,dog,
data/voc/silhouette/2010_003514.png,train,
data/voc/silhouette/2010_003529.png,motorbike,Motorbike
data/voc/silhouette/2010_003531.png,diningtable,
data/voc/silhouette/2010_003532.png,horse,
data/voc/silhouette/2010_003534.png,bus,
data/voc/silhouette/2010_003541.png,sheep,
data/voc/silhouette/2010_003547.png,boat,
data/voc/silhouette/2010_003597.png,sofa,
data/voc/silhouette/2010_003599.png,boat,
data/voc/silhouette/2010_003634.png,chair,"Based on the visual information provided, the object in the image is a chair. The silhouette shows a piece of furniture with a backrest and seat, characteristic of a chair.

Therefore, the correct classification is:

Chair"
data/voc/silhouette/2010_003651.png,pottedplant,Potted Plant
data/voc/silhouette/2010_003665.png,chair,"Based on the visual information provided, the object in the image is a white silhouette of a couch, which is a type of furniture. It is not a living creature or a vehicle. The object has a distinct shape that matches a sofa.

Therefore, the correct classification is:

Sofa"
data/voc/silhouette/2010_003670.png,person,
data/voc/silhouette/2010_003675.png,cat,
data/voc/silhouette/2010_003680.png,aeroplane,Aeroplane
data/voc/silhouette/2010_003696.png,cat,"only the class name from the list above, nothing else."
data/voc/silhouette/2010_003708.png,train,
data/voc/silhouette/2010_003716.png,aeroplane,
data/voc/silhouette/2010_003717.png,sofa,Bicycle
data/voc/silhouette/2010_003737.png,aeroplane,
data/voc/silhouette/2010_003746.png,dog,
data/voc/silhouette/2010_003758.png,cat,
data/voc/silhouette/2010_003764.png,cat,
data/voc/silhouette/2010_003768.png,car,"Based on the provided image, the main object is a silhouette of a car. It has the distinct shape of a vehicle with a long body, a visible front end, and a rear section that includes a tail light and a roofline.

The class name for the object is:

Car"
data/voc/silhouette/2010_003771.png,bird,Bird
data/voc/silhouette/2010_003772.png,bus,
data/voc/silhouette/2010_003781.png,cat,
data/voc/silhouette/2010_003798.png,aeroplane,Aeroplane
data/voc/silhouette/2010_003799.png,bicycle,
data/voc/silhouette/2010_003813.png,car,Car
data/voc/silhouette/2010_003820.png,bird,
data/voc/silhouette/2010_003854.png,car,"Based on the visual information provided, the object in the image is a silhouette of a dog. The shape, including the head, body, and tail, is characteristic of a dog. The object is not a bird, horse, cat, or any other animal mentioned in the list.

Therefore, the correct classification is:

Dog"
data/voc/silhouette/2010_003884.png,person,"Based on the visual information provided in the image, the main object is a silhouette of a person. The figure has a distinct shape with a head, shoulders, and a visible arm, which is consistent with a human form.

From the given list of classes, the most appropriate classification for the main object is:

Person"
data/voc/silhouette/2010_003887.png,cat,
data/voc/silhouette/2010_003894.png,person,
data/voc/silhouette/2010_003899.png,boat,Boat
data/voc/silhouette/2010_003911.png,boat,
data/voc/silhouette/2010_003912.png,bicycle,Bicycle
data/voc/silhouette/2010_003915.png,aeroplane,Aeroplane
data/voc/silhouette/2010_003925.png,chair,"The main object in the image is a cat. Therefore, the correct class is:

Cat"
data/voc/silhouette/2010_003947.png,motorbike,
data/voc/silhouette/2010_003950.png,cat,
data/voc/silhouette/2010_003954.png,sheep,Sheep
data/voc/silhouette/2010_003956.png,train,
data/voc/silhouette/2010_003958.png,dog,"Based on the visual information provided, the main object in the image is a silhouette of a cat. The image shows a feline figure with distinct features such as pointed ears, a tail, and a body posture that is consistent with a cat. The object is a simple black silhouette against a white background, which makes the cat's shape clearly visible.

The class name for the main object is:
Cat"
data/voc/silhouette/2010_003971.png,chair,Chair
data/voc/silhouette/2010_003974.png,cat,
data/voc/silhouette/2010_004005.png,car,"Based on the image provided, the main object is a black silhouette that has the distinct shape of a car. Among the given classes, the most appropriate classification is:

Car"
data/voc/silhouette/2010_004025.png,sofa,
data/voc/silhouette/2010_004041.png,boat,
data/voc/silhouette/2010_004042.png,motorbike,"Based on the image provided, the main object is a motorbike, which is a type of motorcycle. The image shows a silhouette of a motorbike, including the frame, wheels, handlebars, and seat. The object is clearly identifiable as a motorbike.

Motorbike

Motorbike"
data/voc/silhouette/2010_004056.png,bottle,Bottle
data/voc/silhouette/2010_004060.png,cat,Cat
data/voc/silhouette/2010_004063.png,aeroplane,Aeroplane
data/voc/silhouette/2010_004069.png,bicycle,
data/voc/silhouette/2010_004071.png,bird,
data/voc/silhouette/2010_004072.png,bicycle,
data/voc/silhouette/2010_004074.png,sheep,
data/voc/silhouette/2010_004104.png,cat,
data/voc/silhouette/2010_004109.png,sofa,
data/voc/silhouette/2010_004119.png,motorbike,
data/voc/silhouette/2010_004120.png,cat,"Based on the provided image, the main object is a silhouette of a cow. The image shows a black shape with a distinct body, head, legs, and a tail, which is characteristic of a cow.

Therefore, the correct classification is:

Cow"
data/voc/silhouette/2010_004144.png,cat,
data/voc/silhouette/2010_004149.png,train,Bottle
data/voc/silhouette/2010_004154.png,bicycle,
data/voc/silhouette/2010_004165.png,person,
data/voc/silhouette/2010_004171.png,cat,Cat
data/voc/silhouette/2010_004180.png,bus,
data/voc/silhouette/2010_004186.png,car,
data/voc/silhouette/2010_004208.png,boat,
data/voc/silhouette/2010_004210.png,cow,
data/voc/silhouette/2010_004219.png,motorbike,
data/voc/silhouette/2010_004222.png,chair,
data/voc/silhouette/2010_004226.png,sheep,"The main object in the image is a sheep. Therefore, the correct classification is:

Sheep"
data/voc/silhouette/2010_004258.png,car,
data/voc/silhouette/2010_004283.png,cow,
data/voc/silhouette/2010_004288.png,bottle,Bottle
data/voc/silhouette/2010_004289.png,motorbike,
data/voc/silhouette/2010_004306.png,tvmonitor,Bottle
data/voc/silhouette/2010_004314.png,aeroplane,assistantAeroplane
data/voc/silhouette/2010_004320.png,cat,
data/voc/silhouette/2010_004322.png,cow,"Based on the image provided, the main object is a silhouette of an animal with a distinct head shape, two prominent horns, and a rounded body. These features are characteristic of a bovine animal. The object is a solid black shape with a clear outline, and it does not appear to be a living animal in motion, but rather a static representation.

Looking at the options provided, the animal in the image is clearly identifiable as a cow.

Cow"
data/voc/silhouette/2010_004337.png,person,"Based on the visual information provided in the image, the main object is a silhouette of a person. The figure has a human shape, with a discernible head, torso, and limbs, and is depicted in a seated or standing posture. The object is not a vehicle, animal, or inanimate object, but rather a human figure.

From the given list of classes, the most accurate classification for the main object is:

Person"
data/voc/silhouette/2010_004348.png,bus,
data/voc/silhouette/2010_004355.png,motorbike,Motorbike
data/voc/silhouette/2010_004361.png,diningtable,
data/voc/silhouette/2010_004363.png,horse,"Based on the image provided, the main object is a silhouette of an animal with a distinct head, neck, and legs, and it is in a posture that suggests it is grazing or eating. The shape is consistent with that of a horse.

Therefore, the correct class name is:

Horse"
data/voc/silhouette/2010_004365.png,cat,
data/voc/silhouette/2010_004369.png,cat,"Based on the visual evidence provided in the image, the main object is a silhouette that clearly depicts a cat. The shape includes features such as a rounded body, a long tail, and a distinct head with ears, which are characteristic of a feline.

Therefore, the correct classification is:

Cat"
data/voc/silhouette/2010_004370.png,dog,"Based on the image provided, the main object is a silhouette of a dog.

The class name is:
Dog"
data/voc/silhouette/2010_004382.png,pottedplant,
data/voc/silhouette/2010_004419.png,aeroplane,Aeroplane
data/voc/silhouette/2010_004429.png,chair,Chair
data/voc/silhouette/2010_004432.png,person,
data/voc/silhouette/2010_004450.png,dog,
data/voc/silhouette/2010_004472.png,person,
data/voc/silhouette/2010_004478.png,train,
data/voc/silhouette/2010_004479.png,person,
data/voc/silhouette/2010_004481.png,person,
data/voc/silhouette/2010_004493.png,dog,Dog
data/voc/silhouette/2010_004499.png,person,
data/voc/silhouette/2010_004519.png,horse,"Based on the image provided, the main object is a horse. The image shows a black silhouette of a horse, viewed from the side, with its head turned slightly to the right.

From the given list of classes, the correct classification is:

Horse"
data/voc/silhouette/2010_004520.png,bottle,Bottle
data/voc/silhouette/2010_004529.png,bottle,Bottle
data/voc/silhouette/2010_004540.png,cat,"Based on the visual information provided in the image, the main object is a black silhouette that strongly resembles a cat. The shape includes features such as a pointed head, a body, and a tail, which are characteristic of a feline animal.

Therefore, the correct classification is:

Cat"
data/voc/silhouette/2010_004543.png,chair,
data/voc/silhouette/2010_004550.png,dog,Bird
data/voc/silhouette/2010_004551.png,bottle,Bottle
data/voc/silhouette/2010_004556.png,bird,
data/voc/silhouette/2010_004559.png,bird,
data/voc/silhouette/2010_004560.png,sheep,
data/voc/silhouette/2010_004577.png,car,
data/voc/silhouette/2010_004598.png,cow,"Based on the visual information provided in the image, the main object is a silhouette of an animal with a distinct shape, including a head, body, and legs. The animal has a rounded body, a long neck, and a tail. The features are consistent with those of a domesticated animal that is typically associated with a specific type of livestock.

The class name for the object is:

Cow"
data/voc/silhouette/2010_004616.png,bus,
data/voc/silhouette/2010_004620.png,dog,"Based on the image provided, the main object is a silhouette of a person. The shape includes features such as a head, body, and arms, which are characteristic of a human figure. Therefore, the correct classification is:

Person"
data/voc/silhouette/2010_004625.png,bus,
data/voc/silhouette/2010_004628.png,dog,
data/voc/silhouette/2010_004635.png,cow,Cow
data/voc/silhouette/2010_004662.png,boat,
data/voc/silhouette/2010_004669.png,train,
data/voc/silhouette/2010_004683.png,dog,"Based on the image provided, the main object is a silhouette of a cat in a running pose. The object is clearly identifiable as a cat.

Cat"
data/voc/silhouette/2010_004694.png,sheep,
data/voc/silhouette/2010_004697.png,motorbike,
data/voc/silhouette/2010_004704.png,person,
data/voc/silhouette/2010_004721.png,aeroplane,Aeroplane
data/voc/silhouette/2010_004757.png,pottedplant,
data/voc/silhouette/2010_004760.png,cat,"Based on the visual information provided in the image, the main object is a silhouette of an animal with four legs, a body, and a tail. The shape is consistent with that of a dog.

The class name for the object is:
Dog"
data/voc/silhouette/2010_004763.png,chair,
data/voc/silhouette/2010_004766.png,motorbike,Motorbike
data/voc/silhouette/2010_004772.png,boat,
data/voc/silhouette/2010_004773.png,boat,
data/voc/silhouette/2010_004783.png,sofa,
data/voc/silhouette/2010_004789.png,cow,"Based on the image provided, the main object is a black silhouette of an animal that is grazing. This animal is clearly identifiable as a cow.

Cow"
data/voc/silhouette/2010_004795.png,dog,
data/voc/silhouette/2010_004805.png,sofa,
data/voc/silhouette/2010_004808.png,cat,
data/voc/silhouette/2010_004815.png,person,"Based on the image provided, the object is a silhouette that appears to be a person. The shape includes a torso and legs, which are characteristic of a human figure.

Therefore, the correct class is:

Person"
data/voc/silhouette/2010_004825.png,diningtable,
data/voc/silhouette/2010_004828.png,person,
data/voc/silhouette/2010_004856.png,horse,Horse
data/voc/silhouette/2010_004857.png,tvmonitor,"Based on the image provided, the main object is a television set. It is depicted as a black, rectangular screen with a slightly curved top and a bottom edge, which is characteristic of a modern TV monitor.

Therefore, the correct classification is:

TV Monitor"
data/voc/silhouette/2010_004861.png,cat,
data/voc/silhouette/2010_004900.png,dog,"Based on the visual information provided in the image, the main object is a silhouette of a dog. The image shows the profile of a dog's head and neck, which is a clear representation of a canine.

Therefore, the correct classification is:

Dog"
data/voc/silhouette/2010_004916.png,dog,
data/voc/silhouette/2010_004933.png,cat,Cat
data/voc/silhouette/2010_004938.png,aeroplane,Aeroplane
data/voc/silhouette/2010_004941.png,motorbike,Motorbike
data/voc/silhouette/2010_004946.png,car,
data/voc/silhouette/2010_004948.png,bird,
data/voc/silhouette/2010_004951.png,train,
data/voc/silhouette/2010_004960.png,bird,
data/voc/silhouette/2010_004963.png,cat,"The main object in the image is a cat. Therefore, the correct class name is:

Cat"
data/voc/silhouette/2010_004980.png,train,
data/voc/silhouette/2010_004994.png,bird,"Based on the visual information provided in the image, the main object is a silhouette of a bird.

The object has the distinct shape of a bird, including a rounded body, a defined head, and a tail. The image is a simple black silhouette against a white background, which emphasizes the outline of the bird.

Therefore, the correct classification is:

Bird"
data/voc/silhouette/2010_005013.png,car,"Based on the visual information provided in the image, the main object is a vehicle that appears to be a bus or a van. The silhouette shows a large, boxy shape with a roof and windows, consistent with the design of a bus.

Therefore, the correct classification is:

Bus"
data/voc/silhouette/2010_005016.png,bird,"Based on the image provided, the main object is a stylized silhouette of a dog. The object has a distinct shape with a pointed head, a body, and a tail, which are characteristic features of a dog. The image is a simple black and white representation, but the form clearly identifies the subject as a dog.

Dog"
data/voc/silhouette/2010_005021.png,chair,
data/voc/silhouette/2010_005028.png,bird,
data/voc/silhouette/2010_005046.png,person,
data/voc/silhouette/2010_005055.png,train,
data/voc/silhouette/2010_005063.png,bus,"Based on the visual information provided in the image, the main object is a large, black silhouette that strongly resembles a train. The object has multiple connected sections, which is characteristic of a train, and it is depicted in a simple, stylized form.

Therefore, the correct classification is:

Train"
data/voc/silhouette/2010_005064.png,dog,
data/voc/silhouette/2010_005098.png,sheep,Cow
data/voc/silhouette/2010_005106.png,aeroplane,
data/voc/silhouette/2010_005108.png,cat,Cat
data/voc/silhouette/2010_005111.png,bicycle,
data/voc/silhouette/2010_005118.png,bus,
data/voc/silhouette/2010_005119.png,car,
data/voc/silhouette/2010_005128.png,cat,
data/voc/silhouette/2010_005129.png,bird,Bird
data/voc/silhouette/2010_005159.png,dog,
data/voc/silhouette/2010_005160.png,motorbike,
data/voc/silhouette/2010_005166.png,cow,
data/voc/silhouette/2010_005174.png,horse,
data/voc/silhouette/2010_005180.png,sofa,
data/voc/silhouette/2010_005187.png,pottedplant,
data/voc/silhouette/2010_005198.png,boat,
data/voc/silhouette/2010_005202.png,cat,
data/voc/silhouette/2010_005206.png,dog,
data/voc/silhouette/2010_005217.png,bird,Cat
data/voc/silhouette/2010_005223.png,cow,
data/voc/silhouette/2010_005232.png,cat,Cat
data/voc/silhouette/2010_005245.png,person,
data/voc/silhouette/2010_005252.png,motorbike,
data/voc/silhouette/2010_005277.png,bus,"Based on the visual information provided in the image, the main object is a vehicle with a long body, multiple windows, and wheels, which is characteristic of a bus.

The class name for the object is:
Bus"
data/voc/silhouette/2010_005284.png,bus,
data/voc/silhouette/2010_005305.png,tvmonitor,
data/voc/silhouette/2010_005317.png,cat,
data/voc/silhouette/2010_005318.png,car,
data/voc/silhouette/2010_005344.png,cat,
data/voc/silhouette/2010_005353.png,bird,"Based on the image provided, the main object is a silhouette of a bird. It has a distinct shape with a long beak and a body that resembles a typical bird.

The class name is:
Bird"
data/voc/silhouette/2010_005366.png,motorbike,Motorbike
data/voc/silhouette/2010_005401.png,boat,
data/voc/silhouette/2010_005419.png,dog,Dog
data/voc/silhouette/2010_005421.png,cat,"Based on the image provided, the main object is a silhouette of a cat. The object has distinct features such as a body, tail, and legs, consistent with a feline animal. The image is a simple black silhouette against a white background.

Therefore, the correct classification is:

Cat"
data/voc/silhouette/2010_005428.png,bird,
data/voc/silhouette/2010_005429.png,motorbike,Motorbike
data/voc/silhouette/2010_005432.png,car,Car
data/voc/silhouette/2010_005433.png,motorbike,
data/voc/silhouette/2010_005450.png,tvmonitor,
data/voc/silhouette/2010_005457.png,bus,Bus
data/voc/silhouette/2010_005468.png,cow,
data/voc/silhouette/2010_005471.png,person,"Based on the visual information provided in the image, the main object is a silhouette of a person in a dynamic pose, likely performing a martial art move. The figure is depicted with a distinct head, torso, arms, and legs, and the overall shape is consistent with a human form.

Among the given classes, the most accurate classification is:

Person"
data/voc/silhouette/2010_005494.png,motorbike,"Based on the image provided, the main object is a motorbike.

- The image shows a silhouette of a two-wheeled vehicle with a handlebar, a seat, and a front wheel.
- The shape is consistent with that of a motorbike.
- The object is not a person, animal, or vehicle with a different structure.

Therefore, the correct classification is:

Motorbike"
data/voc/silhouette/2010_005496.png,bottle,Bottle
data/voc/silhouette/2010_005500.png,person,"Based on the image provided, the main object is a silhouette of a human figure in a walking pose. Among the given classes, the most appropriate classification is:

Person"
data/voc/silhouette/2010_005501.png,car,
data/voc/silhouette/2010_005505.png,cat,
data/voc/silhouette/2010_005506.png,train,Motorbike
data/voc/silhouette/2010_005508.png,cat,Cat
data/voc/silhouette/2010_005513.png,cat,"The main object in the image is a cat. Therefore, the correct class name is:

Cat"
data/voc/silhouette/2010_005519.png,sheep,
data/voc/silhouette/2010_005522.png,dog,
data/voc/silhouette/2010_005531.png,bird,Bird
data/voc/silhouette/2010_005534.png,aeroplane,Aeroplane
data/voc/silhouette/2010_005575.png,dog,"Based on the visual information provided, the object in the image is a silhouette that resembles a motorbike. Although the image is a simple black silhouette, the overall shape includes a long body, a seat, handlebars, and a tail section, which are characteristic features of a motorbike.

Therefore, the correct classification is:

Motorbike"
data/voc/silhouette/2010_005582.png,person,
data/voc/silhouette/2010_005596.png,bus,Motorbike
data/voc/silhouette/2010_005606.png,sofa,
data/voc/silhouette/2010_005626.png,person,Person
data/voc/silhouette/2010_005627.png,cat,
data/voc/silhouette/2010_005643.png,train,"Based on the visual information provided, the object in the image is a television monitor. The image shows a black, rectangular object with a distinct screen and frame, which are characteristic features of a TV monitor. Although the image is blurry and the object appears to be in a state of disrepair, the overall shape and structure are consistent with a television monitor.

Therefore, the correct classification is:

TV Monitor"
data/voc/silhouette/2010_005644.png,dog,
data/voc/silhouette/2010_005652.png,cat,Cat
data/voc/silhouette/2010_005663.png,bottle,"Based on the visual information provided in the image, the main object is a silhouette of a person standing upright. The figure is depicted in a simple, solid black shape against a white background, with no visible details of clothing, facial features, or accessories. However, the overall form is consistent with that of a human figure.

Given the options provided, the most accurate classification for the main object is:

Person"
data/voc/silhouette/2010_005664.png,bicycle,Bicycle
data/voc/silhouette/2010_005669.png,dog,
data/voc/silhouette/2010_005678.png,tvmonitor,
data/voc/silhouette/2010_005700.png,person,Person
data/voc/silhouette/2010_005705.png,boat,
data/voc/silhouette/2010_005706.png,train,"Based on the visual information provided in the image, the main object is a train. The image shows a long, streamlined, black silhouette with a distinct front end and a long body, which is characteristic of a train.

Therefore, the correct class is:

Train"
data/voc/silhouette/2010_005709.png,person,
data/voc/silhouette/2010_005718.png,aeroplane,assistantMotorbike
data/voc/silhouette/2010_005719.png,sheep,
data/voc/silhouette/2010_005721.png,motorbike,
data/voc/silhouette/2010_005723.png,person,"Based on the visual information provided in the image, the main object is a silhouette of a person viewed from behind. The shape includes a rounded head and shoulders, which is characteristic of a human figure.

Therefore, the correct classification is:

Person"
data/voc/silhouette/2010_005725.png,bird,
data/voc/silhouette/2010_005727.png,train,
data/voc/silhouette/2010_005734.png,sofa,
data/voc/silhouette/2010_005744.png,tvmonitor,"Based on the visual information provided in the image, the main object is a television monitor. This is identified by its characteristic rectangular shape with a stand and a screen that is slightly curved.

Therefore, the correct classification is:

TV Monitor"
data/voc/silhouette/2010_005746.png,chair,
data/voc/silhouette/2010_005755.png,diningtable,"Based on the visual information provided in the image, the main object is a chair. This is evident from the shape and structure of the object, which includes a backrest and a seat, consistent with a typical chair design.

The correct classification is:

Chair"
data/voc/silhouette/2010_005758.png,person,
data/voc/silhouette/2010_005762.png,bottle,
data/voc/silhouette/2010_005775.png,chair,
data/voc/silhouette/2010_005788.png,sheep,
data/voc/silhouette/2010_005791.png,cat,"Based on the image provided, the object is a silhouette that strongly resembles a cat. The shape includes features such as pointed ears, a rounded body, and a tail-like shape, which are characteristic of a feline.

Therefore, the correct classification is:

Cat"
data/voc/silhouette/2010_005796.png,cat,"Based on the visual information provided in the image, the main object is a silhouette of a cat. The image shows the distinct shape of a cat, including its head, body, and tail.

From the given list of classes, the object can be classified as follows:

- Aeroplane: No
- Bicycle: No
- Bird: No
- Boat: No
- Bottle: No
- Bus: No
- Car: No
- Cat: Yes
- Chair: No"
data/voc/silhouette/2010_005800.png,chair,Chair
data/voc/silhouette/2010_005805.png,tvmonitor,
data/voc/silhouette/2010_005810.png,train,
data/voc/silhouette/2010_005820.png,sheep,"Based on the analysis of the image provided, the object is a silhouette that represents a dog. The features visible in the image, such as the shape and posture, are consistent with a dog.

Therefore, the correct classification is:

Dog"
data/voc/silhouette/2010_005830.png,sofa,
data/voc/silhouette/2010_005835.png,chair,Chair
data/voc/silhouette/2010_005836.png,car,
data/voc/silhouette/2010_005860.png,car,
data/voc/silhouette/2010_005871.png,person,
data/voc/silhouette/2010_005876.png,motorbike,Motorbike
data/voc/silhouette/2010_005877.png,aeroplane,assistantAeroplane
data/voc/silhouette/2010_005888.png,aeroplane,Aeroplane
data/voc/silhouette/2010_005891.png,car,
data/voc/silhouette/2010_005898.png,sofa,"Based on the image provided, the main object is a stylized silhouette of a dog. The object has a distinct shape with a head, body, and legs, and it is depicted in a white, cut-out style against a black background.

The class name from the list that best fits this object is:

Dog"
data/voc/silhouette/2010_005899.png,cat,Cat
data/voc/silhouette/2010_005919.png,horse,
data/voc/silhouette/2010_005922.png,cow,"Based on the image provided, the main object is a silhouette of a large animal with a body, legs, and a head, which is characteristic of a cow.

Therefore, the correct class is:

Cow"
data/voc/silhouette/2010_005927.png,boat,"Based on the visual information provided in the image, the main object is a silhouette of a sailboat. The object has a distinct shape with a large sail and a hull, which are characteristic features of a boat. Among the given classes, the most appropriate classification is:

Boat"
data/voc/silhouette/2010_005932.png,pottedplant,Potted Plant
data/voc/silhouette/2010_005951.png,car,
data/voc/silhouette/2010_005952.png,bottle,Bottle
data/voc/silhouette/2010_005978.png,aeroplane,
data/voc/silhouette/2010_005982.png,chair,
data/voc/silhouette/2010_005991.png,person,
data/voc/silhouette/2010_005992.png,dog,Dog
data/voc/silhouette/2010_006009.png,dog,"Based on the visual information provided in the image, the main object is a silhouette of a dog.

The image shows a black silhouette of an animal with pointed ears, a long body, and a distinct head shape, which are characteristic features of a dog. The object is not a bird, as birds typically have different beak and wing structures, and the silhouette does not show these features. It is not a cat, as cats have different facial features and body shapes. It is not a horse,"
data/voc/silhouette/2010_006026.png,sheep,"Based on the visual information provided, the main object in the image is a black silhouette of an animal with a rounded body, a long snout, and a small tail, which is characteristic of a cow.

Therefore, the correct class is:

Cow"
data/voc/silhouette/2010_006034.png,aeroplane,Aeroplane
data/voc/silhouette/2010_006054.png,train,
data/voc/silhouette/2010_006070.png,bicycle,
data/voc/silhouette/2011_000003.png,person,
data/voc/silhouette/2011_000006.png,sofa,
data/voc/silhouette/2011_000025.png,bus,
data/voc/silhouette/2011_000027.png,bottle,Bottle
data/voc/silhouette/2011_000045.png,dog,"Based on the image provided, the main object is a silhouette of a dog. The shape, with its four legs, body, and head, is characteristic of a canine animal.

Therefore, the correct classification is:

Dog"
data/voc/silhouette/2011_000051.png,person,
data/voc/silhouette/2011_000054.png,person,
data/voc/silhouette/2011_000066.png,bottle,
data/voc/silhouette/2011_000068.png,bird,
data/voc/silhouette/2011_000069.png,person,
data/voc/silhouette/2011_000070.png,sofa,
data/voc/silhouette/2011_000105.png,train,
data/voc/silhouette/2011_000108.png,chair,
data/voc/silhouette/2011_000112.png,bird,"Based on the image provided, the main object is a silhouette of a turtle.

The class name for the turtle is:

Turtle"
data/voc/silhouette/2011_000116.png,aeroplane,
data/voc/silhouette/2011_000122.png,sofa,
data/voc/silhouette/2011_000145.png,pottedplant,Potted Plant
data/voc/silhouette/2011_000149.png,bird,
data/voc/silhouette/2011_000152.png,chair,"Based on the image provided, the main object is a silhouette of a chair. The object has a distinct shape with a backrest, armrests, and legs, which are characteristic features of a chair.

Therefore, the correct classification is:

Chair"
data/voc/silhouette/2011_000173.png,sofa,
data/voc/silhouette/2011_000178.png,bus,
data/voc/silhouette/2011_000182.png,sofa,
data/voc/silhouette/2011_000185.png,bird,
data/voc/silhouette/2011_000197.png,train,
data/voc/silhouette/2011_000208.png,bus,"Based on the visual information provided in the image, the main object is a large, elongated vehicle with a distinct shape and features typical of a bus. The silhouette shows a long body, a roof, and wheels, which are characteristic of a public transport vehicle.

Therefore, the correct classification for the main object is:

Bus"
data/voc/silhouette/2011_000216.png,dog,Dog
data/voc/silhouette/2011_000219.png,cow,Cow
data/voc/silhouette/2011_000221.png,train,
data/voc/silhouette/2011_000222.png,bird,"``` 
Bird
```"
data/voc/silhouette/2011_000226.png,diningtable,Person
data/voc/silhouette/2011_000228.png,cow,"Based on the image provided, the main object is a silhouette of an animal that is clearly identifiable as a cow. The shape includes a body, four legs, a head, and a tail, consistent with a bovine animal.

From the given list of classes, the correct classification is:

Cow"
data/voc/silhouette/2011_000234.png,boat,
data/voc/silhouette/2011_000238.png,boat,
data/voc/silhouette/2011_000239.png,bus,
data/voc/silhouette/2011_000243.png,aeroplane,Aeroplane
data/voc/silhouette/2011_000248.png,bus,"Based on the visual evidence provided in the image, the object is a black silhouette that appears to be a motorbike. This is supported by the distinct shape, including the handlebars and the overall body structure typical of a motorcycle. The image is a simple black shape on a white background, which is consistent with the appearance of a motorbike.

Motorbike"
data/voc/silhouette/2011_000252.png,car,
data/voc/silhouette/2011_000258.png,bus,Bus
data/voc/silhouette/2011_000268.png,bird,
data/voc/silhouette/2011_000277.png,train,
data/voc/silhouette/2011_000278.png,boat,
data/voc/silhouette/2011_000283.png,train,
data/voc/silhouette/2011_000291.png,train,
data/voc/silhouette/2011_000293.png,car,"Based on the visual information provided in the image, the main object is a silhouette of a vehicle. The shape includes a body, a roof, and wheels, which are characteristic features of a car.

Therefore, the correct classification is:

Car"
data/voc/silhouette/2011_000310.png,sofa,"Based on the image provided, the main object is a silhouette of a piece of furniture that has the distinct shape of a sofa. The object is shown in a side view, and its form is consistent with that of a reclining or armchair-style sofa.

Therefore, the correct classification is:

Sofa"
data/voc/silhouette/2011_000312.png,bus,
data/voc/silhouette/2011_000338.png,diningtable,
data/voc/silhouette/2011_000345.png,cat,"The main object in the image is a cat. Therefore, the correct classification is:

Cat"
data/voc/silhouette/2011_000359.png,aeroplane,
data/voc/silhouette/2011_000379.png,cat,Cat
data/voc/silhouette/2011_000382.png,chair,
data/voc/silhouette/2011_000396.png,horse,Horse
data/voc/silhouette/2011_000400.png,tvmonitor,
data/voc/silhouette/2011_000412.png,bicycle,
data/voc/silhouette/2011_000419.png,cat,
data/voc/silhouette/2011_000428.png,dog,
data/voc/silhouette/2011_000435.png,boat,
data/voc/silhouette/2011_000436.png,sheep,"Based on the visual information provided, the main object in the image is a cow. It is depicted as a black silhouette with a distinct shape, including a large body, four legs, and a head with a visible horn, consistent with a cow.

Cow"
data/voc/silhouette/2011_000438.png,person,
data/voc/silhouette/2011_000449.png,dog,"Based on the visual characteristics of the object in the image, the main object is a horse. The silhouette shows a large animal with a distinct head, neck, and body, consistent with a horse in a standing or moving pose.

The correct classification is:
Horse"
data/voc/silhouette/2011_000453.png,bicycle,
data/voc/silhouette/2011_000455.png,person,
data/voc/silhouette/2011_000456.png,bird,"The main object in the image is a bird. Therefore, the correct classification is:

Bird"
data/voc/silhouette/2011_000457.png,sofa,
data/voc/silhouette/2011_000468.png,pottedplant,
data/voc/silhouette/2011_000469.png,cat,Cat
data/voc/silhouette/2011_000479.png,person,
data/voc/silhouette/2011_000481.png,aeroplane,
data/voc/silhouette/2011_000482.png,bird,
data/voc/silhouette/2011_000503.png,car,
data/voc/silhouette/2011_000512.png,motorbike,
data/voc/silhouette/2011_000513.png,train,
data/voc/silhouette/2011_000521.png,train,
data/voc/silhouette/2011_000526.png,horse,
data/voc/silhouette/2011_000536.png,dog,
data/voc/silhouette/2011_000542.png,dog,
data/voc/silhouette/2011_000548.png,cow,"Based on the image provided, the main object is a large, black silhouette of a bovine animal, which is clearly identifiable as a cow. The other animals are not visible, but the silhouette of the cow is the most prominent feature.

Cow"
data/voc/silhouette/2011_000550.png,sofa,
data/voc/silhouette/2011_000551.png,bus,
data/voc/silhouette/2011_000556.png,boat,
data/voc/silhouette/2011_000566.png,person,
data/voc/silhouette/2011_000573.png,diningtable,
data/voc/silhouette/2011_000577.png,person,
data/voc/silhouette/2011_000585.png,bicycle,Bicycle
data/voc/silhouette/2011_000589.png,person,"Based on the image provided, the main object is a silhouette of a person in motion, likely running.

From the given list of classes, the most appropriate classification is:

Person"
data/voc/silhouette/2011_000594.png,person,
data/voc/silhouette/2011_000598.png,diningtable,
data/voc/silhouette/2011_000607.png,chair,
data/voc/silhouette/2011_000618.png,motorbike,
data/voc/silhouette/2011_000637.png,motorbike,"Based on the visual information provided in the image, the main object is a silhouette of a person. The figure has a distinct shape with a head, body, and limbs, consistent with a human form.

Therefore, the correct classification is:

Person"
data/voc/silhouette/2011_000638.png,person,
data/voc/silhouette/2011_000641.png,sheep,"Based on the image provided, the main object is a silhouette of an animal with a body, legs, and a distinct shape that is characteristic of a sheep.

Therefore, the correct classification is:

Sheep"
data/voc/silhouette/2011_000642.png,person,
data/voc/silhouette/2011_000646.png,sofa,
data/voc/silhouette/2011_000651.png,motorbike,Motorbike
data/voc/silhouette/2011_000652.png,motorbike,"Based on the visual evidence provided in the image, the main object is a motorbike. This is determined by the distinct features visible in the silhouette, such as the wheel, the frame, and the overall shape that is characteristic of a motorbike.

Motorbike

- The image shows a silhouette of a vehicle with a large front wheel, a frame, and a visible engine area, which are all typical components of a motorbike.
- The object is not a bicycle, which typically has a smaller"
data/voc/silhouette/2011_000658.png,car,"Based on the visual information provided in the image, the main object is a black silhouette that appears to be a vehicle. It has a distinct shape with a long body, a visible front section, and a rear section that is wider. This configuration is characteristic of a vehicle designed for human transportation.

Looking at the options provided, the most fitting classification for this object is:

- **Car**

The other options such as ""Bicycle"", ""Motorbike"", ""Bus"", ""Train"", ""Boat"
data/voc/silhouette/2011_000661.png,chair,"Based on the visual information provided in the image, the main object is a stylized silhouette of a creature with a long body, legs, and a head, which is characteristic of a cat. The image is in black and white, and the shape is clearly that of a cat in a dynamic pose.

Therefore, the correct classification is:

Cat"
data/voc/silhouette/2011_000669.png,bird,
data/voc/silhouette/2011_000713.png,person,
data/voc/silhouette/2011_000747.png,pottedplant,
data/voc/silhouette/2011_000758.png,cat,Cat
data/voc/silhouette/2011_000768.png,person,
data/voc/silhouette/2011_000771.png,horse,"Based on the visual information provided, the main object in the image is a horse.

The image shows a black silhouette of a horse standing. The object is clearly identifiable as a horse, which is a type of animal.

Therefore, the correct classification is:

Horse"
data/voc/silhouette/2011_000780.png,cat,Cat
data/voc/silhouette/2011_000789.png,cat,Cat
data/voc/silhouette/2011_000790.png,aeroplane,Aeroplane
data/voc/silhouette/2011_000793.png,aeroplane,
data/voc/silhouette/2011_000807.png,aeroplane,Aeroplane
data/voc/silhouette/2011_000809.png,person,
data/voc/silhouette/2011_000813.png,chair,
data/voc/silhouette/2011_000830.png,bus,
data/voc/silhouette/2011_000834.png,sheep,
data/voc/silhouette/2011_000840.png,horse,
data/voc/silhouette/2011_000843.png,person,
data/voc/silhouette/2011_000874.png,aeroplane,Aeroplane
data/voc/silhouette/2011_000882.png,aeroplane,
data/voc/silhouette/2011_000888.png,bus,"Based on the visual information provided in the image, the main object is a vehicle with a long, rectangular body and a visible window, which is characteristic of a bus.

Therefore, the correct classification is:

Bus"
data/voc/silhouette/2011_000893.png,horse,
data/voc/silhouette/2011_000895.png,train,
data/voc/silhouette/2011_000900.png,car,
data/voc/silhouette/2011_000912.png,bird,
data/voc/silhouette/2011_000920.png,bottle,Bottle
data/voc/silhouette/2011_000934.png,pottedplant,
data/voc/silhouette/2011_000944.png,train,
data/voc/silhouette/2011_000953.png,diningtable,
data/voc/silhouette/2011_000969.png,bus,"Based on the provided image, the main object is a silhouette of a vehicle that is long and has a distinct shape, consistent with a bus.

The class name for the object is:
Bus"
data/voc/silhouette/2011_000973.png,cat,Cat
data/voc/silhouette/2011_000982.png,horse,Horse
data/voc/silhouette/2011_000997.png,train,
data/voc/silhouette/2011_000999.png,cat,"Based on the visual information provided in the image, the main object is a silhouette that clearly depicts a cat. The shape includes a body, a tail, and a head with ears, which are characteristic features of a feline. The object is not a vehicle, a piece of furniture, or a person.

Therefore, the correct classification is:

Cat"
data/voc/silhouette/2011_001004.png,car,
data/voc/silhouette/2011_001005.png,sofa,
data/voc/silhouette/2011_001014.png,dog,The main object in the image is a cow.
data/voc/silhouette/2011_001015.png,bus,"Based on the visual evidence provided in the image, the main object is a long, rectangular vehicle with a distinct shape, including a visible roof, windows, and wheels. This is characteristic of a bus.

The correct classification for the main object in the image is:

Bus"
data/voc/silhouette/2011_001020.png,sheep,
data/voc/silhouette/2011_001027.png,sofa,
data/voc/silhouette/2011_001047.png,cow,Cow
data/voc/silhouette/2011_001060.png,train,
data/voc/silhouette/2011_001064.png,bus,
data/voc/silhouette/2011_001069.png,person,
data/voc/silhouette/2011_001071.png,person,"Based on the visual information provided, the main object in the image is a silhouette of a human figure. Therefore, the correct classification from the given list is:

Person"
data/voc/silhouette/2011_001082.png,train,
data/voc/silhouette/2011_001110.png,car,
data/voc/silhouette/2011_001114.png,aeroplane,Aeroplane
data/voc/silhouette/2011_001133.png,aeroplane,Aeroplane
data/voc/silhouette/2011_001135.png,cat,Cat
data/voc/silhouette/2011_001139.png,diningtable,
data/voc/silhouette/2011_001159.png,cow,Cow
data/voc/silhouette/2011_001161.png,boat,
data/voc/silhouette/2011_001166.png,train,
data/voc/silhouette/2011_001175.png,sofa,
data/voc/silhouette/2011_001190.png,car,
data/voc/silhouette/2011_001198.png,sofa,
data/voc/silhouette/2011_001211.png,bird,"Based on the image provided, the main object is a silhouette of a bird. It has a distinct shape with a rounded body, a small head, a long tail, and a pointed beak. These features are characteristic of a bird.

Therefore, the correct classification is:

Bird"
data/voc/silhouette/2011_001232.png,cow,Cow
data/voc/silhouette/2011_001259.png,bird,
data/voc/silhouette/2011_001263.png,aeroplane,
data/voc/silhouette/2011_001270.png,bus,
data/voc/silhouette/2011_001276.png,person,"Based on the image provided, the main object is a silhouette of a person. The image shows a figure in a seated position, with one hand extended forward, which is consistent with a person sitting down.

From the given list of classes, the most appropriate classification for the main object is:

Person"
data/voc/silhouette/2011_001281.png,train,
data/voc/silhouette/2011_001287.png,bird,Bird
data/voc/silhouette/2011_001292.png,cat,
data/voc/silhouette/2011_001313.png,car,
data/voc/silhouette/2011_001336.png,diningtable,
data/voc/silhouette/2011_001341.png,bus,Bus
data/voc/silhouette/2011_001346.png,chair,
data/voc/silhouette/2011_001350.png,sheep,
data/voc/silhouette/2011_001400.png,person,
data/voc/silhouette/2011_001402.png,sofa,
data/voc/silhouette/2011_001407.png,aeroplane,
data/voc/silhouette/2011_001411.png,bus,"The main object in the image is a bus. Therefore, the correct class is:

Bus"
data/voc/silhouette/2011_001412.png,diningtable,
data/voc/silhouette/2011_001416.png,person,
data/voc/silhouette/2011_001421.png,bird,
data/voc/silhouette/2011_001432.png,bird,
data/voc/silhouette/2011_001434.png,aeroplane,Aeroplane
data/voc/silhouette/2011_001447.png,chair,
data/voc/silhouette/2011_001463.png,bird,
data/voc/silhouette/2011_001475.png,person,
data/voc/silhouette/2011_001479.png,bus,
data/voc/silhouette/2011_001489.png,aeroplane,
data/voc/silhouette/2011_001519.png,bus,
data/voc/silhouette/2011_001529.png,person,"Based on the image provided, the main object is a silhouette of a human figure in a dynamic pose, which is characteristic of a person. The figure appears to be in motion, possibly running or jumping.

From the given list of classes, the most appropriate classification is:

Person"
data/voc/silhouette/2011_001530.png,person,
data/voc/silhouette/2011_001534.png,cat,
data/voc/silhouette/2011_001536.png,bus,
data/voc/silhouette/2011_001542.png,car,Car
data/voc/silhouette/2011_001546.png,cow,"Based on the image provided, the main object is a silhouette of an animal with a body, four legs, and a head, which is characteristic of a cow.

Therefore, the correct classification is:

Cow"
data/voc/silhouette/2011_001567.png,chair,
data/voc/silhouette/2011_001571.png,person,
data/voc/silhouette/2011_001589.png,boat,Boat
data/voc/silhouette/2011_001597.png,cat,
data/voc/silhouette/2011_001601.png,sofa,
data/voc/silhouette/2011_001607.png,cat,Cat
data/voc/silhouette/2011_001613.png,boat,
data/voc/silhouette/2011_001614.png,train,"Based on the image provided, the main object is a silhouette of a train. The image shows a long, elongated shape with a front locomotive and several cars, which is characteristic of a train.

Therefore, the correct classification is:

Train"
data/voc/silhouette/2011_001619.png,person,"The main object in the image is a person. Therefore, the correct class is:

Person"
data/voc/silhouette/2011_001621.png,person,
data/voc/silhouette/2011_001622.png,pottedplant,
data/voc/silhouette/2011_001624.png,aeroplane,assistant:Aeroplane
data/voc/silhouette/2011_001632.png,person,
data/voc/silhouette/2011_001642.png,dog,Dog
data/voc/silhouette/2011_001652.png,bird,Bird
data/voc/silhouette/2011_001653.png,cow,
data/voc/silhouette/2011_001665.png,diningtable,
data/voc/silhouette/2011_001669.png,car,
data/voc/silhouette/2011_001674.png,sofa,
data/voc/silhouette/2011_001695.png,car,"Based on the image provided, the main object is a black silhouette of a piece of furniture that resembles a sofa.

From the given list of classes, the most appropriate classification is:

Sofa"
data/voc/silhouette/2011_001708.png,cow,Cow
data/voc/silhouette/2011_001710.png,person,Person
data/voc/silhouette/2011_001713.png,sofa,
data/voc/silhouette/2011_001714.png,person,
data/voc/silhouette/2011_001722.png,horse,Horse
data/voc/silhouette/2011_001726.png,pottedplant,"Based on the visual information provided in the image, the main object is a bird. The image shows a small, dark, stylized bird with a distinct shape and a long tail, set against a background of scattered dots. The bird is the central focus of the image, and its features are consistent with those of a bird.

Therefore, the correct classification is:

Bird"
data/voc/silhouette/2011_001730.png,tvmonitor,
data/voc/silhouette/2011_001745.png,dog,
data/voc/silhouette/2011_001748.png,bus,
data/voc/silhouette/2011_001753.png,aeroplane,Aeroplane
data/voc/silhouette/2011_001754.png,cat,
data/voc/silhouette/2011_001764.png,bird,
data/voc/silhouette/2011_001765.png,motorbike,
data/voc/silhouette/2011_001775.png,cat,
data/voc/silhouette/2011_001782.png,cow,
data/voc/silhouette/2011_001790.png,person,
data/voc/silhouette/2011_001793.png,boat,
data/voc/silhouette/2011_001794.png,person,Person
data/voc/silhouette/2011_001810.png,sheep,"Based on the image provided, the object is a silhouette that appears to be a motorbike, characterized by its elongated body, handlebars, and a visible front wheel. Although the image is very low-resolution and pixelated, the shape is consistent with a motorbike.

Motorbike"
data/voc/silhouette/2011_001812.png,chair,
data/voc/silhouette/2011_001855.png,dog,
data/voc/silhouette/2011_001862.png,sofa,
data/voc/silhouette/2011_001863.png,pottedplant,
data/voc/silhouette/2011_001866.png,bird,
data/voc/silhouette/2011_001868.png,dog,"Based on the visual information provided, the object in the image is a silhouette of a dog. The shape includes features typical of a dog, such as a head, body, and tail, and it is presented in a simple black and white format.

Therefore, the correct classification is:

Dog"
data/voc/silhouette/2011_001875.png,aeroplane,
data/voc/silhouette/2011_001880.png,aeroplane,
data/voc/silhouette/2011_001895.png,person,
data/voc/silhouette/2011_001902.png,bird,
data/voc/silhouette/2011_001904.png,train,
data/voc/silhouette/2011_001910.png,tvmonitor,Bottle
data/voc/silhouette/2011_001922.png,sofa,
data/voc/silhouette/2011_001924.png,bird,"Based on the provided image, the main object is a bird. The silhouette clearly shows a bird in flight, with a distinct shape including a head, body, wings, and tail.

Therefore, the correct class is:

Bird"
data/voc/silhouette/2011_001928.png,person,
data/voc/silhouette/2011_001959.png,bird,"Based on the image provided, the main object is a silhouette of a bird in flight. It has the distinct shape of a bird with wings spread and a long tail, which is characteristic of a bird in flight.

From the given list of classes, the correct classification is:

Bird"
data/voc/silhouette/2011_001967.png,bird,
data/voc/silhouette/2011_001972.png,chair,
data/voc/silhouette/2011_001974.png,sofa,"Based on the visual information provided, the object in the image is a silhouette that strongly resembles a sofa.

The object has a distinct shape with a backrest, armrests, and a seat, which are characteristic features of a sofa. The image is a simple black silhouette against a white background, which makes the form of the sofa clear.

Therefore, the correct classification is:

Sofa"
data/voc/silhouette/2011_001984.png,dog,"Based on the image provided, the main object is a silhouette of a large, rounded animal with a distinct posture, including a head with a pointed ear and a tail. The shape is consistent with a cow. The image shows a solid black silhouette against a white background, and the form is characteristic of a cow.

Therefore, the correct classification is:

Cow"
data/voc/silhouette/2011_001988.png,person,"Based on the visual information provided, the main object in the image is a silhouette of a person. The image shows a dark outline against a light background, which is characteristic of a person's profile.

Therefore, the correct class name is:

Person"
data/voc/silhouette/2011_001991.png,boat,
data/voc/silhouette/2011_002002.png,person,
data/voc/silhouette/2011_002027.png,sheep,
data/voc/silhouette/2011_002040.png,dog,
data/voc/silhouette/2011_002041.png,chair,
data/voc/silhouette/2011_002050.png,boat,
data/voc/silhouette/2011_002064.png,bicycle,
data/voc/silhouette/2011_002075.png,person,
data/voc/silhouette/2011_002098.png,dog,Dog
data/voc/silhouette/2011_002107.png,motorbike,
data/voc/silhouette/2011_002110.png,dog,"Based on the visual evidence provided in the image, the main object is a silhouette of a cat. The shape, with its distinct body, head, and tail, is characteristic of a domestic cat. The object is depicted in a sitting position, and its form is consistent with that of a cat.

Therefore, the correct classification is:

Cat"
data/voc/silhouette/2011_002111.png,bicycle,Bicycle
data/voc/silhouette/2011_002114.png,aeroplane,Aeroplane
data/voc/silhouette/2011_002119.png,sheep,
data/voc/silhouette/2011_002121.png,dog,"Based on the visual information provided, the main object in the image is a silhouette of a dog. The shape, with its rounded form and distinct features, is characteristic of a dog.

Therefore, the correct classification is:

Dog"
data/voc/silhouette/2011_002124.png,chair,"Based on the visual information provided, the object in the image is a silhouette of a vehicle. However, the shape is not typical of any of the listed classes such as a car, bus, train, or motorbike. The shape is more consistent with a specific type of vehicle.

The silhouette in the image is of a vehicle that is not a car, bus, or motorbike, but it is a shape that is often associated with a vehicle. The object is not a bicycle, bird,"
data/voc/silhouette/2011_002134.png,cow,"Based on the visual information provided in the image, the main object is a silhouette of a mammal with a distinct body shape, including a head, torso, and legs, which is characteristic of a domesticated animal. The animal is depicted in a resting position on the ground.

The object is a cow. Therefore, the correct classification is:

Cow"
data/voc/silhouette/2011_002135.png,person,
data/voc/silhouette/2011_002149.png,person,
data/voc/silhouette/2011_002150.png,bicycle,
data/voc/silhouette/2011_002156.png,dog,Dog
data/voc/silhouette/2011_002178.png,sheep,Sheep
data/voc/silhouette/2011_002200.png,diningtable,
data/voc/silhouette/2011_002222.png,aeroplane,Aeroplane
data/voc/silhouette/2011_002223.png,bicycle,
data/voc/silhouette/2011_002224.png,car,"Based on the image provided, the object is a silhouette that appears to be a **Bicycle**.

- The shape has a distinct frame, two wheels, handlebars, and a seat, which are all characteristic features of a bicycle.
- The image is a simple black silhouette against a white background, which is typical for a line drawing or a digital representation of a bicycle.

Therefore, the correct classification is:

Bicycle"
data/voc/silhouette/2011_002227.png,bus,
data/voc/silhouette/2011_002244.png,person,"Based on the image provided, the main object is a stylized, pixelated representation of a bird. The figure has a distinct shape with a head, body, and wings, which are characteristic of a bird. While the image is very simple and pixelated, the object is clearly identifiable as a bird.

Bird"
data/voc/silhouette/2011_002246.png,bird,"Based on the image provided, the main object is a silhouette of a bird. The object has the distinct shape of a bird, including a head, body, and wings. The image is a simple black silhouette against a white background.

Therefore, the correct class is:

Bird"
data/voc/silhouette/2011_002247.png,train,
data/voc/silhouette/2011_002279.png,dog,
data/voc/silhouette/2011_002291.png,sofa,Motorbike
data/voc/silhouette/2011_002295.png,bird,"``` 
Bird
```"
data/voc/silhouette/2011_002298.png,dog,
data/voc/silhouette/2011_002300.png,dog,"Based on the visual information provided, the main object in the image is a silhouette of a dog. The figure has a distinct shape with a body, legs, and a tail, consistent with a canine. The image does not show any other objects or features that would suggest a different classification.

Dog"
data/voc/silhouette/2011_002303.png,person,"Based on the visual information provided in the image, the main object is a silhouette of a human figure in a dynamic pose, which is characteristic of a person.

Therefore, the correct classification is:

Person"
data/voc/silhouette/2011_002308.png,person,
data/voc/silhouette/2011_002317.png,person,"Based on the visual information provided in the image, the main object is a silhouette of a human figure. The figure is standing with one hand on its hip, and the outline clearly shows a person's body, head, and torso.

Among the provided classes, the most accurate classification is:

Person"
data/voc/silhouette/2011_002322.png,person,
data/voc/silhouette/2011_002327.png,aeroplane,Aeroplane
data/voc/silhouette/2011_002335.png,sofa,Boat
data/voc/silhouette/2011_002341.png,horse,Horse
data/voc/silhouette/2011_002343.png,chair,
data/voc/silhouette/2011_002350.png,pottedplant,
data/voc/silhouette/2011_002358.png,diningtable,
data/voc/silhouette/2011_002371.png,dog,
data/voc/silhouette/2011_002379.png,train,
data/voc/silhouette/2011_002381.png,bird,
data/voc/silhouette/2011_002385.png,train,
data/voc/silhouette/2011_002389.png,cat,"Based on the visual information provided, the main object in the image is a silhouette that strongly resembles a dog. The shape includes a pointed head, a body, and what appears to be a tail, which are characteristic features of a dog.

Therefore, the correct class name is:

Dog"
data/voc/silhouette/2011_002391.png,sofa,
data/voc/silhouette/2011_002398.png,dog,
data/voc/silhouette/2011_002410.png,car,Car
data/voc/silhouette/2011_002447.png,sheep,
data/voc/silhouette/2011_002457.png,bus,"Based on the visual information provided in the image, the main object is a large, black silhouette with a shape consistent with a vehicle that has a long body, wheels, and windows. The presence of multiple wheels and a distinct body shape suggests it is a type of transport vehicle.

Among the given classes, the most appropriate classification for the object depicted is:

Bus

Therefore, the final answer is:

Bus"
data/voc/silhouette/2011_002464.png,sheep,
data/voc/silhouette/2011_002488.png,diningtable,
data/voc/silhouette/2011_002498.png,person,
data/voc/silhouette/2011_002503.png,bird,
data/voc/silhouette/2011_002504.png,aeroplane,Aeroplane
data/voc/silhouette/2011_002509.png,person,
data/voc/silhouette/2011_002511.png,person,
data/voc/silhouette/2011_002515.png,aeroplane,Aeroplane
data/voc/silhouette/2011_002528.png,train,
data/voc/silhouette/2011_002532.png,tvmonitor,"Based on the image provided, the main object is a television monitor.

The object is a rectangular screen, which is characteristic of a TV monitor. The image is a simple silhouette of the object, but the object is clearly identifiable as a TV monitor.

Therefore, the correct classification is:

TV Monitor"
data/voc/silhouette/2011_002535.png,train,"Based on the provided image, the main object is a black, elongated, and somewhat irregular shape with a distinct top edge and a flat bottom. It appears to be a solid, non-reflective object that is not a vehicle or a living creature.

The object's shape and context suggest it is a **TV Monitor**. This is because it has a distinct rectangular form with rounded corners, which is typical of a television screen. The object is also presented as a silhouette, which is consistent"
data/voc/silhouette/2011_002548.png,bird,
data/voc/silhouette/2011_002553.png,sheep,"Based on the image provided, the main object is a silhouette of an animal with a long body, four legs, and a head that appears to be in a standing posture with its head raised. This is characteristic of a sheep.

Therefore, the correct classification is:

Sheep"
data/voc/silhouette/2011_002559.png,bottle,Bottle
data/voc/silhouette/2011_002561.png,sofa,
data/voc/silhouette/2011_002575.png,person,"The main object in the image is a person sitting on a chair. The image shows a silhouette of a person seated on a chair, which is clearly identifiable as a chair. The person is sitting on the chair, which is the main object in the image. Therefore, the correct class is:

Chair"
data/voc/silhouette/2011_002578.png,person,
data/voc/silhouette/2011_002585.png,person,"Based on the visual information provided in the image, the main object is a silhouette of a person in a dynamic pose. The figure appears to be a human, with a bent leg and an arm extended, which is consistent with a person in motion, such as a person performing a dance move or a martial arts stance.

From the given list of classes, the most appropriate classification is:

Person"
data/voc/silhouette/2011_002589.png,dog,
data/voc/silhouette/2011_002590.png,person,
data/voc/silhouette/2011_002592.png,car,
data/voc/silhouette/2011_002623.png,person,Person
data/voc/silhouette/2011_002641.png,person,
data/voc/silhouette/2011_002644.png,sofa,
data/voc/silhouette/2011_002652.png,bird,
data/voc/silhouette/2011_002656.png,bicycle,
data/voc/silhouette/2011_002662.png,sheep,"Based on the visual information provided, the main object in the image is a stylized representation of a sheep.

The object has the following characteristics:
- It is a silhouette with a distinct body, legs, and a head.
- It has a prominent, rounded shape typical of a sheep.
- It is depicted in a simple black-and-white style, which is consistent with a logo or icon.

Given these features, the correct classification from the provided list is:

Sheep"
data/voc/silhouette/2011_002675.png,aeroplane,
data/voc/silhouette/2011_002685.png,cat,Cat
data/voc/silhouette/2011_002709.png,person,
data/voc/silhouette/2011_002713.png,bicycle,Bicycle
data/voc/silhouette/2011_002715.png,bird,
data/voc/silhouette/2011_002717.png,dog,
data/voc/silhouette/2011_002730.png,horse,
data/voc/silhouette/2011_002752.png,sofa,Bicycle
data/voc/silhouette/2011_002754.png,boat,Bicycle
data/voc/silhouette/2011_002767.png,bird,"Based on the image provided, the main object is a silhouette of a bird, specifically resembling a duck or a goose.

The correct class from the list is:

Bird"
data/voc/silhouette/2011_002770.png,person,"Based on the visual information provided in the image, the main object is a silhouette of a large animal with a distinct head and body shape. The features are consistent with those of a horse. The image shows the head, neck, and part of the body, which are characteristic of a horse.

Therefore, the correct class name is:

Horse"
data/voc/silhouette/2011_002812.png,car,
data/voc/silhouette/2011_002834.png,sofa,
data/voc/silhouette/2011_002851.png,aeroplane,
data/voc/silhouette/2011_002863.png,bottle,"The image is blank, so there is no object to classify. However, based on the provided list, the only possible class that could be associated with a blank image is ""TV Monitor,"" but there is no visual evidence of a TV monitor in the image. Given the constraints, the most appropriate response based on the list provided is:

None of the listed classes can be determined from the blank image."
data/voc/silhouette/2011_002872.png,person,
data/voc/silhouette/2011_002873.png,cow,"Based on the image provided, the main object is a silhouette of an animal that resembles a cow.

The correct class name from the list is:
Cow"
data/voc/silhouette/2011_002879.png,tvmonitor,"Based on the image provided, the main object is a black, rectangular shape with a simple, solid form, which is characteristic of a television monitor.

The class name is:
TV Monitor"
data/voc/silhouette/2011_002885.png,cow,
data/voc/silhouette/2011_002920.png,person,
data/voc/silhouette/2011_002929.png,aeroplane,Aeroplane
data/voc/silhouette/2011_002932.png,train,
data/voc/silhouette/2011_002935.png,person,
data/voc/silhouette/2011_002947.png,chair,
data/voc/silhouette/2011_002951.png,horse,
data/voc/silhouette/2011_002953.png,sofa,
data/voc/silhouette/2011_002956.png,bus,
data/voc/silhouette/2011_002975.png,boat,
data/voc/silhouette/2011_002993.png,aeroplane,
data/voc/silhouette/2011_002997.png,person,
data/voc/silhouette/2011_003003.png,bicycle,
data/voc/silhouette/2011_003011.png,chair,Chair
data/voc/silhouette/2011_003019.png,cow,Cow
data/voc/silhouette/2011_003025.png,boat,
data/voc/silhouette/2011_003030.png,bird,
data/voc/silhouette/2011_003038.png,person,
data/voc/silhouette/2011_003055.png,car,
data/voc/silhouette/2011_003057.png,motorbike,
data/voc/silhouette/2011_003066.png,diningtable,
data/voc/silhouette/2011_003078.png,motorbike,
data/voc/silhouette/2011_003085.png,horse,
data/voc/silhouette/2011_003103.png,pottedplant,
data/voc/silhouette/2011_003114.png,bus,"Based on the image provided, the main object is a silhouette of a vehicle with a distinct shape that includes a front cabin, two headlights, a side mirror, and wheels. This configuration is characteristic of a bus.

The class name for the object in the image is:
Bus"
data/voc/silhouette/2011_003121.png,car,
data/voc/silhouette/2011_003141.png,person,Person
data/voc/silhouette/2011_003145.png,bird,
data/voc/silhouette/2011_003146.png,train,
data/voc/silhouette/2011_003151.png,dog,
data/voc/silhouette/2011_003182.png,sofa,
data/voc/silhouette/2011_003184.png,horse,
data/voc/silhouette/2011_003197.png,train,"Based on the visual information provided, the main object in the image is a silhouette of a train. The shape includes a large, rounded top and a rectangular base with visible side structures that are characteristic of a train's body and windows.

Therefore, the correct classification is:

Train"
data/voc/silhouette/2011_003205.png,pottedplant,
data/voc/silhouette/2011_003216.png,cat,
data/voc/silhouette/2011_003238.png,person,
data/voc/silhouette/2011_003240.png,person,
data/voc/silhouette/2011_003246.png,person,
data/voc/silhouette/2011_003255.png,person,
data/voc/silhouette/2011_003256.png,sofa,
data/voc/silhouette/2011_003271.png,bottle,"Based on the visual information provided, the object in the image is a black, rectangular shape with rounded edges. This shape is consistent with the appearance of a television monitor. The object is not a car, bus, train, or airplane, nor is it a bird, dog, or cat. It is not a chair, sofa, or dining table. It is also not a bottle, boat, motorbike, or potted plant. The object is not a person, horse, cow, sheep"
