image_path,label,prediction
data/voc/silhouette/2007_000032.png,aeroplane,Aeroplane
data/voc/silhouette/2007_000033.png,aeroplane,Aeroplane
data/voc/silhouette/2007_000039.png,tvmonitor,Bottle
data/voc/silhouette/2007_000042.png,train,Train
data/voc/silhouette/2007_000061.png,boat,Boat
data/voc/silhouette/2007_000063.png,chair,Chair
data/voc/silhouette/2007_000068.png,bird,Bird
data/voc/silhouette/2007_000121.png,tvmonitor,TV Monitor
data/voc/silhouette/2007_000123.png,train,Car
data/voc/silhouette/2007_000129.png,person,Person
data/voc/silhouette/2007_000170.png,person,Person
data/voc/silhouette/2007_000175.png,sheep,Dog
data/voc/silhouette/2007_000187.png,tvmonitor,Car
data/voc/silhouette/2007_000241.png,boat,Car
data/voc/silhouette/2007_000243.png,aeroplane,Aeroplane
data/voc/silhouette/2007_000250.png,diningtable,Car
data/voc/silhouette/2007_000256.png,aeroplane,Aeroplane
data/voc/silhouette/2007_000323.png,person,Person
data/voc/silhouette/2007_000332.png,horse,Horse
data/voc/silhouette/2007_000333.png,train,Car
data/voc/silhouette/2007_000346.png,person,Person
data/voc/silhouette/2007_000363.png,bird,Bird
data/voc/silhouette/2007_000364.png,motorbike,Motorbike
data/voc/silhouette/2007_000392.png,horse,Horse
data/voc/silhouette/2007_000452.png,sofa,Train
data/voc/silhouette/2007_000464.png,cow,Cow
data/voc/silhouette/2007_000480.png,aeroplane,Person
data/voc/silhouette/2007_000491.png,cow,Cow
data/voc/silhouette/2007_000504.png,cow,Dog
data/voc/silhouette/2007_000515.png,person,Person
data/voc/silhouette/2007_000528.png,cat,Cat
data/voc/silhouette/2007_000529.png,boat,Aeroplane
data/voc/silhouette/2007_000549.png,cat,Dog
data/voc/silhouette/2007_000559.png,tvmonitor,TV Monitor
data/voc/silhouette/2007_000572.png,bicycle,Bicycle
data/voc/silhouette/2007_000584.png,bicycle,Bicycle
data/voc/silhouette/2007_000629.png,train,Car
data/voc/silhouette/2007_000636.png,train,Train
data/voc/silhouette/2007_000645.png,bird,Person
data/voc/silhouette/2007_000648.png,bus,Bus
data/voc/silhouette/2007_000661.png,sofa,Car
data/voc/silhouette/2007_000663.png,bus,Bus
data/voc/silhouette/2007_000676.png,sheep,Dog
data/voc/silhouette/2007_000713.png,boat,Aeroplane
data/voc/silhouette/2007_000720.png,dog,Dog
data/voc/silhouette/2007_000727.png,bus,Bus
data/voc/silhouette/2007_000733.png,motorbike,Person
data/voc/silhouette/2007_000738.png,aeroplane,Aeroplane
data/voc/silhouette/2007_000762.png,diningtable,Car
data/voc/silhouette/2007_000768.png,bus,Car
data/voc/silhouette/2007_000783.png,horse,Horse
data/voc/silhouette/2007_000793.png,bicycle,Bicycle
data/voc/silhouette/2007_000799.png,horse,Horse
data/voc/silhouette/2007_000804.png,sofa,Car
data/voc/silhouette/2007_000822.png,motorbike,Dog
data/voc/silhouette/2007_000830.png,diningtable,Dining Table
data/voc/silhouette/2007_000836.png,horse,Car
data/voc/silhouette/2007_000837.png,boat,Train
data/voc/silhouette/2007_000847.png,person,Person
data/voc/silhouette/2007_000862.png,boat,Boat
data/voc/silhouette/2007_000876.png,cat,Cat
data/voc/silhouette/2007_000904.png,horse,Car
data/voc/silhouette/2007_000925.png,sheep,Sheep
data/voc/silhouette/2007_000999.png,person,Person
data/voc/silhouette/2007_001027.png,sofa,Car
data/voc/silhouette/2007_001073.png,cow,Cow
data/voc/silhouette/2007_001149.png,pottedplant,Potted Plant
data/voc/silhouette/2007_001154.png,sofa,Sofa
data/voc/silhouette/2007_001175.png,person,Person
data/voc/silhouette/2007_001185.png,person,Person
data/voc/silhouette/2007_001225.png,dog,Car
data/voc/silhouette/2007_001239.png,dog,Cat
data/voc/silhouette/2007_001284.png,person,Person
data/voc/silhouette/2007_001288.png,aeroplane,Aeroplane
data/voc/silhouette/2007_001289.png,bird,Bird
data/voc/silhouette/2007_001299.png,cow,Cow
data/voc/silhouette/2007_001311.png,person,Person
data/voc/silhouette/2007_001321.png,car,Car
data/voc/silhouette/2007_001340.png,person,Person
data/voc/silhouette/2007_001377.png,aeroplane,Dog
data/voc/silhouette/2007_001397.png,dog,Chair
data/voc/silhouette/2007_001408.png,person,Motorbike
data/voc/silhouette/2007_001416.png,sheep,Motorbike
data/voc/silhouette/2007_001420.png,horse,Horse
data/voc/silhouette/2007_001423.png,person,Person
data/voc/silhouette/2007_001430.png,person,Person
data/voc/silhouette/2007_001439.png,diningtable,Car
data/voc/silhouette/2007_001457.png,sofa,Sofa
data/voc/silhouette/2007_001458.png,sofa,Car
data/voc/silhouette/2007_001487.png,boat,Sofa
data/voc/silhouette/2007_001526.png,person,Person
data/voc/silhouette/2007_001568.png,aeroplane,Aeroplane
data/voc/silhouette/2007_001585.png,sofa,Car
data/voc/silhouette/2007_001586.png,horse,Horse
data/voc/silhouette/2007_001587.png,bicycle,Bicycle
data/voc/silhouette/2007_001594.png,person,Person
data/voc/silhouette/2007_001595.png,bus,Bus
data/voc/silhouette/2007_001602.png,bottle,Person
data/voc/silhouette/2007_001609.png,diningtable,Car
data/voc/silhouette/2007_001630.png,person,Person
data/voc/silhouette/2007_001677.png,diningtable,Car
data/voc/silhouette/2007_001678.png,person,Person
data/voc/silhouette/2007_001698.png,boat,Train
data/voc/silhouette/2007_001704.png,tvmonitor,Sofa
data/voc/silhouette/2007_001709.png,motorbike,Motorbike
data/voc/silhouette/2007_001717.png,person,Person
data/voc/silhouette/2007_001724.png,horse,Sheep
data/voc/silhouette/2007_001733.png,sheep,Bird
data/voc/silhouette/2007_001761.png,aeroplane,Aeroplane
data/voc/silhouette/2007_001763.png,sofa,Cat
data/voc/silhouette/2007_001764.png,cow,Cow
data/voc/silhouette/2007_001774.png,cat,Car
data/voc/silhouette/2007_001825.png,dog,Bird
data/voc/silhouette/2007_001834.png,diningtable,Dining Table
data/voc/silhouette/2007_001857.png,car,Train
data/voc/silhouette/2007_001872.png,sheep,Person
data/voc/silhouette/2007_001884.png,aeroplane,Aeroplane
data/voc/silhouette/2007_001901.png,sofa,Dog
data/voc/silhouette/2007_001917.png,cow,Car
data/voc/silhouette/2007_001955.png,horse,Dog
data/voc/silhouette/2007_001960.png,horse,Horse
data/voc/silhouette/2007_002024.png,bus,Person
data/voc/silhouette/2007_002046.png,horse,Horse
data/voc/silhouette/2007_002055.png,sofa,Car
data/voc/silhouette/2007_002088.png,cow,Cow
data/voc/silhouette/2007_002094.png,bird,Bird
data/voc/silhouette/2007_002099.png,aeroplane,Aeroplane
data/voc/silhouette/2007_002105.png,motorbike,Motorbike
data/voc/silhouette/2007_002107.png,aeroplane,Aeroplane
data/voc/silhouette/2007_002119.png,person,Person
data/voc/silhouette/2007_002120.png,person,Person
data/voc/silhouette/2007_002132.png,tvmonitor,Car
data/voc/silhouette/2007_002142.png,person,Person
data/voc/silhouette/2007_002198.png,aeroplane,Aeroplane
data/voc/silhouette/2007_002212.png,bird,Bird
data/voc/silhouette/2007_002216.png,bus,Bus
data/voc/silhouette/2007_002227.png,bicycle,Bicycle
data/voc/silhouette/2007_002234.png,boat,Boat
data/voc/silhouette/2007_002260.png,motorbike,Motorbike
data/voc/silhouette/2007_002266.png,aeroplane,Aeroplane
data/voc/silhouette/2007_002268.png,sofa,Car
data/voc/silhouette/2007_002273.png,horse,Car
data/voc/silhouette/2007_002281.png,car,Car
data/voc/silhouette/2007_002284.png,pottedplant,Person
data/voc/silhouette/2007_002293.png,person,Person
data/voc/silhouette/2007_002361.png,pottedplant,Bird
data/voc/silhouette/2007_002368.png,diningtable,Dining Table
data/voc/silhouette/2007_002370.png,car,Car
data/voc/silhouette/2007_002376.png,aeroplane,Aeroplane
data/voc/silhouette/2007_002378.png,pottedplant,Bottle
data/voc/silhouette/2007_002387.png,cow,Car
data/voc/silhouette/2007_002400.png,bird,Bird
data/voc/silhouette/2007_002403.png,boat,Boat
data/voc/silhouette/2007_002412.png,bird,Bird
data/voc/silhouette/2007_002426.png,person,Person
data/voc/silhouette/2007_002427.png,sofa,Car
data/voc/silhouette/2007_002445.png,cat,Cat
data/voc/silhouette/2007_002462.png,train,Car
data/voc/silhouette/2007_002470.png,cat,Cat
data/voc/silhouette/2007_002488.png,motorbike,Motorbike
data/voc/silhouette/2007_002539.png,bus,Person
data/voc/silhouette/2007_002545.png,sofa,Person
data/voc/silhouette/2007_002565.png,train,Train
data/voc/silhouette/2007_002597.png,dog,Dog
data/voc/silhouette/2007_002611.png,person,Person
data/voc/silhouette/2007_002618.png,sheep,Cow
data/voc/silhouette/2007_002619.png,aeroplane,Aeroplane
data/voc/silhouette/2007_002624.png,person,Person
data/voc/silhouette/2007_002639.png,person,Person
data/voc/silhouette/2007_002643.png,motorbike,Motorbike
data/voc/silhouette/2007_002648.png,sheep,Dog
data/voc/silhouette/2007_002668.png,person,Person
data/voc/silhouette/2007_002669.png,cow,Cow
data/voc/silhouette/2007_002719.png,boat,Aeroplane
data/voc/silhouette/2007_002728.png,person,Person
data/voc/silhouette/2007_002760.png,cat,Cat
data/voc/silhouette/2007_002789.png,cow,Cow
data/voc/silhouette/2007_002823.png,motorbike,Person
data/voc/silhouette/2007_002824.png,person,Person
data/voc/silhouette/2007_002845.png,sheep,Car
data/voc/silhouette/2007_002852.png,dog,Dog
data/voc/silhouette/2007_002895.png,person,Person
data/voc/silhouette/2007_002896.png,bird,Person
data/voc/silhouette/2007_002903.png,cow,Cow
data/voc/silhouette/2007_002914.png,person,Person
data/voc/silhouette/2007_002953.png,tvmonitor,Person
data/voc/silhouette/2007_002954.png,person,Person
data/voc/silhouette/2007_002967.png,pottedplant,Potted Plant
data/voc/silhouette/2007_003000.png,aeroplane,Bird
data/voc/silhouette/2007_003011.png,sofa,Car
data/voc/silhouette/2007_003020.png,person,Person
data/voc/silhouette/2007_003022.png,horse,Horse
data/voc/silhouette/2007_003051.png,car,Car
data/voc/silhouette/2007_003088.png,person,Person
data/voc/silhouette/2007_003101.png,bus,Car
data/voc/silhouette/2007_003106.png,person,Person
data/voc/silhouette/2007_003110.png,dog,Person
data/voc/silhouette/2007_003118.png,person,Person
data/voc/silhouette/2007_003131.png,boat,Boat
data/voc/silhouette/2007_003134.png,person,Person
data/voc/silhouette/2007_003137.png,bus,Bus
data/voc/silhouette/2007_003143.png,car,Car
data/voc/silhouette/2007_003169.png,cat,Cat
data/voc/silhouette/2007_003178.png,train,Aeroplane
data/voc/silhouette/2007_003188.png,bicycle,Bicycle
data/voc/silhouette/2007_003189.png,person,Person
data/voc/silhouette/2007_003190.png,sheep,Sheep
data/voc/silhouette/2007_003191.png,person,Person
data/voc/silhouette/2007_003194.png,dog,Dog
data/voc/silhouette/2007_003195.png,bus,Car
data/voc/silhouette/2007_003201.png,cow,Cow
data/voc/silhouette/2007_003205.png,chair,Sofa
data/voc/silhouette/2007_003207.png,bottle,Bottle
data/voc/silhouette/2007_003251.png,diningtable,Dining Table
data/voc/silhouette/2007_003267.png,bird,Dog
data/voc/silhouette/2007_003286.png,train,Train
data/voc/silhouette/2007_003330.png,bird,Bird
data/voc/silhouette/2007_003349.png,bird,Bird
data/voc/silhouette/2007_003367.png,motorbike,Car
data/voc/silhouette/2007_003373.png,dog,Train
data/voc/silhouette/2007_003431.png,person,Person
data/voc/silhouette/2007_003451.png,sofa,Car
data/voc/silhouette/2007_003499.png,train,Car
data/voc/silhouette/2007_003503.png,bus,Bus
data/voc/silhouette/2007_003506.png,pottedplant,Potted Plant
data/voc/silhouette/2007_003525.png,cat,Cat
data/voc/silhouette/2007_003529.png,person,Person
data/voc/silhouette/2007_003530.png,person,Person
data/voc/silhouette/2007_003541.png,person,Person
data/voc/silhouette/2007_003565.png,bird,Bird
data/voc/silhouette/2007_003571.png,boat,Aeroplane
data/voc/silhouette/2007_003580.png,person,Person
data/voc/silhouette/2007_003587.png,train,Aeroplane
data/voc/silhouette/2007_003593.png,sheep,Sheep
data/voc/silhouette/2007_003604.png,dog,Person
data/voc/silhouette/2007_003611.png,horse,Dog
data/voc/silhouette/2007_003621.png,bicycle,Bicycle
data/voc/silhouette/2007_003668.png,diningtable,Car
data/voc/silhouette/2007_003682.png,bird,Bird
data/voc/silhouette/2007_003711.png,bus,Car
data/voc/silhouette/2007_003714.png,sheep,Dog
data/voc/silhouette/2007_003715.png,bus,Bus
data/voc/silhouette/2007_003742.png,person,Person
data/voc/silhouette/2007_003778.png,cat,Cat
data/voc/silhouette/2007_003786.png,bus,Car
data/voc/silhouette/2007_003788.png,chair,Sheep
data/voc/silhouette/2007_003815.png,car,Car
data/voc/silhouette/2007_003841.png,cow,Cow
data/voc/silhouette/2007_003848.png,train,Train
data/voc/silhouette/2007_003861.png,boat,Boat
data/voc/silhouette/2007_003872.png,dog,Dog
data/voc/silhouette/2007_003876.png,aeroplane,Aeroplane
data/voc/silhouette/2007_003889.png,horse,Cat
data/voc/silhouette/2007_003910.png,boat,Boat
data/voc/silhouette/2007_003917.png,car,Dog
data/voc/silhouette/2007_003957.png,train,Boat
data/voc/silhouette/2007_003991.png,cat,Dog
data/voc/silhouette/2007_004003.png,motorbike,Motorbike
data/voc/silhouette/2007_004009.png,aeroplane,Aeroplane
data/voc/silhouette/2007_004033.png,motorbike,Person
data/voc/silhouette/2007_004052.png,aeroplane,Aeroplane
data/voc/silhouette/2007_004065.png,bus,Bus
data/voc/silhouette/2007_004081.png,pottedplant,Potted Plant
data/voc/silhouette/2007_004112.png,person,Person
data/voc/silhouette/2007_004121.png,person,Person
data/voc/silhouette/2007_004143.png,bird,Bird
data/voc/silhouette/2007_004166.png,diningtable,Car
data/voc/silhouette/2007_004189.png,dog,Dog
data/voc/silhouette/2007_004190.png,tvmonitor,TV Monitor
data/voc/silhouette/2007_004193.png,chair,Aeroplane
data/voc/silhouette/2007_004241.png,boat,Car
data/voc/silhouette/2007_004275.png,motorbike,Person
data/voc/silhouette/2007_004281.png,train,Car
data/voc/silhouette/2007_004289.png,person,Person
data/voc/silhouette/2007_004291.png,person,Person
data/voc/silhouette/2007_004328.png,person,Person
data/voc/silhouette/2007_004380.png,motorbike,Motorbike
data/voc/silhouette/2007_004392.png,person,Person
data/voc/silhouette/2007_004405.png,diningtable,Dining Table
data/voc/silhouette/2007_004423.png,sheep,Sheep
data/voc/silhouette/2007_004459.png,aeroplane,Aeroplane
data/voc/silhouette/2007_004468.png,bottle,Bottle
data/voc/silhouette/2007_004476.png,person,Person
data/voc/silhouette/2007_004481.png,car,Car
data/voc/silhouette/2007_004483.png,train,Aeroplane
data/voc/silhouette/2007_004500.png,cow,Cow
data/voc/silhouette/2007_004510.png,chair,Chair
data/voc/silhouette/2007_004537.png,horse,Dog
data/voc/silhouette/2007_004538.png,horse,Horse
data/voc/silhouette/2007_004558.png,pottedplant,Potted Plant
data/voc/silhouette/2007_004627.png,train,Bottle
data/voc/silhouette/2007_004644.png,dog,Cat
data/voc/silhouette/2007_004649.png,train,Car
data/voc/silhouette/2007_004663.png,train,Train
data/voc/silhouette/2007_004705.png,car,Car
data/voc/silhouette/2007_004707.png,pottedplant,Potted Plant
data/voc/silhouette/2007_004712.png,person,Person
data/voc/silhouette/2007_004722.png,person,Person
data/voc/silhouette/2007_004768.png,sheep,Sheep
data/voc/silhouette/2007_004769.png,bicycle,Person
data/voc/silhouette/2007_004810.png,car,Car
data/voc/silhouette/2007_004830.png,car,Car
data/voc/silhouette/2007_004841.png,aeroplane,Aeroplane
data/voc/silhouette/2007_004856.png,cat,Cat
data/voc/silhouette/2007_004866.png,cat,Cat
data/voc/silhouette/2007_004902.png,person,Person
data/voc/silhouette/2007_004948.png,pottedplant,Car
data/voc/silhouette/2007_004951.png,train,Train
data/voc/silhouette/2007_004969.png,sheep,Sheep
data/voc/silhouette/2007_004988.png,aeroplane,Aeroplane
data/voc/silhouette/2007_004998.png,cat,Dog
data/voc/silhouette/2007_005043.png,aeroplane,Aeroplane
data/voc/silhouette/2007_005058.png,sheep,Dog
data/voc/silhouette/2007_005064.png,bicycle,Person
data/voc/silhouette/2007_005074.png,boat,Boat
data/voc/silhouette/2007_005086.png,person,Person
data/voc/silhouette/2007_005107.png,bicycle,Bicycle
data/voc/silhouette/2007_005114.png,person,Person
data/voc/silhouette/2007_005124.png,cow,Cow
data/voc/silhouette/2007_005130.png,bird,Car
data/voc/silhouette/2007_005144.png,person,Person
data/voc/silhouette/2007_005149.png,dog,Car
data/voc/silhouette/2007_005173.png,person,Person
data/voc/silhouette/2007_005210.png,tvmonitor,TV Monitor
data/voc/silhouette/2007_005212.png,sofa,Train
data/voc/silhouette/2007_005227.png,person,Person
data/voc/silhouette/2007_005248.png,horse,Dog
data/voc/silhouette/2007_005262.png,bus,Car
data/voc/silhouette/2007_005264.png,bird,Bird
data/voc/silhouette/2007_005266.png,sofa,Car
data/voc/silhouette/2007_005273.png,bicycle,Motorbike
data/voc/silhouette/2007_005281.png,person,Person
data/voc/silhouette/2007_005294.png,bottle,Bottle
data/voc/silhouette/2007_005296.png,car,Car
data/voc/silhouette/2007_005304.png,person,Person
data/voc/silhouette/2007_005314.png,motorbike,Car
data/voc/silhouette/2007_005331.png,horse,Horse
data/voc/silhouette/2007_005354.png,motorbike,Car
data/voc/silhouette/2007_005358.png,aeroplane,Aeroplane
data/voc/silhouette/2007_005360.png,train,Camera
data/voc/silhouette/2007_005368.png,person,Person
data/voc/silhouette/2007_005428.png,bottle,Dog
data/voc/silhouette/2007_005430.png,person,Person
data/voc/silhouette/2007_005460.png,cat,Cat
data/voc/silhouette/2007_005469.png,sheep,Car
data/voc/silhouette/2007_005509.png,aeroplane,Aeroplane
data/voc/silhouette/2007_005547.png,car,Car
data/voc/silhouette/2007_005600.png,aeroplane,Aeroplane
data/voc/silhouette/2007_005608.png,motorbike,Motorbike
data/voc/silhouette/2007_005626.png,train,Train
data/voc/silhouette/2007_005647.png,diningtable,Aeroplane
data/voc/silhouette/2007_005688.png,cat,Cat
data/voc/silhouette/2007_005689.png,train,Train
data/voc/silhouette/2007_005696.png,dog,Dog
data/voc/silhouette/2007_005702.png,person,Person
data/voc/silhouette/2007_005705.png,boat,Boat
data/voc/silhouette/2007_005759.png,motorbike,Motorbike
data/voc/silhouette/2007_005790.png,person,Person
data/voc/silhouette/2007_005797.png,cow,Cow
data/voc/silhouette/2007_005803.png,diningtable,Dining Table
data/voc/silhouette/2007_005813.png,pottedplant,Potted Plant
data/voc/silhouette/2007_005828.png,aeroplane,Aeroplane
data/voc/silhouette/2007_005844.png,diningtable,Car
data/voc/silhouette/2007_005845.png,person,Person
data/voc/silhouette/2007_005857.png,pottedplant,Potted Plant
data/voc/silhouette/2007_005859.png,person,Person
data/voc/silhouette/2007_005878.png,motorbike,Motorbike
data/voc/silhouette/2007_005902.png,tvmonitor,TV Monitor
data/voc/silhouette/2007_005911.png,bus,Bus
data/voc/silhouette/2007_005915.png,sheep,Sheep
data/voc/silhouette/2007_005951.png,motorbike,Motorbike
data/voc/silhouette/2007_005978.png,bus,Car
data/voc/silhouette/2007_005988.png,person,Person
data/voc/silhouette/2007_005989.png,motorbike,Motorbike
data/voc/silhouette/2007_006004.png,chair,Person
data/voc/silhouette/2007_006028.png,person,Person
data/voc/silhouette/2007_006035.png,car,Car
data/voc/silhouette/2007_006046.png,boat,Boat
data/voc/silhouette/2007_006066.png,tvmonitor,Car
data/voc/silhouette/2007_006076.png,person,Person
data/voc/silhouette/2007_006086.png,diningtable,Car
data/voc/silhouette/2007_006117.png,person,Person
data/voc/silhouette/2007_006134.png,horse,Horse
data/voc/silhouette/2007_006136.png,sheep,Sheep
data/voc/silhouette/2007_006151.png,horse,Horse
data/voc/silhouette/2007_006171.png,dog,Dog
data/voc/silhouette/2007_006212.png,aeroplane,Aeroplane
data/voc/silhouette/2007_006232.png,aeroplane,Aeroplane
data/voc/silhouette/2007_006241.png,diningtable,Sofa
data/voc/silhouette/2007_006254.png,train,Car
data/voc/silhouette/2007_006260.png,cat,Train
data/voc/silhouette/2007_006277.png,car,Car
data/voc/silhouette/2007_006281.png,boat,Boat
data/voc/silhouette/2007_006303.png,pottedplant,Bottle
data/voc/silhouette/2007_006317.png,bus,Bicycle
data/voc/silhouette/2007_006348.png,chair,Chair
data/voc/silhouette/2007_006364.png,horse,Horse
data/voc/silhouette/2007_006373.png,sofa,Car
data/voc/silhouette/2007_006400.png,train,Car
data/voc/silhouette/2007_006409.png,diningtable,Car
data/voc/silhouette/2007_006444.png,dog,Dog
data/voc/silhouette/2007_006445.png,horse,Horse
data/voc/silhouette/2007_006449.png,bicycle,Bicycle
data/voc/silhouette/2007_006477.png,person,Person
data/voc/silhouette/2007_006483.png,person,Person
data/voc/silhouette/2007_006490.png,boat,Car
data/voc/silhouette/2007_006530.png,sofa,Car
data/voc/silhouette/2007_006549.png,boat,Car
data/voc/silhouette/2007_006553.png,chair,Chair
data/voc/silhouette/2007_006560.png,person,Person
data/voc/silhouette/2007_006581.png,bicycle,Horse
data/voc/silhouette/2007_006585.png,person,Person
data/voc/silhouette/2007_006605.png,chair,Chair
data/voc/silhouette/2007_006615.png,person,Person
data/voc/silhouette/2007_006641.png,cat,Cat
data/voc/silhouette/2007_006647.png,motorbike,Motorbike
data/voc/silhouette/2007_006660.png,boat,Boat
data/voc/silhouette/2007_006661.png,person,Person
data/voc/silhouette/2007_006673.png,boat,Boat
data/voc/silhouette/2007_006678.png,sheep,Sheep
data/voc/silhouette/2007_006680.png,train,Train
data/voc/silhouette/2007_006698.png,person,Person
data/voc/silhouette/2007_006699.png,person,Cat
data/voc/silhouette/2007_006704.png,tvmonitor,Car
data/voc/silhouette/2007_006761.png,cow,Cow
data/voc/silhouette/2007_006802.png,train,Person
data/voc/silhouette/2007_006803.png,train,Car
data/voc/silhouette/2007_006832.png,sheep,Sheep
data/voc/silhouette/2007_006837.png,sheep,Sheep
data/voc/silhouette/2007_006841.png,cow,Cow
data/voc/silhouette/2007_006864.png,person,Person
data/voc/silhouette/2007_006865.png,bird,Car
data/voc/silhouette/2007_006866.png,horse,Horse
data/voc/silhouette/2007_006899.png,sheep,Sheep
data/voc/silhouette/2007_006900.png,car,Car
data/voc/silhouette/2007_006944.png,sheep,Dog
data/voc/silhouette/2007_006946.png,aeroplane,Aeroplane
data/voc/silhouette/2007_007003.png,car,Car
data/voc/silhouette/2007_007007.png,person,Person
data/voc/silhouette/2007_007021.png,diningtable,Car
data/voc/silhouette/2007_007048.png,sheep,Sheep
data/voc/silhouette/2007_007084.png,bird,Bird
data/voc/silhouette/2007_007098.png,cat,Person
data/voc/silhouette/2007_007109.png,horse,Horse
data/voc/silhouette/2007_007130.png,tvmonitor,TV Monitor
data/voc/silhouette/2007_007154.png,person,Person
data/voc/silhouette/2007_007165.png,sheep,Dog
data/voc/silhouette/2007_007168.png,train,Train
data/voc/silhouette/2007_007195.png,person,Person
data/voc/silhouette/2007_007196.png,tvmonitor,TV Monitor
data/voc/silhouette/2007_007203.png,tvmonitor,Car
data/voc/silhouette/2007_007211.png,motorbike,Motorbike
data/voc/silhouette/2007_007230.png,sheep,Dog
data/voc/silhouette/2007_007235.png,bicycle,Bicycle
data/voc/silhouette/2007_007250.png,tvmonitor,Car
data/voc/silhouette/2007_007341.png,aeroplane,Aeroplane
data/voc/silhouette/2007_007355.png,motorbike,Car
data/voc/silhouette/2007_007387.png,train,Train
data/voc/silhouette/2007_007398.png,bus,Person
data/voc/silhouette/2007_007414.png,car,Car
data/voc/silhouette/2007_007415.png,boat,Boat
data/voc/silhouette/2007_007417.png,sofa,Car
data/voc/silhouette/2007_007432.png,chair,Train
data/voc/silhouette/2007_007447.png,person,Person
data/voc/silhouette/2007_007470.png,aeroplane,Aeroplane
data/voc/silhouette/2007_007477.png,boat,Car
data/voc/silhouette/2007_007480.png,bus,Bus
data/voc/silhouette/2007_007481.png,bird,Cat
data/voc/silhouette/2007_007493.png,person,Person
data/voc/silhouette/2007_007498.png,person,Person
data/voc/silhouette/2007_007523.png,bird,Bird
data/voc/silhouette/2007_007524.png,cat,Cat
data/voc/silhouette/2007_007530.png,chair,Chair
data/voc/silhouette/2007_007534.png,sheep,Cow
data/voc/silhouette/2007_007585.png,dog,Dog
data/voc/silhouette/2007_007591.png,bus,Car
data/voc/silhouette/2007_007621.png,sheep,Dog
data/voc/silhouette/2007_007624.png,pottedplant,Potted Plant
data/voc/silhouette/2007_007649.png,person,Person
data/voc/silhouette/2007_007651.png,diningtable,Sofa
data/voc/silhouette/2007_007688.png,motorbike,Horse
data/voc/silhouette/2007_007698.png,aeroplane,Aeroplane
data/voc/silhouette/2007_007726.png,train,Person
data/voc/silhouette/2007_007748.png,horse,Horse
data/voc/silhouette/2007_007772.png,cow,Cow
data/voc/silhouette/2007_007773.png,bus,Car
data/voc/silhouette/2007_007783.png,motorbike,Car
data/voc/silhouette/2007_007795.png,person,Person
data/voc/silhouette/2007_007810.png,diningtable,Car
data/voc/silhouette/2007_007815.png,car,Car
data/voc/silhouette/2007_007818.png,car,Car
data/voc/silhouette/2007_007836.png,bicycle,Bicycle
data/voc/silhouette/2007_007849.png,person,Person
data/voc/silhouette/2007_007878.png,cat,Dog
data/voc/silhouette/2007_007881.png,train,Train
data/voc/silhouette/2007_007890.png,pottedplant,Person
data/voc/silhouette/2007_007891.png,person,Person
data/voc/silhouette/2007_007902.png,motorbike,Motorbike
data/voc/silhouette/2007_007908.png,bus,Bus
data/voc/silhouette/2007_007930.png,dog,Cat
data/voc/silhouette/2007_007947.png,train,Car
data/voc/silhouette/2007_007948.png,car,Car
data/voc/silhouette/2007_007996.png,person,Person
data/voc/silhouette/2007_008043.png,person,Person
data/voc/silhouette/2007_008051.png,bird,Bird
data/voc/silhouette/2007_008072.png,person,Person
data/voc/silhouette/2007_008084.png,bird,Person
data/voc/silhouette/2007_008085.png,bird,Bird
data/voc/silhouette/2007_008106.png,chair,Chair
data/voc/silhouette/2007_008110.png,chair,Person
data/voc/silhouette/2007_008140.png,pottedplant,Person
data/voc/silhouette/2007_008142.png,horse,Horse
data/voc/silhouette/2007_008203.png,sofa,Car
data/voc/silhouette/2007_008204.png,tvmonitor,Car
data/voc/silhouette/2007_008218.png,person,Person
data/voc/silhouette/2007_008219.png,person,Bottle
data/voc/silhouette/2007_008222.png,dog,Dog
data/voc/silhouette/2007_008256.png,horse,Horse
data/voc/silhouette/2007_008260.png,sofa,Car
data/voc/silhouette/2007_008307.png,horse,Horse
data/voc/silhouette/2007_008339.png,train,Train
data/voc/silhouette/2007_008374.png,person,Person
data/voc/silhouette/2007_008403.png,cat,Cat
data/voc/silhouette/2007_008407.png,person,Person
data/voc/silhouette/2007_008415.png,dog,Dog
data/voc/silhouette/2007_008430.png,person,Person
data/voc/silhouette/2007_008468.png,sofa,Car
data/voc/silhouette/2007_008526.png,horse,Dog
data/voc/silhouette/2007_008543.png,sofa,Car
data/voc/silhouette/2007_008547.png,pottedplant,Car
data/voc/silhouette/2007_008571.png,boat,Boat
data/voc/silhouette/2007_008575.png,cat,Cat
data/voc/silhouette/2007_008596.png,person,Person
data/voc/silhouette/2007_008645.png,boat,Boat
data/voc/silhouette/2007_008670.png,bird,Bird
data/voc/silhouette/2007_008708.png,person,Person
data/voc/silhouette/2007_008714.png,aeroplane,Aeroplane
data/voc/silhouette/2007_008722.png,cow,Dog
data/voc/silhouette/2007_008747.png,bus,Bus
data/voc/silhouette/2007_008764.png,bird,Bird
data/voc/silhouette/2007_008778.png,person,Person
data/voc/silhouette/2007_008801.png,person,Person
data/voc/silhouette/2007_008802.png,horse,Bird
data/voc/silhouette/2007_008815.png,cat,Cat
data/voc/silhouette/2007_008821.png,sofa,Car
data/voc/silhouette/2007_008897.png,person,Person
data/voc/silhouette/2007_008927.png,cow,Cow
data/voc/silhouette/2007_008932.png,person,Person
data/voc/silhouette/2007_008944.png,person,Person
data/voc/silhouette/2007_008945.png,diningtable,Car
data/voc/silhouette/2007_008948.png,chair,Car
data/voc/silhouette/2007_008964.png,dog,Dog
data/voc/silhouette/2007_008973.png,cow,Cow
data/voc/silhouette/2007_008980.png,dog,Car
data/voc/silhouette/2007_008994.png,motorbike,Motorbike
data/voc/silhouette/2007_009015.png,bus,Car
data/voc/silhouette/2007_009030.png,aeroplane,Aeroplane
data/voc/silhouette/2007_009052.png,car,Car
data/voc/silhouette/2007_009068.png,person,Car
data/voc/silhouette/2007_009082.png,cow,Cow
data/voc/silhouette/2007_009084.png,motorbike,Motorbike
data/voc/silhouette/2007_009088.png,bird,Person
data/voc/silhouette/2007_009096.png,car,Car
data/voc/silhouette/2007_009139.png,motorbike,Bird
data/voc/silhouette/2007_009209.png,motorbike,Car
data/voc/silhouette/2007_009216.png,tvmonitor,Car
data/voc/silhouette/2007_009221.png,cat,Cat
data/voc/silhouette/2007_009245.png,cow,Cow
data/voc/silhouette/2007_009251.png,horse,Horse
data/voc/silhouette/2007_009252.png,sofa,Car
data/voc/silhouette/2007_009258.png,person,Person
data/voc/silhouette/2007_009295.png,bicycle,Bicycle
data/voc/silhouette/2007_009320.png,person,Person
data/voc/silhouette/2007_009322.png,motorbike,Dog
data/voc/silhouette/2007_009323.png,bird,Bird
data/voc/silhouette/2007_009327.png,person,Person
data/voc/silhouette/2007_009331.png,person,Person
data/voc/silhouette/2007_009346.png,cat,Cat
data/voc/silhouette/2007_009348.png,aeroplane,Aeroplane
data/voc/silhouette/2007_009392.png,bus,Car
data/voc/silhouette/2007_009413.png,person,Person
data/voc/silhouette/2007_009419.png,pottedplant,Dog
data/voc/silhouette/2007_009422.png,bird,Bird
data/voc/silhouette/2007_009435.png,sofa,Sofa
data/voc/silhouette/2007_009436.png,train,Person
data/voc/silhouette/2007_009446.png,tvmonitor,Car
data/voc/silhouette/2007_009458.png,bottle,Car
data/voc/silhouette/2007_009464.png,cat,Dog
data/voc/silhouette/2007_009521.png,sofa,Car
data/voc/silhouette/2007_009527.png,boat,Boat
data/voc/silhouette/2007_009533.png,boat,Boat
data/voc/silhouette/2007_009550.png,chair,Chair
data/voc/silhouette/2007_009554.png,person,Person
data/voc/silhouette/2007_009562.png,dog,Person
data/voc/silhouette/2007_009580.png,train,Car
data/voc/silhouette/2007_009592.png,sofa,Person
data/voc/silhouette/2007_009594.png,tvmonitor,Car
data/voc/silhouette/2007_009597.png,train,Train
data/voc/silhouette/2007_009605.png,dog,Person
data/voc/silhouette/2007_009607.png,bird,Car
data/voc/silhouette/2007_009618.png,bicycle,Bicycle
data/voc/silhouette/2007_009630.png,cat,Person
data/voc/silhouette/2007_009649.png,person,Person
data/voc/silhouette/2007_009654.png,person,Person
data/voc/silhouette/2007_009655.png,sofa,Sofa
data/voc/silhouette/2007_009665.png,horse,Aeroplane
data/voc/silhouette/2007_009684.png,person,Person
data/voc/silhouette/2007_009687.png,person,Person
data/voc/silhouette/2007_009691.png,motorbike,Person
data/voc/silhouette/2007_009706.png,diningtable,Dining Table
data/voc/silhouette/2007_009709.png,bottle,Bottle
data/voc/silhouette/2007_009724.png,cat,Cat
data/voc/silhouette/2007_009750.png,pottedplant,Aeroplane
data/voc/silhouette/2007_009756.png,motorbike,Motorbike
data/voc/silhouette/2007_009759.png,bird,Bird
data/voc/silhouette/2007_009764.png,bus,Train
data/voc/silhouette/2007_009779.png,car,Person
data/voc/silhouette/2007_009788.png,bicycle,Bicycle
data/voc/silhouette/2007_009794.png,cat,Cat
data/voc/silhouette/2007_009807.png,horse,Horse
data/voc/silhouette/2007_009817.png,bird,Bird
data/voc/silhouette/2007_009832.png,bus,Car
data/voc/silhouette/2007_009841.png,horse,Horse
data/voc/silhouette/2007_009889.png,dog,Dog
data/voc/silhouette/2007_009897.png,cow,Cow
data/voc/silhouette/2007_009899.png,dog,Dog
data/voc/silhouette/2007_009901.png,person,Person
data/voc/silhouette/2007_009911.png,aeroplane,Aeroplane
data/voc/silhouette/2007_009923.png,cat,Dog
data/voc/silhouette/2007_009938.png,motorbike,Motorbike
data/voc/silhouette/2007_009947.png,boat,Boat
data/voc/silhouette/2007_009950.png,train,Car
data/voc/silhouette/2008_000009.png,cow,Cow
data/voc/silhouette/2008_000015.png,bottle,Car
data/voc/silhouette/2008_000016.png,tvmonitor,Sofa
data/voc/silhouette/2008_000019.png,dog,Dog
data/voc/silhouette/2008_000028.png,car,Car
data/voc/silhouette/2008_000033.png,aeroplane,Aeroplane
data/voc/silhouette/2008_000073.png,cow,Dog
data/voc/silhouette/2008_000074.png,car,Car
data/voc/silhouette/2008_000075.png,bus,Bus
data/voc/silhouette/2008_000080.png,dog,Dog
data/voc/silhouette/2008_000089.png,chair,Chair
data/voc/silhouette/2008_000103.png,bird,Bird
data/voc/silhouette/2008_000105.png,car,Car
data/voc/silhouette/2008_000107.png,chair,Car
data/voc/silhouette/2008_000120.png,boat,Car
data/voc/silhouette/2008_000123.png,bird,Bird
data/voc/silhouette/2008_000131.png,bird,Car
data/voc/silhouette/2008_000144.png,motorbike,Motorbike
data/voc/silhouette/2008_000149.png,sofa,Car
data/voc/silhouette/2008_000162.png,dog,Dog
data/voc/silhouette/2008_000182.png,cat,Cat
data/voc/silhouette/2008_000187.png,car,Car
data/voc/silhouette/2008_000188.png,pottedplant,Potted Plant
data/voc/silhouette/2008_000197.png,aeroplane,Aeroplane
data/voc/silhouette/2008_000207.png,person,Person
data/voc/silhouette/2008_000213.png,person,Person
data/voc/silhouette/2008_000215.png,person,Person
data/voc/silhouette/2008_000217.png,person,Person
data/voc/silhouette/2008_000223.png,person,Person
data/voc/silhouette/2008_000226.png,car,Dog
data/voc/silhouette/2008_000233.png,person,Person
data/voc/silhouette/2008_000234.png,person,Person
data/voc/silhouette/2008_000235.png,boat,Car
data/voc/silhouette/2008_000238.png,bus,Bus
data/voc/silhouette/2008_000239.png,dog,Car
data/voc/silhouette/2008_000254.png,person,Person
data/voc/silhouette/2008_000259.png,person,Person
data/voc/silhouette/2008_000270.png,sofa,Car
data/voc/silhouette/2008_000271.png,person,Person
data/voc/silhouette/2008_000273.png,dog,Dog
data/voc/silhouette/2008_000284.png,person,Person
data/voc/silhouette/2008_000287.png,pottedplant,Potted Plant
data/voc/silhouette/2008_000289.png,person,Person
data/voc/silhouette/2008_000290.png,person,Person
data/voc/silhouette/2008_000309.png,tvmonitor,Car
data/voc/silhouette/2008_000316.png,person,Person
data/voc/silhouette/2008_000336.png,dog,Dog
data/voc/silhouette/2008_000345.png,cat,Cat
data/voc/silhouette/2008_000348.png,tvmonitor,Car
data/voc/silhouette/2008_000359.png,person,Person
data/voc/silhouette/2008_000361.png,bird,Bird
data/voc/silhouette/2008_000365.png,person,Person
data/voc/silhouette/2008_000391.png,pottedplant,Potted Plant
data/voc/silhouette/2008_000399.png,car,Car
data/voc/silhouette/2008_000400.png,bird,Car
data/voc/silhouette/2008_000401.png,cat,Cat
data/voc/silhouette/2008_000415.png,person,Person
data/voc/silhouette/2008_000422.png,person,Person
data/voc/silhouette/2008_000436.png,person,Person
data/voc/silhouette/2008_000464.png,cat,Cat
data/voc/silhouette/2008_000469.png,person,Person
data/voc/silhouette/2008_000470.png,train,Aeroplane
data/voc/silhouette/2008_000474.png,person,Person
data/voc/silhouette/2008_000491.png,pottedplant,Potted Plant
data/voc/silhouette/2008_000495.png,chair,Bicycle
data/voc/silhouette/2008_000501.png,car,Car
data/voc/silhouette/2008_000505.png,boat,Car
data/voc/silhouette/2008_000510.png,person,Person
data/voc/silhouette/2008_000515.png,bird,Bird
data/voc/silhouette/2008_000533.png,bird,Bird
data/voc/silhouette/2008_000540.png,person,Person
data/voc/silhouette/2008_000544.png,person,Person
data/voc/silhouette/2008_000567.png,boat,Boat
data/voc/silhouette/2008_000573.png,person,Person
data/voc/silhouette/2008_000578.png,tvmonitor,Car
data/voc/silhouette/2008_000584.png,person,Person
data/voc/silhouette/2008_000588.png,chair,Cat
data/voc/silhouette/2008_000589.png,sofa,Sofa
data/voc/silhouette/2008_000595.png,car,Car
data/voc/silhouette/2008_000602.png,horse,Horse
data/voc/silhouette/2008_000626.png,chair,Chair
data/voc/silhouette/2008_000630.png,person,Person
data/voc/silhouette/2008_000645.png,person,Person
data/voc/silhouette/2008_000657.png,train,Car
data/voc/silhouette/2008_000661.png,person,Car
data/voc/silhouette/2008_000662.png,person,Person
data/voc/silhouette/2008_000666.png,person,Person
data/voc/silhouette/2008_000673.png,person,Person
data/voc/silhouette/2008_000676.png,dog,Car
data/voc/silhouette/2008_000696.png,horse,Dog
data/voc/silhouette/2008_000700.png,person,Person
data/voc/silhouette/2008_000711.png,cow,Cow
data/voc/silhouette/2008_000716.png,aeroplane,Aeroplane
data/voc/silhouette/2008_000725.png,person,Person
data/voc/silhouette/2008_000731.png,person,Person
data/voc/silhouette/2008_000733.png,person,Person
data/voc/silhouette/2008_000760.png,chair,Chair
data/voc/silhouette/2008_000763.png,diningtable,Car
data/voc/silhouette/2008_000764.png,bicycle,Bicycle
data/voc/silhouette/2008_000765.png,horse,Horse
data/voc/silhouette/2008_000778.png,person,Person
data/voc/silhouette/2008_000782.png,motorbike,Person
data/voc/silhouette/2008_000785.png,bird,Bird
data/voc/silhouette/2008_000795.png,person,Person
data/voc/silhouette/2008_000811.png,person,Car
data/voc/silhouette/2008_000832.png,bird,Bird
data/voc/silhouette/2008_000841.png,person,Person
data/voc/silhouette/2008_000848.png,bird,Car
data/voc/silhouette/2008_000853.png,cat,Car
data/voc/silhouette/2008_000860.png,cat,Cat
data/voc/silhouette/2008_000861.png,bird,Bird
data/voc/silhouette/2008_000863.png,dog,Sheep
data/voc/silhouette/2008_000870.png,person,Person
data/voc/silhouette/2008_000911.png,bottle,Bottle
data/voc/silhouette/2008_000919.png,cow,Person
data/voc/silhouette/2008_000923.png,pottedplant,Car
data/voc/silhouette/2008_000943.png,dog,Cat
data/voc/silhouette/2008_000992.png,person,Person
data/voc/silhouette/2008_001013.png,boat,Boat
data/voc/silhouette/2008_001028.png,person,Person
data/voc/silhouette/2008_001030.png,sofa,Car
data/voc/silhouette/2008_001040.png,boat,Boat
data/voc/silhouette/2008_001056.png,boat,Boat
data/voc/silhouette/2008_001070.png,dog,Dog
data/voc/silhouette/2008_001074.png,person,Person
data/voc/silhouette/2008_001076.png,person,Person
data/voc/silhouette/2008_001078.png,cat,Cat
data/voc/silhouette/2008_001106.png,person,Person
data/voc/silhouette/2008_001112.png,person,Person
data/voc/silhouette/2008_001118.png,train,Car
data/voc/silhouette/2008_001119.png,person,Person
data/voc/silhouette/2008_001135.png,boat,Train
data/voc/silhouette/2008_001137.png,dog,Person
data/voc/silhouette/2008_001150.png,motorbike,Motorbike
data/voc/silhouette/2008_001159.png,boat,Boat
data/voc/silhouette/2008_001169.png,train,Train
data/voc/silhouette/2008_001170.png,person,Person
data/voc/silhouette/2008_001188.png,person,Person
data/voc/silhouette/2008_001203.png,motorbike,Car
data/voc/silhouette/2008_001208.png,car,Car
data/voc/silhouette/2008_001215.png,person,Person
data/voc/silhouette/2008_001231.png,bicycle,Bottle
data/voc/silhouette/2008_001235.png,horse,Horse
data/voc/silhouette/2008_001245.png,person,Person
data/voc/silhouette/2008_001249.png,person,Person
data/voc/silhouette/2008_001260.png,boat,Boat
data/voc/silhouette/2008_001263.png,person,Person
data/voc/silhouette/2008_001274.png,car,Car
data/voc/silhouette/2008_001283.png,person,Person
data/voc/silhouette/2008_001308.png,person,Person
data/voc/silhouette/2008_001358.png,train,Train
data/voc/silhouette/2008_001375.png,person,Person
data/voc/silhouette/2008_001379.png,dog,Person
data/voc/silhouette/2008_001387.png,bird,Bird
data/voc/silhouette/2008_001399.png,sofa,Sofa
data/voc/silhouette/2008_001402.png,person,Person
data/voc/silhouette/2008_001404.png,person,Person
data/voc/silhouette/2008_001408.png,person,Person
data/voc/silhouette/2008_001413.png,person,Person
data/voc/silhouette/2008_001433.png,cat,Cat
data/voc/silhouette/2008_001439.png,chair,Chair
data/voc/silhouette/2008_001462.png,person,Car
data/voc/silhouette/2008_001467.png,person,Person
data/voc/silhouette/2008_001478.png,dog,Car
data/voc/silhouette/2008_001479.png,dog,Dog
data/voc/silhouette/2008_001491.png,person,Person
data/voc/silhouette/2008_001498.png,dog,Car
data/voc/silhouette/2008_001504.png,person,Person
data/voc/silhouette/2008_001510.png,person,Person
data/voc/silhouette/2008_001513.png,cat,Car
data/voc/silhouette/2008_001514.png,bird,Bird
data/voc/silhouette/2008_001523.png,person,Person
data/voc/silhouette/2008_001531.png,bicycle,Aeroplane
data/voc/silhouette/2008_001546.png,aeroplane,Aeroplane
data/voc/silhouette/2008_001547.png,person,Person
data/voc/silhouette/2008_001566.png,bicycle,Bicycle
data/voc/silhouette/2008_001580.png,boat,Car
data/voc/silhouette/2008_001592.png,cat,Cat
data/voc/silhouette/2008_001601.png,sheep,Sheep
data/voc/silhouette/2008_001610.png,cat,Cat
data/voc/silhouette/2008_001629.png,person,Person
data/voc/silhouette/2008_001632.png,car,Car
data/voc/silhouette/2008_001640.png,cat,Cat
data/voc/silhouette/2008_001643.png,motorbike,Car
data/voc/silhouette/2008_001682.png,horse,Horse
data/voc/silhouette/2008_001688.png,tvmonitor,TV Monitor
data/voc/silhouette/2008_001691.png,motorbike,Motorbike
data/voc/silhouette/2008_001715.png,chair,Chair
data/voc/silhouette/2008_001716.png,car,Car
data/voc/silhouette/2008_001719.png,aeroplane,Aeroplane
data/voc/silhouette/2008_001741.png,cat,Dog
data/voc/silhouette/2008_001761.png,person,Person
data/voc/silhouette/2008_001787.png,sofa,Aeroplane
data/voc/silhouette/2008_001821.png,person,Person
data/voc/silhouette/2008_001829.png,bird,Bird
data/voc/silhouette/2008_001874.png,person,Person
data/voc/silhouette/2008_001876.png,cat,Car
data/voc/silhouette/2008_001882.png,person,Person
data/voc/silhouette/2008_001885.png,cat,Cat
data/voc/silhouette/2008_001895.png,dog,Car
data/voc/silhouette/2008_001896.png,sofa,Car
data/voc/silhouette/2008_001926.png,train,Car
data/voc/silhouette/2008_001966.png,bird,Bird
data/voc/silhouette/2008_001971.png,aeroplane,Aeroplane
data/voc/silhouette/2008_001992.png,person,Person
data/voc/silhouette/2008_001997.png,chair,Chair
data/voc/silhouette/2008_002032.png,diningtable,Aeroplane
data/voc/silhouette/2008_002043.png,bird,Bird
data/voc/silhouette/2008_002064.png,bird,Bird
data/voc/silhouette/2008_002066.png,tvmonitor,Car
data/voc/silhouette/2008_002067.png,person,Person
data/voc/silhouette/2008_002073.png,bird,Bird
data/voc/silhouette/2008_002079.png,diningtable,Train
data/voc/silhouette/2008_002080.png,person,Person
data/voc/silhouette/2008_002123.png,motorbike,Motorbike
data/voc/silhouette/2008_002152.png,cat,Car
data/voc/silhouette/2008_002160.png,dog,Cow
data/voc/silhouette/2008_002175.png,chair,Chair
data/voc/silhouette/2008_002177.png,cat,Dog
data/voc/silhouette/2008_002182.png,cat,Cat
data/voc/silhouette/2008_002200.png,bird,Bird
data/voc/silhouette/2008_002205.png,bus,Bus
data/voc/silhouette/2008_002210.png,person,Person
data/voc/silhouette/2008_002212.png,car,Car
data/voc/silhouette/2008_002215.png,cat,Cat
data/voc/silhouette/2008_002218.png,chair,Person
data/voc/silhouette/2008_002221.png,aeroplane,Aeroplane
data/voc/silhouette/2008_002239.png,dog,Dog
data/voc/silhouette/2008_002240.png,motorbike,Motorbike
data/voc/silhouette/2008_002241.png,person,Person
data/voc/silhouette/2008_002247.png,person,Person
data/voc/silhouette/2008_002248.png,person,Person
data/voc/silhouette/2008_002255.png,bird,Bird
data/voc/silhouette/2008_002258.png,car,Car
data/voc/silhouette/2008_002269.png,bicycle,Bicycle
data/voc/silhouette/2008_002273.png,pottedplant,Car
data/voc/silhouette/2008_002288.png,chair,Person
data/voc/silhouette/2008_002338.png,horse,Horse
data/voc/silhouette/2008_002358.png,aeroplane,Aeroplane
data/voc/silhouette/2008_002379.png,pottedplant,Potted Plant
data/voc/silhouette/2008_002383.png,motorbike,Person
data/voc/silhouette/2008_002411.png,horse,Horse
data/voc/silhouette/2008_002425.png,person,Person
data/voc/silhouette/2008_002429.png,bird,Bird
data/voc/silhouette/2008_002464.png,tvmonitor,Car
data/voc/silhouette/2008_002467.png,bottle,Bottle
data/voc/silhouette/2008_002471.png,bird,Bird
data/voc/silhouette/2008_002473.png,car,Car
data/voc/silhouette/2008_002492.png,boat,TV Monitor
data/voc/silhouette/2008_002495.png,person,Person
data/voc/silhouette/2008_002504.png,boat,Boat
data/voc/silhouette/2008_002521.png,chair,Chair
data/voc/silhouette/2008_002536.png,sheep,Sheep
data/voc/silhouette/2008_002551.png,aeroplane,Car
data/voc/silhouette/2008_002588.png,person,Person
data/voc/silhouette/2008_002623.png,cat,Train
data/voc/silhouette/2008_002641.png,person,Person
data/voc/silhouette/2008_002650.png,tvmonitor,Car
data/voc/silhouette/2008_002680.png,tvmonitor,Car
data/voc/silhouette/2008_002681.png,cat,Cat
data/voc/silhouette/2008_002697.png,horse,Horse
data/voc/silhouette/2008_002704.png,car,Car
data/voc/silhouette/2008_002710.png,car,Car
data/voc/silhouette/2008_002719.png,aeroplane,Aeroplane
data/voc/silhouette/2008_002749.png,cat,Dog
data/voc/silhouette/2008_002762.png,horse,Horse
data/voc/silhouette/2008_002772.png,motorbike,Motorbike
data/voc/silhouette/2008_002775.png,diningtable,Car
data/voc/silhouette/2008_002778.png,cow,Cow
data/voc/silhouette/2008_002834.png,car,Car
data/voc/silhouette/2008_002835.png,horse,Cow
data/voc/silhouette/2008_002859.png,dog,Dog
data/voc/silhouette/2008_002864.png,person,Person
data/voc/silhouette/2008_002868.png,person,Person
data/voc/silhouette/2008_002885.png,person,Person
data/voc/silhouette/2008_002894.png,bicycle,Bicycle
data/voc/silhouette/2008_002900.png,train,Train
data/voc/silhouette/2008_002904.png,dog,Dog
data/voc/silhouette/2008_002929.png,sofa,Person
data/voc/silhouette/2008_002936.png,dog,Dog
data/voc/silhouette/2008_002942.png,person,Car
data/voc/silhouette/2008_002958.png,car,Person
data/voc/silhouette/2008_002960.png,person,Person
data/voc/silhouette/2008_002970.png,bird,Bird
data/voc/silhouette/2008_002972.png,motorbike,Motorbike
data/voc/silhouette/2008_002993.png,horse,Horse
data/voc/silhouette/2008_003003.png,tvmonitor,Car
data/voc/silhouette/2008_003026.png,tvmonitor,Car
data/voc/silhouette/2008_003034.png,boat,Car
data/voc/silhouette/2008_003060.png,bus,Cat
data/voc/silhouette/2008_003065.png,cow,Person
data/voc/silhouette/2008_003068.png,train,Train
data/voc/silhouette/2008_003076.png,person,Person
data/voc/silhouette/2008_003083.png,train,Car
data/voc/silhouette/2008_003087.png,bird,Bird
data/voc/silhouette/2008_003094.png,cow,Cow
data/voc/silhouette/2008_003101.png,dog,Cow
data/voc/silhouette/2008_003105.png,train,Boat
data/voc/silhouette/2008_003108.png,person,Person
data/voc/silhouette/2008_003110.png,bird,Bird
data/voc/silhouette/2008_003135.png,pottedplant,Bottle
data/voc/silhouette/2008_003141.png,bus,Car
data/voc/silhouette/2008_003155.png,aeroplane,Aeroplane
data/voc/silhouette/2008_003168.png,chair,Person
data/voc/silhouette/2008_003180.png,dog,Dog
data/voc/silhouette/2008_003196.png,aeroplane,Aeroplane
data/voc/silhouette/2008_003200.png,tvmonitor,TV Monitor
data/voc/silhouette/2008_003208.png,person,Person
data/voc/silhouette/2008_003210.png,person,Person
data/voc/silhouette/2008_003238.png,dog,Dog
data/voc/silhouette/2008_003252.png,chair,Bottle
data/voc/silhouette/2008_003270.png,bicycle,Bicycle
data/voc/silhouette/2008_003329.png,person,Person
data/voc/silhouette/2008_003330.png,person,Person
data/voc/silhouette/2008_003333.png,motorbike,Motorbike
data/voc/silhouette/2008_003362.png,boat,Car
data/voc/silhouette/2008_003369.png,aeroplane,Aeroplane
data/voc/silhouette/2008_003373.png,bus,Bus
data/voc/silhouette/2008_003379.png,horse,Horse
data/voc/silhouette/2008_003381.png,bus,Bus
data/voc/silhouette/2008_003415.png,car,Car
data/voc/silhouette/2008_003429.png,motorbike,Motorbike
data/voc/silhouette/2008_003451.png,person,Person
data/voc/silhouette/2008_003461.png,horse,Horse
data/voc/silhouette/2008_003477.png,diningtable,Car
data/voc/silhouette/2008_003480.png,boat,Car
data/voc/silhouette/2008_003492.png,person,Person
data/voc/silhouette/2008_003499.png,cat,Dog
data/voc/silhouette/2008_003500.png,tvmonitor,TV Monitor
data/voc/silhouette/2008_003511.png,person,Person
data/voc/silhouette/2008_003523.png,pottedplant,Dog
data/voc/silhouette/2008_003546.png,person,Person
data/voc/silhouette/2008_003562.png,sofa,Car
data/voc/silhouette/2008_003576.png,dog,Car
data/voc/silhouette/2008_003577.png,car,Car
data/voc/silhouette/2008_003585.png,tvmonitor,TV Monitor
data/voc/silhouette/2008_003665.png,dog,Dog
data/voc/silhouette/2008_003676.png,person,Person
data/voc/silhouette/2008_003691.png,bus,Bus
data/voc/silhouette/2008_003701.png,boat,Boat
data/voc/silhouette/2008_003703.png,aeroplane,Aeroplane
data/voc/silhouette/2008_003709.png,sofa,Sofa
data/voc/silhouette/2008_003729.png,aeroplane,Aeroplane
data/voc/silhouette/2008_003733.png,person,Person
data/voc/silhouette/2008_003769.png,motorbike,Motorbike
data/voc/silhouette/2008_003774.png,diningtable,Dining Table
data/voc/silhouette/2008_003777.png,bus,Train
data/voc/silhouette/2008_003779.png,person,Person
data/voc/silhouette/2008_003782.png,horse,Horse
data/voc/silhouette/2008_003814.png,sofa,Car
data/voc/silhouette/2008_003821.png,chair,Chair
data/voc/silhouette/2008_003846.png,car,Car
data/voc/silhouette/2008_003856.png,person,Person
data/voc/silhouette/2008_003858.png,boat,Boat
data/voc/silhouette/2008_003874.png,person,Person
data/voc/silhouette/2008_003876.png,aeroplane,Aeroplane
data/voc/silhouette/2008_003885.png,tvmonitor,TV Monitor
data/voc/silhouette/2008_003886.png,boat,Boat
data/voc/silhouette/2008_003913.png,boat,Boat
data/voc/silhouette/2008_003926.png,aeroplane,Aeroplane
data/voc/silhouette/2008_003939.png,motorbike,Motorbike
data/voc/silhouette/2008_003947.png,person,Person
data/voc/silhouette/2008_003976.png,aeroplane,Aeroplane
data/voc/silhouette/2008_003986.png,car,Car
data/voc/silhouette/2008_003998.png,diningtable,Car
data/voc/silhouette/2008_004014.png,boat,Boat
data/voc/silhouette/2008_004026.png,boat,Boat
data/voc/silhouette/2008_004055.png,bus,Bus
data/voc/silhouette/2008_004069.png,car,Car
data/voc/silhouette/2008_004080.png,car,Car
data/voc/silhouette/2008_004097.png,tvmonitor,Car
data/voc/silhouette/2008_004101.png,person,Person
data/voc/silhouette/2008_004112.png,car,Car
data/voc/silhouette/2008_004140.png,person,Person
data/voc/silhouette/2008_004172.png,sofa,Train
data/voc/silhouette/2008_004175.png,horse,Dog
data/voc/silhouette/2008_004212.png,train,Car
data/voc/silhouette/2008_004259.png,tvmonitor,TV Monitor
data/voc/silhouette/2008_004279.png,tvmonitor,TV Monitor
data/voc/silhouette/2008_004321.png,sofa,Car
data/voc/silhouette/2008_004339.png,car,Car
data/voc/silhouette/2008_004345.png,motorbike,Motorbike
data/voc/silhouette/2008_004358.png,train,Train
data/voc/silhouette/2008_004363.png,bicycle,Bicycle
data/voc/silhouette/2008_004365.png,person,Person
data/voc/silhouette/2008_004367.png,train,Car
data/voc/silhouette/2008_004396.png,horse,Horse
data/voc/silhouette/2008_004399.png,person,Person
data/voc/silhouette/2008_004416.png,sofa,Car
data/voc/silhouette/2008_004430.png,horse,Car
data/voc/silhouette/2008_004441.png,bicycle,Bicycle
data/voc/silhouette/2008_004453.png,sheep,Dog
data/voc/silhouette/2008_004477.png,pottedplant,Train
data/voc/silhouette/2008_004547.png,train,Car
data/voc/silhouette/2008_004551.png,bird,Bird
data/voc/silhouette/2008_004552.png,car,Car
data/voc/silhouette/2008_004562.png,sofa,Boat
data/voc/silhouette/2008_004575.png,person,Person
data/voc/silhouette/2008_004583.png,cat,Dog
data/voc/silhouette/2008_004588.png,diningtable,Aeroplane
data/voc/silhouette/2008_004607.png,bottle,Bottle
data/voc/silhouette/2008_004610.png,train,Car
data/voc/silhouette/2008_004612.png,chair,Sofa
data/voc/silhouette/2008_004621.png,sheep,Cat
data/voc/silhouette/2008_004624.png,horse,Horse
data/voc/silhouette/2008_004654.png,person,Person
data/voc/silhouette/2008_004659.png,bottle,Bottle
data/voc/silhouette/2008_004663.png,train,Car
data/voc/silhouette/2008_004687.png,horse,Cow
data/voc/silhouette/2008_004701.png,cow,Cow
data/voc/silhouette/2008_004704.png,aeroplane,Aeroplane
data/voc/silhouette/2008_004705.png,horse,Horse
data/voc/silhouette/2008_004750.png,boat,Boat
data/voc/silhouette/2008_004754.png,tvmonitor,Bottle
data/voc/silhouette/2008_004758.png,bicycle,Bicycle
data/voc/silhouette/2008_004776.png,diningtable,Dining Table
data/voc/silhouette/2008_004822.png,motorbike,Motorbike
data/voc/silhouette/2008_004838.png,motorbike,Motorbike
data/voc/silhouette/2008_004841.png,cow,Piano
data/voc/silhouette/2008_004854.png,sheep,Car
data/voc/silhouette/2008_004869.png,train,Car
data/voc/silhouette/2008_004892.png,horse,Horse
data/voc/silhouette/2008_004910.png,tvmonitor,Sofa
data/voc/silhouette/2008_004911.png,horse,Horse
data/voc/silhouette/2008_004914.png,train,Car
data/voc/silhouette/2008_004946.png,train,Car
data/voc/silhouette/2008_004983.png,boat,Boat
data/voc/silhouette/2008_004995.png,bicycle,Bicycle
data/voc/silhouette/2008_005006.png,tvmonitor,Car
data/voc/silhouette/2008_005049.png,motorbike,Motorbike
data/voc/silhouette/2008_005074.png,car,Car
data/voc/silhouette/2008_005089.png,tvmonitor,TV Monitor
data/voc/silhouette/2008_005097.png,cow,Cow
data/voc/silhouette/2008_005105.png,cow,Cow
data/voc/silhouette/2008_005145.png,diningtable,Car
data/voc/silhouette/2008_005196.png,bus,Car
data/voc/silhouette/2008_005197.png,dog,Dog
data/voc/silhouette/2008_005214.png,pottedplant,Potted Plant
data/voc/silhouette/2008_005217.png,pottedplant,Potted Plant
data/voc/silhouette/2008_005231.png,person,Person
data/voc/silhouette/2008_005242.png,pottedplant,Cat
data/voc/silhouette/2008_005245.png,motorbike,Motorbike
data/voc/silhouette/2008_005254.png,tvmonitor,TV Monitor
data/voc/silhouette/2008_005262.png,bottle,Car
data/voc/silhouette/2008_005266.png,bus,Car
data/voc/silhouette/2008_005294.png,car,Car
data/voc/silhouette/2008_005300.png,cat,Cat
data/voc/silhouette/2008_005321.png,boat,Dog
data/voc/silhouette/2008_005338.png,aeroplane,Aeroplane
data/voc/silhouette/2008_005342.png,diningtable,Dining Table
data/voc/silhouette/2008_005345.png,pottedplant,Potted Plant
data/voc/silhouette/2008_005367.png,boat,Boat
data/voc/silhouette/2008_005375.png,cow,Cow
data/voc/silhouette/2008_005398.png,boat,Boat
data/voc/silhouette/2008_005399.png,person,Person
data/voc/silhouette/2008_005422.png,motorbike,Motorbike
data/voc/silhouette/2008_005439.png,tvmonitor,Car
data/voc/silhouette/2008_005445.png,person,Person
data/voc/silhouette/2008_005512.png,boat,Boat
data/voc/silhouette/2008_005525.png,horse,Horse
data/voc/silhouette/2008_005541.png,boat,Boat
data/voc/silhouette/2008_005544.png,train,Train
data/voc/silhouette/2008_005600.png,person,Person
data/voc/silhouette/2008_005628.png,boat,Boat
data/voc/silhouette/2008_005633.png,sheep,Sheep
data/voc/silhouette/2008_005637.png,motorbike,Motorbike
data/voc/silhouette/2008_005642.png,horse,Horse
data/voc/silhouette/2008_005650.png,person,Person
data/voc/silhouette/2008_005668.png,horse,Dog
data/voc/silhouette/2008_005676.png,bus,Car
data/voc/silhouette/2008_005678.png,tvmonitor,Car
data/voc/silhouette/2008_005679.png,dog,Dog
data/voc/silhouette/2008_005680.png,pottedplant,Potted Plant
data/voc/silhouette/2008_005691.png,horse,Horse
data/voc/silhouette/2008_005698.png,person,Person
data/voc/silhouette/2008_005706.png,sheep,Sheep
data/voc/silhouette/2008_005713.png,bicycle,Bicycle
data/voc/silhouette/2008_005714.png,cow,Dog
data/voc/silhouette/2008_005716.png,cat,Cat
data/voc/silhouette/2008_005727.png,bicycle,Bicycle
data/voc/silhouette/2008_005738.png,bicycle,Car
data/voc/silhouette/2008_005747.png,car,Car
data/voc/silhouette/2008_005770.png,cat,Cat
data/voc/silhouette/2008_005812.png,person,Person
data/voc/silhouette/2008_005839.png,bicycle,Bicycle
data/voc/silhouette/2008_005843.png,bird,Aeroplane
data/voc/silhouette/2008_005845.png,dog,Car
data/voc/silhouette/2008_005874.png,pottedplant,Car
data/voc/silhouette/2008_005904.png,bottle,Bottle
data/voc/silhouette/2008_005915.png,motorbike,Car
data/voc/silhouette/2008_005926.png,sofa,Car
data/voc/silhouette/2008_005938.png,sheep,Dog
data/voc/silhouette/2008_005945.png,diningtable,Train
data/voc/silhouette/2008_005953.png,diningtable,Car
data/voc/silhouette/2008_006008.png,diningtable,Car
data/voc/silhouette/2008_006032.png,person,Person
data/voc/silhouette/2008_006036.png,horse,Horse
data/voc/silhouette/2008_006055.png,train,Car
data/voc/silhouette/2008_006063.png,cow,Car
data/voc/silhouette/2008_006065.png,boat,Car
data/voc/silhouette/2008_006070.png,sheep,Sheep
data/voc/silhouette/2008_006108.png,person,Person
data/voc/silhouette/2008_006130.png,dog,Car
data/voc/silhouette/2008_006140.png,aeroplane,Aeroplane
data/voc/silhouette/2008_006143.png,bird,Bird
data/voc/silhouette/2008_006159.png,tvmonitor,Car
data/voc/silhouette/2008_006182.png,bottle,Person
data/voc/silhouette/2008_006213.png,aeroplane,Aeroplane
data/voc/silhouette/2008_006215.png,car,Car
data/voc/silhouette/2008_006216.png,aeroplane,Aeroplane
data/voc/silhouette/2008_006219.png,horse,Horse
data/voc/silhouette/2008_006221.png,sheep,Sheep
data/voc/silhouette/2008_006229.png,boat,Boat
data/voc/silhouette/2008_006254.png,car,Car
data/voc/silhouette/2008_006275.png,person,Person
data/voc/silhouette/2008_006289.png,boat,Aeroplane
data/voc/silhouette/2008_006325.png,cat,Cat
data/voc/silhouette/2008_006327.png,sheep,Dog
data/voc/silhouette/2008_006339.png,sheep,Dog
data/voc/silhouette/2008_006341.png,person,Person
data/voc/silhouette/2008_006345.png,motorbike,Motorbike
data/voc/silhouette/2008_006349.png,boat,Boat
data/voc/silhouette/2008_006353.png,aeroplane,Aeroplane
data/voc/silhouette/2008_006389.png,sofa,Car
data/voc/silhouette/2008_006408.png,person,Person
data/voc/silhouette/2008_006434.png,horse,Horse
data/voc/silhouette/2008_006480.png,cat,Cat
data/voc/silhouette/2008_006481.png,bird,Bicycle
data/voc/silhouette/2008_006482.png,diningtable,Car
data/voc/silhouette/2008_006490.png,boat,Boat
data/voc/silhouette/2008_006509.png,pottedplant,Car
data/voc/silhouette/2008_006523.png,train,Aeroplane
data/voc/silhouette/2008_006526.png,person,Person
data/voc/silhouette/2008_006528.png,cow,Cow
data/voc/silhouette/2008_006553.png,train,Train
data/voc/silhouette/2008_006554.png,bus,Car
data/voc/silhouette/2008_006558.png,bottle,Bottle
data/voc/silhouette/2008_006655.png,train,Car
data/voc/silhouette/2008_006703.png,aeroplane,Aeroplane
data/voc/silhouette/2008_006722.png,person,Person
data/voc/silhouette/2008_006748.png,bus,Bus
data/voc/silhouette/2008_006751.png,pottedplant,Potted Plant
data/voc/silhouette/2008_006752.png,train,Car
data/voc/silhouette/2008_006784.png,sofa,Sofa
data/voc/silhouette/2008_006835.png,sheep,Cow
data/voc/silhouette/2008_006843.png,sofa,Bird
data/voc/silhouette/2008_006873.png,bird,Bird
data/voc/silhouette/2008_006874.png,person,Person
data/voc/silhouette/2008_006877.png,boat,Car
data/voc/silhouette/2008_006908.png,dog,Dog
data/voc/silhouette/2008_006920.png,aeroplane,Aeroplane
data/voc/silhouette/2008_006981.png,dog,Dog
data/voc/silhouette/2008_006986.png,car,Car
data/voc/silhouette/2008_007011.png,train,Train
data/voc/silhouette/2008_007012.png,dog,Dog
data/voc/silhouette/2008_007025.png,cow,Cow
data/voc/silhouette/2008_007031.png,cow,Cow
data/voc/silhouette/2008_007048.png,diningtable,Chair
data/voc/silhouette/2008_007090.png,car,Dog
data/voc/silhouette/2008_007120.png,bird,Bird
data/voc/silhouette/2008_007123.png,cow,Cow
data/voc/silhouette/2008_007142.png,bottle,Bottle
data/voc/silhouette/2008_007143.png,boat,Bottle
data/voc/silhouette/2008_007165.png,cat,Cat
data/voc/silhouette/2008_007194.png,chair,Bottle
data/voc/silhouette/2008_007201.png,train,Bus
data/voc/silhouette/2008_007219.png,person,Person
data/voc/silhouette/2008_007239.png,cat,Cat
data/voc/silhouette/2008_007242.png,person,Person
data/voc/silhouette/2008_007245.png,sheep,Car
data/voc/silhouette/2008_007273.png,cow,Cow
data/voc/silhouette/2008_007313.png,motorbike,Motorbike
data/voc/silhouette/2008_007350.png,aeroplane,Aeroplane
data/voc/silhouette/2008_007355.png,diningtable,Sofa
data/voc/silhouette/2008_007357.png,aeroplane,Aeroplane
data/voc/silhouette/2008_007375.png,bus,Car
data/voc/silhouette/2008_007378.png,dog,Dog
data/voc/silhouette/2008_007392.png,horse,Horse
data/voc/silhouette/2008_007402.png,person,Person
data/voc/silhouette/2008_007428.png,pottedplant,Car
data/voc/silhouette/2008_007433.png,dog,Dog
data/voc/silhouette/2008_007472.png,cat,Cat
data/voc/silhouette/2008_007497.png,sheep,Sheep
data/voc/silhouette/2008_007498.png,bird,Bird
data/voc/silhouette/2008_007507.png,aeroplane,Car
data/voc/silhouette/2008_007513.png,dog,Dog
data/voc/silhouette/2008_007527.png,chair,Cat
data/voc/silhouette/2008_007548.png,cat,Cat
data/voc/silhouette/2008_007581.png,dog,Dog
data/voc/silhouette/2008_007596.png,cow,Car
data/voc/silhouette/2008_007677.png,sheep,Cat
data/voc/silhouette/2008_007691.png,chair,Person
data/voc/silhouette/2008_007737.png,person,Person
data/voc/silhouette/2008_007759.png,train,Train
data/voc/silhouette/2008_007797.png,bus,TV Monitor
data/voc/silhouette/2008_007804.png,car,Car
data/voc/silhouette/2008_007811.png,bottle,Person
data/voc/silhouette/2008_007814.png,sheep,Cow
data/voc/silhouette/2008_007828.png,person,Bird
data/voc/silhouette/2008_007836.png,aeroplane,Aeroplane
data/voc/silhouette/2008_007858.png,bottle,Bottle
data/voc/silhouette/2008_007945.png,horse,Horse
data/voc/silhouette/2008_007994.png,person,Person
data/voc/silhouette/2008_007998.png,horse,Dog
data/voc/silhouette/2008_008051.png,diningtable,Sofa
data/voc/silhouette/2008_008103.png,sofa,Car
data/voc/silhouette/2008_008106.png,sofa,Dog
data/voc/silhouette/2008_008127.png,motorbike,Motorbike
data/voc/silhouette/2008_008193.png,horse,Horse
data/voc/silhouette/2008_008221.png,train,Train
data/voc/silhouette/2008_008252.png,bus,Car
data/voc/silhouette/2008_008263.png,aeroplane,Aeroplane
data/voc/silhouette/2008_008268.png,bird,Bird
data/voc/silhouette/2008_008296.png,horse,Horse
data/voc/silhouette/2008_008301.png,bus,Car
data/voc/silhouette/2008_008323.png,sheep,Person
data/voc/silhouette/2008_008324.png,motorbike,Motorbike
data/voc/silhouette/2008_008335.png,person,Person
data/voc/silhouette/2008_008343.png,bus,Bus
data/voc/silhouette/2008_008362.png,diningtable,Car
data/voc/silhouette/2008_008392.png,horse,Horse
data/voc/silhouette/2008_008393.png,horse,Train
data/voc/silhouette/2008_008421.png,horse,Horse
data/voc/silhouette/2008_008434.png,pottedplant,Car
data/voc/silhouette/2008_008462.png,motorbike,Motorbike
data/voc/silhouette/2008_008469.png,bus,Person
data/voc/silhouette/2008_008476.png,horse,Horse
data/voc/silhouette/2008_008511.png,motorbike,Motorbike
data/voc/silhouette/2008_008521.png,cow,Cat
data/voc/silhouette/2008_008525.png,motorbike,Motorbike
data/voc/silhouette/2008_008541.png,cow,Cow
data/voc/silhouette/2008_008545.png,train,Train
data/voc/silhouette/2008_008550.png,person,Person
data/voc/silhouette/2008_008629.png,bicycle,Bicycle
data/voc/silhouette/2008_008682.png,bus,Car
data/voc/silhouette/2008_008711.png,bicycle,Bicycle
data/voc/silhouette/2008_008746.png,bird,Bird
data/voc/silhouette/2008_008770.png,train,Train
data/voc/silhouette/2008_008773.png,diningtable,Car
data/voc/silhouette/2009_000006.png,bus,Car
data/voc/silhouette/2009_000012.png,horse,Dog
data/voc/silhouette/2009_000013.png,cat,Cat
data/voc/silhouette/2009_000015.png,bicycle,Car
data/voc/silhouette/2009_000022.png,train,Aeroplane
data/voc/silhouette/2009_000028.png,chair,Chair
data/voc/silhouette/2009_000029.png,dog,Dog
data/voc/silhouette/2009_000032.png,aeroplane,Aeroplane
data/voc/silhouette/2009_000037.png,bird,Bird
data/voc/silhouette/2009_000039.png,sheep,Cat
data/voc/silhouette/2009_000073.png,train,Aeroplane
data/voc/silhouette/2009_000074.png,motorbike,Motorbike
data/voc/silhouette/2009_000080.png,cat,Cat
data/voc/silhouette/2009_000087.png,sofa,Sofa
data/voc/silhouette/2009_000096.png,sofa,Car
data/voc/silhouette/2009_000100.png,horse,Horse
data/voc/silhouette/2009_000103.png,bird,Bird
data/voc/silhouette/2009_000121.png,bottle,Bottle
data/voc/silhouette/2009_000133.png,aeroplane,Aeroplane
data/voc/silhouette/2009_000136.png,tvmonitor,Car
data/voc/silhouette/2009_000149.png,bicycle,Bicycle
data/voc/silhouette/2009_000156.png,dog,Dog
data/voc/silhouette/2009_000161.png,bicycle,Bicycle
data/voc/silhouette/2009_000176.png,bus,Car
data/voc/silhouette/2009_000177.png,train,Train
data/voc/silhouette/2009_000201.png,bottle,Bottle
data/voc/silhouette/2009_000205.png,aeroplane,Aeroplane
data/voc/silhouette/2009_000219.png,cow,Train
data/voc/silhouette/2009_000242.png,sofa,Sofa
data/voc/silhouette/2009_000250.png,cow,Cow
data/voc/silhouette/2009_000285.png,cow,Dog
data/voc/silhouette/2009_000309.png,cow,Car
data/voc/silhouette/2009_000318.png,bird,Bird
data/voc/silhouette/2009_000335.png,bus,Bus
data/voc/silhouette/2009_000347.png,train,Car
data/voc/silhouette/2009_000351.png,bicycle,Person
data/voc/silhouette/2009_000354.png,bicycle,Bicycle
data/voc/silhouette/2009_000385.png,boat,Boat
data/voc/silhouette/2009_000387.png,aeroplane,Aeroplane
data/voc/silhouette/2009_000391.png,tvmonitor,TV Monitor
data/voc/silhouette/2009_000400.png,dog,Dog
data/voc/silhouette/2009_000405.png,bus,Train
data/voc/silhouette/2009_000408.png,bus,Bus
data/voc/silhouette/2009_000409.png,horse,Cow
data/voc/silhouette/2009_000412.png,horse,Horse
data/voc/silhouette/2009_000418.png,person,Person
data/voc/silhouette/2009_000420.png,boat,Boat
data/voc/silhouette/2009_000421.png,boat,Car
data/voc/silhouette/2009_000426.png,bus,Train
data/voc/silhouette/2009_000440.png,aeroplane,Aeroplane
data/voc/silhouette/2009_000444.png,tvmonitor,TV Monitor
data/voc/silhouette/2009_000446.png,boat,Boat
data/voc/silhouette/2009_000454.png,bird,Bird
data/voc/silhouette/2009_000455.png,bus,Car
data/voc/silhouette/2009_000457.png,bicycle,Bicycle
data/voc/silhouette/2009_000469.png,boat,Boat
data/voc/silhouette/2009_000487.png,sofa,Car
data/voc/silhouette/2009_000488.png,pottedplant,Potted Plant
data/voc/silhouette/2009_000503.png,bird,Bird
data/voc/silhouette/2009_000505.png,sofa,Car
data/voc/silhouette/2009_000523.png,car,Car
data/voc/silhouette/2009_000532.png,bus,Car
data/voc/silhouette/2009_000535.png,cat,Dog
data/voc/silhouette/2009_000544.png,tvmonitor,TV Monitor
data/voc/silhouette/2009_000553.png,cat,Cat
data/voc/silhouette/2009_000562.png,bottle,Bottle
data/voc/silhouette/2009_000573.png,bicycle,Bicycle
data/voc/silhouette/2009_000603.png,horse,Horse
data/voc/silhouette/2009_000619.png,bird,Bird
data/voc/silhouette/2009_000626.png,cow,Cow
data/voc/silhouette/2009_000628.png,train,Aeroplane
data/voc/silhouette/2009_000635.png,pottedplant,Potted Plant
data/voc/silhouette/2009_000641.png,cow,Car
data/voc/silhouette/2009_000655.png,diningtable,Train
data/voc/silhouette/2009_000662.png,aeroplane,Aeroplane
data/voc/silhouette/2009_000664.png,bird,Bird
data/voc/silhouette/2009_000675.png,sheep,Person
data/voc/silhouette/2009_000684.png,cat,Horse
data/voc/silhouette/2009_000690.png,boat,Aeroplane
data/voc/silhouette/2009_000704.png,person,Person
data/voc/silhouette/2009_000705.png,horse,Horse
data/voc/silhouette/2009_000709.png,cow,Cow
data/voc/silhouette/2009_000712.png,train,Train
data/voc/silhouette/2009_000716.png,cat,Cat
data/voc/silhouette/2009_000720.png,car,Car
data/voc/silhouette/2009_000723.png,boat,Boat
data/voc/silhouette/2009_000727.png,horse,Horse
data/voc/silhouette/2009_000730.png,motorbike,Motorbike
data/voc/silhouette/2009_000731.png,cow,Dog
data/voc/silhouette/2009_000732.png,sofa,Car
data/voc/silhouette/2009_000744.png,person,Person
data/voc/silhouette/2009_000746.png,bird,Bird
data/voc/silhouette/2009_000771.png,cow,Cow
data/voc/silhouette/2009_000774.png,dog,Dog
data/voc/silhouette/2009_000801.png,aeroplane,Aeroplane
data/voc/silhouette/2009_000825.png,car,Cow
data/voc/silhouette/2009_000828.png,boat,Boat
data/voc/silhouette/2009_000839.png,dog,Bird
data/voc/silhouette/2009_000840.png,bottle,Bottle
data/voc/silhouette/2009_000845.png,train,Car
data/voc/silhouette/2009_000879.png,bird,Bird
data/voc/silhouette/2009_000887.png,aeroplane,Aeroplane
data/voc/silhouette/2009_000892.png,dog,Sheep
data/voc/silhouette/2009_000894.png,motorbike,Motorbike
data/voc/silhouette/2009_000895.png,tvmonitor,TV Monitor
data/voc/silhouette/2009_000906.png,car,Car
data/voc/silhouette/2009_000919.png,boat,Boat
data/voc/silhouette/2009_000924.png,sheep,Sheep
data/voc/silhouette/2009_000931.png,horse,Horse
data/voc/silhouette/2009_000935.png,dog,Dog
data/voc/silhouette/2009_000938.png,bird,Bird
data/voc/silhouette/2009_000964.png,cat,Cat
data/voc/silhouette/2009_000987.png,person,Person
data/voc/silhouette/2009_000989.png,dog,Dog
data/voc/silhouette/2009_000991.png,bird,Bird
data/voc/silhouette/2009_000996.png,boat,Train
data/voc/silhouette/2009_000998.png,bird,Bird
data/voc/silhouette/2009_001002.png,person,Person
data/voc/silhouette/2009_001008.png,cat,Dog
data/voc/silhouette/2009_001019.png,boat,Boat
data/voc/silhouette/2009_001027.png,aeroplane,Aeroplane
data/voc/silhouette/2009_001036.png,horse,Dog
data/voc/silhouette/2009_001070.png,chair,Chair
data/voc/silhouette/2009_001082.png,bus,Bus
data/voc/silhouette/2009_001085.png,chair,Chair
data/voc/silhouette/2009_001095.png,diningtable,Sofa
data/voc/silhouette/2009_001096.png,person,Person
data/voc/silhouette/2009_001100.png,pottedplant,Dog
data/voc/silhouette/2009_001104.png,cow,Cow
data/voc/silhouette/2009_001108.png,bird,Bird
data/voc/silhouette/2009_001117.png,cat,Cat
data/voc/silhouette/2009_001124.png,dog,Dog
data/voc/silhouette/2009_001137.png,person,Person
data/voc/silhouette/2009_001140.png,motorbike,Motorbike
data/voc/silhouette/2009_001145.png,cow,Cow
data/voc/silhouette/2009_001146.png,sofa,Sofa
data/voc/silhouette/2009_001160.png,bird,Bird
data/voc/silhouette/2009_001163.png,cow,Dog
data/voc/silhouette/2009_001177.png,sheep,Train
data/voc/silhouette/2009_001197.png,bus,Bus
data/voc/silhouette/2009_001203.png,sheep,Sheep
data/voc/silhouette/2009_001205.png,cat,Car
data/voc/silhouette/2009_001215.png,diningtable,Person
data/voc/silhouette/2009_001240.png,car,Car
data/voc/silhouette/2009_001251.png,dog,Dog
data/voc/silhouette/2009_001253.png,motorbike,Motorbike
data/voc/silhouette/2009_001255.png,bicycle,Bicycle
data/voc/silhouette/2009_001264.png,bird,Bird
data/voc/silhouette/2009_001268.png,sofa,Car
data/voc/silhouette/2009_001270.png,cat,Dog
data/voc/silhouette/2009_001278.png,bottle,Bottle
data/voc/silhouette/2009_001283.png,bird,Bird
data/voc/silhouette/2009_001299.png,person,Person
data/voc/silhouette/2009_001300.png,train,Train
data/voc/silhouette/2009_001306.png,car,Car
data/voc/silhouette/2009_001311.png,bird,Bird
data/voc/silhouette/2009_001314.png,bird,Bird
data/voc/silhouette/2009_001332.png,aeroplane,Aeroplane
data/voc/silhouette/2009_001333.png,train,Aeroplane
data/voc/silhouette/2009_001339.png,person,Person
data/voc/silhouette/2009_001359.png,train,Bus
data/voc/silhouette/2009_001363.png,tvmonitor,Car
data/voc/silhouette/2009_001385.png,bird,Bird
data/voc/silhouette/2009_001388.png,car,Car
data/voc/silhouette/2009_001390.png,aeroplane,Aeroplane
data/voc/silhouette/2009_001391.png,cat,Cat
data/voc/silhouette/2009_001403.png,sheep,Cow
data/voc/silhouette/2009_001411.png,cat,Dog
data/voc/silhouette/2009_001422.png,bird,Bird
data/voc/silhouette/2009_001433.png,person,Person
data/voc/silhouette/2009_001443.png,motorbike,Motorbike
data/voc/silhouette/2009_001444.png,cat,Cat
data/voc/silhouette/2009_001481.png,bicycle,Bicycle
data/voc/silhouette/2009_001502.png,cat,Cat
data/voc/silhouette/2009_001505.png,sheep,Bird
data/voc/silhouette/2009_001514.png,pottedplant,Potted Plant
data/voc/silhouette/2009_001516.png,train,Car
data/voc/silhouette/2009_001535.png,dog,Dog
data/voc/silhouette/2009_001536.png,car,Car
data/voc/silhouette/2009_001544.png,boat,Boat
data/voc/silhouette/2009_001565.png,bird,Bird
data/voc/silhouette/2009_001607.png,bird,Bird
data/voc/silhouette/2009_001615.png,person,Person
data/voc/silhouette/2009_001625.png,bottle,Bottle
data/voc/silhouette/2009_001636.png,horse,Cat
data/voc/silhouette/2009_001640.png,bottle,Bottle
data/voc/silhouette/2009_001644.png,sofa,Car
data/voc/silhouette/2009_001651.png,train,Car
data/voc/silhouette/2009_001663.png,bicycle,Bicycle
data/voc/silhouette/2009_001664.png,horse,Dog
data/voc/silhouette/2009_001683.png,bird,Bird
data/voc/silhouette/2009_001684.png,pottedplant,Potted Plant
data/voc/silhouette/2009_001687.png,dog,Car
data/voc/silhouette/2009_001690.png,person,Person
data/voc/silhouette/2009_001693.png,bird,Bird
data/voc/silhouette/2009_001718.png,person,Person
data/voc/silhouette/2009_001724.png,horse,Horse
data/voc/silhouette/2009_001731.png,sofa,Sofa
data/voc/silhouette/2009_001735.png,train,Dog
data/voc/silhouette/2009_001744.png,car,Car
data/voc/silhouette/2009_001755.png,motorbike,Dog
data/voc/silhouette/2009_001765.png,bird,Bird
data/voc/silhouette/2009_001768.png,sheep,Dog
data/voc/silhouette/2009_001775.png,sofa,Train
data/voc/silhouette/2009_001782.png,car,Car
data/voc/silhouette/2009_001783.png,sheep,Dog
data/voc/silhouette/2009_001802.png,train,Person
data/voc/silhouette/2009_001804.png,bus,Bus
data/voc/silhouette/2009_001816.png,bus,Bus
data/voc/silhouette/2009_001818.png,bottle,Bottle
data/voc/silhouette/2009_001828.png,dog,Sheep
data/voc/silhouette/2009_001850.png,aeroplane,Aeroplane
data/voc/silhouette/2009_001851.png,aeroplane,Aeroplane
data/voc/silhouette/2009_001854.png,bus,Bus
data/voc/silhouette/2009_001868.png,train,Train
data/voc/silhouette/2009_001871.png,diningtable,Car
data/voc/silhouette/2009_001885.png,horse,Horse
data/voc/silhouette/2009_001888.png,pottedplant,Bird
data/voc/silhouette/2009_001894.png,cat,Cat
data/voc/silhouette/2009_001898.png,car,Car
data/voc/silhouette/2009_001922.png,diningtable,Aeroplane
data/voc/silhouette/2009_001937.png,bottle,Bottle
data/voc/silhouette/2009_001941.png,boat,Car
data/voc/silhouette/2009_001961.png,tvmonitor,TV Monitor
data/voc/silhouette/2009_001964.png,tvmonitor,Person
data/voc/silhouette/2009_001972.png,bird,Bird
data/voc/silhouette/2009_001991.png,sheep,Person
data/voc/silhouette/2009_002010.png,car,Car
data/voc/silhouette/2009_002012.png,dog,Car
data/voc/silhouette/2009_002019.png,cow,Car
data/voc/silhouette/2009_002035.png,cow,Cow
data/voc/silhouette/2009_002042.png,person,Person
data/voc/silhouette/2009_002052.png,bus,Train
data/voc/silhouette/2009_002060.png,bottle,Person
data/voc/silhouette/2009_002072.png,bird,Bird
data/voc/silhouette/2009_002082.png,sheep,Bird
data/voc/silhouette/2009_002083.png,sofa,Sofa
data/voc/silhouette/2009_002094.png,tvmonitor,Car
data/voc/silhouette/2009_002097.png,horse,Horse
data/voc/silhouette/2009_002117.png,car,Car
data/voc/silhouette/2009_002122.png,cow,Cow
data/voc/silhouette/2009_002150.png,cow,Cow
data/voc/silhouette/2009_002153.png,bird,Person
data/voc/silhouette/2009_002155.png,dog,Train
data/voc/silhouette/2009_002164.png,car,Car
data/voc/silhouette/2009_002165.png,horse,Cow
data/voc/silhouette/2009_002171.png,cow,Cow
data/voc/silhouette/2009_002185.png,person,Person
data/voc/silhouette/2009_002202.png,train,Bottle
data/voc/silhouette/2009_002204.png,bottle,Bottle
data/voc/silhouette/2009_002216.png,motorbike,Motorbike
data/voc/silhouette/2009_002221.png,cow,Cow
data/voc/silhouette/2009_002229.png,cow,Cow
data/voc/silhouette/2009_002238.png,bus,Car
data/voc/silhouette/2009_002239.png,motorbike,Person
data/voc/silhouette/2009_002245.png,sheep,Dog
data/voc/silhouette/2009_002262.png,bird,Person
data/voc/silhouette/2009_002264.png,bird,Bird
data/voc/silhouette/2009_002265.png,train,Train
data/voc/silhouette/2009_002268.png,cat,Cat
data/voc/silhouette/2009_002281.png,train,Train
data/voc/silhouette/2009_002285.png,person,Person
data/voc/silhouette/2009_002291.png,train,Train
data/voc/silhouette/2009_002295.png,bicycle,Bicycle
data/voc/silhouette/2009_002314.png,aeroplane,Aeroplane
data/voc/silhouette/2009_002317.png,motorbike,Dog
data/voc/silhouette/2009_002320.png,aeroplane,Aeroplane
data/voc/silhouette/2009_002343.png,car,Car
data/voc/silhouette/2009_002346.png,person,Person
data/voc/silhouette/2009_002362.png,chair,Chair
data/voc/silhouette/2009_002366.png,tvmonitor,Car
data/voc/silhouette/2009_002372.png,person,Person
data/voc/silhouette/2009_002382.png,motorbike,Motorbike
data/voc/silhouette/2009_002387.png,car,Car
data/voc/silhouette/2009_002390.png,sofa,Aeroplane
data/voc/silhouette/2009_002409.png,tvmonitor,TV Monitor
data/voc/silhouette/2009_002415.png,chair,Chair
data/voc/silhouette/2009_002416.png,horse,Horse
data/voc/silhouette/2009_002419.png,dog,Horse
data/voc/silhouette/2009_002422.png,cow,Cow
data/voc/silhouette/2009_002423.png,bird,Car
data/voc/silhouette/2009_002425.png,person,Person
data/voc/silhouette/2009_002445.png,dog,Dog
data/voc/silhouette/2009_002448.png,aeroplane,Aeroplane
data/voc/silhouette/2009_002460.png,dog,Dog
data/voc/silhouette/2009_002472.png,cow,Dog
data/voc/silhouette/2009_002487.png,diningtable,Dining Table
data/voc/silhouette/2009_002519.png,bicycle,Bicycle
data/voc/silhouette/2009_002521.png,bottle,Bottle
data/voc/silhouette/2009_002527.png,cat,Cat
data/voc/silhouette/2009_002530.png,boat,Boat
data/voc/silhouette/2009_002535.png,bus,Bus
data/voc/silhouette/2009_002539.png,dog,Dog
data/voc/silhouette/2009_002543.png,boat,Chair
data/voc/silhouette/2009_002549.png,cow,Cow
data/voc/silhouette/2009_002562.png,tvmonitor,Sofa
data/voc/silhouette/2009_002567.png,bottle,Bottle
data/voc/silhouette/2009_002568.png,train,Train
data/voc/silhouette/2009_002571.png,pottedplant,Potted Plant
data/voc/silhouette/2009_002573.png,tvmonitor,Sofa
data/voc/silhouette/2009_002584.png,person,Person
data/voc/silhouette/2009_002586.png,dog,Dog
data/voc/silhouette/2009_002588.png,cow,Cow
data/voc/silhouette/2009_002591.png,boat,Car
data/voc/silhouette/2009_002594.png,bottle,Bottle
data/voc/silhouette/2009_002599.png,aeroplane,Aeroplane
data/voc/silhouette/2009_002604.png,bird,Bird
data/voc/silhouette/2009_002613.png,diningtable,Dining Table
data/voc/silhouette/2009_002618.png,car,Dog
data/voc/silhouette/2009_002626.png,bus,Bus
data/voc/silhouette/2009_002628.png,pottedplant,Person
data/voc/silhouette/2009_002635.png,cow,Cow
data/voc/silhouette/2009_002638.png,train,Aeroplane
data/voc/silhouette/2009_002649.png,bottle,Bottle
data/voc/silhouette/2009_002651.png,motorbike,Dog
data/voc/silhouette/2009_002662.png,boat,Boat
data/voc/silhouette/2009_002674.png,aeroplane,Aeroplane
data/voc/silhouette/2009_002713.png,sofa,Sofa
data/voc/silhouette/2009_002715.png,person,Person
data/voc/silhouette/2009_002727.png,boat,Boat
data/voc/silhouette/2009_002732.png,sofa,Person
data/voc/silhouette/2009_002734.png,train,Aeroplane
data/voc/silhouette/2009_002749.png,bottle,Bottle
data/voc/silhouette/2009_002753.png,cat,Cat
data/voc/silhouette/2009_002763.png,motorbike,Motorbike
data/voc/silhouette/2009_002771.png,pottedplant,Potted Plant
data/voc/silhouette/2009_002789.png,dog,Dog
data/voc/silhouette/2009_002808.png,aeroplane,Aeroplane
data/voc/silhouette/2009_002820.png,bird,Bird
data/voc/silhouette/2009_002844.png,diningtable,Dining Table
data/voc/silhouette/2009_002845.png,dog,Dog
data/voc/silhouette/2009_002849.png,tvmonitor,Car
data/voc/silhouette/2009_002856.png,bottle,Bottle
data/voc/silhouette/2009_002862.png,car,Car
data/voc/silhouette/2009_002872.png,tvmonitor,Car
data/voc/silhouette/2009_002885.png,diningtable,Car
data/voc/silhouette/2009_002887.png,train,Car
data/voc/silhouette/2009_002888.png,aeroplane,Aeroplane
data/voc/silhouette/2009_002897.png,boat,Boat
data/voc/silhouette/2009_002912.png,cow,Cow
data/voc/silhouette/2009_002914.png,aeroplane,Aeroplane
data/voc/silhouette/2009_002917.png,cat,Cat
data/voc/silhouette/2009_002928.png,bicycle,Bicycle
data/voc/silhouette/2009_002932.png,person,Person
data/voc/silhouette/2009_002936.png,cat,Cat
data/voc/silhouette/2009_002972.png,sofa,Cat
data/voc/silhouette/2009_002975.png,horse,Horse
data/voc/silhouette/2009_002982.png,train,Aeroplane
data/voc/silhouette/2009_002984.png,tvmonitor,TV Monitor
data/voc/silhouette/2009_002988.png,sheep,Sheep
data/voc/silhouette/2009_002990.png,car,Car
data/voc/silhouette/2009_002993.png,person,Person
data/voc/silhouette/2009_003003.png,diningtable,Car
data/voc/silhouette/2009_003005.png,aeroplane,Aeroplane
data/voc/silhouette/2009_003006.png,person,Person
data/voc/silhouette/2009_003007.png,bicycle,Person
data/voc/silhouette/2009_003012.png,motorbike,Motorbike
data/voc/silhouette/2009_003034.png,bottle,Bottle
data/voc/silhouette/2009_003035.png,person,Person
data/voc/silhouette/2009_003039.png,pottedplant,Person
data/voc/silhouette/2009_003043.png,boat,Boat
data/voc/silhouette/2009_003053.png,bus,Bus
data/voc/silhouette/2009_003054.png,train,Train
data/voc/silhouette/2009_003059.png,cow,Car
data/voc/silhouette/2009_003063.png,dog,Dog
data/voc/silhouette/2009_003065.png,person,Person
data/voc/silhouette/2009_003071.png,diningtable,Aeroplane
data/voc/silhouette/2009_003075.png,bicycle,Bicycle
data/voc/silhouette/2009_003080.png,boat,Boat
data/voc/silhouette/2009_003087.png,sofa,Person
data/voc/silhouette/2009_003088.png,bird,Bird
data/voc/silhouette/2009_003090.png,motorbike,Car
data/voc/silhouette/2009_003105.png,train,Train
data/voc/silhouette/2009_003123.png,sofa,Train
data/voc/silhouette/2009_003142.png,bottle,Bottle
data/voc/silhouette/2009_003146.png,cow,Car
data/voc/silhouette/2009_003147.png,aeroplane,Aeroplane
data/voc/silhouette/2009_003164.png,bicycle,Bicycle
data/voc/silhouette/2009_003172.png,dog,Dog
data/voc/silhouette/2009_003193.png,bicycle,Bicycle
data/voc/silhouette/2009_003196.png,motorbike,Motorbike
data/voc/silhouette/2009_003200.png,bus,Bus
data/voc/silhouette/2009_003217.png,dog,Dog
data/voc/silhouette/2009_003224.png,bicycle,Bicycle
data/voc/silhouette/2009_003241.png,dog,Sheep
data/voc/silhouette/2009_003249.png,sheep,Sheep
data/voc/silhouette/2009_003269.png,person,Person
data/voc/silhouette/2009_003273.png,bird,Car
data/voc/silhouette/2009_003299.png,train,Train
data/voc/silhouette/2009_003304.png,bus,Bus
data/voc/silhouette/2009_003311.png,train,Train
data/voc/silhouette/2009_003317.png,diningtable,Dining Table
data/voc/silhouette/2009_003323.png,horse,Horse
data/voc/silhouette/2009_003340.png,person,Person
data/voc/silhouette/2009_003343.png,bicycle,Bicycle
data/voc/silhouette/2009_003345.png,boat,Boat
data/voc/silhouette/2009_003353.png,bicycle,Bicycle
data/voc/silhouette/2009_003361.png,person,Person
data/voc/silhouette/2009_003369.png,dog,Dog
data/voc/silhouette/2009_003378.png,bird,Bird
data/voc/silhouette/2009_003387.png,car,Aeroplane
data/voc/silhouette/2009_003406.png,car,Car
data/voc/silhouette/2009_003433.png,train,Train
data/voc/silhouette/2009_003450.png,bird,Bird
data/voc/silhouette/2009_003455.png,cow,Cow
data/voc/silhouette/2009_003461.png,bus,Bus
data/voc/silhouette/2009_003466.png,dog,Dog
data/voc/silhouette/2009_003468.png,person,Person
data/voc/silhouette/2009_003481.png,horse,Dog
data/voc/silhouette/2009_003494.png,person,Person
data/voc/silhouette/2009_003497.png,train,Train
data/voc/silhouette/2009_003498.png,bird,Bird
data/voc/silhouette/2009_003504.png,boat,Boat
data/voc/silhouette/2009_003507.png,diningtable,Sofa
data/voc/silhouette/2009_003517.png,bottle,Bottle
data/voc/silhouette/2009_003519.png,bicycle,Bicycle
data/voc/silhouette/2009_003522.png,motorbike,Motorbike
data/voc/silhouette/2009_003523.png,tvmonitor,Car
data/voc/silhouette/2009_003539.png,motorbike,Motorbike
data/voc/silhouette/2009_003542.png,cow,Cow
data/voc/silhouette/2009_003549.png,car,Car
data/voc/silhouette/2009_003551.png,tvmonitor,Car
data/voc/silhouette/2009_003555.png,bus,Bus
data/voc/silhouette/2009_003564.png,sofa,Car
data/voc/silhouette/2009_003569.png,cow,Cow
data/voc/silhouette/2009_003576.png,person,Person
data/voc/silhouette/2009_003589.png,car,Car
data/voc/silhouette/2009_003607.png,sofa,Car
data/voc/silhouette/2009_003613.png,sofa,Car
data/voc/silhouette/2009_003636.png,bus,Bus
data/voc/silhouette/2009_003640.png,bird,Bird
data/voc/silhouette/2009_003646.png,person,Person
data/voc/silhouette/2009_003660.png,cat,Bird
data/voc/silhouette/2009_003666.png,sheep,Sheep
data/voc/silhouette/2009_003690.png,diningtable,Car
data/voc/silhouette/2009_003696.png,aeroplane,Aeroplane
data/voc/silhouette/2009_003697.png,pottedplant,Car
data/voc/silhouette/2009_003703.png,bus,Bus
data/voc/silhouette/2009_003707.png,boat,Boat
data/voc/silhouette/2009_003711.png,sofa,Car
data/voc/silhouette/2009_003734.png,horse,Dog
data/voc/silhouette/2009_003736.png,person,Person
data/voc/silhouette/2009_003756.png,dog,Dog
data/voc/silhouette/2009_003757.png,bus,Sofa
data/voc/silhouette/2009_003768.png,horse,Horse
data/voc/silhouette/2009_003771.png,cat,Cat
data/voc/silhouette/2009_003773.png,cow,Cow
data/voc/silhouette/2009_003783.png,cat,Cat
data/voc/silhouette/2009_003799.png,aeroplane,Aeroplane
data/voc/silhouette/2009_003804.png,horse,Horse
data/voc/silhouette/2009_003806.png,aeroplane,Aeroplane
data/voc/silhouette/2009_003810.png,dog,Car
data/voc/silhouette/2009_003815.png,pottedplant,Car
data/voc/silhouette/2009_003820.png,motorbike,Motorbike
data/voc/silhouette/2009_003825.png,cow,Cow
data/voc/silhouette/2009_003849.png,person,Person
data/voc/silhouette/2009_003857.png,tvmonitor,TV Monitor
data/voc/silhouette/2009_003858.png,bird,Bird
data/voc/silhouette/2009_003860.png,bicycle,Bicycle
data/voc/silhouette/2009_003865.png,bottle,Bottle
data/voc/silhouette/2009_003895.png,tvmonitor,Car
data/voc/silhouette/2009_003903.png,horse,Horse
data/voc/silhouette/2009_003904.png,cat,Dog
data/voc/silhouette/2009_003921.png,cat,Cat
data/voc/silhouette/2009_003922.png,bird,Aeroplane
data/voc/silhouette/2009_003928.png,dog,Car
data/voc/silhouette/2009_003933.png,cow,Dog
data/voc/silhouette/2009_003938.png,train,Car
data/voc/silhouette/2009_003961.png,diningtable,Dining Table
data/voc/silhouette/2009_003971.png,bicycle,Person
data/voc/silhouette/2009_003975.png,cow,Cow
data/voc/silhouette/2009_003991.png,diningtable,Aeroplane
data/voc/silhouette/2009_004021.png,bird,Bird
data/voc/silhouette/2009_004033.png,dog,Bird
data/voc/silhouette/2009_004043.png,motorbike,Motorbike
data/voc/silhouette/2009_004070.png,sheep,Sheep
data/voc/silhouette/2009_004072.png,bus,Person
data/voc/silhouette/2009_004084.png,bird,Bird
data/voc/silhouette/2009_004091.png,sofa,Sofa
data/voc/silhouette/2009_004095.png,person,Person
data/voc/silhouette/2009_004099.png,sofa,Car
data/voc/silhouette/2009_004105.png,horse,Horse
data/voc/silhouette/2009_004117.png,motorbike,Motorbike
data/voc/silhouette/2009_004125.png,boat,Boat
data/voc/silhouette/2009_004140.png,diningtable,Dog
data/voc/silhouette/2009_004171.png,sheep,Dog
data/voc/silhouette/2009_004178.png,boat,Car
data/voc/silhouette/2009_004180.png,sofa,Car
data/voc/silhouette/2009_004186.png,cow,Cow
data/voc/silhouette/2009_004191.png,pottedplant,Person
data/voc/silhouette/2009_004212.png,person,Person
data/voc/silhouette/2009_004213.png,train,Car
data/voc/silhouette/2009_004217.png,chair,Chair
data/voc/silhouette/2009_004221.png,person,Person
data/voc/silhouette/2009_004228.png,diningtable,Car
data/voc/silhouette/2009_004247.png,bottle,Bottle
data/voc/silhouette/2009_004248.png,cat,Cat
data/voc/silhouette/2009_004249.png,motorbike,Motorbike
data/voc/silhouette/2009_004255.png,train,Car
data/voc/silhouette/2009_004264.png,sofa,Dog
data/voc/silhouette/2009_004278.png,boat,Boat
data/voc/silhouette/2009_004298.png,sofa,Car
data/voc/silhouette/2009_004301.png,sofa,Car
data/voc/silhouette/2009_004316.png,cow,Cow
data/voc/silhouette/2009_004317.png,aeroplane,Aeroplane
data/voc/silhouette/2009_004324.png,bottle,Bottle
data/voc/silhouette/2009_004327.png,car,Car
data/voc/silhouette/2009_004328.png,bus,Car
data/voc/silhouette/2009_004334.png,bird,Bird
data/voc/silhouette/2009_004336.png,train,Person
data/voc/silhouette/2009_004368.png,motorbike,Dog
data/voc/silhouette/2009_004374.png,bus,Bus
data/voc/silhouette/2009_004409.png,aeroplane,Aeroplane
data/voc/silhouette/2009_004417.png,bus,Car
data/voc/silhouette/2009_004425.png,dog,Dog
data/voc/silhouette/2009_004426.png,diningtable,Car
data/voc/silhouette/2009_004434.png,cat,Cat
data/voc/silhouette/2009_004446.png,aeroplane,Aeroplane
data/voc/silhouette/2009_004455.png,motorbike,Dog
data/voc/silhouette/2009_004464.png,sofa,Sofa
data/voc/silhouette/2009_004479.png,chair,Cat
data/voc/silhouette/2009_004494.png,car,Sofa
data/voc/silhouette/2009_004497.png,horse,Horse
data/voc/silhouette/2009_004504.png,cat,Cat
data/voc/silhouette/2009_004507.png,dog,Dog
data/voc/silhouette/2009_004509.png,bird,Bird
data/voc/silhouette/2009_004519.png,tvmonitor,Car
data/voc/silhouette/2009_004539.png,boat,Boat
data/voc/silhouette/2009_004540.png,bird,Bird
data/voc/silhouette/2009_004561.png,bicycle,Bicycle
data/voc/silhouette/2009_004568.png,bird,Bird
data/voc/silhouette/2009_004579.png,bottle,Bottle
data/voc/silhouette/2009_004581.png,dog,Dog
data/voc/silhouette/2009_004590.png,bus,Bus
data/voc/silhouette/2009_004592.png,dog,Dog
data/voc/silhouette/2009_004594.png,car,Car
data/voc/silhouette/2009_004620.png,aeroplane,Aeroplane
data/voc/silhouette/2009_004626.png,aeroplane,Aeroplane
data/voc/silhouette/2009_004635.png,boat,Car
data/voc/silhouette/2009_004643.png,motorbike,Motorbike
data/voc/silhouette/2009_004653.png,aeroplane,Aeroplane
data/voc/silhouette/2009_004656.png,bottle,Train
data/voc/silhouette/2009_004661.png,bird,Bird
data/voc/silhouette/2009_004674.png,sofa,Car
data/voc/silhouette/2009_004687.png,sofa,Dog
data/voc/silhouette/2009_004705.png,cat,Cat
data/voc/silhouette/2009_004721.png,cat,Dog
data/voc/silhouette/2009_004730.png,train,Car
data/voc/silhouette/2009_004732.png,bus,Bus
data/voc/silhouette/2009_004738.png,motorbike,Car
data/voc/silhouette/2009_004748.png,car,Car
data/voc/silhouette/2009_004789.png,bus,Bus
data/voc/silhouette/2009_004790.png,horse,Horse
data/voc/silhouette/2009_004799.png,train,Aeroplane
data/voc/silhouette/2009_004801.png,motorbike,Car
data/voc/silhouette/2009_004805.png,sheep,Car
data/voc/silhouette/2009_004829.png,bus,Car
data/voc/silhouette/2009_004848.png,person,Person
data/voc/silhouette/2009_004859.png,diningtable,Car
data/voc/silhouette/2009_004867.png,bus,Bus
data/voc/silhouette/2009_004882.png,bicycle,Bicycle
data/voc/silhouette/2009_004886.png,bird,Bird
data/voc/silhouette/2009_004887.png,cat,Cat
data/voc/silhouette/2009_004888.png,boat,Aeroplane
data/voc/silhouette/2009_004890.png,person,Person
data/voc/silhouette/2009_004895.png,bird,Bird
data/voc/silhouette/2009_004901.png,sofa,Car
data/voc/silhouette/2009_004904.png,boat,Boat
data/voc/silhouette/2009_004919.png,person,Person
data/voc/silhouette/2009_004939.png,chair,Car
data/voc/silhouette/2009_004942.png,horse,Horse
data/voc/silhouette/2009_004969.png,aeroplane,Aeroplane
data/voc/silhouette/2009_004980.png,aeroplane,Aeroplane
data/voc/silhouette/2009_004987.png,motorbike,Motorbike
data/voc/silhouette/2009_004990.png,pottedplant,Car
data/voc/silhouette/2009_004993.png,sofa,Sofa
data/voc/silhouette/2009_004994.png,person,Person
data/voc/silhouette/2009_005000.png,horse,Dog
data/voc/silhouette/2009_005016.png,chair,Car
data/voc/silhouette/2009_005031.png,aeroplane,Aeroplane
data/voc/silhouette/2009_005037.png,cat,Cat
data/voc/silhouette/2009_005038.png,person,Person
data/voc/silhouette/2009_005055.png,dog,Dog
data/voc/silhouette/2009_005056.png,person,Person
data/voc/silhouette/2009_005069.png,diningtable,Car
data/voc/silhouette/2009_005078.png,motorbike,Motorbike
data/voc/silhouette/2009_005084.png,train,Train
data/voc/silhouette/2009_005085.png,car,Car
data/voc/silhouette/2009_005087.png,person,Person
data/voc/silhouette/2009_005089.png,sheep,Cow
data/voc/silhouette/2009_005107.png,dog,Dog
data/voc/silhouette/2009_005118.png,boat,Car
data/voc/silhouette/2009_005120.png,aeroplane,Aeroplane
data/voc/silhouette/2009_005128.png,train,Train
data/voc/silhouette/2009_005130.png,horse,Horse
data/voc/silhouette/2009_005137.png,bird,Bird
data/voc/silhouette/2009_005141.png,person,Person
data/voc/silhouette/2009_005145.png,diningtable,Car
data/voc/silhouette/2009_005148.png,train,Car
data/voc/silhouette/2009_005156.png,bicycle,Bicycle
data/voc/silhouette/2009_005158.png,cat,Cat
data/voc/silhouette/2009_005160.png,cat,Cat
data/voc/silhouette/2009_005177.png,cat,Cat
data/voc/silhouette/2009_005189.png,aeroplane,Aeroplane
data/voc/silhouette/2009_005190.png,bottle,Bottle
data/voc/silhouette/2009_005194.png,motorbike,Dog
data/voc/silhouette/2009_005217.png,horse,Horse
data/voc/silhouette/2009_005219.png,cat,Bird
data/voc/silhouette/2009_005220.png,train,Train
data/voc/silhouette/2009_005231.png,bus,Car
data/voc/silhouette/2009_005234.png,bird,Dog
data/voc/silhouette/2009_005236.png,cat,Cat
data/voc/silhouette/2009_005247.png,motorbike,Motorbike
data/voc/silhouette/2009_005260.png,bird,Bird
data/voc/silhouette/2009_005262.png,bird,Bird
data/voc/silhouette/2009_005269.png,horse,Horse
data/voc/silhouette/2009_005287.png,train,Train
data/voc/silhouette/2009_005302.png,bottle,Bottle
data/voc/silhouette/2010_000002.png,sheep,Sheep
data/voc/silhouette/2010_000003.png,chair,Car
data/voc/silhouette/2010_000038.png,horse,Horse
data/voc/silhouette/2010_000043.png,car,Car
data/voc/silhouette/2010_000063.png,cow,Cow
data/voc/silhouette/2010_000065.png,bicycle,Bicycle
data/voc/silhouette/2010_000075.png,bird,Person
data/voc/silhouette/2010_000076.png,motorbike,Bicycle
data/voc/silhouette/2010_000083.png,bicycle,Bicycle
data/voc/silhouette/2010_000084.png,boat,Car
data/voc/silhouette/2010_000087.png,motorbike,Motorbike
data/voc/silhouette/2010_000110.png,person,Dog
data/voc/silhouette/2010_000114.png,cat,Cat
data/voc/silhouette/2010_000117.png,sheep,Bird
data/voc/silhouette/2010_000131.png,person,Dog
data/voc/silhouette/2010_000132.png,pottedplant,Person
data/voc/silhouette/2010_000148.png,bus,Car
data/voc/silhouette/2010_000159.png,dog,Person
data/voc/silhouette/2010_000160.png,car,Car
data/voc/silhouette/2010_000163.png,cat,Cat
data/voc/silhouette/2010_000174.png,person,Person
data/voc/silhouette/2010_000187.png,bus,Train
data/voc/silhouette/2010_000189.png,sheep,Sheep
data/voc/silhouette/2010_000195.png,boat,Boat
data/voc/silhouette/2010_000216.png,dog,Dog
data/voc/silhouette/2010_000238.png,aeroplane,Aeroplane
data/voc/silhouette/2010_000241.png,bird,Bird
data/voc/silhouette/2010_000256.png,sofa,Car
data/voc/silhouette/2010_000269.png,diningtable,Dog
data/voc/silhouette/2010_000272.png,boat,Boat
data/voc/silhouette/2010_000284.png,sofa,Sofa
data/voc/silhouette/2010_000285.png,aeroplane,Aeroplane
data/voc/silhouette/2010_000309.png,sheep,Sheep
data/voc/silhouette/2010_000318.png,tvmonitor,Car
data/voc/silhouette/2010_000330.png,pottedplant,Potted Plant
data/voc/silhouette/2010_000335.png,bird,Car
data/voc/silhouette/2010_000342.png,bicycle,Bicycle
data/voc/silhouette/2010_000371.png,motorbike,Motorbike
data/voc/silhouette/2010_000372.png,car,Car
data/voc/silhouette/2010_000392.png,aeroplane,Aeroplane
data/voc/silhouette/2010_000404.png,cat,Cat
data/voc/silhouette/2010_000422.png,dog,Dog
data/voc/silhouette/2010_000426.png,bottle,Car
data/voc/silhouette/2010_000427.png,cow,Cow
data/voc/silhouette/2010_000436.png,sheep,Cow
data/voc/silhouette/2010_000437.png,aeroplane,Aeroplane
data/voc/silhouette/2010_000466.png,car,Car
data/voc/silhouette/2010_000469.png,cat,Cat
data/voc/silhouette/2010_000492.png,person,Person
data/voc/silhouette/2010_000498.png,cow,Cow
data/voc/silhouette/2010_000502.png,bird,Bird
data/voc/silhouette/2010_000503.png,person,Person
data/voc/silhouette/2010_000519.png,cat,Cat
data/voc/silhouette/2010_000530.png,person,Person
data/voc/silhouette/2010_000552.png,cat,Cat
data/voc/silhouette/2010_000559.png,person,Person
data/voc/silhouette/2010_000567.png,pottedplant,Potted Plant
data/voc/silhouette/2010_000572.png,aeroplane,Aeroplane
data/voc/silhouette/2010_000573.png,bus,Train
data/voc/silhouette/2010_000588.png,sofa,Boat
data/voc/silhouette/2010_000622.png,aeroplane,Aeroplane
data/voc/silhouette/2010_000628.png,car,Car
data/voc/silhouette/2010_000632.png,bicycle,Person
data/voc/silhouette/2010_000639.png,pottedplant,Cat
data/voc/silhouette/2010_000661.png,cat,Cat
data/voc/silhouette/2010_000666.png,horse,Horse
data/voc/silhouette/2010_000675.png,cat,Cat
data/voc/silhouette/2010_000679.png,boat,Car
data/voc/silhouette/2010_000682.png,bus,Car
data/voc/silhouette/2010_000683.png,cat,Cat
data/voc/silhouette/2010_000685.png,bicycle,Bicycle
data/voc/silhouette/2010_000724.png,cat,Bird
data/voc/silhouette/2010_000738.png,person,Person
data/voc/silhouette/2010_000746.png,dog,Dog
data/voc/silhouette/2010_000748.png,boat,Boat
data/voc/silhouette/2010_000764.png,train,Train
data/voc/silhouette/2010_000772.png,person,Person
data/voc/silhouette/2010_000787.png,tvmonitor,TV Monitor
data/voc/silhouette/2010_000788.png,dog,Dog
data/voc/silhouette/2010_000810.png,bird,Bird
data/voc/silhouette/2010_000814.png,bird,Person
data/voc/silhouette/2010_000815.png,cat,Cat
data/voc/silhouette/2010_000836.png,bird,Bird
data/voc/silhouette/2010_000847.png,sheep,Cow
data/voc/silhouette/2010_000855.png,bus,Car
data/voc/silhouette/2010_000874.png,horse,Horse
data/voc/silhouette/2010_000885.png,aeroplane,Aeroplane
data/voc/silhouette/2010_000887.png,boat,Car
data/voc/silhouette/2010_000904.png,dog,Car
data/voc/silhouette/2010_000906.png,boat,Boat
data/voc/silhouette/2010_000907.png,cow,Dog
data/voc/silhouette/2010_000918.png,bird,Bird
data/voc/silhouette/2010_000929.png,motorbike,Motorbike
data/voc/silhouette/2010_000941.png,cat,Cat
data/voc/silhouette/2010_000952.png,car,Car
data/voc/silhouette/2010_000961.png,bird,Bird
data/voc/silhouette/2010_000978.png,sheep,Sheep
data/voc/silhouette/2010_000986.png,aeroplane,Aeroplane
data/voc/silhouette/2010_001000.png,cow,Cow
data/voc/silhouette/2010_001010.png,cow,Cow
data/voc/silhouette/2010_001011.png,sheep,Dog
data/voc/silhouette/2010_001016.png,bird,Bird
data/voc/silhouette/2010_001017.png,aeroplane,Aeroplane
data/voc/silhouette/2010_001024.png,aeroplane,Train
data/voc/silhouette/2010_001036.png,boat,Car
data/voc/silhouette/2010_001043.png,car,Car
data/voc/silhouette/2010_001061.png,bird,Bird
data/voc/silhouette/2010_001069.png,bird,Bird
data/voc/silhouette/2010_001070.png,cat,Dog
data/voc/silhouette/2010_001079.png,sheep,Cow
data/voc/silhouette/2010_001104.png,train,Car
data/voc/silhouette/2010_001120.png,person,Person
data/voc/silhouette/2010_001124.png,dog,Dog
data/voc/silhouette/2010_001131.png,person,Person
data/voc/silhouette/2010_001149.png,sofa,Sofa
data/voc/silhouette/2010_001151.png,train,Train
data/voc/silhouette/2010_001154.png,dog,Dog
data/voc/silhouette/2010_001160.png,sheep,Dog
data/voc/silhouette/2010_001174.png,aeroplane,Aeroplane
data/voc/silhouette/2010_001177.png,cat,Dog
data/voc/silhouette/2010_001183.png,bicycle,Bicycle
data/voc/silhouette/2010_001184.png,horse,Horse
data/voc/silhouette/2010_001195.png,cat,Dog
data/voc/silhouette/2010_001206.png,bus,Bus
data/voc/silhouette/2010_001245.png,person,Person
data/voc/silhouette/2010_001246.png,bicycle,Bicycle
data/voc/silhouette/2010_001247.png,cat,Car
data/voc/silhouette/2010_001251.png,motorbike,Motorbike
data/voc/silhouette/2010_001256.png,sheep,Cow
data/voc/silhouette/2010_001261.png,diningtable,Car
data/voc/silhouette/2010_001264.png,dog,Dog
data/voc/silhouette/2010_001273.png,dog,Cat
data/voc/silhouette/2010_001279.png,dog,Dog
data/voc/silhouette/2010_001282.png,dog,Train
data/voc/silhouette/2010_001292.png,cat,Cat
data/voc/silhouette/2010_001313.png,motorbike,Motorbike
data/voc/silhouette/2010_001327.png,sofa,Car
data/voc/silhouette/2010_001329.png,horse,Horse
data/voc/silhouette/2010_001331.png,cat,Cat
data/voc/silhouette/2010_001347.png,cat,Dog
data/voc/silhouette/2010_001351.png,cat,Cat
data/voc/silhouette/2010_001367.png,person,Person
data/voc/silhouette/2010_001374.png,train,Train
data/voc/silhouette/2010_001376.png,dog,Dog
data/voc/silhouette/2010_001386.png,cat,Cat
data/voc/silhouette/2010_001399.png,dog,Cat
data/voc/silhouette/2010_001403.png,bus,Car
data/voc/silhouette/2010_001413.png,aeroplane,Aeroplane
data/voc/silhouette/2010_001418.png,cat,Cat
data/voc/silhouette/2010_001422.png,dog,Dog
data/voc/silhouette/2010_001448.png,aeroplane,Aeroplane
data/voc/silhouette/2010_001451.png,horse,Dog
data/voc/silhouette/2010_001457.png,cat,Cat
data/voc/silhouette/2010_001514.png,bicycle,Bicycle
data/voc/silhouette/2010_001515.png,train,Aeroplane
data/voc/silhouette/2010_001522.png,sheep,Sheep
data/voc/silhouette/2010_001534.png,cat,Cat
data/voc/silhouette/2010_001553.png,motorbike,Motorbike
data/voc/silhouette/2010_001557.png,sheep,Cow
data/voc/silhouette/2010_001561.png,car,Car
data/voc/silhouette/2010_001562.png,tvmonitor,Sofa
data/voc/silhouette/2010_001563.png,person,Person
data/voc/silhouette/2010_001576.png,diningtable,Car
data/voc/silhouette/2010_001577.png,sheep,Person
data/voc/silhouette/2010_001579.png,diningtable,Car
data/voc/silhouette/2010_001590.png,cat,Cat
data/voc/silhouette/2010_001595.png,horse,Horse
data/voc/silhouette/2010_001618.png,sheep,Dog
data/voc/silhouette/2010_001619.png,person,Person
data/voc/silhouette/2010_001630.png,bus,Car
data/voc/silhouette/2010_001646.png,bus,Car
data/voc/silhouette/2010_001656.png,cat,Person
data/voc/silhouette/2010_001660.png,cat,Dog
data/voc/silhouette/2010_001676.png,horse,Horse
data/voc/silhouette/2010_001692.png,cow,Cow
data/voc/silhouette/2010_001699.png,chair,Person
data/voc/silhouette/2010_001706.png,dog,Dog
data/voc/silhouette/2010_001732.png,bus,Car
data/voc/silhouette/2010_001734.png,train,Sofa
data/voc/silhouette/2010_001748.png,train,Train
data/voc/silhouette/2010_001752.png,tvmonitor,Car
data/voc/silhouette/2010_001767.png,sofa,Car
data/voc/silhouette/2010_001768.png,dog,Dog
data/voc/silhouette/2010_001773.png,pottedplant,Potted Plant
data/voc/silhouette/2010_001807.png,boat,Boat
data/voc/silhouette/2010_001820.png,bird,Car
data/voc/silhouette/2010_001830.png,bottle,Bottle
data/voc/silhouette/2010_001842.png,cat,Cat
data/voc/silhouette/2010_001849.png,chair,Bird
data/voc/silhouette/2010_001850.png,car,Car
data/voc/silhouette/2010_001851.png,diningtable,Table
data/voc/silhouette/2010_001852.png,horse,Horse
data/voc/silhouette/2010_001860.png,tvmonitor,Car
data/voc/silhouette/2010_001908.png,dog,Dog
data/voc/silhouette/2010_001913.png,cat,Cat
data/voc/silhouette/2010_001922.png,bicycle,Bicycle
data/voc/silhouette/2010_001923.png,motorbike,Motorbike
data/voc/silhouette/2010_001933.png,sofa,Dog
data/voc/silhouette/2010_001939.png,diningtable,Car
data/voc/silhouette/2010_001944.png,dog,Dog
data/voc/silhouette/2010_001951.png,train,Aeroplane
data/voc/silhouette/2010_001956.png,dog,Dog
data/voc/silhouette/2010_001962.png,sofa,Sofa
data/voc/silhouette/2010_001966.png,car,Train
data/voc/silhouette/2010_001995.png,bird,Person
data/voc/silhouette/2010_002017.png,chair,Car
data/voc/silhouette/2010_002018.png,person,Person
data/voc/silhouette/2010_002020.png,dog,Dog
data/voc/silhouette/2010_002025.png,cat,Cat
data/voc/silhouette/2010_002030.png,bicycle,Bicycle
data/voc/silhouette/2010_002032.png,diningtable,Dining Table
data/voc/silhouette/2010_002039.png,sheep,Sheep
data/voc/silhouette/2010_002047.png,cow,Dog
data/voc/silhouette/2010_002054.png,sheep,Car
data/voc/silhouette/2010_002055.png,bicycle,Bicycle
data/voc/silhouette/2010_002070.png,person,Person
data/voc/silhouette/2010_002097.png,tvmonitor,Car
data/voc/silhouette/2010_002106.png,sheep,Horse
data/voc/silhouette/2010_002107.png,car,Car
data/voc/silhouette/2010_002137.png,pottedplant,Bicycle
data/voc/silhouette/2010_002139.png,cow,Cow
data/voc/silhouette/2010_002142.png,bird,Car
data/voc/silhouette/2010_002146.png,cat,Cat
data/voc/silhouette/2010_002147.png,aeroplane,Aeroplane
data/voc/silhouette/2010_002150.png,boat,Train
data/voc/silhouette/2010_002154.png,person,Person
data/voc/silhouette/2010_002161.png,person,Person
data/voc/silhouette/2010_002166.png,person,Person
data/voc/silhouette/2010_002200.png,aeroplane,Aeroplane
data/voc/silhouette/2010_002203.png,bus,Car
data/voc/silhouette/2010_002218.png,bus,Bus
data/voc/silhouette/2010_002228.png,dog,Dog
data/voc/silhouette/2010_002232.png,sheep,Dog
data/voc/silhouette/2010_002236.png,car,Car
data/voc/silhouette/2010_002251.png,motorbike,Motorbike
data/voc/silhouette/2010_002254.png,cow,Cow
data/voc/silhouette/2010_002271.png,motorbike,Motorbike
data/voc/silhouette/2010_002286.png,cat,Cat
data/voc/silhouette/2010_002305.png,cat,Car
data/voc/silhouette/2010_002310.png,aeroplane,Aeroplane
data/voc/silhouette/2010_002336.png,diningtable,Car
data/voc/silhouette/2010_002338.png,dog,Car
data/voc/silhouette/2010_002348.png,cat,Dog
data/voc/silhouette/2010_002361.png,car,Car
data/voc/silhouette/2010_002363.png,car,Car
data/voc/silhouette/2010_002379.png,pottedplant,Bicycle
data/voc/silhouette/2010_002382.png,dog,Dog
data/voc/silhouette/2010_002387.png,car,Car
data/voc/silhouette/2010_002390.png,cow,Cow
data/voc/silhouette/2010_002396.png,person,Person
data/voc/silhouette/2010_002413.png,bus,Car
data/voc/silhouette/2010_002418.png,diningtable,Dining Table
data/voc/silhouette/2010_002422.png,cat,Cat
data/voc/silhouette/2010_002440.png,person,Dog
data/voc/silhouette/2010_002450.png,bird,Bird
data/voc/silhouette/2010_002455.png,bottle,Person
data/voc/silhouette/2010_002457.png,car,Car
data/voc/silhouette/2010_002480.png,dog,Dog
data/voc/silhouette/2010_002499.png,dog,Dog
data/voc/silhouette/2010_002512.png,cat,Cat
data/voc/silhouette/2010_002527.png,sofa,Car
data/voc/silhouette/2010_002531.png,sofa,Cat
data/voc/silhouette/2010_002532.png,aeroplane,Aeroplane
data/voc/silhouette/2010_002536.png,bicycle,Bicycle
data/voc/silhouette/2010_002538.png,chair,Chair
data/voc/silhouette/2010_002546.png,bus,Bus
data/voc/silhouette/2010_002551.png,dog,Dog
data/voc/silhouette/2010_002556.png,train,Car
data/voc/silhouette/2010_002570.png,person,Dog
data/voc/silhouette/2010_002573.png,cat,Cat
data/voc/silhouette/2010_002623.png,person,Person
data/voc/silhouette/2010_002625.png,person,Person
data/voc/silhouette/2010_002659.png,dog,Dog
data/voc/silhouette/2010_002682.png,train,Car
data/voc/silhouette/2010_002691.png,horse,Horse
data/voc/silhouette/2010_002693.png,chair,Chair
data/voc/silhouette/2010_002697.png,train,Aeroplane
data/voc/silhouette/2010_002701.png,cow,Dog
data/voc/silhouette/2010_002720.png,bicycle,Bicycle
data/voc/silhouette/2010_002733.png,pottedplant,Car
data/voc/silhouette/2010_002750.png,sheep,Car
data/voc/silhouette/2010_002763.png,cow,Dog
data/voc/silhouette/2010_002778.png,cat,Cat
data/voc/silhouette/2010_002786.png,dog,Person
data/voc/silhouette/2010_002792.png,person,Person
data/voc/silhouette/2010_002794.png,dog,Dog
data/voc/silhouette/2010_002811.png,sofa,Car
data/voc/silhouette/2010_002815.png,chair,Train
data/voc/silhouette/2010_002838.png,train,Train
data/voc/silhouette/2010_002856.png,dog,Dog
data/voc/silhouette/2010_002868.png,bus,Train
data/voc/silhouette/2010_002870.png,chair,Chair
data/voc/silhouette/2010_002892.png,aeroplane,Aeroplane
data/voc/silhouette/2010_002900.png,cat,Cat
data/voc/silhouette/2010_002902.png,car,Car
data/voc/silhouette/2010_002907.png,dog,Dog
data/voc/silhouette/2010_002921.png,chair,Chair
data/voc/silhouette/2010_002929.png,car,Car
data/voc/silhouette/2010_002935.png,bird,Bird
data/voc/silhouette/2010_002937.png,train,Train
data/voc/silhouette/2010_002938.png,dog,Dog
data/voc/silhouette/2010_002939.png,aeroplane,Aeroplane
data/voc/silhouette/2010_002962.png,person,Person
data/voc/silhouette/2010_002973.png,cat,Cat
data/voc/silhouette/2010_002988.png,car,Car
data/voc/silhouette/2010_003010.png,dog,Dog
data/voc/silhouette/2010_003014.png,person,Person
data/voc/silhouette/2010_003017.png,person,Car
data/voc/silhouette/2010_003060.png,dog,Dog
data/voc/silhouette/2010_003062.png,bicycle,Bicycle
data/voc/silhouette/2010_003088.png,aeroplane,Aeroplane
data/voc/silhouette/2010_003093.png,person,Person
data/voc/silhouette/2010_003097.png,bird,Car
data/voc/silhouette/2010_003114.png,sofa,Cat
data/voc/silhouette/2010_003119.png,bird,Bird
data/voc/silhouette/2010_003123.png,pottedplant,Car
data/voc/silhouette/2010_003127.png,aeroplane,Aeroplane
data/voc/silhouette/2010_003132.png,aeroplane,Aeroplane
data/voc/silhouette/2010_003153.png,sheep,Sheep
data/voc/silhouette/2010_003157.png,diningtable,Dining Table
data/voc/silhouette/2010_003168.png,bird,Bird
data/voc/silhouette/2010_003170.png,chair,Hat
data/voc/silhouette/2010_003174.png,sofa,Person
data/voc/silhouette/2010_003183.png,cow,Cow
data/voc/silhouette/2010_003187.png,dog,Dog
data/voc/silhouette/2010_003203.png,boat,Boat
data/voc/silhouette/2010_003207.png,motorbike,Motorbike
data/voc/silhouette/2010_003230.png,cat,Dog
data/voc/silhouette/2010_003231.png,car,Car
data/voc/silhouette/2010_003239.png,cow,Cow
data/voc/silhouette/2010_003250.png,person,Person
data/voc/silhouette/2010_003252.png,sheep,Sheep
data/voc/silhouette/2010_003269.png,dog,Car
data/voc/silhouette/2010_003274.png,train,Train
data/voc/silhouette/2010_003275.png,cat,Cat
data/voc/silhouette/2010_003276.png,car,Car
data/voc/silhouette/2010_003293.png,bus,TV Monitor
data/voc/silhouette/2010_003302.png,chair,Chair
data/voc/silhouette/2010_003325.png,chair,Bottle
data/voc/silhouette/2010_003342.png,dog,Dog
data/voc/silhouette/2010_003345.png,cow,Cow
data/voc/silhouette/2010_003362.png,bird,Cow
data/voc/silhouette/2010_003365.png,aeroplane,Aeroplane
data/voc/silhouette/2010_003380.png,horse,Horse
data/voc/silhouette/2010_003381.png,car,Car
data/voc/silhouette/2010_003383.png,cow,Cow
data/voc/silhouette/2010_003384.png,train,Car
data/voc/silhouette/2010_003402.png,cat,Cat
data/voc/silhouette/2010_003409.png,person,Person
data/voc/silhouette/2010_003418.png,bird,Bird
data/voc/silhouette/2010_003446.png,bicycle,Bicycle
data/voc/silhouette/2010_003453.png,car,Car
data/voc/silhouette/2010_003468.png,cat,Person
data/voc/silhouette/2010_003473.png,bird,Person
data/voc/silhouette/2010_003495.png,aeroplane,Aeroplane
data/voc/silhouette/2010_003506.png,dog,Person
data/voc/silhouette/2010_003514.png,train,Aeroplane
data/voc/silhouette/2010_003529.png,motorbike,Motorbike
data/voc/silhouette/2010_003531.png,diningtable,Car
data/voc/silhouette/2010_003532.png,horse,Cow
data/voc/silhouette/2010_003534.png,bus,Sofa
data/voc/silhouette/2010_003541.png,sheep,Cow
data/voc/silhouette/2010_003547.png,boat,Car
data/voc/silhouette/2010_003597.png,sofa,Bottle
data/voc/silhouette/2010_003599.png,boat,Boat
data/voc/silhouette/2010_003634.png,chair,Chair
data/voc/silhouette/2010_003651.png,pottedplant,Potted Plant
data/voc/silhouette/2010_003665.png,chair,Sofa
data/voc/silhouette/2010_003670.png,person,Person
data/voc/silhouette/2010_003675.png,cat,Car
data/voc/silhouette/2010_003680.png,aeroplane,Aeroplane
data/voc/silhouette/2010_003696.png,cat,Cat
data/voc/silhouette/2010_003708.png,train,Car
data/voc/silhouette/2010_003716.png,aeroplane,Aeroplane
data/voc/silhouette/2010_003717.png,sofa,Car
data/voc/silhouette/2010_003737.png,aeroplane,Aeroplane
data/voc/silhouette/2010_003746.png,dog,Person
data/voc/silhouette/2010_003758.png,cat,Dog
data/voc/silhouette/2010_003764.png,cat,Cat
data/voc/silhouette/2010_003768.png,car,Car
data/voc/silhouette/2010_003771.png,bird,Bird
data/voc/silhouette/2010_003772.png,bus,Bus
data/voc/silhouette/2010_003781.png,cat,Dog
data/voc/silhouette/2010_003798.png,aeroplane,Aeroplane
data/voc/silhouette/2010_003799.png,bicycle,Bicycle
data/voc/silhouette/2010_003813.png,car,Car
data/voc/silhouette/2010_003820.png,bird,Bird
data/voc/silhouette/2010_003854.png,car,Car
data/voc/silhouette/2010_003884.png,person,Bird
data/voc/silhouette/2010_003887.png,cat,Cat
data/voc/silhouette/2010_003894.png,person,Person
data/voc/silhouette/2010_003899.png,boat,Boat
data/voc/silhouette/2010_003911.png,boat,Train
data/voc/silhouette/2010_003912.png,bicycle,Bicycle
data/voc/silhouette/2010_003915.png,aeroplane,Aeroplane
data/voc/silhouette/2010_003925.png,chair,Cat
data/voc/silhouette/2010_003947.png,motorbike,Motorbike
data/voc/silhouette/2010_003950.png,cat,Cat
data/voc/silhouette/2010_003954.png,sheep,Sheep
data/voc/silhouette/2010_003956.png,train,Car
data/voc/silhouette/2010_003958.png,dog,Cat
data/voc/silhouette/2010_003971.png,chair,Chair
data/voc/silhouette/2010_003974.png,cat,Cat
data/voc/silhouette/2010_004005.png,car,Car
data/voc/silhouette/2010_004025.png,sofa,Car
data/voc/silhouette/2010_004041.png,boat,Car
data/voc/silhouette/2010_004042.png,motorbike,Motorbike
data/voc/silhouette/2010_004056.png,bottle,Bottle
data/voc/silhouette/2010_004060.png,cat,Dog
data/voc/silhouette/2010_004063.png,aeroplane,Aeroplane
data/voc/silhouette/2010_004069.png,bicycle,Bicycle
data/voc/silhouette/2010_004071.png,bird,Bird
data/voc/silhouette/2010_004072.png,bicycle,Bicycle
data/voc/silhouette/2010_004074.png,sheep,Sheep
data/voc/silhouette/2010_004104.png,cat,Cat
data/voc/silhouette/2010_004109.png,sofa,Car
data/voc/silhouette/2010_004119.png,motorbike,Motorbike
data/voc/silhouette/2010_004120.png,cat,Car
data/voc/silhouette/2010_004144.png,cat,Dog
data/voc/silhouette/2010_004149.png,train,Person
data/voc/silhouette/2010_004154.png,bicycle,Bicycle
data/voc/silhouette/2010_004165.png,person,Person
data/voc/silhouette/2010_004171.png,cat,Cat
data/voc/silhouette/2010_004180.png,bus,Car
data/voc/silhouette/2010_004186.png,car,Car
data/voc/silhouette/2010_004208.png,boat,Boat
data/voc/silhouette/2010_004210.png,cow,Dog
data/voc/silhouette/2010_004219.png,motorbike,Motorbike
data/voc/silhouette/2010_004222.png,chair,Person
data/voc/silhouette/2010_004226.png,sheep,Sheep
data/voc/silhouette/2010_004258.png,car,Car
data/voc/silhouette/2010_004283.png,cow,Cow
data/voc/silhouette/2010_004288.png,bottle,Bottle
data/voc/silhouette/2010_004289.png,motorbike,Motorbike
data/voc/silhouette/2010_004306.png,tvmonitor,Bottle
data/voc/silhouette/2010_004314.png,aeroplane,Aeroplane
data/voc/silhouette/2010_004320.png,cat,Dog
data/voc/silhouette/2010_004322.png,cow,Cow
data/voc/silhouette/2010_004337.png,person,Person
data/voc/silhouette/2010_004348.png,bus,Bird
data/voc/silhouette/2010_004355.png,motorbike,Motorbike
data/voc/silhouette/2010_004361.png,diningtable,Dining Table
data/voc/silhouette/2010_004363.png,horse,Dog
data/voc/silhouette/2010_004365.png,cat,Dog
data/voc/silhouette/2010_004369.png,cat,Car
data/voc/silhouette/2010_004370.png,dog,Dog
data/voc/silhouette/2010_004382.png,pottedplant,Potted Plant
data/voc/silhouette/2010_004419.png,aeroplane,Aeroplane
data/voc/silhouette/2010_004429.png,chair,Chair
data/voc/silhouette/2010_004432.png,person,Person
data/voc/silhouette/2010_004450.png,dog,Dog
data/voc/silhouette/2010_004472.png,person,Person
data/voc/silhouette/2010_004478.png,train,Train
data/voc/silhouette/2010_004479.png,person,Person
data/voc/silhouette/2010_004481.png,person,Person
data/voc/silhouette/2010_004493.png,dog,Person
data/voc/silhouette/2010_004499.png,person,Person
data/voc/silhouette/2010_004519.png,horse,Horse
data/voc/silhouette/2010_004520.png,bottle,Bottle
data/voc/silhouette/2010_004529.png,bottle,Bottle
data/voc/silhouette/2010_004540.png,cat,Dog
data/voc/silhouette/2010_004543.png,chair,Bicycle
data/voc/silhouette/2010_004550.png,dog,Bird
data/voc/silhouette/2010_004551.png,bottle,Bottle
data/voc/silhouette/2010_004556.png,bird,Bird
data/voc/silhouette/2010_004559.png,bird,Bird
data/voc/silhouette/2010_004560.png,sheep,Cow
data/voc/silhouette/2010_004577.png,car,Car
data/voc/silhouette/2010_004598.png,cow,Cow
data/voc/silhouette/2010_004616.png,bus,Sofa
data/voc/silhouette/2010_004620.png,dog,Person
data/voc/silhouette/2010_004625.png,bus,Car
data/voc/silhouette/2010_004628.png,dog,Dog
data/voc/silhouette/2010_004635.png,cow,Cow
data/voc/silhouette/2010_004662.png,boat,Person
data/voc/silhouette/2010_004669.png,train,Car
data/voc/silhouette/2010_004683.png,dog,Dog
data/voc/silhouette/2010_004694.png,sheep,Sheep
data/voc/silhouette/2010_004697.png,motorbike,Aeroplane
data/voc/silhouette/2010_004704.png,person,Cat
data/voc/silhouette/2010_004721.png,aeroplane,Aeroplane
data/voc/silhouette/2010_004757.png,pottedplant,Spider
data/voc/silhouette/2010_004760.png,cat,Elephant
data/voc/silhouette/2010_004763.png,chair,Dog
data/voc/silhouette/2010_004766.png,motorbike,Motorbike
data/voc/silhouette/2010_004772.png,boat,Boat
data/voc/silhouette/2010_004773.png,boat,Boat
data/voc/silhouette/2010_004783.png,sofa,Sofa
data/voc/silhouette/2010_004789.png,cow,Cow
data/voc/silhouette/2010_004795.png,dog,Dog
data/voc/silhouette/2010_004805.png,sofa,Car
data/voc/silhouette/2010_004808.png,cat,Cat
data/voc/silhouette/2010_004815.png,person,Person
data/voc/silhouette/2010_004825.png,diningtable,Car
data/voc/silhouette/2010_004828.png,person,Person
data/voc/silhouette/2010_004856.png,horse,Horse
data/voc/silhouette/2010_004857.png,tvmonitor,TV Monitor
data/voc/silhouette/2010_004861.png,cat,Cat
data/voc/silhouette/2010_004900.png,dog,Dog
data/voc/silhouette/2010_004916.png,dog,Dog
data/voc/silhouette/2010_004933.png,cat,Cat
data/voc/silhouette/2010_004938.png,aeroplane,Aeroplane
data/voc/silhouette/2010_004941.png,motorbike,Motorbike
data/voc/silhouette/2010_004946.png,car,Car
data/voc/silhouette/2010_004948.png,bird,Bird
data/voc/silhouette/2010_004951.png,train,Person
data/voc/silhouette/2010_004960.png,bird,Bird
data/voc/silhouette/2010_004963.png,cat,Cat
data/voc/silhouette/2010_004980.png,train,Aeroplane
data/voc/silhouette/2010_004994.png,bird,Bird
data/voc/silhouette/2010_005013.png,car,Car
data/voc/silhouette/2010_005016.png,bird,Dog
data/voc/silhouette/2010_005021.png,chair,Car
data/voc/silhouette/2010_005028.png,bird,Bird
data/voc/silhouette/2010_005046.png,person,Person
data/voc/silhouette/2010_005055.png,train,Car
data/voc/silhouette/2010_005063.png,bus,Car
data/voc/silhouette/2010_005064.png,dog,Train
data/voc/silhouette/2010_005098.png,sheep,Cow
data/voc/silhouette/2010_005106.png,aeroplane,Aeroplane
data/voc/silhouette/2010_005108.png,cat,Cat
data/voc/silhouette/2010_005111.png,bicycle,Bicycle
data/voc/silhouette/2010_005118.png,bus,Bus
data/voc/silhouette/2010_005119.png,car,Car
data/voc/silhouette/2010_005128.png,cat,Cow
data/voc/silhouette/2010_005129.png,bird,Bird
data/voc/silhouette/2010_005159.png,dog,Dog
data/voc/silhouette/2010_005160.png,motorbike,Motorbike
data/voc/silhouette/2010_005166.png,cow,Sheep
data/voc/silhouette/2010_005174.png,horse,Horse
data/voc/silhouette/2010_005180.png,sofa,Car
data/voc/silhouette/2010_005187.png,pottedplant,Basket
data/voc/silhouette/2010_005198.png,boat,Car
data/voc/silhouette/2010_005202.png,cat,Person
data/voc/silhouette/2010_005206.png,dog,Dog
data/voc/silhouette/2010_005217.png,bird,Dog
data/voc/silhouette/2010_005223.png,cow,Cow
data/voc/silhouette/2010_005232.png,cat,Dog
data/voc/silhouette/2010_005245.png,person,Person
data/voc/silhouette/2010_005252.png,motorbike,Motorbike
data/voc/silhouette/2010_005277.png,bus,Bus
data/voc/silhouette/2010_005284.png,bus,Car
data/voc/silhouette/2010_005305.png,tvmonitor,Car
data/voc/silhouette/2010_005317.png,cat,Cat
data/voc/silhouette/2010_005318.png,car,Car
data/voc/silhouette/2010_005344.png,cat,Dog
data/voc/silhouette/2010_005353.png,bird,Bird
data/voc/silhouette/2010_005366.png,motorbike,Motorbike
data/voc/silhouette/2010_005401.png,boat,Car
data/voc/silhouette/2010_005419.png,dog,Dog
data/voc/silhouette/2010_005421.png,cat,Cat
data/voc/silhouette/2010_005428.png,bird,Bird
data/voc/silhouette/2010_005429.png,motorbike,Motorbike
data/voc/silhouette/2010_005432.png,car,Car
data/voc/silhouette/2010_005433.png,motorbike,Person
data/voc/silhouette/2010_005450.png,tvmonitor,TV Monitor
data/voc/silhouette/2010_005457.png,bus,Car
data/voc/silhouette/2010_005468.png,cow,Cat
data/voc/silhouette/2010_005471.png,person,Person
data/voc/silhouette/2010_005494.png,motorbike,Person
data/voc/silhouette/2010_005496.png,bottle,Bottle
data/voc/silhouette/2010_005500.png,person,Person
data/voc/silhouette/2010_005501.png,car,Dog
data/voc/silhouette/2010_005505.png,cat,Dog
data/voc/silhouette/2010_005506.png,train,Train
data/voc/silhouette/2010_005508.png,cat,Cat
data/voc/silhouette/2010_005513.png,cat,Cat
data/voc/silhouette/2010_005519.png,sheep,Person
data/voc/silhouette/2010_005522.png,dog,Dog
data/voc/silhouette/2010_005531.png,bird,Bird
data/voc/silhouette/2010_005534.png,aeroplane,Aeroplane
data/voc/silhouette/2010_005575.png,dog,Person
data/voc/silhouette/2010_005582.png,person,Person
data/voc/silhouette/2010_005596.png,bus,Car
data/voc/silhouette/2010_005606.png,sofa,Sofa
data/voc/silhouette/2010_005626.png,person,Person
data/voc/silhouette/2010_005627.png,cat,Cat
data/voc/silhouette/2010_005643.png,train,Car
data/voc/silhouette/2010_005644.png,dog,Dog
data/voc/silhouette/2010_005652.png,cat,Cat
data/voc/silhouette/2010_005663.png,bottle,Person
data/voc/silhouette/2010_005664.png,bicycle,Bicycle
data/voc/silhouette/2010_005669.png,dog,Dog
data/voc/silhouette/2010_005678.png,tvmonitor,Car
data/voc/silhouette/2010_005700.png,person,Person
data/voc/silhouette/2010_005705.png,boat,Boat
data/voc/silhouette/2010_005706.png,train,Train
data/voc/silhouette/2010_005709.png,person,Person
data/voc/silhouette/2010_005718.png,aeroplane,Aeroplane
data/voc/silhouette/2010_005719.png,sheep,Sheep
data/voc/silhouette/2010_005721.png,motorbike,Motorbike
data/voc/silhouette/2010_005723.png,person,Person
data/voc/silhouette/2010_005725.png,bird,Bird
data/voc/silhouette/2010_005727.png,train,Car
data/voc/silhouette/2010_005734.png,sofa,Car
data/voc/silhouette/2010_005744.png,tvmonitor,TV Monitor
data/voc/silhouette/2010_005746.png,chair,Chair
data/voc/silhouette/2010_005755.png,diningtable,Sofa
data/voc/silhouette/2010_005758.png,person,Person
data/voc/silhouette/2010_005762.png,bottle,Person
data/voc/silhouette/2010_005775.png,chair,Car
data/voc/silhouette/2010_005788.png,sheep,Sheep
data/voc/silhouette/2010_005791.png,cat,Car
data/voc/silhouette/2010_005796.png,cat,Car
data/voc/silhouette/2010_005800.png,chair,Chair
data/voc/silhouette/2010_005805.png,tvmonitor,Car
data/voc/silhouette/2010_005810.png,train,Car
data/voc/silhouette/2010_005820.png,sheep,Dog
data/voc/silhouette/2010_005830.png,sofa,Train
data/voc/silhouette/2010_005835.png,chair,Person
data/voc/silhouette/2010_005836.png,car,Car
data/voc/silhouette/2010_005860.png,car,Car
data/voc/silhouette/2010_005871.png,person,Person
data/voc/silhouette/2010_005876.png,motorbike,Motorbike
data/voc/silhouette/2010_005877.png,aeroplane,Aeroplane
data/voc/silhouette/2010_005888.png,aeroplane,Aeroplane
data/voc/silhouette/2010_005891.png,car,Car
data/voc/silhouette/2010_005898.png,sofa,Dog
data/voc/silhouette/2010_005899.png,cat,Cat
data/voc/silhouette/2010_005919.png,horse,Horse
data/voc/silhouette/2010_005922.png,cow,Cow
data/voc/silhouette/2010_005927.png,boat,Boat
data/voc/silhouette/2010_005932.png,pottedplant,Potted Plant
data/voc/silhouette/2010_005951.png,car,Car
data/voc/silhouette/2010_005952.png,bottle,Person
data/voc/silhouette/2010_005978.png,aeroplane,Aeroplane
data/voc/silhouette/2010_005982.png,chair,Car
data/voc/silhouette/2010_005991.png,person,Person
data/voc/silhouette/2010_005992.png,dog,Dog
data/voc/silhouette/2010_006009.png,dog,Dog
data/voc/silhouette/2010_006026.png,sheep,Dog
data/voc/silhouette/2010_006034.png,aeroplane,Aeroplane
data/voc/silhouette/2010_006054.png,train,Train
data/voc/silhouette/2010_006070.png,bicycle,Bicycle
data/voc/silhouette/2011_000003.png,person,Person
data/voc/silhouette/2011_000006.png,sofa,Car
data/voc/silhouette/2011_000025.png,bus,Bus
data/voc/silhouette/2011_000027.png,bottle,Bottle
data/voc/silhouette/2011_000045.png,dog,Dog
data/voc/silhouette/2011_000051.png,person,Person
data/voc/silhouette/2011_000054.png,person,Person
data/voc/silhouette/2011_000066.png,bottle,Car
data/voc/silhouette/2011_000068.png,bird,Bird
data/voc/silhouette/2011_000069.png,person,Person
data/voc/silhouette/2011_000070.png,sofa,Car
data/voc/silhouette/2011_000105.png,train,Train
data/voc/silhouette/2011_000108.png,chair,Car
data/voc/silhouette/2011_000112.png,bird,Dog
data/voc/silhouette/2011_000116.png,aeroplane,Car
data/voc/silhouette/2011_000122.png,sofa,Person
data/voc/silhouette/2011_000145.png,pottedplant,Potted Plant
data/voc/silhouette/2011_000149.png,bird,Bird
data/voc/silhouette/2011_000152.png,chair,Chair
data/voc/silhouette/2011_000173.png,sofa,Car
data/voc/silhouette/2011_000178.png,bus,Bus
data/voc/silhouette/2011_000182.png,sofa,Car
data/voc/silhouette/2011_000185.png,bird,Bird
data/voc/silhouette/2011_000197.png,train,Bus
data/voc/silhouette/2011_000208.png,bus,Bus
data/voc/silhouette/2011_000216.png,dog,Dog
data/voc/silhouette/2011_000219.png,cow,Cow
data/voc/silhouette/2011_000221.png,train,Car
data/voc/silhouette/2011_000222.png,bird,Bird
data/voc/silhouette/2011_000226.png,diningtable,Car
data/voc/silhouette/2011_000228.png,cow,Sheep
data/voc/silhouette/2011_000234.png,boat,Boat
data/voc/silhouette/2011_000238.png,boat,Car
data/voc/silhouette/2011_000239.png,bus,Car
data/voc/silhouette/2011_000243.png,aeroplane,Aeroplane
data/voc/silhouette/2011_000248.png,bus,Car
data/voc/silhouette/2011_000252.png,car,Car
data/voc/silhouette/2011_000258.png,bus,Bus
data/voc/silhouette/2011_000268.png,bird,Bird
data/voc/silhouette/2011_000277.png,train,Car
data/voc/silhouette/2011_000278.png,boat,Boat
data/voc/silhouette/2011_000283.png,train,Cow
data/voc/silhouette/2011_000291.png,train,Train
data/voc/silhouette/2011_000293.png,car,Car
data/voc/silhouette/2011_000310.png,sofa,Chair
data/voc/silhouette/2011_000312.png,bus,Car
data/voc/silhouette/2011_000338.png,diningtable,Car
data/voc/silhouette/2011_000345.png,cat,Cat
data/voc/silhouette/2011_000359.png,aeroplane,Aeroplane
data/voc/silhouette/2011_000379.png,cat,Cat
data/voc/silhouette/2011_000382.png,chair,Person
data/voc/silhouette/2011_000396.png,horse,Horse
data/voc/silhouette/2011_000400.png,tvmonitor,Car
data/voc/silhouette/2011_000412.png,bicycle,Bicycle
data/voc/silhouette/2011_000419.png,cat,Dog
data/voc/silhouette/2011_000428.png,dog,Car
data/voc/silhouette/2011_000435.png,boat,Boat
data/voc/silhouette/2011_000436.png,sheep,Cow
data/voc/silhouette/2011_000438.png,person,Person
data/voc/silhouette/2011_000449.png,dog,Dog
data/voc/silhouette/2011_000453.png,bicycle,Bicycle
data/voc/silhouette/2011_000455.png,person,Person
data/voc/silhouette/2011_000456.png,bird,Bird
data/voc/silhouette/2011_000457.png,sofa,Person
data/voc/silhouette/2011_000468.png,pottedplant,Person
data/voc/silhouette/2011_000469.png,cat,Cat
data/voc/silhouette/2011_000479.png,person,Person
data/voc/silhouette/2011_000481.png,aeroplane,Aeroplane
data/voc/silhouette/2011_000482.png,bird,Bird
data/voc/silhouette/2011_000503.png,car,Car
data/voc/silhouette/2011_000512.png,motorbike,Motorbike
data/voc/silhouette/2011_000513.png,train,Train
data/voc/silhouette/2011_000521.png,train,Car
data/voc/silhouette/2011_000526.png,horse,Horse
data/voc/silhouette/2011_000536.png,dog,Dog
data/voc/silhouette/2011_000542.png,dog,Dog
data/voc/silhouette/2011_000548.png,cow,Cow
data/voc/silhouette/2011_000550.png,sofa,Sofa
data/voc/silhouette/2011_000551.png,bus,Car
data/voc/silhouette/2011_000556.png,boat,Boat
data/voc/silhouette/2011_000566.png,person,Person
data/voc/silhouette/2011_000573.png,diningtable,Dining Table
data/voc/silhouette/2011_000577.png,person,Car
data/voc/silhouette/2011_000585.png,bicycle,Bicycle
data/voc/silhouette/2011_000589.png,person,Person
data/voc/silhouette/2011_000594.png,person,Person
data/voc/silhouette/2011_000598.png,diningtable,Car
data/voc/silhouette/2011_000607.png,chair,Car
data/voc/silhouette/2011_000618.png,motorbike,Motorbike
data/voc/silhouette/2011_000637.png,motorbike,Motorbike
data/voc/silhouette/2011_000638.png,person,Person
data/voc/silhouette/2011_000641.png,sheep,Cow
data/voc/silhouette/2011_000642.png,person,Person
data/voc/silhouette/2011_000646.png,sofa,Person
data/voc/silhouette/2011_000651.png,motorbike,Motorbike
data/voc/silhouette/2011_000652.png,motorbike,Motorbike
data/voc/silhouette/2011_000658.png,car,Car
data/voc/silhouette/2011_000661.png,chair,Person
data/voc/silhouette/2011_000669.png,bird,Bird
data/voc/silhouette/2011_000713.png,person,Person
data/voc/silhouette/2011_000747.png,pottedplant,Car
data/voc/silhouette/2011_000758.png,cat,Cat
data/voc/silhouette/2011_000768.png,person,Car
data/voc/silhouette/2011_000771.png,horse,Horse
data/voc/silhouette/2011_000780.png,cat,Cat
data/voc/silhouette/2011_000789.png,cat,Cat
data/voc/silhouette/2011_000790.png,aeroplane,Aeroplane
data/voc/silhouette/2011_000793.png,aeroplane,Aeroplane
data/voc/silhouette/2011_000807.png,aeroplane,Aeroplane
data/voc/silhouette/2011_000809.png,person,Person
data/voc/silhouette/2011_000813.png,chair,Chair
data/voc/silhouette/2011_000830.png,bus,Car
data/voc/silhouette/2011_000834.png,sheep,Sheep
data/voc/silhouette/2011_000840.png,horse,Horse
data/voc/silhouette/2011_000843.png,person,Person
data/voc/silhouette/2011_000874.png,aeroplane,Aeroplane
data/voc/silhouette/2011_000882.png,aeroplane,Aeroplane
data/voc/silhouette/2011_000888.png,bus,Bus
data/voc/silhouette/2011_000893.png,horse,Horse
data/voc/silhouette/2011_000895.png,train,Cat
data/voc/silhouette/2011_000900.png,car,Car
data/voc/silhouette/2011_000912.png,bird,Bird
data/voc/silhouette/2011_000920.png,bottle,Bottle
data/voc/silhouette/2011_000934.png,pottedplant,Potted Plant
data/voc/silhouette/2011_000944.png,train,Bottle
data/voc/silhouette/2011_000953.png,diningtable,Bottle
data/voc/silhouette/2011_000969.png,bus,Bus
data/voc/silhouette/2011_000973.png,cat,Cat
data/voc/silhouette/2011_000982.png,horse,Horse
data/voc/silhouette/2011_000997.png,train,Train
data/voc/silhouette/2011_000999.png,cat,Car
data/voc/silhouette/2011_001004.png,car,Car
data/voc/silhouette/2011_001005.png,sofa,Car
data/voc/silhouette/2011_001014.png,dog,Dog
data/voc/silhouette/2011_001015.png,bus,Bus
data/voc/silhouette/2011_001020.png,sheep,Horse
data/voc/silhouette/2011_001027.png,sofa,Person
data/voc/silhouette/2011_001047.png,cow,Cow
data/voc/silhouette/2011_001060.png,train,Person
data/voc/silhouette/2011_001064.png,bus,Train
data/voc/silhouette/2011_001069.png,person,Person
data/voc/silhouette/2011_001071.png,person,Person
data/voc/silhouette/2011_001082.png,train,Dog
data/voc/silhouette/2011_001110.png,car,Car
data/voc/silhouette/2011_001114.png,aeroplane,Aeroplane
data/voc/silhouette/2011_001133.png,aeroplane,Aeroplane
data/voc/silhouette/2011_001135.png,cat,Cat
data/voc/silhouette/2011_001139.png,diningtable,Bird
data/voc/silhouette/2011_001159.png,cow,Cow
data/voc/silhouette/2011_001161.png,boat,Person
data/voc/silhouette/2011_001166.png,train,Car
data/voc/silhouette/2011_001175.png,sofa,Aeroplane
data/voc/silhouette/2011_001190.png,car,Car
data/voc/silhouette/2011_001198.png,sofa,Car
data/voc/silhouette/2011_001211.png,bird,Bird
data/voc/silhouette/2011_001232.png,cow,Cow
data/voc/silhouette/2011_001259.png,bird,Bird
data/voc/silhouette/2011_001263.png,aeroplane,Aeroplane
data/voc/silhouette/2011_001270.png,bus,Bus
data/voc/silhouette/2011_001276.png,person,Person
data/voc/silhouette/2011_001281.png,train,Train
data/voc/silhouette/2011_001287.png,bird,Bird
data/voc/silhouette/2011_001292.png,cat,Car
data/voc/silhouette/2011_001313.png,car,Car
data/voc/silhouette/2011_001336.png,diningtable,Car
data/voc/silhouette/2011_001341.png,bus,Bus
data/voc/silhouette/2011_001346.png,chair,Car
data/voc/silhouette/2011_001350.png,sheep,Sheep
data/voc/silhouette/2011_001400.png,person,Person
data/voc/silhouette/2011_001402.png,sofa,Sofa
data/voc/silhouette/2011_001407.png,aeroplane,Aeroplane
data/voc/silhouette/2011_001411.png,bus,Bus
data/voc/silhouette/2011_001412.png,diningtable,Car
data/voc/silhouette/2011_001416.png,person,Person
data/voc/silhouette/2011_001421.png,bird,Car
data/voc/silhouette/2011_001432.png,bird,Bird
data/voc/silhouette/2011_001434.png,aeroplane,Aeroplane
data/voc/silhouette/2011_001447.png,chair,Aeroplane
data/voc/silhouette/2011_001463.png,bird,Bird
data/voc/silhouette/2011_001475.png,person,Car
data/voc/silhouette/2011_001479.png,bus,Train
data/voc/silhouette/2011_001489.png,aeroplane,Aeroplane
data/voc/silhouette/2011_001519.png,bus,Bus
data/voc/silhouette/2011_001529.png,person,Person
data/voc/silhouette/2011_001530.png,person,Person
data/voc/silhouette/2011_001534.png,cat,Dog
data/voc/silhouette/2011_001536.png,bus,Bus
data/voc/silhouette/2011_001542.png,car,Car
data/voc/silhouette/2011_001546.png,cow,Cow
data/voc/silhouette/2011_001567.png,chair,Chair
data/voc/silhouette/2011_001571.png,person,Person
data/voc/silhouette/2011_001589.png,boat,Boat
data/voc/silhouette/2011_001597.png,cat,Cat
data/voc/silhouette/2011_001601.png,sofa,Dog
data/voc/silhouette/2011_001607.png,cat,Cat
data/voc/silhouette/2011_001613.png,boat,Boat
data/voc/silhouette/2011_001614.png,train,Train
data/voc/silhouette/2011_001619.png,person,Person
data/voc/silhouette/2011_001621.png,person,Person
data/voc/silhouette/2011_001622.png,pottedplant,Car
data/voc/silhouette/2011_001624.png,aeroplane,Aeroplane
data/voc/silhouette/2011_001632.png,person,Person
data/voc/silhouette/2011_001642.png,dog,Car
data/voc/silhouette/2011_001652.png,bird,Bird
data/voc/silhouette/2011_001653.png,cow,Cow
data/voc/silhouette/2011_001665.png,diningtable,Car
data/voc/silhouette/2011_001669.png,car,Car
data/voc/silhouette/2011_001674.png,sofa,Car
data/voc/silhouette/2011_001695.png,car,Car
data/voc/silhouette/2011_001708.png,cow,Cow
data/voc/silhouette/2011_001710.png,person,Person
data/voc/silhouette/2011_001713.png,sofa,Cat
data/voc/silhouette/2011_001714.png,person,Person
data/voc/silhouette/2011_001722.png,horse,Horse
data/voc/silhouette/2011_001726.png,pottedplant,Bird
data/voc/silhouette/2011_001730.png,tvmonitor,TV Monitor
data/voc/silhouette/2011_001745.png,dog,Dog
data/voc/silhouette/2011_001748.png,bus,Car
data/voc/silhouette/2011_001753.png,aeroplane,Aeroplane
data/voc/silhouette/2011_001754.png,cat,Cat
data/voc/silhouette/2011_001764.png,bird,Dog
data/voc/silhouette/2011_001765.png,motorbike,Motorbike
data/voc/silhouette/2011_001775.png,cat,Cat
data/voc/silhouette/2011_001782.png,cow,Cow
data/voc/silhouette/2011_001790.png,person,Car
data/voc/silhouette/2011_001793.png,boat,Boat
data/voc/silhouette/2011_001794.png,person,Person
data/voc/silhouette/2011_001810.png,sheep,Dog
data/voc/silhouette/2011_001812.png,chair,Chair
data/voc/silhouette/2011_001855.png,dog,Cat
data/voc/silhouette/2011_001862.png,sofa,Car
data/voc/silhouette/2011_001863.png,pottedplant,Potted Plant
data/voc/silhouette/2011_001866.png,bird,Bird
data/voc/silhouette/2011_001868.png,dog,Dog
data/voc/silhouette/2011_001875.png,aeroplane,Aeroplane
data/voc/silhouette/2011_001880.png,aeroplane,Aeroplane
data/voc/silhouette/2011_001895.png,person,Person
data/voc/silhouette/2011_001902.png,bird,Bird
data/voc/silhouette/2011_001904.png,train,Car
data/voc/silhouette/2011_001910.png,tvmonitor,Car
data/voc/silhouette/2011_001922.png,sofa,Car
data/voc/silhouette/2011_001924.png,bird,Bird
data/voc/silhouette/2011_001928.png,person,Person
data/voc/silhouette/2011_001959.png,bird,Bird
data/voc/silhouette/2011_001967.png,bird,Bird
data/voc/silhouette/2011_001972.png,chair,Chair
data/voc/silhouette/2011_001974.png,sofa,Sofa
data/voc/silhouette/2011_001984.png,dog,Bird
data/voc/silhouette/2011_001988.png,person,Person
data/voc/silhouette/2011_001991.png,boat,Car
data/voc/silhouette/2011_002002.png,person,Person
data/voc/silhouette/2011_002027.png,sheep,Sheep
data/voc/silhouette/2011_002040.png,dog,Dog
data/voc/silhouette/2011_002041.png,chair,Chair
data/voc/silhouette/2011_002050.png,boat,Boat
data/voc/silhouette/2011_002064.png,bicycle,Bicycle
data/voc/silhouette/2011_002075.png,person,Person
data/voc/silhouette/2011_002098.png,dog,Dog
data/voc/silhouette/2011_002107.png,motorbike,Motorbike
data/voc/silhouette/2011_002110.png,dog,Dog
data/voc/silhouette/2011_002111.png,bicycle,Bicycle
data/voc/silhouette/2011_002114.png,aeroplane,Aeroplane
data/voc/silhouette/2011_002119.png,sheep,Sheep
data/voc/silhouette/2011_002121.png,dog,Dog
data/voc/silhouette/2011_002124.png,chair,Sofa
data/voc/silhouette/2011_002134.png,cow,Cat
data/voc/silhouette/2011_002135.png,person,Person
data/voc/silhouette/2011_002149.png,person,Person
data/voc/silhouette/2011_002150.png,bicycle,Bicycle
data/voc/silhouette/2011_002156.png,dog,Dog
data/voc/silhouette/2011_002178.png,sheep,Horse
data/voc/silhouette/2011_002200.png,diningtable,Train
data/voc/silhouette/2011_002222.png,aeroplane,Aeroplane
data/voc/silhouette/2011_002223.png,bicycle,Bicycle
data/voc/silhouette/2011_002224.png,car,Car
data/voc/silhouette/2011_002227.png,bus,Car
data/voc/silhouette/2011_002244.png,person,Person
data/voc/silhouette/2011_002246.png,bird,Bird
data/voc/silhouette/2011_002247.png,train,Person
data/voc/silhouette/2011_002279.png,dog,Bird
data/voc/silhouette/2011_002291.png,sofa,Car
data/voc/silhouette/2011_002295.png,bird,Bird
data/voc/silhouette/2011_002298.png,dog,Dog
data/voc/silhouette/2011_002300.png,dog,Dog
data/voc/silhouette/2011_002303.png,person,Person
data/voc/silhouette/2011_002308.png,person,Person
data/voc/silhouette/2011_002317.png,person,Person
data/voc/silhouette/2011_002322.png,person,Person
data/voc/silhouette/2011_002327.png,aeroplane,Aeroplane
data/voc/silhouette/2011_002335.png,sofa,Car
data/voc/silhouette/2011_002341.png,horse,Horse
data/voc/silhouette/2011_002343.png,chair,Person
data/voc/silhouette/2011_002350.png,pottedplant,Potted Plant
data/voc/silhouette/2011_002358.png,diningtable,Dining Table
data/voc/silhouette/2011_002371.png,dog,Dog
data/voc/silhouette/2011_002379.png,train,Train
data/voc/silhouette/2011_002381.png,bird,Car
data/voc/silhouette/2011_002385.png,train,Car
data/voc/silhouette/2011_002389.png,cat,Cat
data/voc/silhouette/2011_002391.png,sofa,Car
data/voc/silhouette/2011_002398.png,dog,Dog
data/voc/silhouette/2011_002410.png,car,Car
data/voc/silhouette/2011_002447.png,sheep,Dog
data/voc/silhouette/2011_002457.png,bus,Bus
data/voc/silhouette/2011_002464.png,sheep,Sheep
data/voc/silhouette/2011_002488.png,diningtable,Car
data/voc/silhouette/2011_002498.png,person,Person
data/voc/silhouette/2011_002503.png,bird,Bird
data/voc/silhouette/2011_002504.png,aeroplane,Aeroplane
data/voc/silhouette/2011_002509.png,person,Person
data/voc/silhouette/2011_002511.png,person,Person
data/voc/silhouette/2011_002515.png,aeroplane,Aeroplane
data/voc/silhouette/2011_002528.png,train,Train
data/voc/silhouette/2011_002532.png,tvmonitor,Car
data/voc/silhouette/2011_002535.png,train,Train
data/voc/silhouette/2011_002548.png,bird,Bird
data/voc/silhouette/2011_002553.png,sheep,Sheep
data/voc/silhouette/2011_002559.png,bottle,Bottle
data/voc/silhouette/2011_002561.png,sofa,Car
data/voc/silhouette/2011_002575.png,person,Person
data/voc/silhouette/2011_002578.png,person,Person
data/voc/silhouette/2011_002585.png,person,Person
data/voc/silhouette/2011_002589.png,dog,Car
data/voc/silhouette/2011_002590.png,person,Person
data/voc/silhouette/2011_002592.png,car,Bird
data/voc/silhouette/2011_002623.png,person,Person
data/voc/silhouette/2011_002641.png,person,Person
data/voc/silhouette/2011_002644.png,sofa,Car
data/voc/silhouette/2011_002652.png,bird,Bird
data/voc/silhouette/2011_002656.png,bicycle,Bottle
data/voc/silhouette/2011_002662.png,sheep,Sheep
data/voc/silhouette/2011_002675.png,aeroplane,Aeroplane
data/voc/silhouette/2011_002685.png,cat,Cat
data/voc/silhouette/2011_002709.png,person,Person
data/voc/silhouette/2011_002713.png,bicycle,Bicycle
data/voc/silhouette/2011_002715.png,bird,Bird
data/voc/silhouette/2011_002717.png,dog,Dog
data/voc/silhouette/2011_002730.png,horse,Horse
data/voc/silhouette/2011_002752.png,sofa,Car
data/voc/silhouette/2011_002754.png,boat,Car
data/voc/silhouette/2011_002767.png,bird,Bird
data/voc/silhouette/2011_002770.png,person,Dog
data/voc/silhouette/2011_002812.png,car,Car
data/voc/silhouette/2011_002834.png,sofa,Car
data/voc/silhouette/2011_002851.png,aeroplane,Aeroplane
data/voc/silhouette/2011_002863.png,bottle,Car
data/voc/silhouette/2011_002872.png,person,Person
data/voc/silhouette/2011_002873.png,cow,Dog
data/voc/silhouette/2011_002879.png,tvmonitor,Car
data/voc/silhouette/2011_002885.png,cow,Cow
data/voc/silhouette/2011_002920.png,person,Person
data/voc/silhouette/2011_002929.png,aeroplane,Aeroplane
data/voc/silhouette/2011_002932.png,train,Train
data/voc/silhouette/2011_002935.png,person,Person
data/voc/silhouette/2011_002947.png,chair,Person
data/voc/silhouette/2011_002951.png,horse,Car
data/voc/silhouette/2011_002953.png,sofa,Train
data/voc/silhouette/2011_002956.png,bus,Bus
data/voc/silhouette/2011_002975.png,boat,Boat
data/voc/silhouette/2011_002993.png,aeroplane,Aeroplane
data/voc/silhouette/2011_002997.png,person,Person
data/voc/silhouette/2011_003003.png,bicycle,Bicycle
data/voc/silhouette/2011_003011.png,chair,Chair
data/voc/silhouette/2011_003019.png,cow,Cow
data/voc/silhouette/2011_003025.png,boat,Train
data/voc/silhouette/2011_003030.png,bird,Dog
data/voc/silhouette/2011_003038.png,person,Person
data/voc/silhouette/2011_003055.png,car,Car
data/voc/silhouette/2011_003057.png,motorbike,Motorbike
data/voc/silhouette/2011_003066.png,diningtable,Car
data/voc/silhouette/2011_003078.png,motorbike,Motorbike
data/voc/silhouette/2011_003085.png,horse,Dog
data/voc/silhouette/2011_003103.png,pottedplant,Potted Plant
data/voc/silhouette/2011_003114.png,bus,Bus
data/voc/silhouette/2011_003121.png,car,Car
data/voc/silhouette/2011_003141.png,person,Person
data/voc/silhouette/2011_003145.png,bird,Bird
data/voc/silhouette/2011_003146.png,train,Train
data/voc/silhouette/2011_003151.png,dog,Cat
data/voc/silhouette/2011_003182.png,sofa,Dog
data/voc/silhouette/2011_003184.png,horse,Horse
data/voc/silhouette/2011_003197.png,train,Train
data/voc/silhouette/2011_003205.png,pottedplant,Bird
data/voc/silhouette/2011_003216.png,cat,Cat
data/voc/silhouette/2011_003238.png,person,Person
data/voc/silhouette/2011_003240.png,person,Person
data/voc/silhouette/2011_003246.png,person,Person
data/voc/silhouette/2011_003255.png,person,Person
data/voc/silhouette/2011_003256.png,sofa,Dog
data/voc/silhouette/2011_003271.png,bottle,Car
