image_path,label,prediction
data/thin/silhouette/anaconda_PNG1.png,Anaconda,
data/thin/silhouette/anaconda_PNG10.png,Anaconda,
data/thin/silhouette/anaconda_PNG14.png,Anaconda,"Based on the image provided, the main object is a snake.

The correct class name from the list is:
Snake"
data/thin/silhouette/anaconda_PNG2.png,Anaconda,
data/thin/silhouette/anaconda_PNG7.png,Anaconda,
data/thin/silhouette/anaconda_PNG8.png,Anaconda,
data/thin/silhouette/ant_PNG19350.png,Ant,"Based on the image provided, the main object is a black silhouette of an insect with six legs, a segmented body, and a head with a distinct shape. This is characteristic of an ant.

The correct class from the list is:

Ant"
data/thin/silhouette/ant_PNG19355.png,Ant,"Based on the visual information provided in the image, the main object is a black silhouette of an insect.

The object has the distinct features of an ant: a large head, a segmented body, and six legs. This is a clear representation of an ant.

Therefore, the correct class name is:

Ant"
data/thin/silhouette/ant_PNG19362.png,Ant,"Based on the provided image, the main object is an ant. The image is a simple silhouette of an ant, which is a well-known insect.

From the given list of 193 classes, the correct one is:

Ant"
data/thin/silhouette/ant_PNG19363a.png,Ant,"Based on the image provided, the main object is a black silhouette of an insect with a distinct body structure, including a head with two antennae, a thorax, and a distinct abdomen with a segmented body. The presence of six legs and a segmented body is characteristic of an ant.

From the provided list of classes, the correct identification is:

Ant"
data/thin/silhouette/ant_PNG19363b.png,Ant,
data/thin/silhouette/ant_PNG19363c.png,Ant,
data/thin/silhouette/ant_PNG19364.png,Ant,"Based on the image provided, the main object is a silhouette of an ant.

The correct class name from the list is:
Ant"
data/thin/silhouette/ant_PNG19365.png,Ant,"Based on the visual information provided in the image, the main object is a black silhouette of an insect with a distinct body structure, including a head, thorax, and abdomen, and six legs. This morphology is characteristic of an ant.

From the given list of classes, the correct identification is:

Ant"
data/thin/silhouette/apple_PNG12405.png,Apple,
data/thin/silhouette/apple_PNG12429.png,Apple,
data/thin/silhouette/apple_PNG12471.png,Apple,
data/thin/silhouette/apple_PNG12492.png,Apple,
data/thin/silhouette/apple_PNG12496.png,Apple,
data/thin/silhouette/armchair_PNG7023.png,Armchair,"Based on the visual information provided, the main object in the image is a chair. The image shows a silhouette of a classic armchair with a high back, armrests, and ornate legs.

From the given list of classes, the correct identification is:

Chair"
data/thin/silhouette/armchair_PNG7028.png,Armchair,"Based on the visual information provided in the image, the main object is a chair.

The object is a black silhouette of a chair with a rounded back, a cushioned seat, and four legs. This is a classic representation of a traditional armchair or a similar style of chair.

From the list of classes provided, the most appropriate match is:

Chair"
data/thin/silhouette/armchair_PNG7034.png,Armchair,"Based on the provided image, the main object is a chair with a classic design, featuring high backrests and curved legs.

The correct class name from the list is:

Armchair"
data/thin/silhouette/armchair_PNG7041.png,Armchair,"Based on the visual information provided in the image, the main object is a chair with ornate, decorative features, particularly in its backrest and legs. This style of chair is often associated with a specific design aesthetic.

The object is a chair.

Chair"
data/thin/silhouette/armchair_PNG7043.png,Armchair,"Based on the visual information provided in the image, the main object is a chair.

The correct class name from the list is:

Chair"
data/thin/silhouette/armchair_PNG7044.png,Armchair,"Based on the provided image, the main object is a chair.

The correct class name from the list is:
Chair"
data/thin/silhouette/armchair_PNG7047.png,Armchair,"Based on the visual information provided in the image, the main object is a chair.

The object is depicted as a silhouette, which means it is a black outline of a chair with a classic design, including a high back, armrests, and four legs. This is a clear representation of a piece of furniture.

From the given list of classes, the most appropriate identification is:

Chair"
data/thin/silhouette/armchair_PNG7060.png,Armchair,"Based on the provided image, the main object is a chair.

The correct class name from the list is:
Chair"
data/thin/silhouette/armchair_PNG7068.png,Armchair,"Based on the image provided, the main object is a silhouette of a chair. The specific design features a high back, armrests, and four legs, which are characteristic of an armchair.

The correct class name from the list is:

Chair"
data/thin/silhouette/armchair_PNG7072.png,Armchair,"Based on the provided image, the main object is a silhouette of a chair. It features a high back, armrests, and a distinct frame, which are characteristic of a traditional armchair. The object is depicted in black against a white background.

The correct class name from the list is:
Chair"
data/thin/silhouette/armchair_PNG7074.png,Armchair,"Based on the provided image and the list of classes, the main object is a chair.

The correct class name from the list is:

Chair"
data/thin/silhouette/arrow_bow_PNG12a.png,Arrow Bow,"Based on the visual information provided in the image, the main object is a long, thin, black object with a pointed tip and a rounded tip at the other end, which is characteristic of a spear.

Therefore, the correct class name is:

Spear"
data/thin/silhouette/arrow_bow_PNG12b.png,Arrow Bow,"Based on the visual information provided in the image, the main object is a long, thin object with a pointed tip and a rounded head, which is characteristic of a spear.

The correct class name from the list is:

Spear"
data/thin/silhouette/arrow_bow_PNG13.png,Arrow Bow,"Based on the image provided, the main object is an arrow.

The correct class name from the list is:
Arrow"
data/thin/silhouette/arrow_bow_PNG15.png,Arrow Bow,"Based on the image provided, the main object is a bow and arrow.

The image displays a silhouette of a bow and arrow, which is a classic representation of archery equipment.

From the given list of classes, the correct one is:

Arrow Bow"
data/thin/silhouette/arrow_bow_PNG16.png,Arrow Bow,"Based on the visual information provided in the image, the main object is a long, thin object with a pointed tip, which is characteristic of a dart.

The correct class name from the list is:
Darts"
data/thin/silhouette/arrow_bow_PNG17.png,Arrow Bow,"Based on the image provided, the main object is a spear.

The object in the image is a spear, which is a type of arrow. However, the provided list includes ""Arrow Bow"" and ""Spear"" as separate classes. Since the image shows a spear, the correct class name is:

Spear"
data/thin/silhouette/arrow_bow_PNG2.png,Arrow Bow,"Based on the visual information provided in the image, the object depicted is a long, thin object with a pointed tip and a dark, rounded head at the end. This is characteristic of a weapon used for hunting or marking territory.

Given the list of classes provided, the most accurate identification is:

Spear"
data/thin/silhouette/arrow_bow_PNG21.png,Arrow Bow,"Based on the image provided, the main object is clearly identifiable as an arrow.

The object depicted is a simple, black silhouette of an arrow, pointing from the upper left to the lower right. It has a classic arrow shape with a broad, pointed tip, a shaft, and a fletching (the feathers) at the tail end.

From the provided list of 193 classes, the correct identification is:

Arrow Bow"
data/thin/silhouette/arrow_bow_PNG23.png,Arrow Bow,"Based on the image provided, the main object is clearly identifiable as a single arrow.

From the list of 193 classes provided, the correct one is:

Arrow Bow"
data/thin/silhouette/arrow_bow_PNG24.png,Arrow Bow,"Based on the provided image and the list of classes, the main object is clearly identifiable.

The image displays a single, black silhouette of a long, pointed object with a fletching at the end, which is characteristic of an arrow.

From the given list of classes, the most appropriate one is:

Arrow Bow

This is a common type of weapon, but the image shows a simple arrow, not a bow. Therefore, the correct class is:

Arrow

The class ""Arrow"" is listed"
data/thin/silhouette/arrow_bow_PNG26.png,Arrow Bow,"Based on the visual information provided in the image, the main object is a long, dark object with a pointed tip and a visible arrowhead at the end. This object is clearly identifiable as a spear.

The correct class name from the list is:

Spear"
data/thin/silhouette/arrow_bow_PNG27.png,Arrow Bow,"Based on the image provided, the main object is an arrow.

The correct class name from the list is:
Arrow"
data/thin/silhouette/arrow_bow_PNG30.png,Arrow Bow,"Based on the visual information provided in the image, the main object is clearly identifiable.

The image displays a simple, black silhouette of a single object with a long shaft, a pointed tip, and a fletching (a cluster of feathers) at the rear, which are characteristic features of an arrow.

Looking at the provided list of classes, the object is best categorized as a type of weapon.

- Arrow Bow: This is a bow, which is a weapon used to launch arrows. The image"
data/thin/silhouette/arrow_bow_PNG37.png,Arrow Bow,The main object in the image is an Arrow.
data/thin/silhouette/arrow_bow_PNG45.png,Arrow Bow,
data/thin/silhouette/arrow_bow_PNG47a.png,Arrow Bow,"Based on the provided image and the list of classes, the main object is clearly identifiable as a bow.

The object in the image is a bow, specifically a recurve bow, which is a type of bow used in archery. It is depicted in a simple, stylized form.

Therefore, the correct class name is:

Arrow Bow"
data/thin/silhouette/arrow_bow_PNG47b.png,Arrow Bow,"Based on the image provided, the main object is a long, thin object with a pointed tip, which is characteristic of a spear.

The correct class name from the list is:

Spear"
data/thin/silhouette/arrow_bow_PNG8a.png,Arrow Bow,Arrow
data/thin/silhouette/arrow_bow_PNG8b.png,Arrow Bow,Arrow
data/thin/silhouette/arrow_bow_PNG9.png,Arrow Bow,"Based on the image provided, the main object is a spear.

- The image shows a long, thin, black object with a pointed tip and a rounded head, which is characteristic of a spear.
- The object is positioned diagonally across the image, with the head at the top right and the shaft extending to the bottom left.

From the given list of classes, the most appropriate choice is:

Spear"
data/thin/silhouette/ax_PNG9088.png,Ax,"Based on the visual information provided in the image, the main object is clearly identifiable as a tool with a handle and a head, which is characteristic of an axe.

From the list of provided classes, the correct identification is:

Ax"
data/thin/silhouette/ax_PNG9092.png,Ax,"Based on the visual information provided in the image, the main object is clearly identifiable as a tool with a head and a long shaft, which is characteristic of an axe.

Looking at the list of classes provided, the object matches the description of an ""Ax"".

Ax"
data/thin/silhouette/ax_PNG9094.png,Ax,"Based on the visual information provided in the image, the main object is clearly identifiable as a tool.

The object depicted has a distinct shape: a flat, broad head with a sharp edge, attached to a long handle. This is the classic design of an axe.

Therefore, the correct class name from the list is:

Ax"
data/thin/silhouette/ax_PNG9099.png,Ax,"Based on the image provided, the main object is an axe.

The object has a distinct shape with a head and a long handle, which is characteristic of an axe.

From the given list of classes, the correct identification is:

Ax"
data/thin/silhouette/ax_PNG9100.png,Ax,
data/thin/silhouette/ax_PNG9101.png,Ax,"Based on the image provided, the main object is clearly identifiable as an axe.

- The object has a distinct head and a long handle, which are characteristic features of an axe.
- The image is a simple silhouette, but the form is unmistakable.

Among the given classes, the one that most accurately describes this object is:

Ax"
data/thin/silhouette/ax_PNG9104.png,Ax,"Based on the image provided, the main object is a tool with a head and a long handle, which is characteristic of an axe.

The correct class name from the list is:

Ax"
data/thin/silhouette/ax_PNG9105.png,Ax,"Based on the image provided, the main object is clearly identifiable as an axe. The image shows a silhouette of a traditional axe with a handle and head.

From the given list of classes, the correct identification is:

Ax"
data/thin/silhouette/ax_PNG9108.png,Ax,"Based on the image provided, the main object is clearly identifiable as an axe.

The object has the distinct features of an axe: a long, straight handle and a broad, flat head designed for cutting.

Therefore, the correct class name from the list is:

Ax"
data/thin/silhouette/ax_PNG9110.png,Ax,"Based on the visual information provided in the image, the main object is an axe.

The object has a long handle and a sharp, pointed head, which are characteristic features of an axe.

Therefore, the correct class name is:

Ax"
data/thin/silhouette/backpack_PNG6314.png,Backpack,"Based on the visual information provided in the image, the main object is a backpack.

The silhouette clearly shows a bag with straps, which is characteristic of a backpack. The object is depicted in black against a white background, and its shape and features are consistent with a backpack.

Therefore, the correct class name is:

Backpack"
data/thin/silhouette/backpack_PNG6317.png,Backpack,"Based on the image provided, the main object is a backpack.

The correct class name from the list is:
Backpack"
data/thin/silhouette/backpack_PNG6320.png,Backpack,"Based on the visual information provided in the image, the main object is a backpack.

The object is a black silhouette of a backpack, which is a common item used for carrying personal belongings.

Therefore, the correct class name is:

Backpack"
data/thin/silhouette/backpack_PNG6326.png,Backpack,"Based on the visual information provided in the image, the main object is a backpack.

The image displays a black silhouette of a backpack, which is a common piece of outdoor or travel gear. It has a distinct shape with a main body, a top section, and straps visible on the sides.

Therefore, the correct class name from the list is:

Backpack"
data/thin/silhouette/backpack_PNG6333.png,Backpack,"Based on the visual information provided in the image, the main object is a backpack.

The object is a silhouette of a backpack, which is a common piece of luggage or gear used for carrying items. It has a distinct shape with a main body, shoulder straps, and a top handle.

Therefore, the correct class name from the list is:

Backpack"
data/thin/silhouette/backpack_PNG6339.png,Backpack,"Based on the visual information provided, the main object in the image is a backpack.

The correct class name from the list is:
Backpack"
data/thin/silhouette/backpack_PNG6341.png,Backpack,"Based on the visual information in the image, the main object is a backpack.

The image shows a silhouette of a person sitting with a backpack on their back. The backpack is the most prominent object in the scene.

Therefore, the correct class name is:

Backpack"
data/thin/silhouette/backpack_PNG6342.png,Backpack,"Based on the visual information provided, the object in the image is a backpack.

The correct class name from the list is:
Backpack"
data/thin/silhouette/backpack_PNG6347.png,Backpack,"Based on the image provided, the main object is a backpack.

The correct class name from the list is:
Backpack"
data/thin/silhouette/backpack_PNG6349.png,Backpack,"Based on the visual information provided in the image, the main object is a backpack.

The object is depicted as a black silhouette, which clearly shows the characteristic shape of a backpack, including straps and a main body. This is a common item used for carrying gear, and it is the most prominent feature in the image.

Backpack"
data/thin/silhouette/backpack_PNG6351.png,Backpack,"Based on the image provided, the main object is a backpack.

The correct class name from the list is:
Backpack"
data/thin/silhouette/backpack_PNG6353.png,Backpack,The main object in the image is: Backpack
data/thin/silhouette/backpack_PNG6354.png,Backpack,"Based on the image provided, the main object is a backpack.

The correct class name from the list is:
Backpack"
data/thin/silhouette/backpack_PNG6356.png,Backpack,The main object in the image is: Backpack
data/thin/silhouette/backpack_PNG6363.png,Backpack,"Based on the image provided, the main object is a backpack.

The correct class name from the list is:
Backpack"
data/thin/silhouette/barbell_PNG16340.png,Barbell,
data/thin/silhouette/barbell_PNG16342.png,Barbell,"Based on the visual information provided in the image, the main object is a barbell.

The image displays a silhouette of a barbell, which is a common piece of gym equipment used for strength training.

Therefore, the correct class name from the list is:

Barbell"
data/thin/silhouette/barbell_PNG16343.png,Barbell,"Based on the visual information provided in the image, the main object is a barbell.

The barbell is a common piece of exercise equipment used for strength training. It consists of two weights (often made of metal) attached to either end of a central bar. The image shows the silhouette of this object, which is clearly identifiable.

Therefore, the correct class name from the list is:

Barbell"
data/thin/silhouette/barbell_PNG16344.png,Barbell,
data/thin/silhouette/barbell_PNG16348.png,Barbell,
data/thin/silhouette/barbell_PNG16351.png,Barbell,"Based on the visual information provided in the image, the main object is a barbell.

- The image displays a black silhouette of a long, straight bar with two circular weights at each end.
- This is a classic representation of a barbell, which is a common piece of gym equipment used for strength training.
- The object is clearly identifiable as a barbell, and it is the only object present in the image.

Therefore, the correct class name is:

Barbell"
data/thin/silhouette/barbell_PNG16354a.png,Barbell,"Based on the image provided, the main object is a barbell.

The image shows a simple, black silhouette of a barbell, which is a common exercise equipment used in weightlifting.

Therefore, the correct class name is:

Barbell"
data/thin/silhouette/barbell_PNG16354b.png,Barbell,"Based on the image provided, the main object is a barbell.

The object is a long, straight bar with two circular ends, which is characteristic of a barbell used in weightlifting.

Therefore, the correct class name is:

Barbell"
data/thin/silhouette/barbell_PNG16356.png,Barbell,"Based on the image provided, the main object is a barbell. It consists of a central rod with two weight plates at each end. This is a common piece of equipment used in weightlifting.

The correct class name from the list is:
Barbell"
data/thin/silhouette/barbell_PNG16357.png,Barbell,"Based on the image provided, the main object is a barbell.

The object is a long bar with two weights at each end, which is characteristic of a barbell used in weightlifting.

Therefore, the correct class name is:

Barbell"
data/thin/silhouette/barbell_PNG16359.png,Barbell,Barbell
data/thin/silhouette/bassinet_PNG15.png,Bassinet,"Based on the visual information provided in the image, the main object is a baby crib. This is a piece of furniture designed for infants, typically with a wooden or metal frame and a mattress.

Looking at the provided list of classes, the most appropriate one is:

Bassinet

A bassinet is a small, often wooden or metal, bed designed for infants. It is typically smaller than a full-sized crib and is used for infants and young children. The object in the image is a bass"
data/thin/silhouette/bassinet_PNG23.png,Bassinet,"Based on the image provided, the main object is a black silhouette of a pair of headphones. This is identifiable by the distinct shape of the earcups and the headband.

The correct class name from the list is:

Headphones"
data/thin/silhouette/bassinet_PNG26.png,Bassinet,"Based on the image provided, the main object is a silhouette of a vehicle that is a type of baby carriage, specifically a pram. The object has a distinct shape with a rounded body, a raised roof, and a visible wheel.

The correct class name from the list is:

Pram"
data/thin/silhouette/bassinet_PNG27.png,Bassinet,"Based on the visual information provided in the image, the main object is a baby bassinet.

The object has the following characteristics:
- It is a small, enclosed container with a rounded top and a perforated or mesh-like pattern on the top.
- It is supported by four legs.
- The overall shape is consistent with that of a bassinet, which is a type of baby bed.

Therefore, the correct class name is:

Bassinet"
data/thin/silhouette/bassinet_PNG28.png,Bassinet,
data/thin/silhouette/bassinet_PNG29.png,Bassinet,"Based on the provided image, the main object is a piece of furniture that appears to be a baby crib or a changing table. The image shows a black silhouette of a piece of furniture with a top surface, a lower shelf, and four wheels, which are characteristic of a baby crib or a changing table. The structure is designed for a baby or infant to sleep or be changed.

The correct class name from the list is:

Bassinet"
data/thin/silhouette/bassinet_PNG46.png,Bassinet,"Based on the visual information provided in the image, the main object is a grill.

The image shows a black silhouette of a portable grill, which is a common outdoor cooking appliance. It has a rounded body and is supported by four legs, which is typical for a folding or portable grill.

Therefore, the correct class name from the list is:

Grill"
data/thin/silhouette/bassinet_PNG50.png,Bassinet,
data/thin/silhouette/bassinet_PNG52.png,Bassinet,The main object in the image is a bassinet.
data/thin/silhouette/bassinet_PNG57.png,Bassinet,"Based on the image provided, the main object is a baby bassinet, which is a type of baby cradle or bassinet.

The correct class name from the list is:
Bassinet"
data/thin/silhouette/bassinet_PNG58.png,Bassinet,"Based on the visual information provided in the image, the main object is a piece of furniture designed for sitting, with a distinct X-shaped base. This is a common type of chair.

The object in the image is a **Chair**.

Chair"
data/thin/silhouette/bassinet_PNG59.png,Bassinet,"Based on the image provided, the main object is a black silhouette of a piece of furniture. It has a distinct structure with a rectangular top and a base made of two crossed legs, which is characteristic of a camping or outdoor chair, often referred to as a ""caterpillar"" or ""caterpillar"" chair.

Looking at the list of classes, the most appropriate choice is the one that matches this type of object.

The correct class name is:

Chair"
data/thin/silhouette/bassinet_PNG60.png,Bassinet,"Based on the visual information provided in the image, the main object is a chair.

The object has a distinct silhouette with a rectangular seat and a frame that forms an X-shape, which is characteristic of a folding chair or a similar type of chair.

Therefore, the correct class name from the list is:

Chair"
data/thin/silhouette/bassinet_PNG61.png,Bassinet,"Based on the visual information provided in the image, the main object is a chair.

The object has a distinct silhouette with a rectangular seat and a frame that appears to be a cross-braced design, which is typical of a folding chair or a director's chair.

From the list of classes provided, the most appropriate classification for this object is:

Chair"
data/thin/silhouette/bassinet_PNG7.png,Bassinet,"Based on the visual information provided in the image, the main object is a baby bassinet.

The object is a black silhouette with a distinct shape that includes a rounded, elongated body and a handle on top, which is characteristic of a bassinet used for a baby.

Therefore, the correct class name is:

Bassinet"
data/thin/silhouette/bassinet_PNG73.png,Bassinet,"Based on the visual information provided in the image, the main object is a grill. It is a black, open-top, A-frame structure with a slatted base, commonly used for cooking.

The correct class name from the list is:

Grill"
data/thin/silhouette/bassinet_PNG74.png,Bassinet,"Based on the provided image, the main object is a chair.

The object in the image is a black silhouette of a chair with a simple, geometric design. It has a central seat and a backrest supported by four legs. The legs are angled outwards, giving it a stable, tripod-like appearance. The overall shape is consistent with a modern or minimalist chair.

Looking at the list of classes, the most appropriate one is:

- Chair

Therefore, the answer is:

Chair"
data/thin/silhouette/bassinet_PNG76.png,Bassinet,"Based on the visual information provided in the image, the main object is a baby bassinet.

The image shows a black silhouette of a bassinet, which is a piece of furniture designed to hold a baby. The object has a curved top and a frame with legs, which are typical features of a bassinet.

Therefore, the correct class name is:

Bassinet"
data/thin/silhouette/bassinet_PNG77.png,Bassinet,"Based on the visual information provided in the image, the main object is a baby bassinet. This is a type of baby bed, often used for infants.

The correct class name from the list is:

Bassinet"
data/thin/silhouette/bassinet_PNG78.png,Bassinet,"Based on the image provided, the main object is a baby bassinet.

The correct class name from the list is:
Bassinet"
data/thin/silhouette/bathtub_PNG19.png,Bathtub,"Based on the image provided, the main object is a bathtub with a faucet.

The correct class name from the list is:

Bathtub"
data/thin/silhouette/bathtub_PNG22.png,Bathtub,Bathtub
data/thin/silhouette/bathtub_PNG3.png,Bathtub,"Based on the image provided, the main object is a bathtub.

The correct class name from the list is:
Bathtub"
data/thin/silhouette/bathtub_PNG31.png,Bathtub,"Based on the visual information in the image, the main object is a bathtub.

The correct class name from the list provided is:
Bathtub"
data/thin/silhouette/bathtub_PNG32.png,Bathtub,Bathtub
data/thin/silhouette/bathtub_PNG34.png,Bathtub,The main object in the image is a bathtub.
data/thin/silhouette/bathtub_PNG36.png,Bathtub,"Based on the image provided, the main object is a bathtub.

The correct class name from the list is:
Bathtub"
data/thin/silhouette/bathtub_PNG39.png,Bathtub,The main object in the image is: Bathtub
data/thin/silhouette/bathtub_PNG42.png,Bathtub,"Based on the image provided, the main object is a black silhouette of a bathtub with a faucet. This is a common household fixture.

The correct class name from the list is:

Bathtub"
data/thin/silhouette/bathtub_PNG43.png,Bathtub,"Based on the image provided, the main object is a bathtub with a faucet. The object is a black silhouette, which is a common representation of a bathtub in design or illustration.

From the list of classes provided, the most appropriate one is:

Bathtub"
data/thin/silhouette/bathtub_PNG44.png,Bathtub,
data/thin/silhouette/bathtub_PNG46.png,Bathtub,"Based on the visual information provided in the image, the main object is a bathtub with a faucet.

The correct class name from the list is:
Bathtub"
data/thin/silhouette/bathtub_PNG48.png,Bathtub,"Based on the image provided, the main object is a bathtub.

The correct class name from the list is:
Bathtub"
data/thin/silhouette/bathtub_PNG50.png,Bathtub,"Based on the visual information provided in the image, the main object is a bathtub with a faucet on top.

The correct class name from the list is:

Bathtub"
data/thin/silhouette/bathtub_PNG9.png,Bathtub,"Based on the image provided, the main object is a bathtub with a faucet.

The correct class name from the list is:

Bathtub"
data/thin/silhouette/bed_PNG17375.png,Bed,Bed
data/thin/silhouette/bed_PNG17394.png,Bed,"Based on the provided image, the main object is a bed.

The correct class name from the list is:
Bed"
data/thin/silhouette/bed_PNG17420.png,Bed,"Based on the visual information provided in the image, the main object is a bed. It is represented as a silhouette with a headboard, footboard, and a mattress, which are the key components of a bed.

Therefore, the correct class name is:

Bed"
data/thin/silhouette/bed_PNG17421.png,Bed,"Based on the image provided, the main object is a bed.

The correct class name from the list is:
Bed"
data/thin/silhouette/bee_PNG2.png,Bee,
data/thin/silhouette/bee_PNG3.png,Bee,
data/thin/silhouette/bee_PNG5.png,Bee,
data/thin/silhouette/bee_PNG74692.png,Bee,"Based on the visual information provided in the image, the main object is a silhouette of an insect with distinct features such as two antennae, a segmented body, and wings.

Looking at the list of classes provided, the object that matches this description is:

- **Bee**

This is the most accurate classification for the object shown.

Bee"
data/thin/silhouette/bee_PNG74695.png,Bee,"Based on the visual information provided in the image, the main object is a silhouette of an insect with wings and legs, which is characteristic of a bee.

From the given list of classes, the correct identification is:

Bee"
data/thin/silhouette/bee_PNG74739.png,Bee,
data/thin/silhouette/bee_PNG74756.png,Bee,"Based on the visual information provided in the image, the main object is a silhouette of an insect with wings, six legs, and antennae, which is characteristic of a bee.

The correct class name from the list is:
Bee"
data/thin/silhouette/bicycle_PNG5350.png,Bicycle,"Based on the image provided, the main object is a bicycle.

The correct class name from the list is:
Bicycle"
data/thin/silhouette/bicycle_PNG5352.png,Bicycle,The main object in the image is: Bicycle
data/thin/silhouette/bicycle_PNG5354.png,Bicycle,"Based on the image provided, the main object is a bicycle.

The correct class name from the list is:
Bicycle"
data/thin/silhouette/bicycle_PNG5355.png,Bicycle,The main object in the image is a Bicycle.
data/thin/silhouette/bicycle_PNG5356.png,Bicycle,"Based on the image provided, the main object is a bicycle.

The correct class name from the list is:
Bicycle"
data/thin/silhouette/bicycle_PNG5357.png,Bicycle,
data/thin/silhouette/bicycle_PNG5358.png,Bicycle,"Based on the image provided, the main object is a bicycle.

The correct class name from the list is:
Bicycle"
data/thin/silhouette/bicycle_PNG5362.png,Bicycle,"Based on the image provided, the main object is a bicycle.

The correct class name from the list is:
Bicycle"
data/thin/silhouette/bicycle_PNG5363.png,Bicycle,"Based on the image provided, the main object is a bicycle.

Bicycle"
data/thin/silhouette/bicycle_PNG5366.png,Bicycle,
data/thin/silhouette/bicycle_PNG5375.png,Bicycle,"Based on the image provided, the main object is a bicycle.

The correct class name from the list is:
Bicycle"
data/thin/silhouette/bicycle_PNG5382.png,Bicycle,"Based on the image provided, the main object is a bicycle.

The correct class name from the list is:
Bicycle"
data/thin/silhouette/bicycle_PNG5383.png,Bicycle,"Based on the image provided, the main object is a bicycle.

The correct class name from the list is:
Bicycle"
data/thin/silhouette/birds_PNG100.png,Birds,
data/thin/silhouette/birds_PNG102.png,Birds,
data/thin/silhouette/birds_PNG103.png,Birds,"Based on the visual information provided in the image, the main object is a bird.

From the given list of classes, the correct one is:

Bird"
data/thin/silhouette/birds_PNG106.png,Birds,"Based on the image provided, the main object is a bird.

The correct class name from the list is:
Bird"
data/thin/silhouette/birds_PNG110.png,Birds,"Based on the visual information provided in the image, the main object is a bird. The silhouette shows a small, round-bodied bird with two legs and a small beak.

From the given list of classes, the correct identification is:

Bird"
data/thin/silhouette/birds_PNG116.png,Birds,"Based on the image provided, the main object is a bird.

The correct class name from the list is:
Bird"
data/thin/silhouette/birds_PNG12.png,Birds,"Based on the image provided, the main object is a silhouette of a bird in flight. Among the given classes, the most appropriate one is:

Bird"
data/thin/silhouette/birds_PNG22.png,Birds,"Based on the image provided, the main object is a bird.

The correct class name from the list is:

Bird"
data/thin/silhouette/birds_PNG43.png,Birds,"Based on the provided image, the main object is a bird. Among the given classes, the most appropriate one is:

Bird"
data/thin/silhouette/birds_PNG50.png,Birds,"Based on the image provided, the main object is a silhouette of a bird. Among the given classes, the most appropriate one is:

Bird"
data/thin/silhouette/birds_PNG60.png,Birds,"Based on the image provided, the main object is a silhouette of a bird. Looking at the list of classes, the most appropriate one is:

Crow"
data/thin/silhouette/birds_PNG65.png,Birds,"Based on the image provided, the main object is a bird. Looking at the list of classes, the most appropriate one is:

Bird"
data/thin/silhouette/birds_PNG69.png,Birds,"Based on the image provided, the main object is a bird.

The correct class name from the list is:
Birds"
data/thin/silhouette/birds_PNG80.png,Birds,"Based on the visual information provided in the image, the main object is a silhouette of a bird in flight. The bird's shape, with a long beak, a streamlined body, and wings spread wide, is characteristic of a hummingbird.

From the given list of classes, the most appropriate identification is:

Bird"
data/thin/silhouette/birds_PNG96.png,Birds,Birds
data/thin/silhouette/birds_PNG99.png,Birds,"Based on the image provided, the main object is a bird.

The correct class name from the list is:
Bird"
data/thin/silhouette/boat_PNG36.png,Boat,"Based on the image provided, the main object is a boat. The silhouette shows a large, elongated shape with a pointed bow and a curved hull, which are characteristic features of a boat. The structure appears to be a watercraft, possibly a type of sailboat or motorboat, but the image is a simple black silhouette.

The correct class name from the list is:

Boat"
data/thin/silhouette/boat_PNG55.png,Boat,"Based on the visual information provided in the image, the main object is a boat.

The image displays a silhouette of a boat, which is identifiable by its characteristic shape, including the hull, the cabin structure, and the railing along the top. The object is presented in a simple black and white style, but its form clearly indicates a watercraft.

Therefore, the correct class name from the list is:

Boat"
data/thin/silhouette/boat_PNG69.png,Boat,"Based on the visual information in the image, the main object is a watercraft designed for use on water. It has a distinct shape, including a hull, a cockpit area, and what appears to be a propeller or outboard motor at the rear.

The object is a type of watercraft, specifically a type of amphibious vehicle. The silhouette shows a hull that is not a typical boat, but rather a vehicle designed to operate on both land and water.

Given the provided list of classes"
data/thin/silhouette/boots_PNG7806.png,Boots,
data/thin/silhouette/bridge_PNG1.png,Bridge,Bridge
data/thin/silhouette/bridge_PNG11.png,Bridge,
data/thin/silhouette/bridge_PNG19.png,Bridge,"Based on the visual information provided in the image, the main object is a bridge.

The image displays a silhouette of a suspension bridge, characterized by its deck, vertical supports, and the cables that connect the two sides.

Therefore, the correct class name from the list is:

Bridge"
data/thin/silhouette/bridge_PNG3.png,Bridge,"Based on the image provided, the main object is a bridge.

The image is a black silhouette of a bridge, which is a structure designed to span a gap or body of water. The bridge is supported by posts and has a rope or chain system along its length, which is typical for a suspension or rope bridge.

Therefore, the correct class name from the list is:

Bridge"
data/thin/silhouette/bridge_PNG35.png,Bridge,"Based on the visual information provided in the image, the main object is a bridge.

The image shows a silhouette of a bridge with a walkway, railings, and a rope or chain connecting the sides. This is a clear representation of a bridge.

Therefore, the correct class name is:

Bridge"
data/thin/silhouette/bridge_PNG5.png,Bridge,"Based on the image provided, the main object is a bridge.

The correct class name from the list is:
Bridge"
data/thin/silhouette/bridge_PNG63.png,Bridge,"Based on the visual information provided in the image, the main object is a bridge. It has a distinct curved shape with a railing that includes balusters.

The correct class name from the list is:

Bridge"
data/thin/silhouette/bridge_PNG70.png,Bridge,"Based on the image provided, the main object is a bridge. The image is a black silhouette of a famous bridge, which is Tower Bridge in London.

From the list of classes provided, the correct one is:

Bridge"
data/thin/silhouette/bridge_PNG72.png,Bridge,
data/thin/silhouette/bridge_PNG73.png,Bridge,"Based on the visual information provided in the image, the main object is a bridge.

The image shows a silhouette of a bridge with railings on both sides, viewed from a perspective looking down its length. The structure is dark against a white background, and it has a distinct shape that is characteristic of a bridge.

Therefore, the correct class name from the list is:

Bridge"
data/thin/silhouette/bridge_PNG74.png,Bridge,"Based on the image provided, the main object is a bridge. The silhouette shows a structure with railings and supports, which is characteristic of a bridge.

The correct class name from the list is:

Bridge"
data/thin/silhouette/bridge_PNG84.png,Bridge,"Based on the image provided, the main object is a bridge.

The object is depicted as a silhouette, showing a structure with a deck and railings on both sides, which is characteristic of a bridge.

From the given list of classes, the correct identification is:

Bridge"
data/thin/silhouette/bridge_PNG85.png,Bridge,"Based on the visual information provided in the image, the main object is a bridge. It is depicted as a black silhouette with a curved structure and railings, characteristic of a traditional or decorative bridge.

The correct class name from the list is:

Bridge"
data/thin/silhouette/broom_PNG17.png,Broom,
data/thin/silhouette/broom_PNG18.png,Broom,"Based on the image provided, the main object is a broom.

The object is a broom, which is a tool used for sweeping. The image shows a silhouette of a broom with a handle and bristles.

Therefore, the correct class name is:

Broom"
data/thin/silhouette/broom_PNG26.png,Broom,"Based on the image provided, the main object is a tool with a long handle and a flat, rectangular head, which is characteristic of a broom.

From the given list of classes, the correct identification is:

Mop"
data/thin/silhouette/broom_PNG28.png,Broom,"Based on the visual information provided in the image, the main object is a broom.

The image displays a black silhouette of a broom, which is identifiable by its long handle and a head with bristles or a flat surface designed for sweeping.

Therefore, the correct class name is:

Mop"
data/thin/silhouette/broom_PNG40.png,Broom,The main object in the image is a broom.
data/thin/silhouette/broom_PNG51.png,Broom,"Based on the visual information provided in the image, the main object is a broom.

The image shows a black silhouette of a broom with a long handle and a bristle head, which is the typical shape of a broom.

Therefore, the correct class name is:

Broom"
data/thin/silhouette/broom_PNG54.png,Broom,"Based on the visual information provided in the image, the main object is a broom.

The object is depicted as a black silhouette against a white background. It has a long handle and a broad, flat head, which are characteristic features of a broom. The handle has a distinct, curled tip, which is a common design element for brooms.

The class name for this object is:
Broom"
data/thin/silhouette/broom_PNG56.png,Broom,"Based on the image provided, the main object is a broom.

The correct class name from the list is:
Broom"
data/thin/silhouette/broom_PNG58.png,Broom,Broom
data/thin/silhouette/broom_PNG59.png,Broom,"Based on the visual information provided in the image, the main object is a broom.

The object has a long handle and a head with bristles, which are characteristic features of a broom.

Therefore, the correct class name is:
Broom"
data/thin/silhouette/broom_PNG6.png,Broom,"Based on the visual information provided in the image, the main object is a broom.

The image displays a simple silhouette of a broom, characterized by its long handle and a bristled head, which is a typical representation of the object.

Therefore, the correct class name from the list is:

Broom"
data/thin/silhouette/broom_PNG60a.png,Broom,
data/thin/silhouette/broom_PNG60b.png,Broom,"Based on the visual information provided in the image, the main object is a broom.

The image displays a silhouette of a broom, which is identifiable by its distinct shape consisting of a long handle and a bristled head.

Therefore, the correct class name is:

Broom"
data/thin/silhouette/broom_PNG61.png,Broom,"Based on the provided image, the main object is a broom.

The correct class name from the list is:
Broom"
data/thin/silhouette/broom_PNG64b.png,Broom,The main object in the image is: Broom
data/thin/silhouette/broom_PNG68.png,Broom,
data/thin/silhouette/bucket_PNG7757.png,Bucket,"Based on the image provided, the main object is a black silhouette of a bucket.

The correct class name from the list is:
Bucket"
data/thin/silhouette/bucket_PNG7761.png,Bucket,"Based on the image provided, the main object is a bucket.

The correct class name from the list is:
Bucket"
data/thin/silhouette/bucket_PNG7762.png,Bucket,"Based on the visual information provided in the image, the main object is a bucket. This is a common household item, often used for holding water, cleaning, or other purposes.

The class name for the object is:

Bucket"
data/thin/silhouette/bucket_PNG7763.png,Bucket,Bucket
data/thin/silhouette/bucket_PNG7771.png,Bucket,"Based on the visual information provided in the image, the main object is a bucket.

The object is depicted as a black silhouette with a cylindrical body and two handles on the sides, which is characteristic of a bucket.

From the given list of classes, the correct identification is:

Bucket"
data/thin/silhouette/bucket_PNG7777.png,Bucket,"Based on the visual information provided in the image, the main object is a bucket.

The object has the following characteristics:
- It is a cylindrical container with a handle on the side.
- It is depicted as a solid black silhouette against a white background.
- This is a common object used for holding water or other liquids.

From the given list of classes, the most accurate match is:

Bucket"
data/thin/silhouette/bulldozer_PNG16444.png,Bulldozer,"Based on the visual information provided in the image, the main object is a large, black silhouette of a construction vehicle.

The object has a distinct shape with a cab, a large front blade (or plow), and a long, horizontal body. This is characteristic of a heavy-duty earth-moving machine.

From the list of classes provided, the most accurate identification is:

Bulldozer"
data/thin/silhouette/bulldozer_PNG16447.png,Bulldozer,
data/thin/silhouette/bulldozer_PNG16460.png,Bulldozer,"Based on the image provided, the main object is a heavy construction vehicle. The silhouette clearly shows a vehicle with tracks, a large blade, and a cab, which are characteristic features of a bulldozer.

The correct class name from the list is:

Bulldozer"
data/thin/silhouette/bulldozer_PNG16462.png,Bulldozer,"Based on the provided image, the main object is a large, heavy-duty construction vehicle with a prominent blade and a large engine, which is characteristic of a bulldozer.

The correct class name from the list is:
Bulldozer"
data/thin/silhouette/butterfly_PNG1001.png,Butterfly,"Based on the visual information provided in the image, the main object is a butterfly.

The image displays a black silhouette of a butterfly against a white background. The butterfly has two pairs of wings, a body, and two antennae, which are characteristic features of the insect.

From the given list of classes, the correct identification is:

Butterfly"
data/thin/silhouette/butterfly_PNG1004.png,Butterfly,The main object in the image is: Butterfly
data/thin/silhouette/butterfly_PNG1005.png,Butterfly,
data/thin/silhouette/butterfly_PNG1006.png,Butterfly,"Based on the visual information provided in the image, the main object is a butterfly.

The correct class name from the list is:

Butterfly"
data/thin/silhouette/butterfly_PNG1007.png,Butterfly,Butterfly
data/thin/silhouette/butterfly_PNG1008.png,Butterfly,
data/thin/silhouette/butterfly_PNG1015.png,Butterfly,"Based on the image provided, the main object is a butterfly.

The correct class name from the list is:
Butterfly"
data/thin/silhouette/butterfly_PNG1017.png,Butterfly,"Based on the image provided, the main object is a butterfly.

The correct class name from the list is:
Butterfly"
data/thin/silhouette/butterfly_PNG1023.png,Butterfly,
data/thin/silhouette/butterfly_PNG1024.png,Butterfly,"Based on the visual information provided in the image, the main object is a butterfly.

The image displays a black silhouette of a butterfly, characterized by its two large, symmetrical wings and two antennae at the top of its body.

From the given list of classes, the correct identification is:

Butterfly"
data/thin/silhouette/butterfly_PNG1025.png,Butterfly,Butterfly
data/thin/silhouette/butterfly_PNG1026.png,Butterfly,"Based on the visual information provided in the image, the main object is a butterfly.

The image displays a silhouette of a butterfly with its wings spread. The object is clearly identifiable as a butterfly.

Therefore, the correct class name is:

Butterfly"
data/thin/silhouette/butterfly_PNG1027.png,Butterfly,The main object in the image is: Butterfly
data/thin/silhouette/butterfly_PNG1028.png,Butterfly,"Based on the image provided, the main object is a butterfly. It is depicted as a black silhouette against a white background, showing the characteristic shape of a butterfly with its wings spread.

The correct class name from the list is:

Butterfly"
data/thin/silhouette/butterfly_PNG1031.png,Butterfly,"Based on the image provided, the main object is a butterfly.

The image displays a black silhouette of a butterfly with a large, rounded wingspan and a slender body. The wings are broad and slightly curved, with a central body and two small antennae at the bottom.

From the list of provided classes, the most accurate match is:

Butterfly"
data/thin/silhouette/butterfly_PNG1032.png,Butterfly,"Based on the image provided, the main object is a butterfly.

The correct class name from the list is:
Butterfly"
data/thin/silhouette/butterfly_PNG1037.png,Butterfly,The main object in the image is: Butterfly
data/thin/silhouette/butterfly_PNG1038.png,Butterfly,Butterfly
data/thin/silhouette/butterfly_PNG1042.png,Butterfly,"Based on the visual information provided in the image, the main object is a butterfly.

The image displays a black silhouette of a butterfly with its wings spread. The features, such as the two antennae, are visible, which are characteristic of a butterfly.

From the given list of classes, the correct identification is:

Butterfly"
data/thin/silhouette/butterfly_PNG1044.png,Butterfly,"Based on the visual information provided in the image, the main object is a butterfly.

The image displays a black silhouette of a butterfly against a white background. The shape clearly shows the wings, body, and antennae characteristic of a butterfly.

From the given list of classes, the correct identification is:

Butterfly"
data/thin/silhouette/butterfly_PNG1049.png,Butterfly,"Based on the image provided, the main object is a butterfly.

The correct class name from the list is:

Butterfly"
data/thin/silhouette/butterfly_PNG1056.png,Butterfly,"Based on the visual information provided in the image, the main object is a butterfly.

The correct class name from the list is:
Butterfly"
data/thin/silhouette/butterfly_PNG1058.png,Butterfly,"Based on the visual information provided in the image, the main object is a butterfly.

The image displays a black silhouette of a butterfly with its wings spread, which is a common representation of the insect.

From the given list of classes, the correct identification is:

Butterfly"
data/thin/silhouette/butterfly_PNG1059.png,Butterfly,"Based on the visual information provided in the image, the main object is a butterfly.

The image displays a black silhouette of a butterfly, which is a well-known insect with two pairs of wings. It is depicted in a symmetrical, resting posture, and the features such as the two antennae and the body structure are clearly visible.

From the provided list of classes, the correct identification is:

Butterfly"
data/thin/silhouette/butterfly_PNG1061.png,Butterfly,The main object in the image is: Butterfly
data/thin/silhouette/butterfly_PNG1062.png,Butterfly,"Based on the image provided, the main object is a butterfly.

The correct class name from the list is:
Butterfly"
data/thin/silhouette/butterfly_PNG1064.png,Butterfly,"Based on the visual information provided in the image, the main object is a butterfly.

The correct class name from the list is:

Butterfly"
data/thin/silhouette/butterfly_PNG1065.png,Butterfly,"Based on the visual information provided in the image, the main object is a butterfly.

The image displays a black silhouette of a butterfly with its wings spread, clearly showing the characteristic shape of a butterfly.

From the given list of classes, the correct identification is:

Butterfly"
data/thin/silhouette/cactus_PNG23614.png,Cactus,
data/thin/silhouette/cactus_PNG23638.png,Cactus,
data/thin/silhouette/cactus_PNG23643.png,Cactus,
data/thin/silhouette/cage_PNG1.png,Cage,
data/thin/silhouette/cage_PNG11.png,Cage,
data/thin/silhouette/cage_PNG18.png,Cage,
data/thin/silhouette/cage_PNG23a.png,Cage,
data/thin/silhouette/cage_PNG23b.png,Cage,
data/thin/silhouette/cage_PNG23c.png,Cage,
data/thin/silhouette/cage_PNG30.png,Cage,
data/thin/silhouette/cage_PNG3a.png,Cage,
data/thin/silhouette/cage_PNG4.png,Cage,
data/thin/silhouette/cage_PNG45.png,Cage,Cage
data/thin/silhouette/cage_PNG46.png,Cage,"Based on the visual information in the image, the main object is a birdcage.

Cage"
data/thin/silhouette/cage_PNG48.png,Cage,
data/thin/silhouette/cage_PNG49.png,Cage,
data/thin/silhouette/cage_PNG50.png,Cage,
data/thin/silhouette/cage_PNG51.png,Cage,
data/thin/silhouette/cage_PNG53.png,Cage,
data/thin/silhouette/camel_PNG23426.png,Camel,"Based on the image provided, the main object is a camel. The image shows a silhouette of a camel standing in profile.

The correct class name from the list is:

Camel"
data/thin/silhouette/camel_PNG23435.png,Camel,Camel
data/thin/silhouette/camel_PNG23436.png,Camel,
data/thin/silhouette/camel_PNG2920.png,Camel,"Based on the image provided, the main object is a silhouette of a camel with two riders on its back.

From the given list of classes, the correct identification is:

Camel"
data/thin/silhouette/camel_PNG2921.png,Camel,The main object in the image is: Camel
data/thin/silhouette/camel_PNG2923.png,Camel,
data/thin/silhouette/cannon_PNG10.png,Cannon,"Based on the visual information in the image, the main object is a military artillery piece.

The object has a large barrel, a carriage with wheels, and a long, horizontal carriage extending from the main body. This is characteristic of a mortar or a howitzer.

The correct class name from the list provided is:

Mortar"
data/thin/silhouette/cannon_PNG12.png,Cannon,Cannon
data/thin/silhouette/cannon_PNG13.png,Cannon,"Based on the image provided, the main object is a cannon.

The object is a silhouette of a cannon, which is a type of artillery weapon. It has a long barrel, a carriage with wheels, and a firing mechanism.

Therefore, the correct class name from the list is:

Cannon"
data/thin/silhouette/cannon_PNG16.png,Cannon,"Based on the image provided, the main object is a cannon. It is depicted as a silhouette with two large wheels and a long barrel, characteristic of a historical cannon.

The correct class name from the list is:
Cannon"
data/thin/silhouette/cannon_PNG21.png,Cannon,"Based on the image provided, the main object is a large, angled artillery piece, which is characteristic of a mortar. The silhouette shows a long barrel, a tripod-like base, and a person operating it, consistent with a mortar being used by a soldier.

From the list of classes provided, the most appropriate choice is:

Mortar"
data/thin/silhouette/cannon_PNG22.png,Cannon,"Based on the image provided, the main object is a cannon. This is a large, historical artillery piece with two wheels and a long barrel, which is characteristic of a cannon.

The correct class name from the list is:

Cannon"
data/thin/silhouette/cannon_PNG24.png,Cannon,Cannon
data/thin/silhouette/cannon_PNG25.png,Cannon,
data/thin/silhouette/cannon_PNG26.png,Cannon,Cannon
data/thin/silhouette/cannon_PNG28.png,Cannon,"Based on the visual information in the image, the main object is a cannon.

The object is a silhouette of a cannon with two large wheels, a long barrel, and a carriage. This is a classic representation of a cannon, which is a type of artillery weapon.

The correct class name from the list is:

Cannon"
data/thin/silhouette/cannon_PNG3.png,Cannon,"Based on the image provided, the main object is a cannon.

The object is depicted as a black silhouette, showing the characteristic shape of a cannon, including its barrel, carriage, and wheels.

Therefore, the correct class name is:

Cannon"
data/thin/silhouette/cannon_PNG31.png,Cannon,"Based on the visual information in the image, the main object is a cannon.

The image shows a silhouette of a large, wheeled artillery piece with a long barrel and a carriage, which is characteristic of a cannon.

- The object has two large wheels, a carriage, and a long barrel.
- The structure is clearly identifiable as a cannon.
- It is a black silhouette against a white background, but the form is unmistakable.

Therefore, the correct class name is:

Cannon"
data/thin/silhouette/cannon_PNG32.png,Cannon,"Based on the visual information provided in the image, the main object is a silhouette of a vehicle with two wheels, a long body, and a mounted gun-like structure. This description is characteristic of a specific type of vehicle.

The object is a tank.

Therefore, the correct class name is:

Tank"
data/thin/silhouette/cannon_PNG33.png,Cannon,
data/thin/silhouette/cannon_PNG37.png,Cannon,
data/thin/silhouette/cannon_PNG4.png,Cannon,"Based on the visual information provided in the image, the main object is a cannon. It is depicted as a black silhouette with a distinct shape, including a long barrel and a hinged mechanism, which are characteristic features of a cannon.

Cannon is the correct class name from the list provided.

Cannon"
data/thin/silhouette/cannon_PNG40.png,Cannon,"Based on the image provided, the main object is a large, angled artillery piece. This type of weapon is known as a mortar.

The correct class name from the list is:

Mortar"
data/thin/silhouette/cannon_PNG56.png,Cannon,"Based on the visual information in the image, the main object is a silhouette of a cannon.

The object has a long barrel, a carriage with wheels, and a large wheel at the front, which are characteristic features of a cannon.

- The image shows a black silhouette against a white background.
- The object has a long, cylindrical barrel.
- It has two large wheels at the front, which are part of a carriage.
- The structure is typical of a cannon used in military or historical contexts"
data/thin/silhouette/cannon_PNG57.png,Cannon,"Based on the image provided, the main object is a cannon.

The image shows a silhouette of a cannon, which is a large firearm used for firing projectiles. It has a long barrel and two large wheels, which are characteristic of a carriage-style cannon.

From the given list of 193 classes, the correct class name is:

Cannon"
data/thin/silhouette/cannon_PNG59.png,Cannon,"Based on the visual information provided in the image, the main object is a cannon.

The image shows a silhouette of a cannon, which is a type of artillery piece. The object has a long barrel, a large wheel (the cannon wheel), and a carriage, which are characteristic features of a cannon.

From the provided list of classes, the correct identification is:

Cannon"
data/thin/silhouette/cannon_PNG6.png,Cannon,"Based on the image provided, the main object is a cannon. It is depicted as a silhouette with two wheels, a barrel, and a carriage, which are characteristic features of a cannon.

Cannon is the correct class name from the list provided.

Cannon"
data/thin/silhouette/cannon_PNG65.png,Cannon,"Based on the visual information provided in the image, the main object is a silhouette of a machine that appears to be a large, tracked vehicle with a long barrel, characteristic of a heavy artillery piece.

The most accurate class from the list provided that matches this description is:

Cannon"
data/thin/silhouette/cannon_PNG66.png,Cannon,"Based on the visual information provided in the image, the main object is a cannon. It is depicted as a silhouette with a long barrel, a carriage with two wheels, and a recoiling mechanism, which are characteristic features of a cannon.

From the list of 193 classes provided, the correct identification is:

Cannon"
data/thin/silhouette/cannon_PNG70.png,Cannon,"Based on the image provided, the main object is a cannon.

The correct class name from the list is:
Cannon"
data/thin/silhouette/cannon_PNG74.png,Cannon,"Based on the image provided, the main object is a large, black silhouette of a tank, specifically a tank with a mounted gun. The object is depicted in a side profile, lying on its side, which is a common pose for a tank. The tank has a long barrel and a turret, which are characteristic features of a tank.

Therefore, the correct class name is:

Tank"
data/thin/silhouette/cannon_PNG75.png,Cannon,"Based on the image provided, the main object is a silhouette of a cannon.

The correct class name from the list is:
Cannon"
data/thin/silhouette/cannon_PNG79.png,Cannon,"Based on the image provided, the main object is a cannon. The image shows a black silhouette of a cannon, which is a historical artillery piece.

The correct class name from the list is:

Cannon"
data/thin/silhouette/cannon_PNG8.png,Cannon,"Based on the image provided, the main object is a silhouette of a cannon.

The correct class name from the list is:
Cannon"
data/thin/silhouette/cannon_PNG80.png,Cannon,"Based on the visual information provided in the image, the main object is a cannon.

The image displays a silhouette of a cannon, which is a large firearm used for firing projectiles.

Therefore, the correct class name from the list is:

Cannon"
data/thin/silhouette/cannon_PNG82.png,Cannon,"Based on the visual information provided in the image, the main object is a silhouette of a cannon.

The object has the following features:
- A large barrel pointing forward.
- A carriage with two wheels, one of which is visible.
- A small platform or carriage structure.

These features are characteristic of a historical cannon.

Therefore, the correct class name from the list is:

Cannon"
data/thin/silhouette/cannon_PNG83.png,Cannon,"Based on the visual information in the image, the main object is a cannon.

The image shows a silhouette of a cannon, which is a type of artillery weapon.

From the provided list of 193 classes, the correct class name is:

Cannon"
data/thin/silhouette/cannon_PNG84.png,Cannon,"Based on the image provided, the main object is a military artillery piece. The silhouette shows a large, heavy gun with a long barrel, mounted on a wheeled carriage. This is characteristic of a howitzer or a field artillery gun.

The most appropriate class from the list is:

Cannon"
data/thin/silhouette/cannon_PNG85.png,Cannon,"Based on the visual information provided, the main object in the image is a cannon. This is identifiable by its characteristic features, including a long barrel, a carriage with wheels, and a mount for firing.

From the given list of 193 classes, the correct class name is:

Cannon"
data/thin/silhouette/cannon_PNG86.png,Cannon,"Based on the visual information in the image, the main object is a cannon. This is identified by its characteristic shape, including a long barrel, a carriage with wheels, and a mounting structure.

Cannon"
data/thin/silhouette/cannon_PNG88.png,Cannon,"Based on the image provided, the main object is a military-style artillery piece. This is identifiable as a mortar, which is a type of gun designed to fire projectiles over a long range.

Looking at the list of classes, the correct one is:

Mortar"
data/thin/silhouette/cannon_PNG89.png,Cannon,
data/thin/silhouette/cannon_PNG9.png,Cannon,
data/thin/silhouette/cannon_PNG90.png,Cannon,"Based on the image provided, the main object is a cannon. It is depicted as a silhouette with two large wheels and a long barrel, which is characteristic of a cannon.

The correct class name from the list is:

Cannon"
data/thin/silhouette/cannon_PNG91.png,Cannon,"Based on the image provided, the main object is a cannon. This is identifiable by its long barrel, carriage, and wheels, which are characteristic features of a field artillery piece.

The correct class name from the list is:

Cannon"
data/thin/silhouette/cannon_PNG93.png,Cannon,"Based on the visual information in the image, the main object is a military vehicle with a large gun mounted on top. This type of vehicle is known as a tank. The image shows the silhouette of a tank with a turret and a large cannon, which is characteristic of a tank.

The correct class name from the list provided is:

Tank"
data/thin/silhouette/cannon_PNG94.png,Cannon,"Based on the image provided, the main object is a cannon.

The object in the image is a cannon, which is a type of artillery piece. It is depicted as a silhouette with two large wheels and a long barrel, which are characteristic features of a cannon.

The correct class name from the list is:

Cannon"
data/thin/silhouette/canoe_PNG146.png,Canoe,"Based on the visual information provided in the image, the main object is a kayak. It is depicted as a black silhouette, which clearly shows the shape of a watercraft designed for paddling on the water.

The correct class name from the list is:

Kayak"
data/thin/silhouette/canoe_PNG168.png,Canoe,"Based on the image provided, the main object is a watercraft designed for paddling, which is a type of boat. The silhouette shows a long, narrow, flat-bottomed vessel with a single oar or paddle, and a person is depicted sitting in it. This is characteristic of a kayak.

Therefore, the correct class name is:

Kayak"
data/thin/silhouette/canoe_PNG75.png,Canoe,"Based on the image provided, the main object is a watercraft designed for one person, which is a kayak. It is depicted as a silhouette with a seat and a paddle.

The correct class name from the list is:

Kayak"
data/thin/silhouette/canoe_PNG83.png,Canoe,"Based on the visual information provided in the image, the object is a silhouette of a watercraft designed for use on water. It has a long, narrow body and a pointed bow, which are characteristic features of a kayak. The object is depicted in black against a white background, and its shape is consistent with that of a single-person kayak.

Therefore, the correct class name is:

Kayak"
data/thin/silhouette/canoe_PNG91.png,Canoe,"Based on the image provided, the main object is a small, sleek watercraft designed for speed and maneuverability. The silhouette shows a long, narrow hull with a pointed bow and a flat stern, and it is equipped with a propeller at the rear. This design is characteristic of a high-speed, low-cost vessel used for recreational or sport purposes.

The object in the image is a **Kayak**.

Kayak is a type of watercraft that is typically used for recreational purposes, especially"
data/thin/silhouette/canoe_PNG94.png,Canoe,"Based on the provided image, the main object is a long, narrow watercraft with a single seat and a paddle-like structure, which is characteristic of a canoe.

The correct class name from the list is:

Canoe"
data/thin/silhouette/carriage_PNG11.png,Carriage,The main object in the image is a Carriage.
data/thin/silhouette/carriage_PNG12.png,Carriage,"Based on the visual information in the image, the main object is a horse-drawn carriage.

The correct class name from the list is:
Carriage"
data/thin/silhouette/carriage_PNG14.png,Carriage,"Based on the image provided, the main object is a silhouette of a horse-drawn carriage.

Looking at the list of classes provided, the correct one is:

Carriage"
data/thin/silhouette/carriage_PNG22.png,Carriage,The main object in the image is a Carriage.
data/thin/silhouette/carriage_PNG26.png,Carriage,"Based on the image provided, the main object is a horse-drawn carriage.

The correct class name from the list is:
Carriage"
data/thin/silhouette/carriage_PNG27.png,Carriage,"Based on the image provided, the main object is a carriage, which is a type of horse-drawn vehicle. It has large wheels and a driver's seat.

The correct class name from the list is:

Carriage"
data/thin/silhouette/carriage_PNG28.png,Carriage,The main object in the image is: Carriage
data/thin/silhouette/carriage_PNG31.png,Carriage,"Based on the visual information in the image, the main object is a horse-drawn carriage. This is a classic example of a vehicle that uses animals for transportation.

The class name for this object is:
Carriage"
data/thin/silhouette/carriage_PNG32.png,Carriage,"Based on the image provided, the main object is a horse-drawn carriage.

The correct class name from the list is:

Carriage"
data/thin/silhouette/carriage_PNG43.png,Carriage,"Based on the image provided, the main object is a horse-drawn carriage.

Looking at the list of classes provided, the correct one is:

Carriage"
data/thin/silhouette/carriage_PNG44.png,Carriage,
data/thin/silhouette/carriage_PNG46.png,Carriage,"Based on the image provided, the main object is a horse-drawn carriage.

The class name for this object is:
Carriage"
data/thin/silhouette/carriage_PNG47.png,Carriage,The main object in the image is a Carriage.
data/thin/silhouette/carriage_PNG48.png,Carriage,Carriage
data/thin/silhouette/carriage_PNG50.png,Carriage,"Based on the image provided, the main object is a horse pulling a carriage.

The correct class name from the list is:
Carriage"
data/thin/silhouette/carriage_PNG63.png,Carriage,"Based on the visual information in the image, the main object is a vehicle being pulled by a horse.

The correct class name from the list provided is:

Carriage"
data/thin/silhouette/carriage_PNG70a.png,Carriage,"Based on the image provided, the main object is a horse-drawn carriage.

The correct class name from the list is:
Carriage"
data/thin/silhouette/carriage_PNG70b.png,Carriage,The main object in the image is: Carriage
data/thin/silhouette/carriage_PNG73.png,Carriage,The main object in the image is a Carriage.
data/thin/silhouette/carriage_PNG74.png,Carriage,
data/thin/silhouette/carriage_PNG76.png,Carriage,"Based on the image provided, the main object is a carriage being pulled by two horses. This is a classic depiction of a horse-drawn carriage, which is a type of vehicle.

The correct class name from the list is:

Carriage"
data/thin/silhouette/carriage_PNG78a.png,Carriage,
data/thin/silhouette/carriage_PNG78b.png,Carriage,
data/thin/silhouette/carriage_PNG78c.png,Carriage,
data/thin/silhouette/carriage_PNG78d.png,Carriage,"Based on the image provided, the main object is a horse-drawn carriage. This is a type of vehicle that is pulled by a horse and is often used for transporting people or goods.

From the list of classes provided, the most appropriate one to identify this object is:

Carriage"
data/thin/silhouette/carriage_PNG79.png,Carriage,The main object in the image is a Carriage.
data/thin/silhouette/carriage_PNG81.png,Carriage,"Based on the visual information in the image, the main object is a baby carriage, which is a type of pram. This is a specific type of vehicle used for transporting infants.

The correct class name from the list is:
Pram"
data/thin/silhouette/carriage_PNG85.png,Carriage,"Based on the visual information provided in the image, the main object is a horse-drawn carriage. This type of vehicle is a common feature in historical or artistic depictions and is a well-known object.

The correct class name from the list is:
Carriage"
data/thin/silhouette/cat_PNG50479.png,Cat,
data/thin/silhouette/cat_PNG50507.png,Cat,
data/thin/silhouette/cat_PNG50540.png,Cat,"Based on the visual information provided in the image, the main object is a silhouette of a cat.

The correct class name from the list is:
Cat"
data/thin/silhouette/cat_PNG50543.png,Cat,Cat
data/thin/silhouette/cat_PNG50547.png,Cat,Cat
data/thin/silhouette/chain_saw_PNG18499.png,Chain Saw,"Based on the provided image and the list of classes, the main object is clearly identifiable.

The image displays a silhouette of a power tool with a long chain and a handle, which is characteristic of a chainsaw.

Looking at the given class list, the correct class name for this object is:

Chain Saw"
data/thin/silhouette/chain_saw_PNG18500.png,Chain Saw,"Based on the image provided, the main object is a chainsaw.

The correct class name from the list is:
Chain Saw"
data/thin/silhouette/chain_saw_PNG18501.png,Chain Saw,"Based on the provided image and the list of classes, the main object is a chainsaw.

The image shows a silhouette of a chainsaw, which is a tool used for cutting wood. The object is clearly identifiable as a chainsaw, which is one of the listed classes.

Chain Saw"
data/thin/silhouette/chain_saw_PNG18502.png,Chain Saw,"Based on the visual information provided in the image, the main object is a chainsaw.

The image shows a silhouette of a chainsaw, which is a tool used for cutting wood or other materials. The object is clearly identifiable by its characteristic long blade and handle.

Therefore, the correct class name from the list is:

Chain Saw"
data/thin/silhouette/chain_saw_PNG18504.png,Chain Saw,"Based on the image provided, the main object is a chainsaw. The silhouette clearly shows the characteristic shape of a chainsaw, including the handle, the engine housing, and the cutting chain.

Chain Saw"
data/thin/silhouette/chain_saw_PNG18506.png,Chain Saw,"Based on the image provided, the main object is a chainsaw. This is evident from its distinct features: a long cutting blade, a handle, and a motorized head with a protective guard.

The correct class name from the list is:

Chain Saw"
data/thin/silhouette/chain_saw_PNG18510.png,Chain Saw,"Based on the visual information provided in the image, the main object is a chainsaw.

The image shows a silhouette of a chainsaw, which is a tool used for cutting wood or other materials.

Therefore, the correct class name from the list is:

Chain Saw"
data/thin/silhouette/chain_saw_PNG18512.png,Chain Saw,"Based on the visual information in the image, the main object is a chainsaw.

The image displays a silhouette of a chainsaw, which is a tool used for cutting wood. The object is characterized by its long, serrated blade and the housing that contains the engine and controls.

Therefore, the correct class name from the list is:

Chain Saw"
data/thin/silhouette/chain_saw_PNG18514.png,Chain Saw,"Based on the image provided, the main object is a chainsaw. The image shows a silhouette of a chainsaw, which is a tool used for cutting wood.

The correct class name from the list is:
Chain Saw"
data/thin/silhouette/chain_saw_PNG18515.png,Chain Saw,"Based on the image provided, the main object is a chainsaw.

The object in the image is a chainsaw, which is a power tool used for cutting wood.

Therefore, the correct class name is:
Chain Saw"
data/thin/silhouette/chain_saw_PNG18517.png,Chain Saw,"Based on the visual information in the image, the main object is a chainsaw.

The image displays a silhouette of a chainsaw, which is a tool used for cutting wood. This object is clearly identifiable as a chainsaw.

Therefore, the correct class name from the list is:

Chain Saw"
data/thin/silhouette/chain_saw_PNG18527.png,Chain Saw,"Based on the visual information provided in the image, the main object is a chainsaw. The image displays a silhouette of a chainsaw, which is a tool used for cutting wood or other materials.

The correct class name from the list is:
Chain Saw"
data/thin/silhouette/chain_saw_PNG18531.png,Chain Saw,
data/thin/silhouette/chain_saw_PNG18533.png,Chain Saw,"Based on the visual information in the image, the main object is a chainsaw. The image shows a silhouette of a chainsaw with its blade and handle clearly depicted.

The correct class name from the list is:
Chain Saw"
data/thin/silhouette/chain_saw_PNG18536.png,Chain Saw,"Based on the image provided, the main object is a chainsaw. This is evident from its distinctive silhouette, which includes the handle, the engine housing, and the long cutting blade.

The correct class name from the list is:

Chain Saw"
data/thin/silhouette/chair_PNG6843.png,Chair,"Based on the image provided, the main object is a chair.

The correct class name from the list is:
Chair"
data/thin/silhouette/chair_PNG6844.png,Chair,
data/thin/silhouette/chair_PNG6845.png,Chair,"Based on the visual information provided in the image, the main object is a chair.

The correct class name from the list is:

Chair"
data/thin/silhouette/chair_PNG6846.png,Chair,"Based on the provided image, the main object is a chair. It is depicted as a silhouette, which is a common representation of a chair in visual design.

The correct class name from the list is:

Chair"
data/thin/silhouette/chair_PNG6847.png,Chair,"Based on the visual information provided in the image, the main object is a chair. It is a classic design with a backrest featuring three vertical oval cutouts, a solid seat, and four legs.

From the list of classes provided, the correct identification is:

Chair"
data/thin/silhouette/chair_PNG6848.png,Chair,"Based on the visual information provided in the image, the main object is a chair.

The correct class name from the list is:

Chair"
data/thin/silhouette/chair_PNG6849.png,Chair,
data/thin/silhouette/chair_PNG6851.png,Chair,"Based on the visual information provided in the image, the main object is a chair.

The object has the following characteristics:
- It has a backrest with horizontal slats.
- It has a seat made of horizontal slats.
- It has four legs.
- It has a frame that supports the seat and backrest.

These features are consistent with a standard chair.

Chair"
data/thin/silhouette/chair_PNG6852.png,Chair,"Based on the visual information provided in the image, the main object is clearly identifiable.

The object is a chair with a distinct silhouette. It has a high back with ornate curves, a seat, and four legs, which is characteristic of a specific style of furniture.

From the provided list of classes, the most accurate identification is:

Chair"
data/thin/silhouette/chair_PNG6853.png,Chair,"Based on the image provided, the main object is a chair.

The correct class name from the list is:
Chair"
data/thin/silhouette/chair_PNG6855.png,Chair,"Based on the image provided, the main object is a chair.

The correct class name from the list is:
Chair"
data/thin/silhouette/chair_PNG6856.png,Chair,"Based on the image provided, the main object is a chair.

The correct class name from the list is:

Chair"
data/thin/silhouette/chair_PNG6857.png,Chair,"Based on the visual information provided in the image, the main object is a chair. This is identified by its distinct features: a seat, four legs, and a backrest with horizontal slats.

From the list of classes provided, the correct identification is:

Chair"
data/thin/silhouette/chair_PNG6859.png,Chair,"Based on the visual information provided in the image, the main object is a chair.

The correct class name from the list is:
Chair"
data/thin/silhouette/chair_PNG6860.png,Chair,"Based on the visual information provided in the image, the main object is a chair. This is a traditional wooden chair with a backrest composed of vertical spindles and a solid seat, which is characteristic of a Windsor-style or similar traditional chair.

The correct class name from the list is:

Chair"
data/thin/silhouette/chair_PNG6861.png,Chair,"Based on the visual information provided in the image, the main object is a chair.

The object has the following characteristics:
- It is a wooden chair with a high backrest.
- It features a central decorative element on the backrest, which is typical of a Windsor-style chair.
- It has four legs and a seat.
- The silhouette is black, which indicates it is a solid shape without any color.

This matches the description of a chair.

Chair"
data/thin/silhouette/chair_PNG6862.png,Chair,"Based on the visual information provided in the image, the main object is a chair.

The correct class name from the list is:
Chair"
data/thin/silhouette/chair_PNG6865a.png,Chair,"Based on the image provided, the main object is a chair.

The correct class name from the list is:
Chair"
data/thin/silhouette/chair_PNG6865b.png,Chair,"Based on the image provided, the main object is a chair.

The correct class name from the list is:

Chair"
data/thin/silhouette/chair_PNG6866a.png,Chair,"Based on the visual information provided in the image, the main object is a chair.

The correct class name from the list is:

Chair"
data/thin/silhouette/chair_PNG6866c.png,Chair,
data/thin/silhouette/chair_PNG6866d.png,Chair,
data/thin/silhouette/chair_PNG6866e.png,Chair,"Based on the image provided, the main object is a rocking chair.

The correct class name from the list is:
Chair"
data/thin/silhouette/chair_PNG6866f.png,Chair,"Based on the image provided, the main object is a chair. The object is a rocking chair, which is a type of chair with a distinctive design.

From the list of classes provided, the correct one is:

Chair"
data/thin/silhouette/chair_PNG6866g.png,Chair,"Based on the image provided, the main object is a chair.

The correct class name from the list is:
Chair"
data/thin/silhouette/chair_PNG6866h.png,Chair,
data/thin/silhouette/chair_PNG6867a.png,Chair,Chair
data/thin/silhouette/chair_PNG6867b.png,Chair,Chair
data/thin/silhouette/chair_PNG6867d.png,Chair,Grill
data/thin/silhouette/chair_PNG6867f.png,Chair,Chair
data/thin/silhouette/chair_PNG6867h.png,Chair,Chair
data/thin/silhouette/chair_PNG6869.png,Chair,"Based on the image provided, the main object is a chair. This is a standard representation of a chair, and it is clearly identifiable as such.

The correct class name from the list is:

Chair"
data/thin/silhouette/chair_PNG6872.png,Chair,
data/thin/silhouette/chair_PNG6873.png,Chair,"Based on the image provided, the main object is a chair with a high back, armrests, and a five-star base with wheels. This is a typical office chair.

The correct class name from the list is:

Chair"
data/thin/silhouette/chair_PNG6874a.png,Chair,"Based on the provided image and the list of classes, the main object is clearly identifiable.

The object depicted is a chair with a classic design, featuring a curved backrest and ornate legs.

From the given list of 193 classes, the correct class name is:

Chair"
data/thin/silhouette/chair_PNG6874b.png,Chair,
data/thin/silhouette/chair_PNG6874d.png,Chair,
data/thin/silhouette/chair_PNG6874e.png,Chair,"Based on the visual information provided in the image, the main object is a chair. It is a black silhouette of a swivel chair with a five-legged base, which is characteristic of an office or office-style chair.

The correct class name from the list is:

Chair"
data/thin/silhouette/chair_PNG6874f.png,Chair,"Based on the image provided, the main object is a chair.

The correct class name from the list is:
Chair"
data/thin/silhouette/chair_PNG6874h.png,Chair,"Based on the visual information provided in the image, the main object is a chair.

The image displays a black silhouette of a chair, which is the only object present. The chair has a typical design with a seat, backrest, and armrests.

Therefore, the correct class name is:

Chair"
data/thin/silhouette/chair_PNG6877.png,Chair,"Based on the image provided, the main object is a chair.

The correct class name from the list is:
Chair"
data/thin/silhouette/chair_PNG6878a.png,Chair,"Based on the visual information provided in the image, the main object is a chair.

The class name for the chair is:

Chair"
data/thin/silhouette/chair_PNG6878b.png,Chair,"Based on the image provided, the main object is a chair.

The correct class name from the list is:
Chair"
data/thin/silhouette/chair_PNG6878c.png,Chair,
data/thin/silhouette/chair_PNG6878d.png,Chair,"Based on the visual information provided in the image, the main object is a chair.

The object in the image is a silhouette of a chair, which is a common piece of furniture.

Therefore, the correct class name is:

Chair"
data/thin/silhouette/chair_PNG6878e.png,Chair,"Based on the visual information provided in the image, the main object is a chair.

The correct class name from the list is:
Chair"
data/thin/silhouette/chair_PNG6878f.png,Chair,"Based on the image provided, the main object is a chair.

The correct class name from the list is:

Chair"
data/thin/silhouette/chair_PNG6878g.png,Chair,"Based on the image provided, the main object is a chair.

The correct class name from the list is:
Chair"
data/thin/silhouette/chair_PNG6878h.png,Chair,"Based on the visual information provided in the image, the main object is a chair.

The object in the image is a black silhouette of a chair with a backrest, seat, and legs. It is positioned on the right side of the image.

Therefore, the correct class name is:

Chair"
data/thin/silhouette/chair_PNG6880.png,Chair,"Based on the visual information provided in the image, the main object is a chair.

The object has a distinct silhouette with a backrest featuring vertical slats, a seat, and four legs, which is characteristic of a dining or occasional chair.

From the provided list of classes, the correct identification is:

Chair"
data/thin/silhouette/chair_PNG6881.png,Chair,
data/thin/silhouette/chair_PNG6882a.png,Chair,"Based on the visual information provided in the image, the main object is a chair.

The correct class name from the list is:

Chair"
data/thin/silhouette/chair_PNG6882b.png,Chair,
data/thin/silhouette/chair_PNG6883.png,Chair,"Based on the visual information provided in the image, the main object is a chair.

The correct class name from the list is:
Chair"
data/thin/silhouette/chair_PNG6887.png,Chair,"Based on the visual information provided in the image, the main object is a chair.

The correct class name from the list is:

Chair"
data/thin/silhouette/chair_PNG6892.png,Chair,"Based on the visual information provided in the image, the main object is a chair with a high back, armrests, and a five-pointed base with wheels. This is a typical office chair.

The correct class name from the list is:

Chair"
data/thin/silhouette/chair_PNG6897.png,Chair,"Based on the image provided, the main object is a chair.

The correct class name from the list is:

Chair"
data/thin/silhouette/chair_PNG6898.png,Chair,"Based on the image provided, the main object is a chair with a swivel base and wheels, commonly known as an office chair. This is a typical office chair.

The correct class name from the list is:

Chair"
data/thin/silhouette/chair_PNG6899.png,Chair,"Based on the visual information provided in the image, the main object is a chair. The object has a distinct silhouette with a curved backrest, a seat, and four legs, which are characteristic features of a modern chair.

From the given list of classes, the correct identification is:

Chair"
data/thin/silhouette/chair_PNG6901.png,Chair,"Based on the provided image and the list of classes, the main object is clearly identifiable.

The object is a high-backed office chair with armrests and a base with wheels, which is a common piece of office furniture.

From the given list of classes, the correct identification is:

Chair"
data/thin/silhouette/chair_PNG6902.png,Chair,"Based on the image provided, the main object is a chair with a seat, backrest, and a five-star base with wheels, which is characteristic of an office chair.

The correct class name from the list is:

Chair"
data/thin/silhouette/chair_PNG6905.png,Chair,Chair
data/thin/silhouette/chair_PNG6906.png,Chair,"Based on the image provided, the main object is a rocking chair.

The correct class name from the list is:

Chair"
data/thin/silhouette/chair_PNG6907.png,Chair,"Based on the visual information provided in the image, the main object is a chair with a high back, a seat, and armrests, and it is mounted on a base with wheels, which is typical of a gaming or office chair. The silhouette is black and white, and the design suggests it is a modern, ergonomic chair.

The correct class name from the list provided is:

Chair"
data/thin/silhouette/chair_PNG6908.png,Chair,"Based on the visual information provided in the image, the main object is a chair.

The image shows a silhouette of a chair with a high back, armrests, and legs, which is characteristic of a modern armchair.

From the list of classes provided, the correct identification is:

Chair"
data/thin/silhouette/chair_PNG6909.png,Chair,"Based on the visual information provided in the image, the main object is a chair.

The correct class name from the list is:
Chair"
data/thin/silhouette/chicken_PNG2145.png,Chicken,"Based on the image provided, the main object is a silhouette of a bird. Among the given classes, the most appropriate one is:

Chickens

This is because the object in the image is clearly identifiable as a chicken, which is a type of bird. While other birds might be considered, the specific shape and features of the silhouette match that of a chicken.

Chickens"
data/thin/silhouette/chicken_PNG2147.png,Chicken,
data/thin/silhouette/chicken_PNG2150.png,Chicken,"Based on the provided image and the list of classes, the main object is a chicken.

The correct class name from the list is:
Chicken"
data/thin/silhouette/chicken_PNG2151.png,Chicken,"Based on the provided image, the main object is a silhouette of a bird.

The correct class from the list is:

Chicken"
data/thin/silhouette/chicken_PNG2154.png,Chicken,"Based on the visual information provided in the image, the main object is a silhouette of a bird. Among the given classes, the most appropriate one is the one that specifically identifies a bird.

- The image shows a complete silhouette of a bird, specifically a chicken, as indicated by its shape and features like the comb, legs, and body.
- The class ""Chicken"" is explicitly listed in the options provided.

Therefore, the correct answer is:

Chicken"
data/thin/silhouette/chicken_PNG2164.png,Chicken,"Based on the visual information provided in the image, the main object is a bird with a distinct shape, including a head, body, wings, and legs.

Looking at the provided list of classes, the most accurate match for the object depicted is:

- **Chicken**

The object is a silhouette of a chicken, which is a type of bird. While other birds like the Crow or Eagle are listed, the specific shape and features in the image are consistent with a chicken.

Therefore, the correct answer"
data/thin/silhouette/chicken_PNG2165.png,Chicken,"Based on the image provided, the main object is a silhouette of a bird. Among the given classes, the most appropriate one is:

Chickens

The object in the image is a chicken, which is a type of bird.

Chickens"
data/thin/silhouette/chicken_PNG2167.png,Chicken,"Based on the image provided, the main object is a silhouette of a bird.

From the given list of classes, the most appropriate choice is:

Chickens"
data/thin/silhouette/chicken_PNG2171.png,Chicken,Chicken
data/thin/silhouette/chicken_PNG2172.png,Chicken,"Based on the image provided, the main object is a silhouette of a bird.

From the given list of classes, the most appropriate choice is:

Chickens"
data/thin/silhouette/chicken_PNG2173.png,Chicken,"Based on the visual information provided in the image, the main object is a silhouette of a bird. More specifically, the shape and features are characteristic of a chicken.

From the given list of classes, the most appropriate choice is:

Chicken"
data/thin/silhouette/cobra_PNG12.png,Cobra,Snake
data/thin/silhouette/cobra_PNG41.png,Cobra,"Based on the image provided, the main object is a snake. The silhouette clearly depicts a snake with its head raised and coiled body, which is characteristic of a cobra.

From the given list of classes, the correct one is:

Cobra"
data/thin/silhouette/cobra_PNG47.png,Cobra,
data/thin/silhouette/cobra_PNG55.png,Cobra,
data/thin/silhouette/cock_PNG19926.png,Cock,
data/thin/silhouette/cock_PNG19930.png,Cock,"Based on the image provided, the main object is a silhouette of a bird. Specifically, it is a rooster, identifiable by its comb, tail feathers, and overall shape.

The correct class name from the list is:

Cock"
data/thin/silhouette/cock_PNG20.png,Cock,"Based on the visual information provided in the image, the main object is a silhouette of a bird.

Looking at the options provided, the most accurate class name for this object is:

- **Bird**

The image clearly shows a rooster, which is a type of bird. While ""Cock"" is also a specific type of bird, ""Bird"" is the broader and more general class that encompasses all birds, including roosters.

Therefore, the correct answer is:

Bird"
data/thin/silhouette/cock_PNG27.png,Cock,Chicken
data/thin/silhouette/cock_PNG29.png,Cock,"Based on the visual information provided in the image, the main object is a silhouette of a bird.

The image shows a black silhouette of a bird with a prominent comb, a feathered tail, and a distinct body shape, which is characteristic of a rooster.

Looking at the provided list of classes, the correct one is:

Cock"
data/thin/silhouette/cock_PNG3.png,Cock,"Based on the provided image and the list of classes, the main object is a bird. More specifically, it is a rooster, which is a type of chicken.

From the given list, the correct class name is:

Cock"
data/thin/silhouette/cock_PNG4.png,Cock,"Based on the visual information provided in the image, the main object is a silhouette of a bird. More specifically, the features such as the comb, the crest on the head, the tail feathers, and the overall shape are characteristic of a rooster.

Among the provided classes, the most accurate match is:

Chickens"
data/thin/silhouette/cock_PNG5.png,Cock,"Based on the provided image, the main object is a rooster. The image shows a silhouette of a bird with a prominent comb and a raised tail, which are characteristic features of a rooster.

The correct class name from the list is:

Cock"
data/thin/silhouette/cock_PNG6.png,Cock,"Based on the image provided, the main object is a silhouette of a bird. Looking at the provided list of classes, the most appropriate one is:

- **Chicken**

This is because the image shows a rooster, which is a type of chicken.

The correct answer is: **Chicken**"
data/thin/silhouette/cock_PNG8.png,Cock,"Based on the visual information provided in the image, the main object is a silhouette of a bird. More specifically, the shape and features are characteristic of a rooster, which is a type of male chicken.

From the list of classes provided, the correct one is:

Cock"
data/thin/silhouette/cock_PNG9.png,Cock,"Based on the visual information provided in the image, the main object is a silhouette of a bird.

Looking at the options provided, the most accurate class for this object is:

- **Chickens**

The image shows a complete silhouette of a chicken, which is a type of bird.

Therefore, the correct answer is:

**Chicken**"
data/thin/silhouette/comb_PNG1.png,Comb,
data/thin/silhouette/comb_PNG10.png,Comb,"Based on the image provided, the main object is a comb. This is evident from its distinct shape, which includes a handle and a series of fine teeth designed for combing hair.

The correct class name from the list is:
Comb"
data/thin/silhouette/comb_PNG106.png,Comb,"The main object in the image is a comb. Therefore, the correct class name is:

Comb"
data/thin/silhouette/comb_PNG11.png,Comb,
data/thin/silhouette/comb_PNG112.png,Comb,
data/thin/silhouette/comb_PNG113.png,Comb,
data/thin/silhouette/comb_PNG114.png,Comb,
data/thin/silhouette/comb_PNG118.png,Comb,
data/thin/silhouette/comb_PNG120.png,Comb,Comb
data/thin/silhouette/comb_PNG121.png,Comb,
data/thin/silhouette/comb_PNG124.png,Comb,
data/thin/silhouette/comb_PNG125a.png,Comb,
data/thin/silhouette/comb_PNG125b.png,Comb,
data/thin/silhouette/comb_PNG136a.png,Comb,
data/thin/silhouette/comb_PNG136b.png,Comb,
data/thin/silhouette/comb_PNG137.png,Comb,
data/thin/silhouette/comb_PNG14.png,Comb,
data/thin/silhouette/comb_PNG140a.png,Comb,
data/thin/silhouette/comb_PNG141.png,Comb,
data/thin/silhouette/comb_PNG142.png,Comb,"Based on the image provided, the main object is a comb.

The correct class name from the list is:
Comb"
data/thin/silhouette/comb_PNG144.png,Comb,
data/thin/silhouette/comb_PNG146.png,Comb,
data/thin/silhouette/comb_PNG154a.png,Comb,
data/thin/silhouette/comb_PNG154b.png,Comb,
data/thin/silhouette/comb_PNG154d.png,Comb,
data/thin/silhouette/comb_PNG155a.png,Comb,"The main object in the image is a comb. Therefore, the correct class name is:

Comb"
data/thin/silhouette/comb_PNG155b.png,Comb,
data/thin/silhouette/comb_PNG156.png,Comb,
data/thin/silhouette/comb_PNG158.png,Comb,
data/thin/silhouette/comb_PNG159.png,Comb,
data/thin/silhouette/comb_PNG16.png,Comb,
data/thin/silhouette/comb_PNG17.png,Comb,
data/thin/silhouette/comb_PNG18.png,Comb,
data/thin/silhouette/comb_PNG23.png,Comb,Comb
data/thin/silhouette/comb_PNG28.png,Comb,
data/thin/silhouette/comb_PNG29.png,Comb,
data/thin/silhouette/comb_PNG37.png,Comb,
data/thin/silhouette/comb_PNG40.png,Comb,
data/thin/silhouette/comb_PNG43.png,Comb,
data/thin/silhouette/comb_PNG45.png,Comb,
data/thin/silhouette/comb_PNG47.png,Comb,"Based on the visual information provided in the image, the main object is a comb.

The object is a black comb with a handle that has a curved end, and it has teeth that are evenly spaced. This is a common type of comb used for grooming.

Therefore, the correct class name is:

Comb"
data/thin/silhouette/comb_PNG48.png,Comb,
data/thin/silhouette/comb_PNG49.png,Comb,
data/thin/silhouette/comb_PNG5.png,Comb,Comb
data/thin/silhouette/comb_PNG50.png,Comb,Comb
data/thin/silhouette/comb_PNG66.png,Comb,
data/thin/silhouette/comb_PNG68.png,Comb,"Based on the provided image, the main object is a comb.

The correct class name from the list is:
Comb"
data/thin/silhouette/comb_PNG7.png,Comb,
data/thin/silhouette/comb_PNG71a.png,Comb,
data/thin/silhouette/comb_PNG71b.png,Comb,
data/thin/silhouette/comb_PNG81.png,Comb,
data/thin/silhouette/comb_PNG82.png,Comb,
data/thin/silhouette/comb_PNG83.png,Comb,
data/thin/silhouette/comb_PNG84.png,Comb,
data/thin/silhouette/comb_PNG87.png,Comb,"Based on the visual information provided in the image, the main object is a comb.

The object is a long, black, vertical object with a rounded top and a slightly tapered bottom, which is characteristic of a comb.

Therefore, the correct class name is:

Comb"
data/thin/silhouette/cooking_pan_PNG8363.png,Cooking Pan,"Based on the visual information provided in the image, the main object is a cooking pot.

The object has a distinct shape with a rounded body and two handles on opposite sides, which are characteristic features of a cooking pot.

From the given list of classes, the correct identification is:

Cooking Pan"
data/thin/silhouette/cooking_pan_PNG8364.png,Cooking Pan,"Based on the visual information provided in the image, the main object is a cooking pan.

The object is depicted as a black silhouette with a rounded body and two handles on either side, which is characteristic of a pot used for cooking.

Therefore, the correct class name is:

Cooking Pan"
data/thin/silhouette/cooking_pan_PNG8365.png,Cooking Pan,"Based on the visual information provided in the image, the main object is a cooking pan.

The object has a distinct silhouette with a rounded body and two handles, which are characteristic features of a cooking pan.

Therefore, the correct class name is:

Cooking Pan"
data/thin/silhouette/cooking_pan_PNG8366.png,Cooking Pan,"Based on the image provided, the main object is a cooking pot with two handles. This is a common kitchen utensil used for cooking or boiling food.

The correct class name from the list is:

Cooking Pan"
data/thin/silhouette/cooking_pan_PNG8367a.png,Cooking Pan,Cooking Pan
data/thin/silhouette/cooking_pan_PNG8367b.png,Cooking Pan,Kettle
data/thin/silhouette/cooking_pan_PNG8367c.png,Cooking Pan,Cooking Pan
data/thin/silhouette/cooking_pan_PNG8367d.png,Cooking Pan,Cooking Pan
data/thin/silhouette/cooking_pan_PNG8369.png,Cooking Pan,"Based on the visual information provided in the image, the main object is a cooking pan.

The object is depicted as a black silhouette with a handle on top and two side handles, which is characteristic of a pot used for cooking.

Therefore, the correct class name is:

Cooking Pan"
data/thin/silhouette/cooking_pan_PNG8370.png,Cooking Pan,"Based on the visual information provided in the image, the main object is a cooking pan.

The object is depicted as a black silhouette with a cylindrical body, two handles on opposite sides, and a slightly flared rim, which are characteristic features of a cooking pan.

Therefore, the correct class name is:

Cooking Pan"
data/thin/silhouette/cooking_pan_PNG8387.png,Cooking Pan,"Based on the visual information provided in the image, the main object is a cooking pan.

The object in the image is a large, black pot with a lid and two handles, which is characteristic of a cooking pan used for boiling or stewing.

The correct class name from the list is:

Cooking Pan"
data/thin/silhouette/cooking_pan_PNG8398.png,Cooking Pan,
data/thin/silhouette/cooking_pan_PNG8399.png,Cooking Pan,"Based on the provided image and the list of classes, the main object is a cooking pan.

The correct class name is:
Cooking Pan"
data/thin/silhouette/corkscrew_PNG1.png,Corkscrew,
data/thin/silhouette/corkscrew_PNG15.png,Corkscrew,
data/thin/silhouette/corkscrew_PNG18.png,Corkscrew,
data/thin/silhouette/corkscrew_PNG2.png,Corkscrew,
data/thin/silhouette/corkscrew_PNG33.png,Corkscrew,Corkscrew
data/thin/silhouette/corkscrew_PNG35.png,Corkscrew,
data/thin/silhouette/corkscrew_PNG36.png,Corkscrew,
data/thin/silhouette/corkscrew_PNG37.png,Corkscrew,
data/thin/silhouette/corkscrew_PNG38.png,Corkscrew,
data/thin/silhouette/corkscrew_PNG39.png,Corkscrew,Corkscrew
data/thin/silhouette/corkscrew_PNG4.png,Corkscrew,
data/thin/silhouette/corkscrew_PNG40.png,Corkscrew,Corkscrew
data/thin/silhouette/corkscrew_PNG41.png,Corkscrew,Corkscrew
data/thin/silhouette/corkscrew_PNG42.png,Corkscrew,
data/thin/silhouette/corkscrew_PNG43.png,Corkscrew,"Based on the image provided, the main object is a tool used for opening bottles.

The object in the image is a **corkscrew**.

- It is a classic tool used to open wine bottles by turning the corkscrew into the cork.
- The image shows a black silhouette of this tool against a white background.

Therefore, the correct class name is:

Corkscrew"
data/thin/silhouette/corkscrew_PNG44.png,Corkscrew,
data/thin/silhouette/corkscrew_PNG49.png,Corkscrew,
data/thin/silhouette/corkscrew_PNG5.png,Corkscrew,
data/thin/silhouette/corkscrew_PNG50.png,Corkscrew,
data/thin/silhouette/corkscrew_PNG52.png,Corkscrew,
data/thin/silhouette/corkscrew_PNG7.png,Corkscrew,
data/thin/silhouette/corkscrew_PNG8.png,Corkscrew,Corkscrew
data/thin/silhouette/corkscrew_PNG9.png,Corkscrew,
data/thin/silhouette/cow_PNG50577.png,Cow,The main object in the image is: Cow
data/thin/silhouette/cow_PNG50601.png,Cow,"Based on the provided image and the list of classes, the main object is clearly identifiable.

The object is a silhouette of a cow. The outline shows a large, four-legged animal with a distinct head, body, and tail, which is characteristic of a cow.

From the given list of 193 classes, the correct one is:

Cow"
data/thin/silhouette/cow_PNG50606.png,Cow,
data/thin/silhouette/crab_PNG1.png,Crab,"Based on the image provided, the main object is a silhouette of a scorpion. This is identifiable by its characteristic shape, including the segmented body, pincers (claws), and a long, curved tail with a venomous tip.

The correct class name from the list is:

Scorpion"
data/thin/silhouette/crab_PNG11.png,Crab,
data/thin/silhouette/crab_PNG12.png,Crab,
data/thin/silhouette/crab_PNG13.png,Crab,
data/thin/silhouette/crab_PNG16.png,Crab,
data/thin/silhouette/crab_PNG18.png,Crab,
data/thin/silhouette/crab_PNG19.png,Crab,
data/thin/silhouette/crab_PNG2.png,Crab,"Based on the visual information provided in the image, the main object is a crab. The image shows a silhouette of a crab with its legs spread out, which is a common representation of the animal.

The correct class name from the list is:

Crab"
data/thin/silhouette/crab_PNG20.png,Crab,
data/thin/silhouette/crab_PNG23.png,Crab,"Based on the visual information provided in the image, the main object is a black silhouette of a crab.

The correct class name from the list is:

Crab"
data/thin/silhouette/crab_PNG24.png,Crab,"Based on the visual information provided in the image, the main object is a crab. Although the image is a simple black silhouette, the distinct shape with multiple legs and claws is characteristic of a crab.

Therefore, the correct class name is:

Crab"
data/thin/silhouette/crab_PNG28.png,Crab,
data/thin/silhouette/crab_PNG3.png,Crab,"Based on the image provided, the main object is a crab. The image is a black silhouette of a crab, which is a type of crustacean.

The correct class name from the list is:

Crab"
data/thin/silhouette/crab_PNG30.png,Crab,
data/thin/silhouette/crab_PNG34.png,Crab,
data/thin/silhouette/crab_PNG38.png,Crab,
data/thin/silhouette/crab_PNG4.png,Crab,"Based on the image provided, the main object is a silhouette of a crab.

The correct class name from the list is:

Crab"
data/thin/silhouette/crab_PNG42.png,Crab,
data/thin/silhouette/crab_PNG46.png,Crab,"Based on the image provided, the main object is a crab.

The correct class name from the list is:
Crab"
data/thin/silhouette/crab_PNG7.png,Crab,
data/thin/silhouette/crab_PNG8.png,Crab,
data/thin/silhouette/crab_PNG9.png,Crab,
data/thin/silhouette/crane_PNG1.png,Crane,"Based on the visual information provided in the image, the main object is a large, articulated crane. This type of vehicle is designed to lift and move heavy loads, and it is clearly depicted as a silhouette.

The class that best matches this object is:

Crane"
data/thin/silhouette/crane_PNG18.png,Crane,
data/thin/silhouette/crane_PNG2.png,Crane,
data/thin/silhouette/crane_PNG21.png,Crane,"Based on the provided image, the main object is a crane.

The image displays a black silhouette of a large crane, which is a type of heavy machinery used for lifting and moving heavy loads. The crane has a long boom and a cab, which are characteristic features of a crane.

From the list of 193 classes provided, the correct class name is:

Crane"
data/thin/silhouette/crane_PNG24.png,Crane,
data/thin/silhouette/crocodile_PNG13162.png,Crocodile,
data/thin/silhouette/crocodile_PNG13163.png,Crocodile,"Based on the image provided, the main object is a silhouette of a reptile with a long body, four limbs, and a tail. This animal is identifiable as a crocodile.

Crocodile"
data/thin/silhouette/crocodile_PNG13178.png,Crocodile,"Based on the visual information provided, the main object in the image is a black silhouette of a reptile. Given the options, this animal is clearly identifiable as a lizard.

Lizard"
data/thin/silhouette/crow_PNG3095.png,Crow,"Based on the image provided, the main object is a bird with a distinct silhouette. The shape, including the head, body, wings, and legs, is characteristic of a crow.

Among the given classes, the most accurate identification is:

Crow"
data/thin/silhouette/crow_PNG3097.png,Crow,"Based on the image provided, the main object is a bird with a distinct silhouette, characterized by its shape and features. The bird is depicted in a standing position with its beak open, and it has a ruffled crest on its head. This is a classic representation of a crow.

Looking at the provided list of classes, the most accurate match for the object in the image is:

Crow"
data/thin/silhouette/crow_PNG3099.png,Crow,"Based on the image provided, the main object is a bird. Specifically, it is a black silhouette of a crow.

From the given list of classes, the correct identification is:

Crow"
data/thin/silhouette/crow_PNG3101.png,Crow,"Based on the provided image, the main object is a bird.

The correct class name from the list is:
Raven"
data/thin/silhouette/crow_PNG3103.png,Crow,"Based on the image provided, the main object is a silhouette of a bird.

From the given list of classes, the correct identification is:

Crow"
data/thin/silhouette/crow_PNG3104.png,Crow,"Based on the visual information provided in the image, the main object is a bird with a distinct silhouette.

The object in the image is a **Crow**."
data/thin/silhouette/crow_PNG3105.png,Crow,"Based on the visual information provided in the image, the main object is a bird. The image shows a black silhouette of a bird, specifically a crow, in a low, crouched position.

The class name for this object is:

Raven"
data/thin/silhouette/crow_PNG3106.png,Crow,"Based on the visual information provided in the image, the main object is a bird.

Among the given classes, the most appropriate one is:

Bird"
data/thin/silhouette/crow_PNG3107.png,Crow,"Based on the image provided, the main object is a bird. Looking at the silhouette, it has the distinct features of a crow or a similar type of bird.

From the given list of classes, the correct identification is:

Raven"
data/thin/silhouette/crow_PNG3110.png,Crow,"Based on the image provided, the main object is a bird. Specifically, the silhouette shows a crow.

The correct class name from the list is:
Crow"
data/thin/silhouette/crow_PNG3111.png,Crow,"Based on the provided image, the main object is a bird. The silhouette clearly shows the distinct features of a bird, including its body, wings, tail, and legs.

From the list of classes provided, the correct identification is:

Raven"
data/thin/silhouette/crow_PNG3113.png,Crow,"Based on the image provided, the main object is a silhouette of a bird.

The correct class name from the list is:

Bird"
data/thin/silhouette/crow_PNG3115.png,Crow,"Based on the image provided, the main object is a bird. Looking at the silhouette, it has the distinct features of a crow.

The correct class name from the list is:

Crow"
data/thin/silhouette/crown_PNG21.png,Crown,Crown
data/thin/silhouette/crown_PNG23852.png,Crown,"Based on the image provided, the main object is a crown. This is a classic symbol of royalty or authority, and it is depicted as a solid black silhouette against a white background.

The correct class name from the list is:

Crown"
data/thin/silhouette/crown_PNG23854.png,Crown,"Based on the visual information provided in the image, the main object is a crown. This is a classic symbol of royalty or authority.

The correct class name from the list is:

Crown"
data/thin/silhouette/crutch_PNG1.png,Crutch,
data/thin/silhouette/crutch_PNG14.png,Crutch,
data/thin/silhouette/crutch_PNG15.png,Crutch,
data/thin/silhouette/crutch_PNG17a.png,Crutch,The main object in the image is a crutch.
data/thin/silhouette/crutch_PNG17b.png,Crutch,The main object in the image is a Crutch.
data/thin/silhouette/crutch_PNG2.png,Crutch,Crank
data/thin/silhouette/crutch_PNG31.png,Crutch,"Based on the visual information provided in the image, the object depicted is a walking aid used for support.

The main object in the image is:
**Crutch**"
data/thin/silhouette/crutch_PNG32.png,Crutch,"Based on the image provided, the main object is a crutch. This is a walking aid used to assist with mobility, typically for individuals with a leg injury or disability.

From the list of classes provided, the correct identification is:

Crutch"
data/thin/silhouette/crutch_PNG34a.png,Crutch,"Based on the image provided, the main object is a walking aid used for support.

The object is a crutch, which is a limb support used for walking. It is a common mobility device.

Therefore, the correct class name is:

Crutch"
data/thin/silhouette/crutch_PNG34b.png,Crutch,"Based on the visual information provided in the image, the object is a crutch, which is a walking aid used to support a person's weight and improve mobility.

The correct class name from the list is:

Crutch"
data/thin/silhouette/crutch_PNG35.png,Crutch,The main object in the image is a crutch.
data/thin/silhouette/crutch_PNG36.png,Crutch,"Based on the visual information provided in the image, the main object is a walking aid used for mobility.

The object is a crutch, which is a type of walking stick used by people who have lost their ability to walk due to injury, illness, or disability.

Therefore, the correct class name is:

Crutch"
data/thin/silhouette/crutch_PNG38b.png,Crutch,Cruet
data/thin/silhouette/crutch_PNG9.png,Crutch,Crank
data/thin/silhouette/darts_PNG10.png,Darts,"Based on the visual information provided in the image, the main object is a dart.

Darts are a type of projectile used in the sport of darts, and they are characterized by their pointed tip and a tail for stability during flight.

Therefore, the correct class name from the list is:

Darts"
data/thin/silhouette/darts_PNG11.png,Darts,Darts
data/thin/silhouette/darts_PNG12.png,Darts,Darts
data/thin/silhouette/darts_PNG13.png,Darts,
data/thin/silhouette/darts_PNG14.png,Darts,
data/thin/silhouette/darts_PNG16.png,Darts,
data/thin/silhouette/darts_PNG17.png,Darts,
data/thin/silhouette/darts_PNG21.png,Darts,
data/thin/silhouette/darts_PNG22.png,Darts,
data/thin/silhouette/darts_PNG25.png,Darts,
data/thin/silhouette/darts_PNG28.png,Darts,
data/thin/silhouette/darts_PNG30.png,Darts,
data/thin/silhouette/darts_PNG41.png,Darts,Darts
data/thin/silhouette/darts_PNG44.png,Darts,The main object in the image is: Darts
data/thin/silhouette/darts_PNG45.png,Darts,"Based on the visual information provided in the image, the main object is a dart.

The object is depicted as a black silhouette with a pointed tip, a segmented shaft, and a hexagonal-shaped head, which are characteristic features of a dart.

Therefore, the correct class name is:

Darts"
data/thin/silhouette/darts_PNG46.png,Darts,"Based on the image provided, the main object is a dart.

The object has a long, slender shaft with a pointed tip and a hexagonal-shaped head, which is characteristic of a dart.

Therefore, the correct class name is:

Darts"
data/thin/silhouette/darts_PNG47.png,Darts,
data/thin/silhouette/darts_PNG49.png,Darts,
data/thin/silhouette/darts_PNG50.png,Darts,
data/thin/silhouette/darts_PNG53.png,Darts,
data/thin/silhouette/darts_PNG58.png,Darts,"Based on the image provided, the main object is a dart.

Darts are a type of projectile used in the sport of darts, and the image shows a silhouette of one. The object has a pointed tip, a shaft, and a winged head, which are characteristic features of a dart.

Therefore, the correct class name is:

Darts"
data/thin/silhouette/darts_PNG6.png,Darts,"Based on the image provided, the main object is a dart.

Darts are a type of projectile used in the game of darts, and they are characterized by their distinct shape, which includes a dart body and three feathers.

Therefore, the correct class name is:
Darts"
data/thin/silhouette/darts_PNG8.png,Darts,Darts
data/thin/silhouette/darts_PNG9.png,Darts,
data/thin/silhouette/deer_PNG10170.png,Deer,"Based on the image provided, the main object is a silhouette of a deer.

From the given list of classes, the correct one is:

Deer"
data/thin/silhouette/deer_PNG10171.png,Deer,"Based on the visual information provided in the image, the main object is a silhouette of a deer.

From the given list of classes, the correct identification is:

Deer"
data/thin/silhouette/deer_PNG10172.png,Deer,
data/thin/silhouette/deer_PNG10175.png,Deer,"Based on the image provided, the main object is a silhouette of a deer. This is a common animal, and the image shows its distinct shape with antlers.

The correct class name from the list is:
Deer"
data/thin/silhouette/deer_PNG10177.png,Deer,
data/thin/silhouette/deer_PNG10178.png,Deer,
data/thin/silhouette/deer_PNG10182.png,Deer,
data/thin/silhouette/deer_PNG10185.png,Deer,"Based on the visual information provided in the image, the main object is a deer.

The image shows a black silhouette of a deer standing in profile against a white background. The deer has antlers, which are a distinct feature. This is a clear representation of the animal.

Therefore, the correct class name is:

Deer"
data/thin/silhouette/dog_PNG50373.png,Dog,
data/thin/silhouette/dog_PNG50383.png,Dog,"Based on the visual information provided in the image, the main object is a dog.

The image shows a black silhouette of a dog standing in a side profile. The dog appears to be a medium-sized breed with a long body, a slender build, and a long tail. The posture suggests it might be standing alert or in a playful stance.

From the given list of classes, the most appropriate identification is:

Dog"
data/thin/silhouette/donkey_PNG24.png,Donkey,"Based on the visual information provided in the image, the main object is a donkey.

The image shows a black silhouette of a donkey standing in profile. The object is clearly identifiable as a donkey, which is one of the classes listed.

Donkey

The correct class name from the list is:
Donkey"
data/thin/silhouette/dragonfly_PNG11.png,Dragonfly,
data/thin/silhouette/dragonfly_PNG20.png,Dragonfly,"Based on the image provided, the main object is a silhouette of a dragonfly. This is evident from its distinct shape, which includes four large wings, a long body, and a segmented abdomen.

From the given list of classes, the correct identification is:

Dragonfly"
data/thin/silhouette/dragonfly_PNG4.png,Dragonfly,"Based on the image provided, the main object is a black silhouette of a flying insect. The shape, with its distinct wings, body, and legs, is characteristic of a dragonfly.

Therefore, the correct class name is:

Dragonfly"
data/thin/silhouette/dragonfly_PNG5.png,Dragonfly,"Based on the image provided, the main object is a black silhouette of an insect with large, transparent wings and a slender body. This is characteristic of a dragonfly.

Dragonfly"
data/thin/silhouette/dragonfly_PNG9.png,Dragonfly,
data/thin/silhouette/dresser_PNG126.png,Dresser,"Based on the visual information provided in the image, the main object is a chair. It has a simple design with a rectangular back and a lower frame, which is typical of a standard chair.

The correct class name from the list is:

Chair"
data/thin/silhouette/drone_PNG103.png,Drone,
data/thin/silhouette/drone_PNG107.png,Drone,"Based on the visual information in the image, the main object is a drone.

The image shows a silhouette of a quadcopter, which is a type of drone. The object has four propellers and a camera mounted underneath.

From the provided list of classes, the correct identification is:

Drone"
data/thin/silhouette/drone_PNG110.png,Drone,
data/thin/silhouette/drone_PNG112.png,Drone,
data/thin/silhouette/drone_PNG114.png,Drone,"Based on the image provided, the main object is a drone.

The correct class name from the list is:
Drone"
data/thin/silhouette/drone_PNG117.png,Drone,Drone
data/thin/silhouette/drone_PNG12.png,Drone,
data/thin/silhouette/drone_PNG123.png,Drone,
data/thin/silhouette/drone_PNG125.png,Drone,
data/thin/silhouette/drone_PNG128.png,Drone,
data/thin/silhouette/drone_PNG129.png,Drone,
data/thin/silhouette/drone_PNG137.png,Drone,The main object in the image is a Drone.
data/thin/silhouette/drone_PNG140.png,Drone,"Based on the visual information provided in the image, the main object is a drone.

The image shows a black silhouette of a quadcopter, which is a type of unmanned aerial vehicle (UAV) with four rotors. This is a common design for drones used in photography, surveillance, and other applications.

From the given list of classes, the correct identification is:

Drone"
data/thin/silhouette/drone_PNG150.png,Drone,"Based on the image provided, the main object is a drone. It is depicted as a black silhouette with four propellers and a central body, which is characteristic of a quadcopter drone.

The correct class name from the list is:

Drone"
data/thin/silhouette/drone_PNG161.png,Drone,"Based on the visual information provided in the image, the main object is a drone.

The image displays a silhouette of a multi-rotor aircraft with four arms, each equipped with a rotor. This is characteristic of a drone, which is a type of unmanned aerial vehicle.

From the provided list of classes, the correct identification is:

Drone"
data/thin/silhouette/drone_PNG169.png,Drone,
data/thin/silhouette/drone_PNG181.png,Drone,
data/thin/silhouette/drone_PNG190.png,Drone,
data/thin/silhouette/drone_PNG191.png,Drone,
data/thin/silhouette/drone_PNG194.png,Drone,"Based on the visual information provided in the image, the main object is a drone. The image shows a silhouette of a multi-rotor aircraft with four propellers and landing legs, which is characteristic of a drone.

From the given list of classes, the correct identification is:

Drone"
data/thin/silhouette/drone_PNG204.png,Drone,
data/thin/silhouette/drone_PNG207.png,Drone,
data/thin/silhouette/drone_PNG208.png,Drone,
data/thin/silhouette/drone_PNG26.png,Drone,
data/thin/silhouette/drone_PNG36.png,Drone,
data/thin/silhouette/drone_PNG38.png,Drone,
data/thin/silhouette/drone_PNG39.png,Drone,The main object in the image is: Drone
data/thin/silhouette/drone_PNG40.png,Drone,"Based on the image provided, the main object is a drone.

The image shows a silhouette of a drone with four propellers and a payload attached underneath, which is a common design for a delivery drone.

Therefore, the correct class name is:

Drone"
data/thin/silhouette/drone_PNG41.png,Drone,
data/thin/silhouette/drone_PNG46.png,Drone,
data/thin/silhouette/drone_PNG5.png,Drone,Drone
data/thin/silhouette/drone_PNG65.png,Drone,
data/thin/silhouette/drone_PNG85.png,Drone,
data/thin/silhouette/drone_PNG88.png,Drone,"Based on the visual information provided in the image, the main object is a drone.

The object has a distinct silhouette with four rotors (propellers) extending from a central body, which is characteristic of a drone.

Therefore, the correct class name is:

Drone"
data/thin/silhouette/drone_PNG89.png,Drone,
data/thin/silhouette/drone_PNG9.png,Drone,"Based on the visual information provided in the image, the main object is a drone.

The image shows a black silhouette of a flying device with four propellers, which is characteristic of a quadcopter drone.

From the given list of classes, the correct identification is:

Drone"
data/thin/silhouette/drone_PNG91.png,Drone,
data/thin/silhouette/drum_PNG14337.png,Drum,
data/thin/silhouette/drum_PNG14342.png,Drum,
data/thin/silhouette/drum_PNG14343.png,Drum,
data/thin/silhouette/drum_PNG14344.png,Drum,
data/thin/silhouette/drum_PNG14345.png,Drum,
data/thin/silhouette/eagle_PNG1202.png,Eagle,"Based on the visual information provided in the image, the main object is a bird in flight. The image shows a silhouette of a bird with its wings spread wide, which is characteristic of a soaring bird.

Looking at the list of classes provided, the most appropriate class that matches this object is:

Eagle"
data/thin/silhouette/eagle_PNG1215.png,Eagle,
data/thin/silhouette/eagle_PNG1225.png,Eagle,"Based on the image provided, the main object is a bird in flight. The image shows a silhouette of a bird with its wings spread, which is a clear representation of a flying bird.

From the given list of classes, the most appropriate choice is:

Eagle"
data/thin/silhouette/eagle_PNG1228.png,Eagle,"Based on the image provided, the main object is a bird in flight with its wings spread wide. This is a silhouette of a bird, specifically identifiable as a hawk or eagle.

The correct class from the list is:

Eagle"
data/thin/silhouette/eiffel_tower_PNG17.png,Eiffel Tower,The main object in the image is the Eiffel Tower.
data/thin/silhouette/eiffel_tower_PNG21.png,Eiffel Tower,
data/thin/silhouette/eiffel_tower_PNG29.png,Eiffel Tower,The main object in the image is: Eiffel Tower
data/thin/silhouette/eiffel_tower_PNG38.png,Eiffel Tower,"Based on the image provided, the main object is a well-known landmark.

The object in the image is the Eiffel Tower.

Eiffel Tower is a famous landmark located in Paris, France.

Therefore, the correct class name from the list is:

Eiffel Tower"
data/thin/silhouette/eiffel_tower_PNG6.png,Eiffel Tower,The main object in the image is the Eiffel Tower.
data/thin/silhouette/eiffel_tower_PNG72.png,Eiffel Tower,The main object in the image is the Eiffel Tower.
data/thin/silhouette/elephants_PNG18747.png,Elephants,
data/thin/silhouette/elephants_PNG18748.png,Elephants,
data/thin/silhouette/elephants_PNG18749.png,Elephants,Elephants
data/thin/silhouette/elephants_PNG18762.png,Elephants,
data/thin/silhouette/elephants_PNG18775.png,Elephants,"Based on the image provided, the main object is a silhouette of an elephant.

The correct class name from the list is:

Elephants"
data/thin/silhouette/elephants_PNG18779.png,Elephants,"Based on the image provided, the main object is an elephant.

The correct class name from the list is:
Elephants"
data/thin/silhouette/elephants_PNG18781.png,Elephants,"Based on the provided image, the main object is an elephant.

The correct class name from the list is:
Elephants"
data/thin/silhouette/elephants_PNG18782.png,Elephants,
data/thin/silhouette/elephants_PNG18785.png,Elephants,
data/thin/silhouette/elephants_PNG18787.png,Elephants,
data/thin/silhouette/elephants_PNG18788.png,Elephants,
data/thin/silhouette/elephants_PNG18793.png,Elephants,"Based on the image provided, the main object is a silhouette of an elephant.

From the given list of classes, the correct identification is:

Elephants"
data/thin/silhouette/elephants_PNG18799.png,Elephants,
data/thin/silhouette/elephants_PNG18800.png,Elephants,Elephants
data/thin/silhouette/elephants_PNG18801.png,Elephants,"Based on the visual information provided in the image, the main object is a silhouette of an animal.

The object depicted is an elephant. It is shown in a simple black silhouette against a white background, with its characteristic large body, trunk, and ears.

Therefore, the correct class name from the list is:

Elephants"
data/thin/silhouette/elephants_PNG18805.png,Elephants,
data/thin/silhouette/excavator_PNG1.png,Excavator,"Based on the image provided, the main object is a large, black silhouette of a construction vehicle.

The object is an excavator, which is a type of heavy machinery used for digging and earthmoving.

Therefore, the correct class name is:

Excavator"
data/thin/silhouette/excavator_PNG12.png,Excavator,"Based on the provided image, the main object is a construction vehicle. The silhouette clearly shows a machine with a tracked base, a large arm, and a bucket at the end, which are characteristic features of an excavator.

The correct class name from the list is:

Excavator"
data/thin/silhouette/excavator_PNG20.png,Excavator,"Based on the image provided, the main object is a heavy machinery vehicle with a long arm and a bucket, which is characteristic of an excavator.

The correct class name from the list is:

Excavator"
data/thin/silhouette/excavator_PNG21.png,Excavator,"Based on the visual information provided in the image, the main object is a construction vehicle.

The object depicted is an excavator, which is a type of heavy machinery used for digging, moving earth, and other construction tasks.

Therefore, the correct class name is:

Excavator"
data/thin/silhouette/excavator_PNG23.png,Excavator,"Based on the image provided, the main object is a large construction vehicle. The silhouette clearly shows a tracked vehicle with a long arm and a bucket, which are characteristic features of an excavator.

The correct class name from the list is:

Excavator"
data/thin/silhouette/excavator_PNG26.png,Excavator,"Based on the visual information provided in the image, the main object is a heavy machinery vehicle.

The object is identifiable as a **Bulldozer**. This is a type of construction vehicle that is used for moving and shaping materials, typically earth or rock.

The correct class name from the list is:

Bulldozer"
data/thin/silhouette/excavator_PNG27.png,Excavator,"Based on the image provided, the main object is a heavy construction vehicle with an articulated arm and bucket, which is characteristic of an excavator.

The correct class name from the list is:
Excavator"
data/thin/silhouette/excavator_PNG28.png,Excavator,"Based on the image provided, the main object is a heavy construction vehicle. The silhouette clearly shows a large, tracked vehicle with a long arm and bucket, which is characteristic of an excavator.

From the given list of classes, the correct identification is:

Excavator"
data/thin/silhouette/excavator_PNG29.png,Excavator,"Based on the image provided, the main object is an excavator.

The correct class name from the list is:

Excavator"
data/thin/silhouette/excavator_PNG32.png,Excavator,"Based on the visual information in the image, the main object is a piece of construction equipment.

The object is a silhouette of a vehicle with a cab, an arm, and a bucket. This is characteristic of a mini excavator.

Looking at the provided list of classes, the correct one is:

Excavator"
data/thin/silhouette/excavator_PNG37.png,Excavator,"Based on the visual information in the image, the main object is a large construction vehicle with a long arm, a bucket, and tracks, which is characteristic of an excavator.

The correct class name from the list is:

Excavator"
data/thin/silhouette/excavator_PNG40.png,Excavator,"Based on the visual information in the image, the main object is a construction vehicle. The shape, with its long arm, bucket, and tracked base, is characteristic of an excavator.

Therefore, the correct class name is:

Excavator"
data/thin/silhouette/excavator_PNG45.png,Excavator,"Based on the visual information provided in the image, the main object is a construction vehicle.

The object has a large, tracked base, a main body, a long arm with a bucket at the end, and a cab. This is characteristic of a heavy machinery vehicle used for excavation and construction.

Among the provided classes, the most accurate identification is:

Excavator"
data/thin/silhouette/excavator_PNG58.png,Excavator,"Based on the image provided, the main object is a large construction vehicle with an articulated arm and bucket, which is characteristic of an excavator.

From the list of classes provided, the correct identification is:

Excavator"
data/thin/silhouette/excavator_PNG65.png,Excavator,"Based on the provided image and the list of classes, the main object is clearly identifiable.

The image displays a silhouette of a heavy construction vehicle. This vehicle is characterized by a large, articulated arm with a bucket at the end, a cab, and tracks for mobility. This is the defining feature of a specific type of machinery used for earthmoving and excavation.

From the list of provided classes, the object that matches this description is:

Excavator"
data/thin/silhouette/excavator_PNG8.png,Excavator,"Based on the provided image and the list of classes, the main object is clearly identifiable.

The image shows a silhouette of a piece of heavy machinery with a large tracked body, a cab, and a long arm with a bucket at the end, which is characteristic of an excavator.

Therefore, the correct class name is:

Excavator"
data/thin/silhouette/excavator_PNG9.png,Excavator,"Based on the image provided, the main object is a construction vehicle with an articulated arm and a bucket, which is characteristic of an excavator.

From the given list of classes, the correct identification is:

Excavator"
data/thin/silhouette/fan_PNG14457.png,Fan,
data/thin/silhouette/fan_PNG14458.png,Fan,
data/thin/silhouette/fan_PNG14460.png,Fan,"Based on the visual information provided in the image, the main object is a fan.

The object depicted is a standing fan, characterized by its circular grill and base. This is a common household appliance used for cooling.

From the given list of classes, the correct identification is:

Fan"
data/thin/silhouette/fan_PNG14461.png,Fan,"Based on the image provided, the main object is a fan.

The correct class name from the list is:

Fan"
data/thin/silhouette/fan_PNG14462.png,Fan,"Based on the image provided, the main object is a fan.

The object in the image is a fan, which is a mechanical device used to move air. It is depicted as a silhouette with a circular frame and blades, which are characteristic of a typical electric fan.

Therefore, the correct class name is:

Fan"
data/thin/silhouette/fan_PNG14463.png,Fan,"Based on the provided image, the main object is a standing fan.

The correct class name from the list is:

Fan"
data/thin/silhouette/fan_PNG14464.png,Fan,"Based on the visual information provided in the image, the main object is a ceiling fan.

The object is depicted as a silhouette, showing a central motor housing with three blades extending from it, and a vertical shaft connecting the motor to the blades. This is the classic design of a ceiling fan.

Therefore, the correct class name is:

Fan"
data/thin/silhouette/fan_PNG14465.png,Fan,The main object in the image is: Fan
data/thin/silhouette/fan_PNG14467.png,Fan,
data/thin/silhouette/fan_PNG14469.png,Fan,The main object in the image is: Fan
data/thin/silhouette/fan_PNG14471.png,Fan,"Based on the visual information provided in the image, the main object is a ceiling fan.

The object has the following characteristics:
- It is a mechanical device designed to be mounted on a ceiling.
- It consists of a central motor housing and five blades.
- The blades are spread out in a symmetrical pattern.
- The design is typical of a modern or contemporary ceiling fan.

From the given list of classes, the most accurate identification is:

Fan"
data/thin/silhouette/fan_PNG14472.png,Fan,"Based on the visual information provided in the image, the main object is a ceiling fan.

The object has a central motor housing with three blades extending from it, which is characteristic of a fan. It is depicted as a solid black silhouette against a white background.

From the given list of classes, the correct identification is:

Fan"
data/thin/silhouette/fan_PNG14473.png,Fan,
data/thin/silhouette/fan_PNG14475.png,Fan,
data/thin/silhouette/fan_PNG14478.png,Fan,"Based on the visual information provided in the image, the main object is a fan. It has a square-shaped housing with blades extending from the center.

The correct class name from the list is:
Fan"
data/thin/silhouette/fan_PNG14479.png,Fan,"Based on the visual information provided in the image, the main object is a ceiling fan.

The object has three blades, a central hub, and a mounting fixture that connects to the ceiling. This is a common design for a ceiling fan.

From the given list of classes, the correct identification is:

Fan"
data/thin/silhouette/fan_PNG14482.png,Fan,"Based on the image provided, the main object is a fan. The object is depicted as a standing electric fan with a circular grille and a base.

The correct class name from the list is:

Fan"
data/thin/silhouette/fan_PNG14483.png,Fan,
data/thin/silhouette/fan_PNG14484.png,Fan,Fan
data/thin/silhouette/fan_PNG14485.png,Fan,"Based on the visual information in the image, the main object is a fan.

The object is a circular fan with a black frame and multiple blades. The image is a black and white silhouette, which emphasizes the shape and structure of the fan.

Therefore, the correct class name is:

Fan"
data/thin/silhouette/fan_PNG14486.png,Fan,
data/thin/silhouette/fan_PNG14487.png,Fan,"Based on the visual information provided in the image, the main object is a fan.

The image displays a silhouette of a fan, which is identifiable by its distinct shape, including the circular blades and the central housing.

Therefore, the correct class name is:

Fan"
data/thin/silhouette/fan_PNG14489.png,Fan,"Based on the visual information in the image, the main object is a fan. It is a square-shaped fan with a black frame and multiple blades visible in a circular pattern.

The correct class name from the list is:

Fan"
data/thin/silhouette/fan_PNG14490.png,Fan,"Based on the visual information in the image, the main object is a fan. It is depicted as a black, square-shaped device with blades and a cable, which is characteristic of a computer cooling fan.

Fan"
data/thin/silhouette/fan_PNG14491.png,Fan,The main object in the image is: Fan
data/thin/silhouette/fan_PNG14492.png,Fan,
data/thin/silhouette/fir_tree_PNG3691.png,Fir Tree,Fir Tree
data/thin/silhouette/fire_truck_PNG11.png,Fire Truck,"Based on the visual information provided in the image, the main object is a vehicle with a long ladder on top, which is characteristic of a fire truck.

From the list of classes provided, the correct identification is:

Fire Truck"
data/thin/silhouette/fire_truck_PNG22.png,Fire Truck,"Based on the visual information provided in the image, the main object is a fire truck.

The image displays a silhouette of a vehicle with features typical of a fire truck, including a long body, wheels, a ladder on the roof, and a steering wheel. The object is clearly identifiable as a vehicle designed for firefighting.

Therefore, the correct class name is:

Fire Truck"
data/thin/silhouette/fire_truck_PNG37.png,Fire Truck,
data/thin/silhouette/fire_truck_PNG40.png,Fire Truck,
data/thin/silhouette/fire_truck_PNG43.png,Fire Truck,"Based on the visual information provided, the main object in the image is a silhouette of a vehicle. Given the context and the presence of a large, articulated structure with wheels and a long chassis, the most likely identification is an excavator.

An excavator is a type of heavy construction vehicle used for digging, moving earth, and other construction tasks. The silhouette shows a large, articulated arm and a bucket, which are characteristic features of an excavator.

Therefore, the correct class name from the list"
data/thin/silhouette/fire_truck_PNG44.png,Fire Truck,"Based on the image provided, the main object is a vehicle equipped with a large cannon or mortar, which is characteristic of a historical firefighting or military vehicle.

The correct class from the list is:

Fire Truck"
data/thin/silhouette/fire_truck_PNG46.png,Fire Truck,"Based on the visual information provided in the image, the main object is a vehicle that is identifiable by its features, such as the open top, large wheels, and a ladder on the side. This vehicle is a fire truck.

The correct class name from the list is:

Fire Truck"
data/thin/silhouette/fish_PNG25106.png,Fish,"Based on the image provided, the main object is a silhouette of a fish with prominent whiskers. This is a type of catfish, which is a species of fish.

From the given list of classes, the correct one is:

Fish"
data/thin/silhouette/flags_PNG14677.png,Flags,
data/thin/silhouette/flags_PNG14717.png,Flags,
data/thin/silhouette/flags_PNG14719.png,Flags,
data/thin/silhouette/flamingo_PNG15094.png,Flamingo,"Based on the image provided, the main object is a silhouette of a bird with long legs and a long neck, which is characteristic of a flamingo.

The correct class name from the list is:

Flamingo"
data/thin/silhouette/flamingo_PNG15095.png,Flamingo,"Based on the image provided, the main object is a silhouette of a bird with a long neck and a long leg, which is characteristic of a flamingo.

From the given list of classes, the correct one is:

Flamingo"
data/thin/silhouette/flamingo_PNG15099.png,Flamingo,"Based on the visual information provided in the image, the main object is a bird with a long neck and slender legs. This is a clear silhouette of a flamingo.

From the given list of classes, the correct identification is:

Flamingo"
data/thin/silhouette/flamingo_PNG15101.png,Flamingo,"Based on the visual information provided in the image, the main object is a bird with a long, curved neck and a single leg raised, which is characteristic of a flamingo.

From the given list of classes, the correct identification is:

Flamingo"
data/thin/silhouette/flamingo_PNG15107.png,Flamingo,"Based on the image provided, the main object is a bird with a long neck, a slender body, and two long legs, which is characteristic of a flamingo.

From the given list of classes, the correct identification is:

Flamingo"
data/thin/silhouette/flamingo_PNG15110.png,Flamingo,"Based on the visual information provided in the image, the main object is a bird with a long neck and a distinctive shape. This is a classic representation of a flamingo.

The correct class name from the list provided is:

Flamingo"
data/thin/silhouette/flamingo_PNG15111.png,Flamingo,"Based on the image provided, the main object is a silhouette of a flamingo. This is evident from its distinctive long legs, long neck, and body shape.

Flamingo"
data/thin/silhouette/flamingo_PNG15112.png,Flamingo,"Based on the image provided, the main object is a silhouette of a bird with a long neck and legs, which is characteristic of a flamingo.

From the given list of classes, the correct identification is:

Flamingo"
data/thin/silhouette/flippers_PNG37454.png,Flippers,"Based on the image provided, the main object is a pair of flippers, which are used for swimming.

The correct class name from the list is:
Flippers"
data/thin/silhouette/flippers_PNG37457.png,Flippers,"Based on the provided image and the list of classes, the main object is a flippers. The image shows a silhouette of a diving flippers, which are used for swimming or diving.

The correct class name from the list is:
Flippers"
data/thin/silhouette/flippers_PNG37458.png,Flippers,"Based on the visual information provided in the image, the main object is a black silhouette of a piece of diving equipment.

The object is a **flippers**, which are used for swimming. The image shows a single, solid black silhouette of a flippers.

Therefore, the correct class name is:

Flippers"
data/thin/silhouette/flippers_PNG37461.png,Flippers,Flippers
data/thin/silhouette/flippers_PNG37473.png,Flippers,
data/thin/silhouette/football_goal_PNG10.png,Football Goal,
data/thin/silhouette/football_goal_PNG12.png,Football Goal,"Based on the image provided, the main object is a football goal.

The correct class name from the list is:
Football Goal"
data/thin/silhouette/football_goal_PNG13.png,Football Goal,
data/thin/silhouette/football_goal_PNG14.png,Football Goal,
data/thin/silhouette/football_goal_PNG15.png,Football Goal,Football Goal
data/thin/silhouette/football_goal_PNG17.png,Football Goal,
data/thin/silhouette/football_goal_PNG19.png,Football Goal,
data/thin/silhouette/football_goal_PNG22.png,Football Goal,The main object in the image is: Football Goal
data/thin/silhouette/football_goal_PNG24.png,Football Goal,"Based on the visual information provided in the image, the main object is a football goal.

The image displays a black, rectangular structure with a mesh pattern in the center, characteristic of a soccer goal. It has two upright posts and a net, which are typical features of a football goal.

Therefore, the correct class name is:

Football Goal"
data/thin/silhouette/football_goal_PNG25.png,Football Goal,"Based on the image provided, the main object is a football goal.

The correct class name from the list is:
Football Goal"
data/thin/silhouette/football_goal_PNG26.png,Football Goal,
data/thin/silhouette/football_goal_PNG33.png,Football Goal,The main object in the image is: Football Goal
data/thin/silhouette/football_goal_PNG38.png,Football Goal,
data/thin/silhouette/football_goal_PNG41.png,Football Goal,"Based on the visual information in the image, the main object is a soccer goal.

The correct class name from the list provided is:

Football Goal"
data/thin/silhouette/football_goal_PNG7.png,Football Goal,
data/thin/silhouette/fork_PNG3051.png,Fork,The main object in the image is: Fork
data/thin/silhouette/fork_PNG3052.png,Fork,
data/thin/silhouette/fork_PNG3053.png,Fork,The main object in the image is a Fork.
data/thin/silhouette/fork_PNG3054.png,Fork,
data/thin/silhouette/fork_PNG3056.png,Fork,"Based on the image provided, the main object is a fork.

Fork is a class in the given list.

Fork"
data/thin/silhouette/fork_PNG3058.png,Fork,
data/thin/silhouette/fork_PNG3061.png,Fork,
data/thin/silhouette/fork_PNG3063.png,Fork,The main object in the image is: Fork
data/thin/silhouette/fork_PNG3064.png,Fork,"Based on the visual information provided in the image, the main object is a fork.

The object is depicted as a simple, black silhouette against a white background. It has a distinct shape with a handle and four tines, which are characteristic features of a fork.

From the given list of classes, the correct identification is:

Fork"
data/thin/silhouette/fork_PNG3065.png,Fork,
data/thin/silhouette/fork_PNG3066.png,Fork,The main object in the image is: Fork
data/thin/silhouette/fork_PNG3068.png,Fork,
data/thin/silhouette/frog_PNG35716.png,Frog,"Based on the image provided, the main object is a silhouette of a frog.

From the given list of classes, the correct identification is:

Frog"
data/thin/silhouette/frog_PNG35720.png,Frog,
data/thin/silhouette/frog_PNG35721.png,Frog,Frog
data/thin/silhouette/frog_PNG35727.png,Frog,
data/thin/silhouette/frog_PNG35729.png,Frog,
data/thin/silhouette/frog_PNG35730.png,Frog,"Based on the image provided, the main object is a black silhouette of a frog.

The correct class name from the list is:

Frog"
data/thin/silhouette/frog_PNG35734.png,Frog,
data/thin/silhouette/frog_PNG35735.png,Frog,
data/thin/silhouette/frog_PNG35738.png,Frog,
data/thin/silhouette/frog_PNG35739.png,Frog,"Based on the visual information provided in the image, the main object is a silhouette of a creature that is clearly identifiable as a frog.

The object has the distinct features of a frog: a rounded, somewhat oval body, a large, dark mass representing the back and sides, and two limbs (legs) at the bottom, which are typical of amphibians.

Among the provided classes, the most accurate match is:

Frog"
data/thin/silhouette/frog_PNG35740.png,Frog,"Based on the image provided, the main object is a frog. It is represented as a black silhouette against a white background.

From the given list of classes, the correct identification is:

Frog"
data/thin/silhouette/frog_PNG35741.png,Frog,"Based on the provided image, the main object is a silhouette of a frog.

The correct class name from the list is:
Frog"
data/thin/silhouette/frog_PNG35742.png,Frog,
data/thin/silhouette/frog_PNG35746.png,Frog,"Based on the image provided, the main object is a frog.

Frog is a class that fits the description of the object in the image.

Frog"
data/thin/silhouette/frog_PNG35754.png,Frog,Frog
data/thin/silhouette/frog_PNG35756.png,Frog,Frog
data/thin/silhouette/frog_PNG35759.png,Frog,"Based on the image provided, the main object is a silhouette of a frog.

The correct class name from the list is:
Frog"
data/thin/silhouette/frog_PNG35761.png,Frog,"Based on the image provided, the main object is a silhouette of a frog. Among the given classes, the most appropriate one is:

Frog"
data/thin/silhouette/frog_PNG35772.png,Frog,
data/thin/silhouette/frog_PNG35776.png,Frog,
data/thin/silhouette/frog_PNG3832.png,Frog,"Based on the image provided, the main object is a frog.

The correct class name from the list is:
Frog"
data/thin/silhouette/frog_PNG3835.png,Frog,
data/thin/silhouette/frog_PNG3837.png,Frog,
data/thin/silhouette/frog_PNG3838.png,Frog,
data/thin/silhouette/frog_PNG3839.png,Frog,"Based on the image provided, the main object is a black silhouette of a frog. Among the given classes, the most appropriate one is:

Frog"
data/thin/silhouette/frog_PNG3840.png,Frog,"Based on the image provided, the main object is a black silhouette of a frog.

From the given list of classes, the correct identification is:

Frog"
data/thin/silhouette/frog_PNG3841.png,Frog,
data/thin/silhouette/frog_PNG3843.png,Frog,
data/thin/silhouette/frog_PNG3845.png,Frog,"Based on the provided image, the main object is a frog.

Frog is the correct class from the list.

Frog"
data/thin/silhouette/frog_PNG3846.png,Frog,"Based on the image provided, the main object is a silhouette of a frog.

From the given list of classes, the correct one is:

Frog"
data/thin/silhouette/frog_PNG3847.png,Frog,
data/thin/silhouette/frying_pan_PNG8330.png,Frying Pan,"Based on the image provided, the main object is a cooking pan.

The object in the image is a frying pan, which is a type of cooking pan. The image shows a simple silhouette of a frying pan, which is a common kitchen utensil used for cooking.

From the given list of classes, the correct answer is:

Frying Pan"
data/thin/silhouette/frying_pan_PNG8331.png,Frying Pan,
data/thin/silhouette/frying_pan_PNG8336.png,Frying Pan,"Based on the visual information provided in the image, the main object is a cooking pan.

The object is depicted as a black silhouette with a round, shallow bowl and a handle extending from the side. This is characteristic of a frying pan, which is a common kitchen utensil used for cooking food.

Therefore, the correct class name is:

Frying Pan"
data/thin/silhouette/frying_pan_PNG8337.png,Frying Pan,"Based on the visual information provided in the image, the main object is a cooking pan.

The object is depicted as a black silhouette against a white background. It has a round, shallow cooking surface and a long handle extending from the side, which are characteristic features of a frying pan.

Therefore, the correct class name is:

Frying Pan"
data/thin/silhouette/frying_pan_PNG8338.png,Frying Pan,"Based on the visual information provided in the image, the main object is a cooking pan. This is a common kitchen utensil used for cooking, and its silhouette is clearly identifiable.

The correct class name from the list is:

Cooking Pan"
data/thin/silhouette/frying_pan_PNG8342.png,Frying Pan,"Based on the visual information provided in the image, the main object is a cooking pan. This is a common kitchen utensil used for cooking food, and its silhouette is clearly identifiable.

The correct class name from the list is:

Frying Pan"
data/thin/silhouette/frying_pan_PNG8345.png,Frying Pan,"Based on the provided image and the list of classes, the main object is a cooking pan.

The object in the image is a frying pan, which is a type of cooking pan.

Therefore, the correct class name is:

Frying Pan"
data/thin/silhouette/frying_pan_PNG8346.png,Frying Pan,The main object in the image is: Frying Pan
data/thin/silhouette/frying_pan_PNG8349.png,Frying Pan,"Based on the visual information provided in the image, the main object is a cooking pan.

The object has a distinct shape with a round, shallow body and a long handle, which are characteristic features of a frying pan. It is presented as a solid black silhouette against a white background.

Therefore, the correct class name from the list is:

Frying Pan"
data/thin/silhouette/frying_pan_PNG8357.png,Frying Pan,"Based on the visual information provided in the image, the main object is a cooking pan.

The image shows a black silhouette of a frying pan with a handle. This is a common kitchen utensil used for cooking.

From the list of classes provided, the correct identification is:

Frying Pan"
data/thin/silhouette/frying_pan_PNG8359.png,Frying Pan,"Based on the image provided, the main object is a cooking pan.

The object in the image is a frying pan. This is a type of cooking pan, specifically a frying pan, which is a common kitchen utensil used for cooking food on a stovetop.

Therefore, the correct class name is:

Frying Pan"
data/thin/silhouette/frying_pan_PNG8360.png,Frying Pan,"Based on the visual information provided in the image, the main object is a cooking pan.

The object has a distinct shape with a circular cooking surface and a handle, which are characteristic features of a frying pan.

Therefore, the correct class name is:

Frying Pan"
data/thin/silhouette/frying_pan_PNG8361.png,Frying Pan,"Based on the image provided, the main object is a cooking pan.

The correct class name from the list is:
Frying Pan"
data/thin/silhouette/frying_pan_PNG8362.png,Frying Pan,"Based on the provided image, the main object is a cooking pan.

The correct class name from the list is:
Frying Pan"
data/thin/silhouette/gas_mask_PNG1.png,Gas Mask,
data/thin/silhouette/gas_mask_PNG12.png,Gas Mask,"Based on the provided image, the main object is a gas mask.

The object in the image is a black silhouette of a gas mask. It has a distinct shape with a rounded headpiece, two straps on the top, and a flexible breathing tube that extends from the mask down to a base. This is characteristic of a gas mask, which is used to protect the wearer from inhaling harmful gases or dust.

Therefore, the correct class name is:

Gas Mask"
data/thin/silhouette/gas_mask_PNG13.png,Gas Mask,
data/thin/silhouette/gas_mask_PNG16.png,Gas Mask,"Based on the visual information provided in the image, the main object is a silhouette of a person wearing a gas mask. The object is depicted in black against a textured, grainy background, which suggests a monochrome or low-resolution image.

The object has the distinct shape of a person in a protective mask, with a large, rounded mask and a visible head and body. The posture suggests the person is standing or moving.

Given the options provided, the most accurate class name for this object is:"
data/thin/silhouette/gas_mask_PNG18.png,Gas Mask,Gas Mask
data/thin/silhouette/gas_mask_PNG33.png,Gas Mask,"Based on the image provided, the main object is a gas mask.

The class name for the object is:
Gas Mask"
data/thin/silhouette/gas_mask_PNG43.png,Gas Mask,"Based on the visual information provided in the image, the main object is a silhouetted figure wearing a helmet and a backpack. This type of equipment is commonly associated with a specific type of vehicle or machine.

Looking at the list of classes, the most appropriate one that matches this description is:

- **Backpack**

This is a common piece of equipment worn by individuals, especially in the context of a vehicle or machine. The backpack is a separate component from the helmet, but it is often"
data/thin/silhouette/giraffe_PNG13518.png,Giraffe,"Based on the image provided, the main object is a silhouette of a tall, long-necked animal with four legs and a long tail, which is characteristic of a giraffe.

From the given list of classes, the correct identification is:

Giraffe"
data/thin/silhouette/giraffe_PNG13522.png,Giraffe,
data/thin/silhouette/giraffe_PNG13525.png,Giraffe,
data/thin/silhouette/giraffe_PNG13534.png,Giraffe,"Based on the provided image, the main object is a silhouette of a tall, long-necked animal with four legs, which is characteristic of a giraffe.

From the given list of classes, the correct identification is:

Giraffe"
data/thin/silhouette/giraffe_PNG13539.png,Giraffe,"Based on the image provided, the main object is a silhouette of a tall, long-necked animal with four legs, which is characteristic of a giraffe.

From the given list of classes, the correct identification is:

Giraffe"
data/thin/silhouette/glider_PNG24.png,Glider,
data/thin/silhouette/glider_PNG6.png,Glider,
data/thin/silhouette/goat_PNG13150.png,Goat,"Based on the visual information provided in the image, the main object is a goat.

The correct class name from the list is:

Goat"
data/thin/silhouette/goat_PNG13151.png,Goat,
data/thin/silhouette/golden_cup_PNG14537.png,Golden Cup,
data/thin/silhouette/golden_cup_PNG14538.png,Golden Cup,"Based on the visual information provided in the image, the main object is a trophy.

The object is depicted as a black silhouette against a white background, featuring a classic design with a bowl, two handles, and a base.

Looking at the provided list of classes, the most appropriate one that matches this object is:

Golden Cup

This is the correct class name for the object in the image."
data/thin/silhouette/golden_cup_PNG14539.png,Golden Cup,
data/thin/silhouette/golden_cup_PNG14542.png,Golden Cup,
data/thin/silhouette/golden_cup_PNG14547.png,Golden Cup,Golden Cup
data/thin/silhouette/golden_cup_PNG14548.png,Golden Cup,
data/thin/silhouette/golden_cup_PNG14549.png,Golden Cup,Golden Cup
data/thin/silhouette/golden_cup_PNG14550.png,Golden Cup,
data/thin/silhouette/golden_cup_PNG14551.png,Golden Cup,
data/thin/silhouette/golden_cup_PNG14559.png,Golden Cup,
data/thin/silhouette/golden_cup_PNG14569.png,Golden Cup,
data/thin/silhouette/golden_cup_PNG14571.png,Golden Cup,
data/thin/silhouette/golden_cup_PNG14575.png,Golden Cup,"Based on the image provided, the main object is a trophy.

The correct class name from the list is:
Golden Cup"
data/thin/silhouette/grasshopper_PNG11.png,Grasshopper,"Based on the visual information provided in the image, the main object is a black silhouette of an insect.

The most accurate class from the list provided for this object is:

Grasshopper"
data/thin/silhouette/grasshopper_PNG13.png,Grasshopper,"Based on the visual information provided in the image, the main object is a silhouette of an insect.

Among the given classes, the most appropriate one is the one that specifically identifies this type of insect.

- The image shows a creature with a distinct body shape, long legs, and antennae, which are characteristic features of a grasshopper.
- The class ""Grasshopper"" is explicitly listed in the options provided.

Therefore, the correct answer is:

Grasshopper"
data/thin/silhouette/grasshopper_PNG18.png,Grasshopper,"Based on the image provided, the main object is a black silhouette of an insect with six legs, two long antennae, and a segmented body, which is characteristic of a grasshopper.

From the given list of classes, the correct identification is:

Grasshopper"
data/thin/silhouette/grasshopper_PNG20.png,Grasshopper,"Based on the provided image and the list of classes, the main object is a grasshopper.

The image shows a black silhouette of an insect with a long body, six legs, and two antennae, which are characteristic features of a grasshopper. This is a clear representation of the class ""Grasshopper"".

Grasshopper"
data/thin/silhouette/grasshopper_PNG32.png,Grasshopper,"Based on the visual information provided in the image, the main object is a black silhouette of an insect. The features, such as the long hind legs, the prominent antennae, and the body shape, are characteristic of a grasshopper.

Therefore, the correct class name is:

Grasshopper"
data/thin/silhouette/grasshopper_PNG4.png,Grasshopper,The main object in the image is a Grasshopper.
data/thin/silhouette/grasshopper_PNG40.png,Grasshopper,"Based on the image provided, the main object is a black silhouette of an insect with six legs, large hind legs, and antennae. This is characteristic of a grasshopper.

The correct class from the list is:

Grasshopper"
data/thin/silhouette/grasshopper_PNG44.png,Grasshopper,Mosquito
data/thin/silhouette/grasshopper_PNG6.png,Grasshopper,"Based on the provided image, the main object is a grasshopper.

The correct class name from the list is:
Grasshopper"
data/thin/silhouette/grasshopper_PNG7.png,Grasshopper,The main object in the image is a Grasshopper.
data/thin/silhouette/grasshopper_PNG9.png,Grasshopper,"Based on the provided image, the main object is a silhouette of an insect. Among the given classes, the one that best matches this description is:

Grasshopper"
data/thin/silhouette/grenade_launcher_PNG15324.png,Grenade Launcher,"Based on the image provided, the main object is a long, heavy weapon with a barrel, a stock, and a scope. This is characteristic of a rocket launcher or a similar type of artillery.

The correct class from the list is:

Grenade Launcher"
data/thin/silhouette/grenade_launcher_PNG15327.png,Grenade Launcher,"Based on the visual information provided in the image, the main object is a firearm. Specifically, it appears to be a type of submachine gun or assault rifle, characterized by its compact design and the presence of a magazine, a stock, and a barrel. The silhouette is clearly of a weapon.

The correct class from the list provided is:

Grenade Launcher"
data/thin/silhouette/grenade_launcher_PNG15330.png,Grenade Launcher,"Based on the image provided, the main object is a silhouette of a person holding a large, complex weapon. The weapon appears to be a heavy-duty rifle, possibly a machine gun, with a scope and a large magazine. The figure is in a crouched or prone position, suggesting it is a soldier or a combatant.

The object is a **Gun**."
data/thin/silhouette/grenade_launcher_PNG15334.png,Grenade Launcher,"Based on the image provided, the main object is a silhouetted firearm with a suppressor and a scope, which is characteristic of a sniper rifle or a similar precision weapon.

From the given list of classes, the most accurate identification is:

Grenade Launcher"
data/thin/silhouette/grenade_launcher_PNG15335.png,Grenade Launcher,"Based on the visual information provided in the image, the main object is a firearm.

The object has a distinct shape with a long barrel, a trigger mechanism, and a handle, which are characteristic features of a gun.

From the provided list of classes, the correct identification is:

Gun"
data/thin/silhouette/grenade_launcher_PNG15338.png,Grenade Launcher,
data/thin/silhouette/grenade_launcher_PNG15340.png,Grenade Launcher,"Based on the visual information in the image, the main object is a large, complex weapon. It has a long barrel, a stock, and a mounted device on top, which is characteristic of a weapon designed for firing projectiles.

The object is a **Grenade Launcher**.

Grenade Launcher"
data/thin/silhouette/grill_PNG13937.png,Grill,"Based on the image provided, the main object is a grill.

The correct class name from the list is:
Grill"
data/thin/silhouette/grill_PNG13938.png,Grill,
data/thin/silhouette/grill_PNG13939.png,Grill,
data/thin/silhouette/grill_PNG13942.png,Grill,
data/thin/silhouette/grill_PNG13944.png,Grill,
data/thin/silhouette/grill_PNG13947.png,Grill,
data/thin/silhouette/gun_PNG1353.png,Gun,
data/thin/silhouette/gun_PNG1354.png,Gun,
data/thin/silhouette/gun_PNG1355.png,Gun,
data/thin/silhouette/gun_PNG1357.png,Gun,
data/thin/silhouette/gun_PNG1358.png,Gun,
data/thin/silhouette/gun_PNG1360.png,Gun,
data/thin/silhouette/gun_PNG1363.png,Gun,Gun
data/thin/silhouette/gun_PNG1371.png,Gun,
data/thin/silhouette/gun_PNG1373.png,Gun,
data/thin/silhouette/gun_PNG1374.png,Gun,
data/thin/silhouette/gun_PNG1377.png,Gun,
data/thin/silhouette/gun_PNG1378.png,Gun,
data/thin/silhouette/gun_PNG1379.png,Gun,
data/thin/silhouette/gun_PNG1381.png,Gun,
data/thin/silhouette/gun_PNG1384.png,Gun,Gun
data/thin/silhouette/gun_PNG1385.png,Gun,Gun
data/thin/silhouette/gun_PNG1386.png,Gun,
data/thin/silhouette/gun_PNG1389.png,Gun,
data/thin/silhouette/hairbrush_PNG105.png,Hairbrush,The main object in the image is: Hairbrush
data/thin/silhouette/hairbrush_PNG107.png,Hairbrush,"Based on the visual information in the image, the main object is a hairbrush.

The image shows a black silhouette of a hairbrush with bristles along the top edge and a handle extending from the bottom.

From the provided list of classes, the correct identification is:

Hairbrush"
data/thin/silhouette/hairbrush_PNG110.png,Hairbrush,"Based on the image provided, the object is a hairbrush.

The correct class name from the list is:
Hairbrush"
data/thin/silhouette/hairbrush_PNG134.png,Hairbrush,
data/thin/silhouette/hairbrush_PNG135.png,Hairbrush,"Based on the visual information provided in the image, the main object is a hairbrush.

The image displays a black silhouette of a hairbrush with bristles on the head and a handle. This is a clear representation of the object.

Therefore, the correct class name from the list is:

Hairbrush"
data/thin/silhouette/hairbrush_PNG136a.png,Hairbrush,
data/thin/silhouette/hairbrush_PNG136d.png,Hairbrush,"Based on the image provided, the main object is a black silhouette of a knife.

The correct class name from the list is:
Sword"
data/thin/silhouette/hairbrush_PNG136f.png,Hairbrush,"Based on the image provided, the main object is a hairbrush. It is a black silhouette with a rounded handle and bristles on the top.

The correct class name from the list is:
Hairbrush"
data/thin/silhouette/hairbrush_PNG138.png,Hairbrush,
data/thin/silhouette/hairbrush_PNG140.png,Hairbrush,The main object in the image is: Hairbrush
data/thin/silhouette/hairbrush_PNG145.png,Hairbrush,
data/thin/silhouette/hairbrush_PNG146.png,Hairbrush,
data/thin/silhouette/hairbrush_PNG152.png,Hairbrush,
data/thin/silhouette/hairbrush_PNG154.png,Hairbrush,
data/thin/silhouette/hairbrush_PNG157.png,Hairbrush,"Based on the image provided, the main object is a hairbrush.

The object in the image is a black hairbrush with bristles on the oval-shaped head and a handle with a circular hole.

From the given list of classes, the correct identification is:

Hairbrush"
data/thin/silhouette/hairbrush_PNG162.png,Hairbrush,The main object in the image is a Hairbrush.
data/thin/silhouette/hairbrush_PNG20.png,Hairbrush,The main object in the image is: Hairbrush
data/thin/silhouette/hairbrush_PNG47.png,Hairbrush,
data/thin/silhouette/hairbrush_PNG53.png,Hairbrush,
data/thin/silhouette/hairbrush_PNG63.png,Hairbrush,
data/thin/silhouette/hairbrush_PNG64.png,Hairbrush,"Based on the visual information provided in the image, the main object is a hairbrush.

The object has a distinct shape with a rounded head containing bristles and a handle, which are characteristic features of a hairbrush.

Therefore, the correct class name is:

Hairbrush"
data/thin/silhouette/hairbrush_PNG65.png,Hairbrush,
data/thin/silhouette/hairbrush_PNG78.png,Hairbrush,
data/thin/silhouette/hairbrush_PNG81.png,Hairbrush,
data/thin/silhouette/hammer_PNG1122.png,Hammer,The main object in the image is: Hammer
data/thin/silhouette/hammer_PNG1124.png,Hammer,
data/thin/silhouette/hammer_PNG1127.png,Hammer,"Based on the image provided, the main object is a hammer.

The object is clearly identifiable as a hammer, which is a common tool used for driving nails or breaking objects. The image shows the silhouette of a hammer, which includes the head with a claw and the handle.

From the given list of classes, the correct one is:

Hammer"
data/thin/silhouette/hammer_PNG1131.png,Hammer,
data/thin/silhouette/hammer_PNG1132.png,Hammer,
data/thin/silhouette/hammer_PNG1134.png,Hammer,
data/thin/silhouette/hammer_PNG1138.png,Hammer,"Based on the visual information provided in the image, the object is a hammer.

The object in the image is a hammer. The object has a distinct shape with a flat, rectangular head and a long, straight handle, which is characteristic of a hammer used for driving nails or other tasks.

Therefore, the correct class name from the list is:

Hammer"
data/thin/silhouette/hammer_PNG1140.png,Hammer,
data/thin/silhouette/hammer_PNG3888.png,Hammer,
data/thin/silhouette/hammer_PNG3889a.png,Hammer,"Based on the visual information provided in the image, the main object is a hammer. This is evident from its distinct shape, which includes a flat, rectangular head and a long, slender handle, characteristic of a hammer.

The correct class name from the list is:

Hammer"
data/thin/silhouette/hammer_PNG3889b.png,Hammer,
data/thin/silhouette/hammer_PNG3891.png,Hammer,"Based on the image provided, the main object is a hammer.

The correct class name from the list is:
Hammer"
data/thin/silhouette/hammock_PNG1.png,Hammock,"Based on the image provided, the main object is a black silhouette of a hammock.

The correct class name from the list is:
Hammock"
data/thin/silhouette/hammock_PNG12.png,Hammock,"Based on the image provided, the main object is a black silhouette of a hammock. The object is depicted with two suspension lines, a central fabric section, and a small tassel or loop at the bottom, which are all characteristic features of a hammock.

Therefore, the correct class name is:

Hammock"
data/thin/silhouette/hammock_PNG18.png,Hammock,The main object in the image is: Hammock
data/thin/silhouette/hammock_PNG19.png,Hammock,"Based on the visual information provided in the image, the main object is a hammock. This is identifiable by its characteristic shape, which is a suspended fabric structure with two ends that are attached to a support system, forming a V-shape. The image shows a black silhouette of this structure against a white background.

The correct class name from the list provided is:

Hammock"
data/thin/silhouette/hammock_PNG2.png,Hammock,"Based on the image provided, the main object is a black hammock.

The correct class name from the list is:
Hammock"
data/thin/silhouette/hammock_PNG23.png,Hammock,"Based on the visual information provided in the image, the main object is a black, triangular-shaped item with two loops at the ends, which is characteristic of a hammock.

From the given list of classes, the correct identification is:

Hammock"
data/thin/silhouette/hammock_PNG3.png,Hammock,The main object in the image is a Hammock.
data/thin/silhouette/hammock_PNG32.png,Hammock,"Based on the image provided, the main object is a black silhouette of a hammock. This is a common type of outdoor furniture used for relaxation or recreation.

The correct class name from the list is:

Hammock"
data/thin/silhouette/hammock_PNG33.png,Hammock,"Based on the image provided, the main object is a hammock. It is depicted as a black silhouette against a white background, with two ropes extending from the top corners and a small, hanging element at the bottom.

The correct class name from the list is:

Hammock"
data/thin/silhouette/hammock_PNG37.png,Hammock,The main object in the image is a Hammock.
data/thin/silhouette/hammock_PNG39.png,Hammock,"Based on the image provided, the main object is a hammock.

The correct class name from the list is:

Hammock"
data/thin/silhouette/hammock_PNG4.png,Hammock,"Based on the image provided, the main object is a hammock.

The object is a black silhouette of a hammock, which is a type of suspension bed or chair, typically used for relaxation or recreation. It has a distinct shape with a loop at the top for hanging and a wide, curved body that suggests it is designed to be suspended between two points.

Therefore, the correct class name from the list is:

Hammock"
data/thin/silhouette/hammock_PNG41.png,Hammock,
data/thin/silhouette/hammock_PNG43.png,Hammock,The main object in the image is a hammock.
data/thin/silhouette/hammock_PNG45.png,Hammock,"Based on the visual information provided in the image, the main object is a hammock.

The correct class name from the list is:
Hammock"
data/thin/silhouette/hammock_PNG48.png,Hammock,"Based on the image provided, the main object is a hammock.

The correct class name from the list is:
Hammock"
data/thin/silhouette/hammock_PNG49.png,Hammock,"Based on the provided image, the main object is a hammock.

The correct class name from the list is:
Hammock"
data/thin/silhouette/hammock_PNG50.png,Hammock,
data/thin/silhouette/hammock_PNG61.png,Hammock,"Based on the visual information provided in the image, the object is a black, U-shaped structure with two ends that appear to be attached to a rope or cord, and one end has a small loop. This is a classic representation of a hammock.

Therefore, the main object in the image is:

Hammock"
data/thin/silhouette/hammock_PNG63.png,Hammock,"Based on the visual information provided in the image, the object is a black, U-shaped structure with two ends that appear to be attached to a rope or line, suggesting it is designed for suspension. This is a classic representation of a hammock.

From the given list of classes, the most appropriate identification is:

Hammock"
data/thin/silhouette/hammock_PNG64.png,Hammock,"Based on the visual information provided in the image, the main object is a hammock. It is depicted as a black silhouette with two ropes extending from the top corners, which are characteristic of a hammock's suspension points.

The correct class name from the list is:

Hammock"
data/thin/silhouette/hammock_PNG65.png,Hammock,"Based on the image provided, the main object is a hammock.

The correct class name from the list is:
Hammock"
data/thin/silhouette/hammock_PNG7.png,Hammock,"Based on the visual information provided in the image, the main object is a hammock.

The image shows a silhouette of a hammock, which is a type of furniture used for relaxation and leisure. It is suspended by ropes or straps and is typically used for lounging or resting.

From the given list of 193 classes, the correct identification is:

Hammock"
data/thin/silhouette/hammock_PNG9.png,Hammock,"Based on the provided image, the main object is a hammock supported by a stand.

The correct class name from the list is:
Hammock"
data/thin/silhouette/hand_saw_PNG9530.png,Hand Saw,"Based on the visual information provided in the image, the main object is a tool used for cutting wood or metal. The object has a long, straight blade, a handle, and a frame, which are characteristic features of a saw.

Looking at the list of classes provided, the object is clearly identifiable as a **Hand Saw**.

Hand Saw
```json
{""class"": ""Hand Saw""}
```"
data/thin/silhouette/hand_saw_PNG9531.png,Hand Saw,
data/thin/silhouette/hand_saw_PNG9532.png,Hand Saw,Hand Saw
data/thin/silhouette/hand_saw_PNG9541.png,Hand Saw,Hand Saw
data/thin/silhouette/hand_saw_PNG9545.png,Hand Saw,"Based on the visual information provided in the image, the object is a saw with a handle. The silhouette shows a long, straight blade with teeth, and a handle that is ergonomically shaped for gripping. This is characteristic of a hand saw.

The correct class name from the list is:

Hand Saw"
data/thin/silhouette/hand_saw_PNG9549.png,Hand Saw,
data/thin/silhouette/handcuffs_PNG12.png,Handcuffs,"Based on the image provided, the main object is a pair of handcuffs.

The correct class name from the list is:
Handcuffs"
data/thin/silhouette/handcuffs_PNG13.png,Handcuffs,The main object in the image is: Handcuffs
data/thin/silhouette/handcuffs_PNG14.png,Handcuffs,
data/thin/silhouette/handcuffs_PNG16.png,Handcuffs,
data/thin/silhouette/handcuffs_PNG18a.png,Handcuffs,"Based on the image provided, the main object is a simple black silhouette of a pair of scissors. The scissors are depicted with two blades and a handle, which is characteristic of the tool.

The correct class name from the list is:

Scissors"
data/thin/silhouette/handcuffs_PNG1a.png,Handcuffs,
data/thin/silhouette/handcuffs_PNG1b.png,Handcuffs,
data/thin/silhouette/handcuffs_PNG22.png,Handcuffs,The main object in the image is: Handcuffs
data/thin/silhouette/handcuffs_PNG25.png,Handcuffs,The main object in the image is handcuffs.
data/thin/silhouette/handcuffs_PNG3.png,Handcuffs,
data/thin/silhouette/handcuffs_PNG30.png,Handcuffs,The main object in the image is: Handcuffs
data/thin/silhouette/handcuffs_PNG31.png,Handcuffs,
data/thin/silhouette/handcuffs_PNG34.png,Handcuffs,
data/thin/silhouette/handcuffs_PNG35.png,Handcuffs,
data/thin/silhouette/handcuffs_PNG38.png,Handcuffs,The main object in the image is: Handcuffs
data/thin/silhouette/handcuffs_PNG44.png,Handcuffs,The main object in the image is: Handcuffs
data/thin/silhouette/handcuffs_PNG47.png,Handcuffs,
data/thin/silhouette/handcuffs_PNG48.png,Handcuffs,
data/thin/silhouette/handcuffs_PNG52.png,Handcuffs,
data/thin/silhouette/handcuffs_PNG55.png,Handcuffs,
data/thin/silhouette/handcuffs_PNG8.png,Handcuffs,"Based on the image provided, the main object is a pair of handcuffs.

The correct class name from the list is:
Handcuffs"
data/thin/silhouette/handcuffs_PNG9.png,Handcuffs,
data/thin/silhouette/harp_PNG1.png,Harp,The main object in the image is: Harp
data/thin/silhouette/harp_PNG12.png,Harp,
data/thin/silhouette/harp_PNG21.png,Harp,"Based on the image provided, the main object is a harp.

Harp is a musical instrument with a distinctive shape and a series of strings that are played by plucking. The image shows a stylized, black silhouette of a harp, which is a clear representation of the instrument.

Therefore, the correct class name is:

Harp"
data/thin/silhouette/harp_PNG26.png,Harp,"Based on the image provided, the main object is a musical instrument. Specifically, it is a harp, which is identifiable by its distinct shape with a curved neck and a series of strings.

The correct class name from the list is:

Harp"
data/thin/silhouette/harp_PNG30.png,Harp,Harp
data/thin/silhouette/harp_PNG32.png,Harp,"Based on the visual information provided in the image, the main object is a musical instrument. The object has a distinctive shape with a curved neck, a soundboard, and strings, which are characteristic features of a harp.

The correct class name from the list is:

Harp"
data/thin/silhouette/harp_PNG4.png,Harp,The main object in the image is: Harp
data/thin/silhouette/harp_PNG8.png,Harp,
data/thin/silhouette/headphones_PNG7634.png,Headphones,
data/thin/silhouette/hedgehog_PNG11.png,Hedgehog,"Based on the image provided, the main object is a silhouette of a furry, rounded shape. This shape is consistent with that of a hedgehog, which is characterized by its spiky, dense fur and a rounded body.

Therefore, the correct class name is:

Hedgehog"
data/thin/silhouette/hedgehog_PNG13.png,Hedgehog,
data/thin/silhouette/hedgehog_PNG16.png,Hedgehog,
data/thin/silhouette/hedgehog_PNG9.png,Hedgehog,"Based on the visual information provided in the image, the main object is a hedgehog.

The image shows a black silhouette of an animal with a spiky back, a long snout, and a rounded body, which are characteristic features of a hedgehog.

Therefore, the correct class name is:

Hedgehog"
data/thin/silhouette/helicopter_PNG5300.png,Helicopter,The main object in the image is a Helicopter.
data/thin/silhouette/helicopter_PNG5301.png,Helicopter,
data/thin/silhouette/helicopter_PNG5302.png,Helicopter,
data/thin/silhouette/helicopter_PNG5306.png,Helicopter,"Based on the image provided, the main object is a helicopter.

The correct class name from the list is:
Helicopter"
data/thin/silhouette/helicopter_PNG5311.png,Helicopter,The main object in the image is: Helicopter
data/thin/silhouette/helicopter_PNG5312.png,Helicopter,The main object in the image is a Helicopter.
data/thin/silhouette/helicopter_PNG5313.png,Helicopter,The main object in the image is a Helicopter.
data/thin/silhouette/helicopter_PNG5315.png,Helicopter,The main object in the image is a Helicopter.
data/thin/silhouette/helicopter_PNG80002.png,Helicopter,The main object in the image is a Helicopter.
data/thin/silhouette/helicopter_PNG80006.png,Helicopter,"Based on the visual information provided in the image, the main object is a helicopter.

The image displays a silhouette of a helicopter, which is a type of aircraft with a rotor system on top and a tail rotor. This is a clear and distinct representation of the object.

Therefore, the correct class name from the list is:

Helicopter"
data/thin/silhouette/helicopter_PNG80008.png,Helicopter,The main object in the image is a Helicopter.
data/thin/silhouette/helicopter_PNG80016.png,Helicopter,The main object in the image is a Helicopter.
data/thin/silhouette/helicopter_PNG80017.png,Helicopter,
data/thin/silhouette/helicopter_PNG80033.png,Helicopter,The main object in the image is a Helicopter.
data/thin/silhouette/helicopter_PNG80039.png,Helicopter,"Based on the image provided, the main object is a helicopter. This is evident from its distinct silhouette, which includes a main body, a tail boom, a tail rotor, and a set of rotor blades above the fuselage.

From the given list of classes, the correct identification is:

Helicopter"
data/thin/silhouette/helicopter_PNG80040.png,Helicopter,The main object in the image is a Helicopter.
data/thin/silhouette/helicopter_PNG80041.png,Helicopter,"Based on the image provided, the main object is a helicopter.

The correct class name from the list is:
Helicopter"
data/thin/silhouette/helicopter_PNG80043.png,Helicopter,"Based on the visual information provided in the image, the main object is a helicopter.

The image shows a silhouette of a helicopter, which is a type of aircraft designed for aerial transport. The key features visible are the main rotor blades, the tail rotor, the fuselage, and the landing gear.

Among the provided classes, the one that most accurately describes this object is:

Helicopter"
data/thin/silhouette/helicopter_PNG80044.png,Helicopter,"Based on the visual information provided in the image, the main object is clearly identifiable as a helicopter.

The image displays a silhouette of a helicopter, which is a type of aircraft with a main rotor and a tail rotor, and it is depicted in a side profile.

From the given list of classes, the correct one is:

Helicopter"
data/thin/silhouette/helicopter_PNG80045.png,Helicopter,
data/thin/silhouette/helicopter_PNG80046.png,Helicopter,The main object in the image is a Helicopter.
data/thin/silhouette/helicopter_PNG80048.png,Helicopter,"Based on the image provided, the main object is a helicopter.

The correct class name from the list is:
Helicopter"
data/thin/silhouette/helicopter_PNG80049.png,Helicopter,The main object in the image is a Helicopter.
data/thin/silhouette/helicopter_PNG80050.png,Helicopter,The main object in the image is: Helicopter
data/thin/silhouette/helicopter_PNG80051.png,Helicopter,"Based on the image provided, the main object is a helicopter.

The correct class name from the list is:

Helicopter"
data/thin/silhouette/helicopter_PNG80060.png,Helicopter,
data/thin/silhouette/helicopter_PNG80061.png,Helicopter,The main object in the image is: Helicopter
data/thin/silhouette/helicopter_PNG80062.png,Helicopter,The main object in the image is a Helicopter.
data/thin/silhouette/helicopter_PNG80066.png,Helicopter,The main object in the image is a Helicopter.
data/thin/silhouette/helicopter_PNG80072.png,Helicopter,"The main object in the image is a helicopter. Therefore, the correct class name is:

Helicopter"
data/thin/silhouette/helicopter_PNG80079.png,Helicopter,The main object in the image is a Helicopter.
data/thin/silhouette/helicopter_PNG80087.png,Helicopter,"Based on the visual information provided in the image, the main object is a helicopter.

The image shows a black silhouette of a helicopter, which is a type of aircraft with a rotor system on top of the fuselage. The object is clearly identifiable as a helicopter.

From the given list of classes, the correct one is:

Helicopter"
data/thin/silhouette/helicopter_PNG80088.png,Helicopter,
data/thin/silhouette/helicopter_PNG80093.png,Helicopter,Helicopter
data/thin/silhouette/helicopter_PNG80095.png,Helicopter,The main object in the image is a Helicopter.
data/thin/silhouette/helicopter_PNG80097.png,Helicopter,"Based on the image provided, the main object is a black silhouette of a helicopter. The image shows the distinct shape of a helicopter, including the main body, rotor blades, and landing gear, all in black against a white background.

The correct class name from the list is:

Helicopter"
data/thin/silhouette/helicopter_PNG80098.png,Helicopter,"Based on the image provided, the main object is a helicopter. The silhouette clearly shows the characteristic features of a helicopter, including the main rotor and tail rotor, as well as the fuselage and landing gear.

The correct class name from the list is:

Helicopter"
data/thin/silhouette/helicopter_PNG80105.png,Helicopter,The main object in the image is a Helicopter.
data/thin/silhouette/helicopter_PNG80110.png,Helicopter,The main object in the image is a Helicopter.
data/thin/silhouette/horseshoe_PNG34.png,Horseshoe,
data/thin/silhouette/horseshoe_PNG5.png,Horseshoe,
data/thin/silhouette/horseshoe_PNG52.png,Horseshoe,
data/thin/silhouette/horseshoe_PNG57.png,Horseshoe,
data/thin/silhouette/horseshoe_PNG58.png,Horseshoe,
data/thin/silhouette/horseshoe_PNG6.png,Horseshoe,
data/thin/silhouette/horseshoe_PNG61.png,Horseshoe,
data/thin/silhouette/horseshoe_PNG7.png,Horseshoe,
data/thin/silhouette/horseshoe_PNG8.png,Horseshoe,
data/thin/silhouette/ice_axe_PNG10.png,Ice Axe,"Based on the visual information in the image, the main object is a tool used for climbing or digging, characterized by a long shaft and a sharp head.

Looking at the provided list of classes, the object that best matches this description is:

- **Ice Axe**

This is a type of axe specifically designed for ice climbing, which is consistent with the image's depiction.

Therefore, the correct class name is:

Ice Axe"
data/thin/silhouette/ice_axe_PNG14.png,Ice Axe,"Based on the visual information provided in the image, the main object is clearly identifiable.

The object depicted is a tool used for climbing and ice extraction in mountaineering and alpinism. It has a distinct shape with a sharp, pointed tip and a curved blade with multiple teeth, which are characteristic features of an ice axe.

Looking at the provided list of classes, the object is best categorized as an ice axe.

Ice Axe"
data/thin/silhouette/ice_axe_PNG15.png,Ice Axe,
data/thin/silhouette/ice_axe_PNG22.png,Ice Axe,The main object in the image is an Ice Axe.
data/thin/silhouette/ice_axe_PNG23a.png,Ice Axe,
data/thin/silhouette/ice_axe_PNG25.png,Ice Axe,"Based on the visual information provided in the image, the main object is an ice axe.

An ice axe is a tool used for climbing and ice extraction, particularly in mountaineering and ice climbing. It has a long, curved shaft and a sharp, pointed tip designed to break through ice, and a hook or ""climbing"" end that allows the user to grip and pull themselves up.

The image shows a black silhouette of an ice axe against a white background, which clearly highlights its distinct"
data/thin/silhouette/ice_axe_PNG36.png,Ice Axe,"Based on the visual information provided in the image, the main object is a climbing tool used for ice or rock climbing. The object has a curved handle and a hook at the end, which is characteristic of an ice axe.

The correct class name from the list is:

Ice Axe"
data/thin/silhouette/ice_axe_PNG37.png,Ice Axe,"Based on the image provided, the main object is an ice axe. This is a tool used for climbing and ice extraction in mountaineering and other outdoor activities. It is characterized by its long, curved shaft and a sharp, pointed tip, with a claw-like head designed for digging into ice.

The correct class name from the list is:
Ice Axe"
data/thin/silhouette/ice_axe_PNG38.png,Ice Axe,"Based on the image provided, the object is a type of climbing tool. It has a long, curved shaft with a hook at the bottom and a pointed tip at the top, which is characteristic of an ice axe.

The correct class name from the list is:

Ice Axe"
data/thin/silhouette/ice_axe_PNG39.png,Ice Axe,"Based on the image provided, the main object is a tool used for climbing or digging. The object has a long shaft, a head with a hook, and a handle with a loop, which are characteristic features of an ice axe.

The correct class name from the list is:

Ice Axe"
data/thin/silhouette/ice_axe_PNG47.png,Ice Axe,"Based on the visual information provided in the image, the object depicted is a tool used for climbing and rock work. It has a long shaft, a head with a pick and a crampon, and a pointed tip. This is characteristic of an ice axe.

The correct class name from the list is:

Ice Axe"
data/thin/silhouette/ice_axe_PNG49.png,Ice Axe,
data/thin/silhouette/ice_axe_PNG51.png,Ice Axe,"Based on the image provided, the object is a tool used for climbing, specifically designed for ice or rock climbing. The key features are the curved head with a hook and a long shaft.

The class name for this object is:

Ice Axe"
data/thin/silhouette/ice_axe_PNG52.png,Ice Axe,"Based on the visual information provided in the image, the main object is an ice axe.

An ice axe is a tool used by climbers and mountaineers for ice climbing, featuring a long shaft and a head with a sharp point and a hook for climbing and anchoring.

Therefore, the correct class name is:

Ice Axe"
data/thin/silhouette/ice_axe_PNG53.png,Ice Axe,"Based on the visual information in the image, the object is a tool used for climbing or ice breaking, which is characteristic of an ice axe.

The correct class name from the list is:
Ice Axe"
data/thin/silhouette/ice_axe_PNG54.png,Ice Axe,"Based on the visual information provided in the image, the main object is an ice axe.

An ice axe is a tool used by climbers and mountaineers for ascending steep slopes, particularly in cold environments. It has a long shaft and a head with a hook, which allows it to be used for pulling oneself up a steep incline.

The object in the image is a silhouette of an ice axe, which is clearly identifiable by its characteristic shape and features.

The correct class name from the list is"
data/thin/silhouette/ice_axe_PNG55.png,Ice Axe,
data/thin/silhouette/ice_axe_PNG58.png,Ice Axe,"Based on the image provided, the main object is an ice axe. This tool is commonly used in mountaineering and ice climbing.

The correct class name from the list is:

Ice Axe"
data/thin/silhouette/ice_axe_PNG6.png,Ice Axe,"Based on the image provided, the main object is a tool used for climbing or ice extraction. It has a long shaft, a sharp point, and a hook at the top, which is characteristic of an ice axe.

The correct class name from the list is:

Ice Axe"
data/thin/silhouette/ice_axe_PNG7.png,Ice Axe,The main object in the image is: Ice Axe
data/thin/silhouette/ice_axe_PNG8.png,Ice Axe,"Based on the visual information in the image, the object is a tool with a long handle and a head with a pick and a crampon-like tip, which is characteristic of an ice axe.

The correct class name from the list provided is:

Ice Axe"
data/thin/silhouette/iron_PNG15526.png,Iron,
data/thin/silhouette/iron_PNG15527.png,Iron,
data/thin/silhouette/iron_PNG15536.png,Iron,
data/thin/silhouette/iron_PNG15547.png,Iron,
data/thin/silhouette/iron_PNG15560.png,Iron,
data/thin/silhouette/iron_PNG15563.png,Iron,
data/thin/silhouette/iron_PNG15565.png,Iron,
data/thin/silhouette/iron_PNG15566.png,Iron,
data/thin/silhouette/iron_PNG15567.png,Iron,
data/thin/silhouette/iron_PNG15568.png,Iron,
data/thin/silhouette/jail_PNG10.png,Jail,Cage
data/thin/silhouette/jail_PNG36.png,Jail,"Based on the visual information provided in the image, the main object is a structure composed of vertical and horizontal bars, which is characteristic of a prison cell or cage.

Among the given classes, the most appropriate one is:

- **Cage**

This is the most accurate classification for the object depicted in the image.

Cage"
data/thin/silhouette/jail_PNG38.png,Jail,
data/thin/silhouette/jail_PNG39.png,Jail,
data/thin/silhouette/jail_PNG40.png,Jail,
data/thin/silhouette/jail_PNG45.png,Jail,"Based on the visual information provided in the image, the main object is a structure with bars, which is characteristic of a prison cell or a cage.

The object depicted is a cage.

Cage"
data/thin/silhouette/jail_PNG53.png,Jail,
data/thin/silhouette/jeep_PNG143.png,Jeep,
data/thin/silhouette/kangaroo_PNG11.png,Kangaroo,Kangaroo
data/thin/silhouette/kangaroo_PNG12.png,Kangaroo,The main object in the image is a Kangaroo.
data/thin/silhouette/kangaroo_PNG13.png,Kangaroo,The main object in the image is: Kangaroo
data/thin/silhouette/kangaroo_PNG14.png,Kangaroo,"Based on the visual information provided in the image, the main object is a silhouette of a kangaroo.

From the given list of classes, the correct identification is:

Kangaroo"
data/thin/silhouette/kangaroo_PNG16.png,Kangaroo,The main object in the image is Kangaroo.
data/thin/silhouette/kangaroo_PNG22.png,Kangaroo,"Based on the image provided, the main object is a silhouette of a kangaroo. The image shows a long, slender animal with long legs and large ears, which are characteristic features of a kangaroo.

The correct class name from the list is:
Kangaroo"
data/thin/silhouette/kangaroo_PNG4.png,Kangaroo,"Based on the provided image, the main object is a silhouette of a kangaroo. This animal is recognizable by its distinct features, such as its long tail, powerful hind legs, and upright posture.

From the given list of classes, the correct identification is:

Kangaroo"
data/thin/silhouette/kangaroo_PNG5.png,Kangaroo,
data/thin/silhouette/kangaroo_PNG6.png,Kangaroo,The main object in the image is: Kangaroo
data/thin/silhouette/katana_PNG12.png,Katana,
data/thin/silhouette/katana_PNG16.png,Katana,
data/thin/silhouette/katana_PNG18.png,Katana,Sword
data/thin/silhouette/katana_PNG2a.png,Katana,
data/thin/silhouette/katana_PNG2b.png,Katana,
data/thin/silhouette/katana_PNG3a.png,Katana,Sword
data/thin/silhouette/katana_PNG3b.png,Katana,Sword
data/thin/silhouette/katana_PNG4.png,Katana,
data/thin/silhouette/katana_PNG41.png,Katana,
data/thin/silhouette/katana_PNG42.png,Katana,The main object in the image is a sword.
data/thin/silhouette/katana_PNG52.png,Katana,
data/thin/silhouette/katana_PNG6.png,Katana,"Based on the image provided, the main object is a sword.

The correct class name from the list is:
Sword"
data/thin/silhouette/katana_PNG61b.png,Katana,"The main object in the image is a diagonal line. Based on the provided list of classes, the most appropriate choice is:

Sword"
data/thin/silhouette/katana_PNG7.png,Katana,
data/thin/silhouette/katana_PNG72.png,Katana,
data/thin/silhouette/kayak_PNG127.png,Kayak,"Based on the image provided, the main object is a person in a kayak.

The correct class name from the list is:

Kayak"
data/thin/silhouette/kayak_PNG135.png,Kayak,"Based on the image provided, the main object is a silhouette of a watercraft with an oar. This is a classic representation of a kayak.

The correct class name from the list is:

Kayak"
data/thin/silhouette/kayak_PNG152.png,Kayak,"Based on the visual information in the image, the main object is a person in a boat.

The image shows a silhouette of a person sitting in a long, narrow watercraft. This is a classic representation of a kayak, which is a type of small, narrow, and usually single-person watercraft designed for paddling. The person is holding a paddle, which is used to propel the kayak through the water.

Therefore, the correct class name from the list is:

Kayak"
data/thin/silhouette/kayak_PNG39.png,Kayak,"Based on the image provided, the main object is a black silhouette of a watercraft designed for one person, with a pointed bow and a hull that suggests it is a kayak. It also features a small cabin at the front and a propeller-like structure at the rear.

The class name that best matches this object is:

Kayak"
data/thin/silhouette/kayak_PNG48.png,Kayak,"Based on the image provided, the main object is a person in a kayak with a paddle.

The correct class name from the list is:

Kayak"
data/thin/silhouette/kayak_PNG50.png,Kayak,"Based on the image provided, the main object is a watercraft designed for a person to ride, which is commonly known as a kayak. The silhouette clearly shows a long, narrow, flat board with a person sitting on it, which is characteristic of a kayak. The object is also equipped with a seat and a backrest, and it is being carried by a person.

Therefore, the correct class name from the list is:

Kayak"
data/thin/silhouette/kayak_PNG52.png,Kayak,
data/thin/silhouette/kayak_PNG65.png,Kayak,"Based on the visual information provided in the image, the main object is a silhouette of a person on a board, which is characteristic of a watercraft. The shape and context strongly suggest a specific type of watercraft.

The object is a **Kayak**.

- The silhouette shows a person sitting on a board with a single-bladed paddle, which is typical for a kayak.
- The board is elongated and streamlined, consistent with the design of a kayak.
- The person is in a"
data/thin/silhouette/kayak_PNG72.png,Kayak,
data/thin/silhouette/kayak_PNG98.png,Kayak,The main object in the image is a Kayak.
data/thin/silhouette/kettle_PNG8694.png,Kettle,
data/thin/silhouette/kettle_PNG8695.png,Kettle,Kettle
data/thin/silhouette/kettle_PNG8696.png,Kettle,
data/thin/silhouette/kettle_PNG8698.png,Kettle,
data/thin/silhouette/kettle_PNG8700.png,Kettle,
data/thin/silhouette/kettle_PNG8709.png,Kettle,
data/thin/silhouette/kettle_PNG8710.png,Kettle,
data/thin/silhouette/kettle_PNG8711.png,Kettle,The main object in the image is: Kettle
data/thin/silhouette/kettle_PNG8720.png,Kettle,
data/thin/silhouette/kettle_PNG8726.png,Kettle,
data/thin/silhouette/key_PNG1167.png,Key,
data/thin/silhouette/key_PNG3378.png,Key,
data/thin/silhouette/kick_scooter_PNG11384.png,Kick Scooter,"Based on the visual information in the image, the main object is a scooter.

The correct class name from the list is:
Scooter"
data/thin/silhouette/kick_scooter_PNG11386.png,Kick Scooter,"Based on the visual information provided in the image, the main object is a type of two-wheeled vehicle with a deck and a handlebar, which is characteristic of a scooter.

The object depicted is a **Kick Scooter**.

Therefore, the correct answer is:
Kick Scooter"
data/thin/silhouette/kick_scooter_PNG11389.png,Kick Scooter,"Based on the visual information provided in the image, the main object is a two-wheeled vehicle with a handlebar, a platform for standing, and a rear wheel, which is characteristic of a scooter.

The correct class name from the list is:

Scooter"
data/thin/silhouette/kick_scooter_PNG11390.png,Kick Scooter,"Based on the visual information provided in the image, the main object is a scooter.

The object has the following characteristics:
- It is a two-wheeled vehicle with a frame, handlebars, and a deck.
- It is designed for riding on the ground.
- The silhouette is black and clearly depicts a scooter.

Looking at the provided list of classes, the most accurate match is:

Scooter"
data/thin/silhouette/kick_scooter_PNG11391.png,Kick Scooter,
data/thin/silhouette/kick_scooter_PNG11393.png,Kick Scooter,
data/thin/silhouette/kick_scooter_PNG11394.png,Kick Scooter,
data/thin/silhouette/kick_scooter_PNG11396.png,Kick Scooter,
data/thin/silhouette/ladder_PNG14772.png,Ladder,
data/thin/silhouette/ladder_PNG14773.png,Ladder,"Based on the visual information in the image, the main object is a ladder. It is a tall, four-legged structure with rungs, designed for climbing. It is depicted in black silhouette against a white background.

The class name for the object is:
Ladder"
data/thin/silhouette/ladder_PNG14774.png,Ladder,"Based on the visual information provided in the image, the main object is a chair.

The object is a lifeguard chair, which is a type of chair designed for a lifeguard to sit while monitoring the water.

Looking at the provided list of classes, the most appropriate one is:

Chair

---
Chair"
data/thin/silhouette/ladder_PNG14775.png,Ladder,
data/thin/silhouette/ladder_PNG14778.png,Ladder,The main object in the image is a Ladder.
data/thin/silhouette/ladder_PNG14779.png,Ladder,
data/thin/silhouette/ladder_PNG14780.png,Ladder,
data/thin/silhouette/ladder_PNG14785.png,Ladder,
data/thin/silhouette/ladder_PNG14788.png,Ladder,Ladder
data/thin/silhouette/ladder_PNG14789.png,Ladder,
data/thin/silhouette/ladder_PNG14800.png,Ladder,
data/thin/silhouette/ladder_PNG14801.png,Ladder,
data/thin/silhouette/ladder_PNG14805.png,Ladder,Ladder
data/thin/silhouette/ladder_PNG14807.png,Ladder,Ladder
data/thin/silhouette/ladybug_PNG3960.png,Ladybug,
data/thin/silhouette/ladybug_PNG3967.png,Ladybug,"Based on the image provided, the main object is a silhouette of an insect with a rounded body, six legs, and two antennae. This is characteristic of a beetle.

Among the given classes, the most accurate identification is:

- **Ladybug**

This is because a ladybug is a type of beetle, and the image shows the typical shape and features of a ladybug. While other beetles might be considered, the specific silhouette in the image matches that of a ladybug.

Therefore,"
data/thin/silhouette/lemur_PNG15.png,Lemur,
data/thin/silhouette/lemur_PNG26.png,Lemur,Lemur
data/thin/silhouette/lemur_PNG33.png,Lemur,"Based on the image provided, the main object is a silhouette of a primate with a long tail, which is characteristic of a lemur. Among the given classes, the most appropriate one is:

Lemur"
data/thin/silhouette/lifebuoy_PNG2.png,Lifebuoy,"Based on the visual information provided in the image, the main object is a lifebuoy.

The object is a circular ring with a central hole, and it has a distinct shape and structure that is characteristic of a lifebuoy, which is a life-saving device used to keep a person afloat in water.

Therefore, the correct class name is:

Lifebuoy"
data/thin/silhouette/lizard_PNG1.png,Lizard,"Based on the visual information provided in the image, the main object is a silhouette of a reptile with a long tail, four legs, and a prominent crest on its back. This appearance is characteristic of a lizard.

From the given list of classes, the most appropriate identification is:

Lizard"
data/thin/silhouette/lizard_PNG11.png,Lizard,"Based on the image provided, the main object is a silhouette of a lizard.

The correct class name from the list is:

Lizard"
data/thin/silhouette/lizard_PNG12.png,Lizard,"Based on the image provided, the main object is a silhouette of a reptile with a long tail and limbs, which is characteristic of a lizard.

From the given list of classes, the correct identification is:

Lizard"
data/thin/silhouette/lizard_PNG13.png,Lizard,"Based on the provided image, the main object is a lizard.

The correct class name from the list is:
Lizard"
data/thin/silhouette/lizard_PNG15.png,Lizard,
data/thin/silhouette/lizard_PNG16.png,Lizard,"Based on the visual information provided in the image, the main object is a silhouette of a reptile.

The object has the distinct features of a lizard, including a body, legs, and a long tail. The image is a simple black silhouette against a white background.

From the provided list of classes, the correct identification is:

Lizard"
data/thin/silhouette/lizard_PNG17.png,Lizard,
data/thin/silhouette/lizard_PNG2.png,Lizard,
data/thin/silhouette/lizard_PNG21.png,Lizard,The main object in the image is a Lizard.
data/thin/silhouette/lizard_PNG23.png,Lizard,"Based on the provided image and the list of classes, the main object is a lizard.

The correct class name from the list is:

Lizard"
data/thin/silhouette/lizard_PNG24.png,Lizard,
data/thin/silhouette/lizard_PNG28.png,Lizard,
data/thin/silhouette/lizard_PNG29.png,Lizard,"Based on the provided image, the main object is a silhouette of a reptile. Among the given classes, the most appropriate one is:

Lizard"
data/thin/silhouette/lizard_PNG32.png,Lizard,
data/thin/silhouette/lizard_PNG35.png,Lizard,"Based on the visual information provided in the image, the main object is a silhouette of a reptile. The features, such as the elongated body, head, and prominent spines along the back, are characteristic of a lizard. The image is a black-and-white silhouette, which is a common way to represent such animals.

The most accurate class from the list provided is:

Lizard"
data/thin/silhouette/lizard_PNG4.png,Lizard,"Based on the image provided, the main object is a silhouette of a reptile. The shape, with its elongated body, limbs, and tail, is characteristic of a lizard.

From the given list of classes, the correct identification is:

Lizard"
data/thin/silhouette/lizard_PNG5.png,Lizard,"Based on the image provided, the main object is a silhouette of a reptile. Among the given classes, the most appropriate one is:

Lizard"
data/thin/silhouette/lizard_PNG6.png,Lizard,
data/thin/silhouette/lizard_PNG7.png,Lizard,
data/thin/silhouette/lizard_PNG8.png,Lizard,"Based on the image provided, the main object is a silhouette of a lizard. The object has the distinct features of a gecko, including its elongated body, limbs, and tail.

From the given list of classes, the correct identification is:

Lizard"
data/thin/silhouette/lizard_PNG9.png,Lizard,"Based on the visual information provided in the image, the main object is a silhouette of a reptile. Specifically, its posture, with a long body, limbs, and a tail, is characteristic of a lizard.

From the given list of classes, the most appropriate choice is:

Lizard"
data/thin/silhouette/lobster_PNG14231.png,Lobster,
data/thin/silhouette/lobster_PNG14234.png,Lobster,
data/thin/silhouette/lobster_PNG14238.png,Lobster,
data/thin/silhouette/lobster_PNG14240.png,Lobster,"Based on the visual information provided in the image, the main object is a lobster. This is evident from its distinct shape, including the large claws, segmented body, and the presence of antennae and legs, which are characteristic features of a lobster.

The correct class name from the list provided is:

Lobster"
data/thin/silhouette/lobster_PNG14242.png,Lobster,"Based on the visual information provided, the main object in the image is a silhouette of a small insect. Looking at the features, such as the segmented body, legs, antennae, and the overall shape, it is identifiable as a type of insect.

The most accurate class from the list provided that matches this description is:

**Mosquito**"
data/thin/silhouette/lobster_PNG14247.png,Lobster,The main object in the image is: Lobster
data/thin/silhouette/lobster_PNG14248.png,Lobster,"Based on the image provided, the main object is a silhouette of a creature with a large, segmented body and a long, thin tail. This appearance is characteristic of a lobster.

The correct class name from the list is:
Lobster"
data/thin/silhouette/louboutin_PNG10835.png,Louboutin,
data/thin/silhouette/louboutin_PNG10838.png,Louboutin,
data/thin/silhouette/louboutin_PNG10841.png,Louboutin,
data/thin/silhouette/louboutin_PNG10842.png,Louboutin,
data/thin/silhouette/louboutin_PNG10843.png,Louboutin,
data/thin/silhouette/louboutin_PNG10845.png,Louboutin,
data/thin/silhouette/louboutin_PNG10846.png,Louboutin,
data/thin/silhouette/louboutin_PNG10849.png,Louboutin,
data/thin/silhouette/mantis_PNG14.png,Mantis,
data/thin/silhouette/mantis_PNG17.png,Mantis,"Based on the image provided, the main object is a stylized, black silhouette of an insect. The shape, with its long body, legs, and antennae, is characteristic of a grasshopper.

Therefore, the correct class name is:

Grasshopper"
data/thin/silhouette/mantis_PNG35.png,Mantis,"Based on the image provided, the main object is a silhouette of an insect with a distinctive shape, including a large body, multiple legs, and prominent antennae. This is characteristic of a praying mantis.

From the list of classes provided, the correct identification is:

Mantis"
data/thin/silhouette/mantis_PNG37.png,Mantis,
data/thin/silhouette/mantis_PNG55.png,Mantis,
data/thin/silhouette/mantis_PNG59.png,Mantis,
data/thin/silhouette/mantis_PNG60.png,Mantis,
data/thin/silhouette/mantis_PNG71.png,Mantis,
data/thin/silhouette/megaphone_PNG113.png,Megaphone,"Based on the visual information in the image, the main object is a large, black silhouette of a device that appears to be a speaker or a megaphone. It has a large, rounded, conical shape and is mounted on a stand. The shape is characteristic of a megaphone, which is used to amplify sound.

The class name that best fits this description is:

Megaphone"
data/thin/silhouette/megaphone_PNG116.png,Megaphone,"Based on the provided image and the list of classes, the main object is clearly identifiable as a megaphone.

The object in the image is a megaphone.

```json
{""class"": ""Megaphone""}
```"
data/thin/silhouette/megaphone_PNG14.png,Megaphone,
data/thin/silhouette/megaphone_PNG30.png,Megaphone,
data/thin/silhouette/megaphone_PNG31.png,Megaphone,
data/thin/silhouette/megaphone_PNG39.png,Megaphone,
data/thin/silhouette/megaphone_PNG91.png,Megaphone,
data/thin/silhouette/microphone_PNG7900.png,Microphone,The main object in the image is: Microphone
data/thin/silhouette/microphone_PNG7920.png,Microphone,Microphone
data/thin/silhouette/moose_PNG1.png,Moose,The main object in the image is: Moose
data/thin/silhouette/moose_PNG13.png,Moose,
data/thin/silhouette/moose_PNG2.png,Moose,
data/thin/silhouette/moose_PNG27.png,Moose,
data/thin/silhouette/moose_PNG28.png,Moose,
data/thin/silhouette/moose_PNG39.png,Moose,
data/thin/silhouette/moose_PNG40.png,Moose,
data/thin/silhouette/moose_PNG41.png,Moose,
data/thin/silhouette/moose_PNG50.png,Moose,
data/thin/silhouette/moose_PNG64.png,Moose,
data/thin/silhouette/moose_PNG65.png,Moose,
data/thin/silhouette/mop_PNG10.png,Mop,Mop
data/thin/silhouette/mop_PNG12.png,Mop,"Based on the visual information provided in the image, the object is a tool used for cleaning floors. The object has a long handle and a flat, wide base, which are characteristic features of a mop.

Therefore, the correct class name is:

Mop"
data/thin/silhouette/mop_PNG13.png,Mop,"Based on the image provided, the main object is a tool used for cleaning floors or removing debris. It has a long handle and a flat, rectangular head.

Looking at the provided list of classes, the object is clearly identifiable as a **mop**.

Mop is the correct class name for this object.

Mop"
data/thin/silhouette/mop_PNG15.png,Mop,"Based on the image provided, the main object is a broom.

The correct class name from the list is:

Broom"
data/thin/silhouette/mop_PNG19.png,Mop,"Based on the image provided, the main object is a mop.

The correct class name from the list is:
Mop"
data/thin/silhouette/mop_PNG20a.png,Mop,"Based on the provided image and the list of classes, the main object is a cleaning tool. The object depicted is a mop.

The correct class name from the list is:
Mop"
data/thin/silhouette/mop_PNG20b.png,Mop,
data/thin/silhouette/mop_PNG21.png,Mop,"Based on the image provided, the object is a stylized silhouette of a **Street Light**. This is a common type of lighting fixture used for public areas, and its structure is clearly visible.

The correct class name from the list is:

Street Light"
data/thin/silhouette/mop_PNG22.png,Mop,"Based on the visual information provided in the image, the main object is a broom.

The image shows a simple, black silhouette of a broom, which is a tool used for sweeping.

From the list of classes provided, the correct identification is:

Broom"
data/thin/silhouette/mop_PNG23.png,Mop,"Based on the image provided, the object is a mop. The visual details, such as the long handle and the head with a cleaning pad, are characteristic of a mop.

Mop

Mop"
data/thin/silhouette/mop_PNG24.png,Mop,"Based on the image provided, the object is a long, slender tool with a handle and a mounting bracket. The shape and features are characteristic of a **Spear**.

The main object in the image is:
Spear"
data/thin/silhouette/mop_PNG25.png,Mop,"Based on the image provided, the main object is a cleaning tool with a long handle and a flat, rectangular base, which is characteristic of a mop.

The correct class name from the list is:

Mop"
data/thin/silhouette/mop_PNG28.png,Mop,"Based on the image provided, the main object is a broom.

The correct class name from the list is:
Broom"
data/thin/silhouette/mop_PNG34.png,Mop,
data/thin/silhouette/mop_PNG35.png,Mop,
data/thin/silhouette/mop_PNG36.png,Mop,"Based on the visual information provided in the image, the main object is a broom.

The image shows a long, horizontal brush-like object with a vertical handle, which is characteristic of a broom.

Therefore, the correct class name is:

Broom"
data/thin/silhouette/mop_PNG37.png,Mop,"Based on the visual information provided in the image, the main object is a cleaning tool with a long handle and a flat, wide base. This object is commonly used for sweeping floors.

The class name for this object is:

Mop"
data/thin/silhouette/mop_PNG38.png,Mop,"Based on the visual information provided in the image, the main object is a vacuum cleaner.

The object is a black silhouette of a vacuum cleaner, which is identifiable by its characteristic upright handle, a base, and a long hose. The object is clearly a vacuum cleaner.

Therefore, the correct class name is:

Vacuum Cleaner"
data/thin/silhouette/mop_PNG4.png,Mop,Mop
data/thin/silhouette/mop_PNG41.png,Mop,"Based on the visual information provided in the image, the main object is a broom.

The image displays a silhouette of a broom, which is identifiable by its long handle and bristle head.

Therefore, the correct class name is:

Broom"
data/thin/silhouette/mop_PNG44.png,Mop,
data/thin/silhouette/mop_PNG45.png,Mop,"Based on the image provided, the main object is a broom.

The correct class name from the list is:
Mop"
data/thin/silhouette/mop_PNG46.png,Mop,"Based on the visual information provided in the image, the main object is a tool used for cleaning surfaces, particularly floors or hard-to-reach areas.

The object has a long handle and a head with a brush-like attachment. This design is characteristic of a specific type of cleaning equipment.

The class name that best fits this description is:

Mop"
data/thin/silhouette/mop_PNG48.png,Mop,
data/thin/silhouette/mop_PNG52.png,Mop,"Based on the provided image, the main object is a cleaning tool with a long handle and a flat base with bristles or a brush head. This is a common type of cleaning tool used for sweeping.

The correct class name from the list is:

Mop"
data/thin/silhouette/mop_PNG58.png,Mop,"Based on the visual information provided in the image, the main object is a cleaning tool. The image shows a silhouette of a device with a long handle and a flat, circular head, which is characteristic of a mop.

Looking at the provided list of classes, the object that matches this description is:

Mop"
data/thin/silhouette/mop_PNG6.png,Mop,"Based on the image provided, the main object is a cleaning tool with a long handle and a flat, rectangular base. This is characteristic of a mop.

Mop"
data/thin/silhouette/mop_PNG66.png,Mop,"Based on the image provided, the main object is a cleaning tool with a long handle and a bristled head, which is characteristic of a broom.

The correct class name from the list is:
Broom"
data/thin/silhouette/mop_PNG68.png,Mop,
data/thin/silhouette/mop_PNG70.png,Mop,
data/thin/silhouette/mop_PNG71.png,Mop,"Based on the image provided, the main object is a broom.

The correct class name from the list is:
Mop"
data/thin/silhouette/mop_PNG74.png,Mop,
data/thin/silhouette/mop_PNG75a.png,Mop,"Based on the visual information in the image, the main object is a cleaning tool with a long handle and a mop head.

The class name that best fits this object is:

Mop"
data/thin/silhouette/mop_PNG75b.png,Mop,"Based on the image provided, the main object is a bucket.

The object is a black silhouette of a bucket with a handle, positioned at the bottom right of the image. It is the only object present.

Therefore, the correct class name is:

Bucket"
data/thin/silhouette/mop_PNG78.png,Mop,
data/thin/silhouette/mop_PNG79.png,Mop,
data/thin/silhouette/mop_PNG81.png,Mop,"Based on the image provided, the main object is a cleaning tool designed for sweeping floors.

The object in the image is a **mop**."
data/thin/silhouette/mop_PNG83.png,Mop,
data/thin/silhouette/mop_PNG84.png,Mop,
data/thin/silhouette/mop_PNG85.png,Mop,
data/thin/silhouette/mop_PNG90.png,Mop,"Based on the image provided, the main object is a mop with a bucket.

The correct class name from the list is:
Mop"
data/thin/silhouette/mop_PNG91.png,Mop,"Based on the image provided, the main object is a cleaning tool with a handle and a flat, rectangular head. This is characteristic of a broom.

The correct class name from the list is:
Mop"
data/thin/silhouette/mop_PNG92.png,Mop,
data/thin/silhouette/mortar_PNG1.png,Mortar,"Based on the image provided, the object is a tool with a long handle and a flat, T-shaped head. This is characteristic of a specific type of tool used for cutting or digging.

The object is a **Shovel**.

```json
{""class"": ""Shovel""}
```"
data/thin/silhouette/mortar_PNG12.png,Mortar,"Based on the visual information in the image, the main object is a mortar, which is a type of artillery piece used for firing projectiles.

The correct class name from the list provided is:

Mortar"
data/thin/silhouette/mortar_PNG13.png,Mortar,"Based on the image provided, the main object is a tool that appears to be a **shovel**.

- The object has a long handle and a broad, flat blade.
- It is positioned in a way that suggests it is being used for digging or moving soil.
- The image is a black silhouette, which makes the shape and features of the object clear.

Therefore, the correct class name is:

Shovel"
data/thin/silhouette/mortar_PNG15.png,Mortar,
data/thin/silhouette/mortar_PNG17.png,Mortar,
data/thin/silhouette/mortar_PNG18.png,Mortar,"Based on the visual information provided in the image, the main object is a tool used for digging or breaking up soil. The silhouette shows a long, straight handle with a base and a digging mechanism, which is characteristic of a specific type of tool.

The object is a **shovel**.

Shovel is the correct class name from the list provided.

Shovel"
data/thin/silhouette/mortar_PNG21.png,Mortar,
data/thin/silhouette/mortar_PNG22.png,Mortar,"Based on the image provided, the main object is a telescope mounted on a tripod.

The correct class name from the list is:
Telescope"
data/thin/silhouette/mortar_PNG24.png,Mortar,
data/thin/silhouette/mortar_PNG25.png,Mortar,"Based on the visual information provided, the object in the image is a musical instrument. Specifically, it appears to be a type of wind instrument with a long, slender body and a large, circular end. This is characteristic of a **Trombone**.

Trombone is a member of the brass family of instruments, and it is known for its distinctive, deep, and resonant sound. The instrument has a long, adjustable tube and a piston mechanism that allows for pitch changes.

Therefore,"
data/thin/silhouette/mortar_PNG27.png,Mortar,"Based on the image provided, the main object is a telescope mounted on a tripod. The silhouette clearly shows a telescope with a tripod base, a mounting mechanism, and a rectangular case attached to the tripod, which is likely a storage or transport case for the telescope.

Therefore, the correct class name is:

Telescope"
data/thin/silhouette/mortar_PNG4.png,Mortar,
data/thin/silhouette/mortar_PNG5.png,Mortar,"Based on the image provided, the object is a long, cylindrical device with a handle and a strap, which is characteristic of a launcher.

The most accurate class from the list that matches this description is:

Grenade Launcher"
data/thin/silhouette/mortar_PNG7.png,Mortar,
data/thin/silhouette/mortar_PNG8.png,Mortar,
data/thin/silhouette/mortar_PNG9.png,Mortar,
data/thin/silhouette/mosquito_PNG18153.png,Mosquito,
data/thin/silhouette/mosquito_PNG18154.png,Mosquito,
data/thin/silhouette/mosquito_PNG18159.png,Mosquito,
data/thin/silhouette/mosquito_PNG18164.png,Mosquito,
data/thin/silhouette/mosquito_PNG18167.png,Mosquito,
data/thin/silhouette/mosquito_PNG18175.png,Mosquito,
data/thin/silhouette/mosquito_PNG18177a.png,Mosquito,
data/thin/silhouette/mosquito_PNG18177b.png,Mosquito,
data/thin/silhouette/motorcycle_PNG3131.png,Motorcycle,
data/thin/silhouette/motorcycle_PNG3132.png,Motorcycle,"Based on the image provided, the main object is a motorcycle.

The correct class name from the list is:
Motorcycle"
data/thin/silhouette/motorcycle_PNG3136.png,Motorcycle,"Based on the image provided, the main object is a motorcycle.

The correct class name from the list is:

Motorcycle"
data/thin/silhouette/motorcycle_PNG3137.png,Motorcycle,"Based on the image provided, the main object is a motorcycle.

The correct class name from the list is:
Motorcycle"
data/thin/silhouette/motorcycle_PNG3147.png,Motorcycle,"Based on the visual information provided in the image, the main object is a motorcycle.

The correct class name from the list is:

Motorcycle"
data/thin/silhouette/motorcycle_PNG3151.png,Motorcycle,"Based on the image provided, the main object is a motorcycle.

The correct class name from the list is:
Motorcycle"
data/thin/silhouette/motorcycle_PNG3152.png,Motorcycle,"Based on the image provided, the main object is a motorcycle.

The correct class name from the list is:
Motorcycle"
data/thin/silhouette/motorcycle_PNG3157.png,Motorcycle,The main object in the image is: Motorcycle
data/thin/silhouette/motorcycle_PNG3158.png,Motorcycle,
data/thin/silhouette/motorcycle_PNG3159.png,Motorcycle,"Based on the image provided, the main object is a motorcycle. It is depicted as a silhouette, which is a common way to represent the shape of a vehicle.

The correct class name from the list is:

Motorcycle"
data/thin/silhouette/motorcycle_PNG3161.png,Motorcycle,
data/thin/silhouette/motorcycle_PNG3163.png,Motorcycle,
data/thin/silhouette/motorcycle_PNG3167.png,Motorcycle,
data/thin/silhouette/motorcycle_PNG3174.png,Motorcycle,
data/thin/silhouette/motorcycle_PNG3175.png,Motorcycle,"Based on the visual information provided in the image, the main object is a motorcycle. It is depicted as a silhouette, which makes it easy to identify the shape and features of the vehicle.

The class name for the object is:

Motorcycle"
data/thin/silhouette/motorcycle_PNG3177.png,Motorcycle,Motorcycle
data/thin/silhouette/motorcycle_PNG5348.png,Motorcycle,"Based on the image provided, the main object is a motorcycle.

The correct class name from the list is:
Motorcycle"
data/thin/silhouette/octopus_PNG1.png,Octopus,
data/thin/silhouette/octopus_PNG11.png,Octopus,
data/thin/silhouette/octopus_PNG16.png,Octopus,
data/thin/silhouette/ostrich_PNG17.png,Ostrich,"Based on the image provided, the main object is a bird with a long neck and a large body, which is characteristic of an ostrich.

The correct class name from the list is:

Ostrich"
data/thin/silhouette/ostrich_PNG76984.png,Ostrich,"Based on the provided image, the main object is a silhouette of a bird. Among the given classes, the most appropriate one is:

Ostrich"
data/thin/silhouette/paddle_PNG10494.png,Paddle,"Based on the image provided, the main object is a paddle. This is a common object used in watercraft, such as canoes or kayaks, for propulsion.

From the given list of classes, the correct one is:

Paddle"
data/thin/silhouette/paddle_PNG10495a.png,Paddle,"Based on the visual information provided in the image, the main object is a paddle. It is a simple, black silhouette of a paddle, which is commonly used for water sports like kayaking or paddleboarding.

The correct class name from the list is:

Paddle"
data/thin/silhouette/paddle_PNG10495b.png,Paddle,"Based on the image provided, the main object is a paddle.

The class name for the paddle is:
Paddle"
data/thin/silhouette/paddle_PNG10496a.png,Paddle,
data/thin/silhouette/paddle_PNG10496b.png,Paddle,"Based on the image provided, the main object is a paddle.

The correct class name from the list is:
Paddle"
data/thin/silhouette/paddle_PNG10500.png,Paddle,
data/thin/silhouette/paddle_PNG10501.png,Paddle,"Based on the visual information provided in the image, the main object is a paddle.

The object is a long, thin shaft with a broad, rounded blade at one end, which is characteristic of a paddle used for watercraft.

Therefore, the correct class name is:

Paddle"
data/thin/silhouette/paddle_PNG10503.png,Paddle,Paddle
data/thin/silhouette/paddle_PNG10504.png,Paddle,"Based on the image provided, the main object is a paddle. This is a common tool used for rowing or paddling watercraft.

The correct class name from the list is:

Paddle"
data/thin/silhouette/paddle_PNG10505.png,Paddle,Paddle
data/thin/silhouette/paddle_PNG10507.png,Paddle,"Based on the image provided, the main object is a paddle.

The object is a long, thin shaft with a flat, broad blade at one end, which is characteristic of a paddle used for rowing.

Therefore, the correct class name is:

Paddle"
data/thin/silhouette/paddle_PNG10508.png,Paddle,
data/thin/silhouette/paddle_PNG10509.png,Paddle,
data/thin/silhouette/paddle_PNG10512.png,Paddle,Paddle
data/thin/silhouette/paddle_PNG10513.png,Paddle,"Based on the visual information provided in the image, the main object is a paddle.

This object is characterized by its long shaft and a broad, flat blade at one end, which is typical of a paddle used for water sports such as kayaking or paddleboarding.

From the provided list of classes, the correct identification is:

Paddle"
data/thin/silhouette/paddle_PNG10514.png,Paddle,
data/thin/silhouette/paddle_PNG10515.png,Paddle,"Based on the image provided, the main object is a paddle.

The correct class name from the list is:
Paddle"
data/thin/silhouette/paddle_PNG10516.png,Paddle,"Based on the provided image and the list of classes, the main object is clearly identifiable as a paddle.

The object in the image is a paddle, which is a common tool used in water sports such as kayaking and canoeing. It consists of a long shaft with a blade at the end, which is designed to be used in water to propel a boat.

From the list of classes provided, the correct one is:

Paddle"
data/thin/silhouette/paddle_PNG10518.png,Paddle,"Based on the visual information provided in the image, the main object is a paddle.

The object has a long, slender shaft and a broad, flat blade at the bottom, which is characteristic of a paddle used for water sports, such as kayaking or canoeing.

From the list of classes provided, the correct identification is:

Paddle"
data/thin/silhouette/paddle_PNG10519.png,Paddle,"Based on the visual information provided in the image, the main object is a paddle. This is identifiable by its distinct shape, which consists of a long shaft and a broad, flat blade at one end, typical of a paddle used for watercraft.

The correct class name from the list is:
Paddle"
data/thin/silhouette/paddle_PNG10520.png,Paddle,"Based on the visual information provided in the image, the main object is a paddle.

The image displays a silhouette of a long, thin object with a wide, flat, teardrop-shaped bottom and a handle at the top. This is characteristic of a paddle used for water sports.

From the provided list of classes, the most accurate match is:

Paddle"
data/thin/silhouette/padlock_PNG9401a.png,Padlock,
data/thin/silhouette/padlock_PNG9402.png,Padlock,
data/thin/silhouette/padlock_PNG9420a.png,Padlock,
data/thin/silhouette/padlock_PNG9421.png,Padlock,
data/thin/silhouette/padlock_PNG9422.png,Padlock,"Based on the image provided, the main object is a black silhouette of a padlock. This is a common security device used to secure doors, bags, or other items.

From the given list of classes, the correct identification is:

Padlock"
data/thin/silhouette/padlock_PNG9424a.png,Padlock,
data/thin/silhouette/padlock_PNG9425.png,Padlock,
data/thin/silhouette/padlock_PNG9427.png,Padlock,
data/thin/silhouette/padlock_PNG9428.png,Padlock,
data/thin/silhouette/padlock_PNG9429a.png,Padlock,
data/thin/silhouette/padlock_PNG9429b.png,Padlock,
data/thin/silhouette/padlock_PNG9429c.png,Padlock,
data/thin/silhouette/padlock_PNG9429d.png,Padlock,
data/thin/silhouette/padlock_PNG9430a.png,Padlock,
data/thin/silhouette/padlock_PNG9431.png,Padlock,
data/thin/silhouette/padlock_PNG9432.png,Padlock,
data/thin/silhouette/padlock_PNG9433.png,Padlock,The main object in the image is a Padlock.
data/thin/silhouette/padlock_PNG9434.png,Padlock,"Based on the visual information provided in the image, the main object is a black silhouette of a lock. This object has a distinct shape with a curved top and a keyhole-like opening on the front, which is characteristic of a padlock.

The correct class name from the list is:

Padlock"
data/thin/silhouette/padlock_PNG9435.png,Padlock,
data/thin/silhouette/padlock_PNG9436.png,Padlock,
data/thin/silhouette/palm_tree_PNG2487.png,Palm Tree,
data/thin/silhouette/parachute_PNG19417.png,Parachute,
data/thin/silhouette/parachute_PNG19424.png,Parachute,
data/thin/silhouette/parachute_PNG19425.png,Parachute,"Based on the provided image, the main object is a black silhouette of a parachute. The shape is characteristic of a parachute, which is a type of airbag used in skydiving or other activities to slow descent.

Therefore, the correct class name is:

Parachute"
data/thin/silhouette/parachute_PNG19426.png,Parachute,The main object in the image is: Parachute
data/thin/silhouette/pear_PNG3443.png,Pear,"Based on the image provided, the main object is a silhouette of a fruit.

The correct class from the list is:

Pear"
data/thin/silhouette/pear_PNG3452.png,Pear,"Based on the visual information provided in the image, the main object is a black silhouette of a fruit.

The object has the distinct shape of a pear, with a characteristic teardrop form and a long, curved stem at the top.

Therefore, the correct class name is:

Pear"
data/thin/silhouette/pear_PNG3459.png,Pear,
data/thin/silhouette/pear_PNG3460.png,Pear,
data/thin/silhouette/pear_PNG3462.png,Pear,"Based on the image provided, the main object is a black silhouette of a fruit. The shape is characteristic of a pear.

From the given list of classes, the correct one is:

Pear"
data/thin/silhouette/piano_PNG10871.png,Piano,
data/thin/silhouette/piano_PNG10875.png,Piano,
data/thin/silhouette/piano_PNG10880.png,Piano,
data/thin/silhouette/piano_PNG10881.png,Piano,"Based on the visual information provided in the image, the main object is a piano.

The image shows a black silhouette of a grand piano, identifiable by its distinctive rectangular body, the raised lid, and the visible legs.

From the list of classes provided, the correct one is:

Piano"
data/thin/silhouette/piano_PNG10883.png,Piano,
data/thin/silhouette/piano_PNG10885.png,Piano,
data/thin/silhouette/piano_PNG10887.png,Piano,
data/thin/silhouette/piano_PNG10892.png,Piano,"Based on the image provided, the main object is a piano.

The correct class name from the list is:
Piano"
data/thin/silhouette/piano_PNG10894.png,Piano,
data/thin/silhouette/pineapple_PNG2728.png,Pineapple,"Based on the visual information provided in the image, the main object is a silhouette of a fruit. The distinct shape, with a rounded base and a crown of spiky leaves at the top, is characteristic of a pineapple.

From the given list of classes, the correct identification is:

Pineapple"
data/thin/silhouette/pineapple_PNG2731a.png,Pineapple,
data/thin/silhouette/pineapple_PNG2731b.png,Pineapple,
data/thin/silhouette/pineapple_PNG2734.png,Pineapple,
data/thin/silhouette/pineapple_PNG2742.png,Pineapple,"Based on the image provided, the main object is a pineapple. This is identifiable by its characteristic shape, including the spiky crown of leaves at the top and the elongated, segmented body.

Pineapple"
data/thin/silhouette/pineapple_PNG2746.png,Pineapple,Pineapple
data/thin/silhouette/pineapple_PNG2749.png,Pineapple,The main object in the image is: Pineapple
data/thin/silhouette/pineapple_PNG2750.png,Pineapple,The main object in the image is a pineapple.
data/thin/silhouette/plier_PNG10043.png,Plier,"Based on the image provided, the main object is a tool with two handles and a central joint, which is characteristic of a plier.

The correct class name from the list is:

Plier"
data/thin/silhouette/plier_PNG10045.png,Plier,
data/thin/silhouette/plier_PNG10068.png,Plier,
data/thin/silhouette/plier_PNG10071.png,Plier,
data/thin/silhouette/plier_PNG10072.png,Plier,
data/thin/silhouette/plier_PNG10073.png,Plier,
data/thin/silhouette/plunger_PNG10.png,Plunger,"Based on the image provided, the main object is a plunger.

The correct class name from the list is:
Plunger"
data/thin/silhouette/plunger_PNG12.png,Plunger,"Based on the visual information provided in the image, the main object is a plumbing tool.

The object is a black silhouette of a plunger, which is a common household item used to clear clogged pipes.

From the given list of classes, the correct identification is:

Plunger"
data/thin/silhouette/plunger_PNG13.png,Plunger,"Based on the image provided, the main object is a plumbing tool.

The object is a plunger.

The correct class name from the list is:
Plunger"
data/thin/silhouette/plunger_PNG16.png,Plunger,"Based on the image provided, the main object is a plunger.

The correct class name from the list is:
Plunger"
data/thin/silhouette/plunger_PNG17.png,Plunger,"Based on the image provided, the main object is a plunger.

The correct class name from the list is:
Plunger"
data/thin/silhouette/plunger_PNG18.png,Plunger,"Based on the image provided, the main object is a cleaning tool with a long handle and a bulbous head, which is characteristic of a plunger.

The correct class name from the list is:

Plunger"
data/thin/silhouette/plunger_PNG23.png,Plunger,"Based on the image provided, the main object is a plumbing tool.

The object in the image is a plunger.

The correct class name from the list is:
Plunger"
data/thin/silhouette/plunger_PNG27.png,Plunger,"Based on the image provided, the main object is a plumbing tool.

The correct class name from the list is:

Plunger"
data/thin/silhouette/plunger_PNG29.png,Plunger,
data/thin/silhouette/plunger_PNG3.png,Plunger,"Based on the image provided, the main object is a plunger.

The object is a black silhouette of a plunger, which is a common household plumbing tool used to clear clogs in pipes. The image shows the plunger's characteristic shape, including the bulb at the end of the handle.

Therefore, the correct class name from the list is:

Plunger"
data/thin/silhouette/plunger_PNG30.png,Plunger,"Based on the image provided, the main object is a plunger.

From the given list of classes, the correct one is:

Plunger"
data/thin/silhouette/plunger_PNG33.png,Plunger,"Based on the image provided, the object is a plumbing tool used for clearing clogged drains. The visual characteristics of the object, including its long handle and a rounded base, are consistent with a plunger.

From the list of provided classes, the correct identification is:

Plunger"
data/thin/silhouette/plunger_PNG4.png,Plunger,
data/thin/silhouette/plunger_PNG7.png,Plunger,The main object in the image is: Plunger
data/thin/silhouette/pram_PNG17877.png,Pram,"Based on the provided image, the main object is a baby stroller. This is a type of vehicle designed for transporting infants.

The correct class name from the list is:

Pram"
data/thin/silhouette/pram_PNG17878.png,Pram,Pram
data/thin/silhouette/pram_PNG17880.png,Pram,
data/thin/silhouette/pram_PNG17881.png,Pram,"Based on the visual information provided in the image, the main object is a baby carriage, also known as a pram.

The correct class name from the list is:
Pram"
data/thin/silhouette/pram_PNG17882.png,Pram,The main object in the image is a Pram.
data/thin/silhouette/pram_PNG17883.png,Pram,"Based on the image provided, the main object is a baby carriage, also known as a pram.

From the given list of classes, the correct one is:

Pram"
data/thin/silhouette/pram_PNG17884.png,Pram,The main object in the image is: Pram
data/thin/silhouette/pram_PNG17885.png,Pram,"Based on the visual information provided in the image, the main object is a baby carriage.

The object in the image is a Pram. It is a baby carriage, which is a type of stroller designed to carry a baby. The image shows the silhouette of a pram, which includes the seat, canopy, and wheels.

Therefore, the correct class name from the list is:

Pram"
data/thin/silhouette/pram_PNG17886.png,Pram,"Based on the visual information provided in the image, the main object is a stroller.

The image displays a silhouette of a stroller, which is a type of baby carriage designed to carry a child. The object has a seat, a handlebar for pushing, and wheels.

From the given list of classes, the correct identification is:

Pram"
data/thin/silhouette/pram_PNG17891.png,Pram,"Based on the image provided, the main object is a stroller. This is a type of vehicle designed for transporting a child, and it is clearly depicted as a silhouette.

The correct class name from the list is:

Pram"
data/thin/silhouette/pram_PNG17893.png,Pram,
data/thin/silhouette/pram_PNG17897.png,Pram,
data/thin/silhouette/pram_PNG17899.png,Pram,"Based on the image provided, the main object is a stroller. The image shows a silhouette of a baby stroller, which is a type of vehicle designed for carrying a child.

The correct class name from the list is:
Pram"
data/thin/silhouette/pram_PNG17902.png,Pram,"Based on the visual information provided in the image, the main object is a stroller.

The correct class name from the list is:
Pram"
data/thin/silhouette/pram_PNG17905.png,Pram,"Based on the image provided, the main object is a baby stroller, which is a type of pram.

The correct class name from the list is:

Pram"
data/thin/silhouette/pram_PNG17907.png,Pram,"Based on the image provided, the main object is a baby carriage, which is a type of pram.

The correct class name from the list is:
Pram"
data/thin/silhouette/pram_PNG17909.png,Pram,
data/thin/silhouette/punching_bag_PNG1.png,Punching Bag,The main object in the image is a punching bag.
data/thin/silhouette/punching_bag_PNG12.png,Punching Bag,
data/thin/silhouette/punching_bag_PNG14.png,Punching Bag,
data/thin/silhouette/punching_bag_PNG19.png,Punching Bag,
data/thin/silhouette/punching_bag_PNG2.png,Punching Bag,"Based on the provided image, the main object is a punching bag.

The correct class name from the list is:
Punching Bag"
data/thin/silhouette/punching_bag_PNG21.png,Punching Bag,"Based on the image provided, the main object is a punching bag.

The object is a black silhouette of a punching bag with a handle at the top and a base at the bottom. It is a common piece of equipment used in boxing and martial arts training.

Therefore, the correct class name is:

Punching Bag"
data/thin/silhouette/punching_bag_PNG23.png,Punching Bag,
data/thin/silhouette/punching_bag_PNG27.png,Punching Bag,
data/thin/silhouette/punching_bag_PNG29.png,Punching Bag,
data/thin/silhouette/punching_bag_PNG30.png,Punching Bag,The main object in the image is a lifebuoy.
data/thin/silhouette/punching_bag_PNG32.png,Punching Bag,"Based on the image provided, the main object is a punching bag, which is a common piece of equipment used for boxing and martial arts training.

Punching Bag"
data/thin/silhouette/punching_bag_PNG38.png,Punching Bag,"Based on the image provided, the main object is a black, cylindrical container with a handle at the top. This shape is characteristic of a can, specifically a beverage can.

The most appropriate class from the list provided is:

Can"
data/thin/silhouette/punching_bag_PNG4.png,Punching Bag,Punching Bag
data/thin/silhouette/punching_bag_PNG43.png,Punching Bag,The main object in the image is a punching bag.
data/thin/silhouette/punching_bag_PNG46.png,Punching Bag,
data/thin/silhouette/punching_bag_PNG55.png,Punching Bag,
data/thin/silhouette/punching_bag_PNG56.png,Punching Bag,
data/thin/silhouette/punching_bag_PNG58.png,Punching Bag,
data/thin/silhouette/punching_bag_PNG59.png,Punching Bag,
data/thin/silhouette/punching_bag_PNG6.png,Punching Bag,
data/thin/silhouette/punching_bag_PNG60.png,Punching Bag,
data/thin/silhouette/punching_bag_PNG64.png,Punching Bag,
data/thin/silhouette/punching_bag_PNG67.png,Punching Bag,
data/thin/silhouette/punching_bag_PNG70.png,Punching Bag,"Based on the visual information provided in the image, the main object is a punching bag. It is a cylindrical, black object with a handle at the top, which is characteristic of a punching bag used in boxing or martial arts.

The correct class name from the list is:

Punching Bag"
data/thin/silhouette/punching_bag_PNG76.png,Punching Bag,
data/thin/silhouette/punching_bag_PNG77.png,Punching Bag,
data/thin/silhouette/punching_bag_PNG78.png,Punching Bag,
data/thin/silhouette/punching_bag_PNG79a.png,Punching Bag,"Based on the visual information provided in the image, the main object is a punching bag.

The object is a large, vertical, cylindrical bag with a hanging rope at the top, which is characteristic of a punching bag used for boxing or martial arts training.

Therefore, the correct class name is:

Punching Bag"
data/thin/silhouette/punching_bag_PNG79b.png,Punching Bag,
data/thin/silhouette/punching_bag_PNG79c.png,Punching Bag,
data/thin/silhouette/punching_bag_PNG81.png,Punching Bag,
data/thin/silhouette/punching_bag_PNG82.png,Punching Bag,
data/thin/silhouette/radio_PNG19272.png,Radio,The main object in the image is: Radio
data/thin/silhouette/radio_PNG19281.png,Radio,
data/thin/silhouette/radio_PNG19290.png,Radio,
data/thin/silhouette/radio_PNG19297.png,Radio,
data/thin/silhouette/rat_mouse_PNG23530.png,Rat Mouse,
data/thin/silhouette/rat_mouse_PNG23531.png,Rat Mouse,Rat Mouse
data/thin/silhouette/rat_mouse_PNG23537.png,Rat Mouse,
data/thin/silhouette/rat_mouse_PNG23538.png,Rat Mouse,"Based on the visual information provided in the image, the main object is a silhouette of a rodent.

The most appropriate class from the list that describes this object is:

Rat Mouse"
data/thin/silhouette/rat_mouse_PNG23550.png,Rat Mouse,
data/thin/silhouette/rat_mouse_PNG23551.png,Rat Mouse,"Based on the image provided, the main object is a silhouette of a rodent. The specific features such as the long tail, small body, and whiskers are characteristic of a mouse.

From the given list of classes, the most appropriate choice is:

Rat Mouse"
data/thin/silhouette/rat_mouse_PNG23552.png,Rat Mouse,Rat Mouse
data/thin/silhouette/rat_mouse_PNG23553.png,Rat Mouse,"Based on the image provided, the main object is a silhouette of a rodent. Looking at the provided list of classes, the most appropriate one is:

Rat Mouse

This class is specifically for the rodent, which is clearly depicted in the image.

Rat Mouse"
data/thin/silhouette/rat_mouse_PNG23554.png,Rat Mouse,
data/thin/silhouette/rat_mouse_PNG23555.png,Rat Mouse,"Based on the image provided, the main object is a silhouette of a rodent. Among the given classes, the most appropriate one is:

Rat Mouse

This is the most accurate classification for the object depicted, as it is a small rodent with a long tail and a body shape typical of a rat or mouse.

Rat Mouse"
data/thin/silhouette/raven_PNG14.png,Raven,"Based on the image provided, the main object is a bird. More specifically, it is a crow, which is a type of bird. Among the given classes, the most appropriate one is:

Crow"
data/thin/silhouette/raven_PNG22.png,Raven,"Based on the image provided, the main object is a bird.

Looking at the list of classes, the most appropriate choice is the one that describes the bird.

- The image shows a silhouette of a bird, which is a type of bird.
- The class ""Bird"" is the most general and accurate classification for the object.

Therefore, the correct answer is:

Bird"
data/thin/silhouette/raven_PNG31.png,Raven,"Based on the image provided, the main object is a silhouette of a bird.

Looking at the list of classes, the most appropriate one is:

Raven"
data/thin/silhouette/raven_PNG35.png,Raven,"Based on the image provided, the main object is a silhouette of a bird. Looking at the provided list of classes, the most appropriate one is:

- Crow

This is a common name for the bird depicted in the image, and it is also a class that is explicitly listed.

Therefore, the answer is:
Crow"
data/thin/silhouette/raven_PNG37.png,Raven,"Based on the image provided, the main object is a bird. Specifically, it is a silhouette of a crow, which is a type of bird.

From the given list of classes, the correct identification is:

Crow"
data/thin/silhouette/raven_PNG42.png,Raven,"Based on the image provided, the main object is a silhouette of a bird.

Looking at the list of classes, the most appropriate choice is:

Crow"
data/thin/silhouette/raven_PNG47.png,Raven,"Based on the image provided, the main object is a bird with a dark silhouette. The shape and features are characteristic of a crow.

From the given list of classes, the correct identification is:

Raven"
data/thin/silhouette/raven_PNG49.png,Raven,"Based on the provided image and the list of classes, the main object is a bird. Specifically, the silhouette is of a crow.

The correct class name from the list is:

Crow"
data/thin/silhouette/raven_PNG50.png,Raven,"Based on the image provided, the main object is a bird, specifically a crow. The image is a silhouette of a crow, which is a type of bird.

From the list of classes provided, the correct one is:

Crow"
data/thin/silhouette/raven_PNG52.png,Raven,"Based on the visual information provided in the image, the main object is a bird.

The object in the image is a black silhouette of a bird, specifically a crow. It is shown in profile, standing on the ground.

From the given list of classes, the correct identification is:

Raven"
data/thin/silhouette/raven_PNG53.png,Raven,"Based on the image provided, the main object is a bird.

Looking at the list of classes, the most appropriate one that matches this description is:

Crow"
data/thin/silhouette/raven_PNG55.png,Raven,"Based on the image provided, the main object is a bird with a distinct silhouette.

The correct class from the list is:

Crow"
data/thin/silhouette/raven_PNG60.png,Raven,"Based on the image provided, the main object is a bird. Specifically, its shape and features are characteristic of a crow.

The correct class name from the list is:
Crow"
data/thin/silhouette/raven_PNG7.png,Raven,Crow
data/thin/silhouette/raven_PNG70.png,Raven,"Based on the provided image, the main object is a bird. Specifically, the silhouette is of a crow.

From the given list of classes, the correct one is:

Crow"
data/thin/silhouette/raven_PNG95.png,Raven,"Based on the image provided, the main object is a bird. The image is a black silhouette of a bird, which is clearly identifiable as a crow.

The correct class name from the list is:

Crow"
data/thin/silhouette/raven_PNG98.png,Raven,"Based on the image provided, the main object is a silhouette of a bird. Looking at the specific details in the list of classes, the most appropriate match is:

- **Crow**

The image shows a black silhouette of a bird with a distinct beak and feathers, which is characteristic of a crow. Therefore, the correct class name is:

Raven"
data/thin/silhouette/roller_skates_PNG44.png,Roller Skates,
data/thin/silhouette/roller_skates_PNG73.png,Roller Skates,
data/thin/silhouette/roller_skates_PNG86.png,Roller Skates,
data/thin/silhouette/roller_skates_PNG87.png,Roller Skates,
data/thin/silhouette/roller_skates_PNG94.png,Roller Skates,
data/thin/silhouette/rose_PNG66693.png,Rose,
data/thin/silhouette/rose_PNG66694.png,Rose,
data/thin/silhouette/rose_PNG66696.png,Rose,
data/thin/silhouette/rose_PNG66700.png,Rose,
data/thin/silhouette/rose_PNG66758.png,Rose,"Based on the image provided, the main object is a rose. The image shows a silhouette of a rose with a stem and leaves.

The correct class name from the list is:

Rose"
data/thin/silhouette/rose_PNG66768.png,Rose,
data/thin/silhouette/rose_PNG66783.png,Rose,Rose
data/thin/silhouette/rose_PNG66787a.png,Rose,
data/thin/silhouette/rose_PNG66787b.png,Rose,
data/thin/silhouette/rose_PNG66788a.png,Rose,
data/thin/silhouette/rose_PNG66788b.png,Rose,
data/thin/silhouette/rose_PNG66789.png,Rose,
data/thin/silhouette/rose_PNG66794.png,Rose,
data/thin/silhouette/rose_PNG66819.png,Rose,
data/thin/silhouette/rose_PNG66828.png,Rose,
data/thin/silhouette/rose_PNG66878.png,Rose,The main object in the image is a Rose.
data/thin/silhouette/rose_PNG66948.png,Rose,
data/thin/silhouette/rose_PNG66993.png,Rose,
data/thin/silhouette/rose_PNG67008.png,Rose,
data/thin/silhouette/samovar_PNG1.png,Samovar,
data/thin/silhouette/samovar_PNG12.png,Samovar,
data/thin/silhouette/samovar_PNG13.png,Samovar,
data/thin/silhouette/samovar_PNG2.png,Samovar,
data/thin/silhouette/samovar_PNG23.png,Samovar,
data/thin/silhouette/samovar_PNG36.png,Samovar,
data/thin/silhouette/samovar_PNG39.png,Samovar,"Based on the image provided, the main object is a silhouette of a traditional Russian samovar, a type of metal water boiler used for boiling water and serving tea. The object is clearly identifiable as a samovar.

Samovar"
data/thin/silhouette/samovar_PNG42.png,Samovar,
data/thin/silhouette/samovar_PNG43.png,Samovar,
data/thin/silhouette/samovar_PNG45.png,Samovar,
data/thin/silhouette/samovar_PNG55.png,Samovar,"Based on the visual information provided in the image, the main object is a traditional Russian samovar, which is a type of metal kettle used for boiling water and making tea.

The correct class name from the list is:

Samovar"
data/thin/silhouette/samovar_PNG6.png,Samovar,
data/thin/silhouette/samovar_PNG66.png,Samovar,
data/thin/silhouette/samovar_PNG67.png,Samovar,
data/thin/silhouette/samovar_PNG68.png,Samovar,
data/thin/silhouette/samovar_PNG88.png,Samovar,
data/thin/silhouette/samovar_PNG90.png,Samovar,
data/thin/silhouette/samovar_PNG93.png,Samovar,
data/thin/silhouette/samovar_PNG94.png,Samovar,
data/thin/silhouette/samovar_PNG95.png,Samovar,
data/thin/silhouette/sandals_PNG9671.png,Sandals,
data/thin/silhouette/sandals_PNG9681a.png,Sandals,
data/thin/silhouette/sandals_PNG9691.png,Sandals,
data/thin/silhouette/sandals_PNG9695.png,Sandals,
data/thin/silhouette/sandals_PNG9708.png,Sandals,"Based on the image provided, the main object is a sandal.

From the given list of classes, the correct one is:
- Sandals"
data/thin/silhouette/scales_PNG22.png,Scales,
data/thin/silhouette/scales_PNG35.png,Scales,
data/thin/silhouette/scales_PNG4.png,Scales,
data/thin/silhouette/scales_PNG5.png,Scales,
data/thin/silhouette/scales_PNG61.png,Scales,
data/thin/silhouette/scales_PNG78.png,Scales,
data/thin/silhouette/scissors_PNG0.png,Scissors,
data/thin/silhouette/scissors_PNG10.png,Scissors,
data/thin/silhouette/scissors_PNG11.png,Scissors,
data/thin/silhouette/scissors_PNG12.png,Scissors,
data/thin/silhouette/scissors_PNG13.png,Scissors,
data/thin/silhouette/scissors_PNG14.png,Scissors,
data/thin/silhouette/scissors_PNG15.png,Scissors,
data/thin/silhouette/scissors_PNG17.png,Scissors,
data/thin/silhouette/scissors_PNG18.png,Scissors,
data/thin/silhouette/scissors_PNG2.png,Scissors,
data/thin/silhouette/scissors_PNG20.png,Scissors,
data/thin/silhouette/scissors_PNG21.png,Scissors,
data/thin/silhouette/scissors_PNG22a.png,Scissors,
data/thin/silhouette/scissors_PNG22b.png,Scissors,
data/thin/silhouette/scissors_PNG24a.png,Scissors,
data/thin/silhouette/scissors_PNG24b.png,Scissors,
data/thin/silhouette/scissors_PNG26.png,Scissors,
data/thin/silhouette/scissors_PNG27.png,Scissors,
data/thin/silhouette/scissors_PNG28.png,Scissors,
data/thin/silhouette/scissors_PNG31.png,Scissors,
data/thin/silhouette/scissors_PNG32.png,Scissors,"Based on the image provided, the main object is a pair of scissors.

Scissors are a common tool used for cutting, and the image shows a simple, black silhouette of this object.

The correct class name from the list is:

Scissors"
data/thin/silhouette/scissors_PNG33.png,Scissors,
data/thin/silhouette/scissors_PNG34.png,Scissors,The main object in the image is: Scissors
data/thin/silhouette/scissors_PNG35.png,Scissors,
data/thin/silhouette/scissors_PNG36.png,Scissors,The main object in the image is Scissors.
data/thin/silhouette/scissors_PNG37.png,Scissors,
data/thin/silhouette/scissors_PNG39b.png,Scissors,
data/thin/silhouette/scissors_PNG41.png,Scissors,Scissors
data/thin/silhouette/scissors_PNG5.png,Scissors,
data/thin/silhouette/scissors_PNG6.png,Scissors,
data/thin/silhouette/scissors_PNG8.png,Scissors,Scissors
data/thin/silhouette/scissors_PNG9.png,Scissors,
data/thin/silhouette/scooter_PNG11285.png,Scooter,
data/thin/silhouette/scooter_PNG11286.png,Scooter,
data/thin/silhouette/scooter_PNG11287.png,Scooter,
data/thin/silhouette/scooter_PNG11289.png,Scooter,
data/thin/silhouette/scooter_PNG11290.png,Scooter,"Based on the visual information in the image, the main object is a scooter.

The correct class name from the list is:
Scooter"
data/thin/silhouette/scooter_PNG11291.png,Scooter,
data/thin/silhouette/scooter_PNG11298.png,Scooter,"Based on the image provided, the main object is a scooter. The image shows a silhouette of a scooter, which is a type of two-wheeled vehicle.

The correct class name from the list is:
Scooter"
data/thin/silhouette/scooter_PNG11301.png,Scooter,
data/thin/silhouette/scooter_PNG11302.png,Scooter,
data/thin/silhouette/scooter_PNG11303.png,Scooter,"Based on the visual information provided in the image, the main object is a scooter. It is depicted as a black silhouette, showing the distinct shape of a motorcycle with a seat, handlebars, and wheels.

The correct class name from the list is:

Scooter"
data/thin/silhouette/scooter_PNG11306.png,Scooter,Scooter
data/thin/silhouette/scooter_PNG11309.png,Scooter,Scooter
data/thin/silhouette/scooter_PNG11311.png,Scooter,
data/thin/silhouette/scooter_PNG11312.png,Scooter,
data/thin/silhouette/scooter_PNG11316.png,Scooter,
data/thin/silhouette/scooter_PNG11321.png,Scooter,"Based on the image provided, the main object is a scooter.

The correct class name from the list is:
Scooter"
data/thin/silhouette/scooter_PNG11325.png,Scooter,
data/thin/silhouette/scooter_PNG11327.png,Scooter,
data/thin/silhouette/scooter_PNG11328.png,Scooter,
data/thin/silhouette/scooter_PNG11330.png,Scooter,
data/thin/silhouette/scooter_PNG11331.png,Scooter,
data/thin/silhouette/scooter_PNG11332.png,Scooter,
data/thin/silhouette/scooter_PNG11338.png,Scooter,
data/thin/silhouette/scorpion_PNG12113a.png,Scorpion,
data/thin/silhouette/scorpion_PNG12113b.png,Scorpion,
data/thin/silhouette/scorpion_PNG12114.png,Scorpion,
data/thin/silhouette/scorpion_PNG12115.png,Scorpion,
data/thin/silhouette/scorpion_PNG12116.png,Scorpion,
data/thin/silhouette/scorpion_PNG12117.png,Scorpion,
data/thin/silhouette/scorpion_PNG12122.png,Scorpion,"Based on the image provided, the main object is a scorpion.

The correct class name from the list is:
Scorpion"
data/thin/silhouette/scorpion_PNG12125.png,Scorpion,
data/thin/silhouette/scorpion_PNG12128.png,Scorpion,
data/thin/silhouette/scorpion_PNG12130.png,Scorpion,
data/thin/silhouette/scorpion_PNG12136.png,Scorpion,
data/thin/silhouette/scorpion_PNG12138.png,Scorpion,
data/thin/silhouette/screwdriver_PNG9494.png,Screwdriver,
data/thin/silhouette/screwdriver_PNG9496.png,Screwdriver,
data/thin/silhouette/screwdriver_PNG9497.png,Screwdriver,
data/thin/silhouette/screwdriver_PNG9499.png,Screwdriver,
data/thin/silhouette/screwdriver_PNG9502.png,Screwdriver,
data/thin/silhouette/screwdriver_PNG9503.png,Screwdriver,
data/thin/silhouette/screwdriver_PNG9510.png,Screwdriver,
data/thin/silhouette/screwdriver_PNG9511.png,Screwdriver,
data/thin/silhouette/screwdriver_PNG9512.png,Screwdriver,
data/thin/silhouette/screwdriver_PNG9513b.png,Screwdriver,
data/thin/silhouette/screwdriver_PNG9513c.png,Screwdriver,
data/thin/silhouette/screwdriver_PNG9513d.png,Screwdriver,
data/thin/silhouette/screwdriver_PNG9513e.png,Screwdriver,
data/thin/silhouette/screwdriver_PNG9513f.png,Screwdriver,
data/thin/silhouette/screwdriver_PNG9513g.png,Screwdriver,
data/thin/silhouette/screwdriver_PNG9513h.png,Screwdriver,
data/thin/silhouette/screwdriver_PNG9513i.png,Screwdriver,
data/thin/silhouette/screwdriver_PNG9514a.png,Screwdriver,
data/thin/silhouette/screwdriver_PNG9514b.png,Screwdriver,
data/thin/silhouette/screwdriver_PNG9514e.png,Screwdriver,
data/thin/silhouette/screwdriver_PNG9514f.png,Screwdriver,
data/thin/silhouette/screwdriver_PNG9514h.png,Screwdriver,
data/thin/silhouette/screwdriver_PNG9516b.png,Screwdriver,"Based on the provided image, the main object is a screwdriver. This is identifiable by its distinct shape, which includes a long shaft and a handle designed for gripping and turning.

Therefore, the correct class name is:

Screwdriver"
data/thin/silhouette/screwdriver_PNG9516c.png,Screwdriver,"Based on the image provided, the main object is a screwdriver. This is a common tool used for driving screws into materials.

From the given list of classes, the correct one is:

Screwdriver"
data/thin/silhouette/screwdriver_PNG9516d.png,Screwdriver,"Based on the image provided, the main object is a screwdriver.

The correct class name from the list is:

Screwdriver"
data/thin/silhouette/screwdriver_PNG9516e.png,Screwdriver,"Based on the image provided, the main object is a screwdriver. It is identifiable by its distinct handle and shaft, which are characteristic of a screwdriver.

Screwdriver"
data/thin/silhouette/screwdriver_PNG9518.png,Screwdriver,"Based on the image provided, the main object is a screwdriver.

The object is identifiable by its distinct features:
- A long, slender shaft that extends from the handle.
- A handle with a contoured shape for grip.
- A small hole at the end of the handle, which is a common feature of screwdrivers.

This configuration is characteristic of a standard screwdriver.

Therefore, the correct class name is:

Screwdriver"
data/thin/silhouette/screwdriver_PNG9519.png,Screwdriver,
data/thin/silhouette/screwdriver_PNG9522.png,Screwdriver,"Based on the image provided, the main object is a screwdriver.

The correct class name from the list is:
Screwdriver"
data/thin/silhouette/screwdriver_PNG9523.png,Screwdriver,Screwdriver
data/thin/silhouette/screwdriver_PNG9527.png,Screwdriver,"Based on the provided image and the list of classes, the main object is clearly identifiable.

The object is a tool with a handle and a long shaft, which is characteristic of a screwdriver.

The correct class name from the list is:
Screwdriver"
data/thin/silhouette/screwdriver_PNG9528.png,Screwdriver,Screwdriver
data/thin/silhouette/screwdriver_PNG9529.png,Screwdriver,
data/thin/silhouette/seahorse_PNG11.png,Seahorse,"Based on the visual information provided in the image, the main object is a seahorse.

The image displays a black silhouette of a seahorse against a grainy, textured background. The distinct features of the seahorse, such as its elongated body, curled tail, and the characteristic head shape, are clearly visible.

Therefore, the correct class name is:

Seahorse"
data/thin/silhouette/seahorse_PNG12.png,Seahorse,The main object in the image is: Seahorse
data/thin/silhouette/seahorse_PNG2.png,Seahorse,
data/thin/silhouette/seahorse_PNG3a.png,Seahorse,"Based on the image provided, the main object is a silhouette of a marine animal. The shape is characteristic of a seahorse.

From the given list of classes, the correct one is:

Seahorse"
data/thin/silhouette/seahorse_PNG3b.png,Seahorse,
data/thin/silhouette/seahorse_PNG5.png,Seahorse,The main object in the image is: Seahorse
data/thin/silhouette/seahorse_PNG8.png,Seahorse,The main object in the image is the Seahorse.
data/thin/silhouette/sewing_machine_PNG31.png,Sewing Machine,
data/thin/silhouette/sewing_machine_PNG66.png,Sewing Machine,Sewing Machine
data/thin/silhouette/sewing_machine_PNG69.png,Sewing Machine,
data/thin/silhouette/ship_PNG5403.png,Ship,"Based on the visual information provided in the image, the main object is a silhouette of a ship.

The image shows a large, dark silhouette of a sailing vessel with multiple masts and sails. This is a classic representation of a ship, specifically a large sailing ship, often referred to as a galleon or a pirate ship, given the style of the sails and rigging.

Looking at the list of classes provided, the most appropriate one to identify the main object is:

- Ship

Therefore"
data/thin/silhouette/ship_PNG5407.png,Ship,"Based on the image provided, the main object is a silhouette of a ship with multiple masts and sails. This type of vessel is commonly known as a sailing ship or a galleon.

From the given list of classes, the most appropriate choice is:

Ship"
data/thin/silhouette/ship_PNG5416.png,Ship,
data/thin/silhouette/shopping_cart_PNG1.png,Shopping Cart,
data/thin/silhouette/shopping_cart_PNG21.png,Shopping Cart,
data/thin/silhouette/shopping_cart_PNG28.png,Shopping Cart,"Based on the image provided, the main object is a shopping cart.

The correct class name from the list is:
Shopping Cart"
data/thin/silhouette/shopping_cart_PNG30.png,Shopping Cart,
data/thin/silhouette/shopping_cart_PNG32.png,Shopping Cart,"Based on the visual information provided in the image, the main object is a shopping cart.

The object has the following characteristics:
- It is a cart with a basket-like structure.
- It has a handle at the top.
- It has wheels at the bottom.
- It is filled with items, represented by dark shapes.

These features are consistent with a standard shopping cart.

Therefore, the correct class name from the list is:

Shopping Cart"
data/thin/silhouette/shopping_cart_PNG36.png,Shopping Cart,
data/thin/silhouette/shopping_cart_PNG43.png,Shopping Cart,"Based on the image provided, the main object is a shopping cart.

The correct class name from the list is:
Shopping Cart"
data/thin/silhouette/shopping_cart_PNG47.png,Shopping Cart,The main object in the image is: Shopping Cart
data/thin/silhouette/shopping_cart_PNG49.png,Shopping Cart,"Based on the provided image and the list of classes, the main object is a shopping cart.

The correct class name from the list is:
Shopping Cart"
data/thin/silhouette/shopping_cart_PNG63.png,Shopping Cart,
data/thin/silhouette/shopping_cart_PNG67.png,Shopping Cart,"Based on the image provided, the main object is a shopping cart.

The correct class name from the list is:

Shopping Cart"
data/thin/silhouette/shopping_cart_PNG70.png,Shopping Cart,"Based on the visual information provided in the image, the main object is a shopping cart.

The correct class name from the list is:
Shopping Cart"
data/thin/silhouette/shopping_cart_PNG72.png,Shopping Cart,"Based on the image provided, the main object is a shopping cart.

The correct class name from the list is:
Shopping Cart"
data/thin/silhouette/shopping_cart_PNG74.png,Shopping Cart,
data/thin/silhouette/shovel_PNG7595.png,Shovel,Shovel
data/thin/silhouette/shovel_PNG7598.png,Shovel,Shovel
data/thin/silhouette/shovel_PNG7599.png,Shovel,
data/thin/silhouette/shovel_PNG7601.png,Shovel,
data/thin/silhouette/shovel_PNG7604.png,Shovel,
data/thin/silhouette/shovel_PNG7608.png,Shovel,
data/thin/silhouette/shovel_PNG7609a.png,Shovel,Shovel
data/thin/silhouette/shovel_PNG7609b.png,Shovel,Shovel
data/thin/silhouette/shovel_PNG7609c.png,Shovel,Shovel
data/thin/silhouette/shovel_PNG7611.png,Shovel,"Based on the image provided, the main object is a shovel.

The correct class name from the list is:
Shovel"
data/thin/silhouette/shovel_PNG7617.png,Shovel,"Based on the image provided, the main object is a shovel.

The correct class name from the list is:

Shovel"
data/thin/silhouette/shovel_PNG7618.png,Shovel,"Based on the visual information provided in the image, the main object is a tool with a long handle and a flat, broad head, which is characteristic of a shovel.

From the given list of classes, the most appropriate identification is:

Shovel"
data/thin/silhouette/shrimps_PNG18255.png,Shrimps,
data/thin/silhouette/shrimps_PNG18257.png,Shrimps,
data/thin/silhouette/shrimps_PNG18261b.png,Shrimps,
data/thin/silhouette/shrimps_PNG18265.png,Shrimps,
data/thin/silhouette/shrimps_PNG18267.png,Shrimps,
data/thin/silhouette/shrimps_PNG18274.png,Shrimps,
data/thin/silhouette/shrimps_PNG18277.png,Shrimps,"Based on the visual information provided in the image, the main object is a shrimp. The image shows a silhouette of a shrimp, which is a type of crustacean.

The correct class name from the list is:

Shrimps"
data/thin/silhouette/skeleton_PNG42614.png,Skeleton,Skeleton
data/thin/silhouette/skeleton_PNG42616.png,Skeleton,
data/thin/silhouette/skeleton_PNG42618b.png,Skeleton,
data/thin/silhouette/skeleton_PNG42619.png,Skeleton,Skeleton
data/thin/silhouette/skeleton_PNG42621.png,Skeleton,
data/thin/silhouette/skeleton_PNG42624.png,Skeleton,
data/thin/silhouette/skeleton_PNG42627.png,Skeleton,
data/thin/silhouette/skeleton_PNG42629.png,Skeleton,
data/thin/silhouette/skeleton_PNG42633.png,Skeleton,
data/thin/silhouette/skeleton_PNG42637a.png,Skeleton,
data/thin/silhouette/skeleton_PNG42637b.png,Skeleton,
data/thin/silhouette/skeleton_PNG42639.png,Skeleton,
data/thin/silhouette/skeleton_PNG42645.png,Skeleton,
data/thin/silhouette/skeleton_PNG42647.png,Skeleton,
data/thin/silhouette/skeleton_PNG42648.png,Skeleton,
data/thin/silhouette/skeleton_PNG42649.png,Skeleton,The main object in the image is: Skeleton
data/thin/silhouette/skeleton_PNG42652.png,Skeleton,
data/thin/silhouette/skeleton_PNG42654.png,Skeleton,
data/thin/silhouette/skeleton_PNG42655.png,Skeleton,
data/thin/silhouette/skeleton_PNG42656.png,Skeleton,
data/thin/silhouette/skeleton_PNG42657.png,Skeleton,
data/thin/silhouette/skeleton_PNG42660.png,Skeleton,
data/thin/silhouette/skeleton_PNG42661.png,Skeleton,The main object in the image is: Skeleton
data/thin/silhouette/skeleton_PNG42662.png,Skeleton,
data/thin/silhouette/skeleton_PNG42663.png,Skeleton,
data/thin/silhouette/skeleton_PNG42666a.png,Skeleton,Skeleton
data/thin/silhouette/skeleton_PNG5531.png,Skeleton,The main object in the image is: Skeleton
data/thin/silhouette/skeleton_PNG5532.png,Skeleton,
data/thin/silhouette/skeleton_PNG5536.png,Skeleton,
data/thin/silhouette/skeleton_PNG5538.png,Skeleton,
data/thin/silhouette/skeleton_PNG5539.png,Skeleton,
data/thin/silhouette/skeleton_PNG5545.png,Skeleton,The main object in the image is: Skeleton
data/thin/silhouette/skeleton_PNG5557.png,Skeleton,
data/thin/silhouette/skeleton_PNG5558.png,Skeleton,Skeleton
data/thin/silhouette/skeleton_PNG5565a.png,Skeleton,
data/thin/silhouette/skeleton_PNG5565b.png,Skeleton,
data/thin/silhouette/sled_PNG11.png,Sled,Sled
data/thin/silhouette/sled_PNG15.png,Sled,
data/thin/silhouette/sled_PNG23.png,Sled,
data/thin/silhouette/sled_PNG24.png,Sled,Sled
data/thin/silhouette/sled_PNG26.png,Sled,"Based on the image provided, the main object is a sled. It is a type of vehicle designed for snow travel, often associated with winter sports. The object is depicted as a black silhouette against a white background, which is typical for a logo or icon.

The correct class name from the list is:

Sled"
data/thin/silhouette/sled_PNG30.png,Sled,
data/thin/silhouette/sled_PNG33.png,Sled,"Based on the image provided, the main object is a sled.

The correct class name from the list is:
Sled"
data/thin/silhouette/sled_PNG37a.png,Sled,
data/thin/silhouette/sled_PNG37b.png,Sled,"Based on the provided image, the main object is a lawn mower.

The correct class name from the list is:

Lawn Mower"
data/thin/silhouette/sled_PNG37c.png,Sled,"Based on the image provided, the main object is a type of vehicle designed for snow or ice, which is commonly known as a snow sled or snow skis. The object in the image is a snow sled, which is a type of snowmobile.

The correct class name from the list provided is:

Sled"
data/thin/silhouette/sled_PNG37d.png,Sled,"Based on the visual information provided in the image, the main object is a lawn mower. This is a type of vehicle used for mowing grass.

The correct class name from the list is:
Scooter"
data/thin/silhouette/sled_PNG5.png,Sled,
data/thin/silhouette/sled_PNG6.png,Sled,
data/thin/silhouette/snails_PNG13189.png,Snails,
data/thin/silhouette/snails_PNG13190.png,Snails,
data/thin/silhouette/snails_PNG13192.png,Snails,
data/thin/silhouette/snails_PNG13193.png,Snails,"Based on the image provided, the main object is a snail. It is represented as a black silhouette against a white background, showing the characteristic shape of a snail with a shell and a long, thin body.

The correct class name from the list is:

Snails"
data/thin/silhouette/snails_PNG13194.png,Snails,
data/thin/silhouette/snails_PNG13196.png,Snails,
data/thin/silhouette/snails_PNG13197.png,Snails,
data/thin/silhouette/snails_PNG13198b.png,Snails,
data/thin/silhouette/snails_PNG13198c.png,Snails,"Based on the visual information provided, the main object in the image is a black silhouette of a bird, specifically a crane, which is identifiable by its long neck and legs.

The correct class name from the list is:
Crane"
data/thin/silhouette/snails_PNG13204.png,Snails,
data/thin/silhouette/snails_PNG13205.png,Snails,"Based on the image provided, the main object is a snail. It is depicted as a silhouette, which is a common representation of the animal.

The correct class name from the list is:

Snails"
data/thin/silhouette/snails_PNG13207.png,Snails,
data/thin/silhouette/snails_PNG13209.png,Snails,"Based on the image provided, the main object is a silhouette of a microphone.

The object has a rounded head, a neck, and a long, thin body extending from the neck, with a small protrusion at the end, which is characteristic of a microphone.

Therefore, the correct class name is:

Microphone"
data/thin/silhouette/snails_PNG13211.png,Snails,
data/thin/silhouette/snails_PNG13212.png,Snails,
data/thin/silhouette/snails_PNG13213.png,Snails,
data/thin/silhouette/snails_PNG13214.png,Snails,
data/thin/silhouette/snails_PNG13215.png,Snails,
data/thin/silhouette/snake_PNG4044.png,Snake,"Based on the image provided, the main object is a black, wavy line that resembles a snake. This is a clear representation of a snake, which is one of the classes listed.

The correct class name is:
Snake"
data/thin/silhouette/snake_PNG4077.png,Snake,
data/thin/silhouette/snake_PNG4080.png,Snake,
data/thin/silhouette/snake_PNG4086.png,Snake,
data/thin/silhouette/sofa_PNG6953.png,Sofa,
data/thin/silhouette/spear_PNG10.png,Spear,"Based on the visual information provided in the image, the object is a spear. It is characterized by a long, straight shaft and a pointed tip, which are typical features of a spear.

From the given list of classes, the correct identification is:

Spear"
data/thin/silhouette/spear_PNG14.png,Spear,"Based on the image provided, the main object is a spear.

The object in the image is a spear, which is a type of long, pointed weapon with a shaft and a sharp tip. It is a classic example of a polearm used in combat.

From the given list of classes, the correct identification is:

Spear"
data/thin/silhouette/spear_PNG16.png,Spear,
data/thin/silhouette/spear_PNG17.png,Spear,"Based on the image provided, the object is a spear. It is a long, thin shaft with a pointed tip, which is characteristic of a spear.

The correct class name from the list is:
Spear"
data/thin/silhouette/spear_PNG19.png,Spear,
data/thin/silhouette/spear_PNG2.png,Spear,
data/thin/silhouette/spear_PNG23.png,Spear,"Based on the image provided, the main object is a spear. It is a long, pointed weapon with a straight shaft and a sharp tip.

The correct class name from the list is:

Spear"
data/thin/silhouette/spear_PNG27.png,Spear,
data/thin/silhouette/spear_PNG28.png,Spear,"Based on the image provided, the main object is a spear.

The object has a long, straight shaft and a pointed tip, which are characteristic features of a spear. It is a simple, black silhouette against a white background.

The correct class name from the list is:

Spear"
data/thin/silhouette/spear_PNG29.png,Spear,
data/thin/silhouette/spear_PNG31.png,Spear,
data/thin/silhouette/spear_PNG32.png,Spear,"Based on the image provided, the main object is a spear.

The object depicted is a long, slender shaft with a pointed tip, which is characteristic of a spear.

Therefore, the correct class name is:

Spear"
data/thin/silhouette/spear_PNG33.png,Spear,"Based on the image provided, the main object is a spear. It is a long, pointed weapon with a shaft and a tip, which is characteristic of a spear.

Spear

Spear"
data/thin/silhouette/spear_PNG4.png,Spear,"Based on the image provided, the main object is a spear.

The object in the image is a long, thin shaft with a pointed tip and a sharp, conical tip, which is characteristic of a spear.

Therefore, the correct class name is:

Spear"
data/thin/silhouette/spear_PNG40.png,Spear,Spear
data/thin/silhouette/spear_PNG45.png,Spear,
data/thin/silhouette/spear_PNG5.png,Spear,"Based on the image provided, the main object is a spear.

The object has a long shaft and a pointed tip, which is characteristic of a spear.

The correct class name from the list is:
Spear"
data/thin/silhouette/spear_PNG51.png,Spear,
data/thin/silhouette/spear_PNG6.png,Spear,
data/thin/silhouette/spear_PNG9.png,Spear,
data/thin/silhouette/spider_PNG13.png,Spider,
data/thin/silhouette/spider_PNG20.png,Spider,
data/thin/silhouette/spider_PNG22.png,Spider,
data/thin/silhouette/spider_PNG27a.png,Spider,
data/thin/silhouette/spider_PNG27b.png,Spider,
data/thin/silhouette/spider_PNG27d.png,Spider,
data/thin/silhouette/spider_PNG27e.png,Spider,
data/thin/silhouette/spider_PNG29.png,Spider,
data/thin/silhouette/spider_PNG2a.png,Spider,
data/thin/silhouette/spider_PNG2b.png,Spider,
data/thin/silhouette/spider_PNG2c.png,Spider,
data/thin/silhouette/spider_PNG2d.png,Spider,
data/thin/silhouette/spider_PNG2e.png,Spider,"Based on the image provided, the main object is a black silhouette of an insect with six legs and a segmented body, which is characteristic of a spider.

Among the given classes, the most appropriate choice is:

Spider"
data/thin/silhouette/spider_PNG2g.png,Spider,
data/thin/silhouette/spider_PNG2h.png,Spider,
data/thin/silhouette/spider_PNG2i.png,Spider,
data/thin/silhouette/spider_PNG32.png,Spider,
data/thin/silhouette/spider_PNG33.png,Spider,
data/thin/silhouette/spider_PNG37.png,Spider,
data/thin/silhouette/spider_PNG39.png,Spider,
data/thin/silhouette/spider_PNG41.png,Spider,
data/thin/silhouette/spider_PNG42.png,Spider,
data/thin/silhouette/spider_PNG43.png,Spider,
data/thin/silhouette/spider_PNG44.png,Spider,
data/thin/silhouette/spider_PNG5.png,Spider,
data/thin/silhouette/spider_PNG6.png,Spider,
data/thin/silhouette/spider_PNG7.png,Spider,
data/thin/silhouette/spider_PNG8.png,Spider,
data/thin/silhouette/spoon_PNG3035.png,Spoon,The main object in the image is: Spoon
data/thin/silhouette/spoon_PNG3037.png,Spoon,
data/thin/silhouette/spoon_PNG3038.png,Spoon,
data/thin/silhouette/spoon_PNG3039.png,Spoon,
data/thin/silhouette/spoon_PNG3041.png,Spoon,
data/thin/silhouette/spoon_PNG3043.png,Spoon,"Based on the image provided, the main object is a spoon.

The correct class name from the list is:
Spoon"
data/thin/silhouette/spoon_PNG3045.png,Spoon,
data/thin/silhouette/spoon_PNG3046.png,Spoon,
data/thin/silhouette/spoon_PNG3048 - Copy.png,Spoon,The main object in the image is: Fork
data/thin/silhouette/spoon_PNG3048.png,Spoon,
data/thin/silhouette/squid_PNG3.png,Squid,"Based on the visual information provided in the image, the main object is a squid. The image shows a silhouette of a squid, which is a type of cephalopod known for its distinctive shape and tentacles.

From the given list of classes, the correct identification is:

Squid"
data/thin/silhouette/starfish_PNG16a.png,Starfish,
data/thin/silhouette/starfish_PNG16b.png,Starfish,The main object in the image is a starfish.
data/thin/silhouette/starfish_PNG4.png,Starfish,
data/thin/silhouette/starfish_PNG6.png,Starfish,Starfish
data/thin/silhouette/statue_of_liberty_PNG1.png,Statue Of Liberty,
data/thin/silhouette/statue_of_liberty_PNG11.png,Statue Of Liberty,"Based on the visual information provided in the image, the main object is a silhouette of a statue. The specific features, such as the raised arm holding a torch and the crown on the head, are characteristic of the Statue of Liberty.

Therefore, the correct class name is:

Statue Of Liberty"
data/thin/silhouette/statue_of_liberty_PNG17.png,Statue Of Liberty,
data/thin/silhouette/statue_of_liberty_PNG2.png,Statue Of Liberty,The main object in the image is the Statue of Liberty.
data/thin/silhouette/statue_of_liberty_PNG30.png,Statue Of Liberty,
data/thin/silhouette/statue_of_liberty_PNG5.png,Statue Of Liberty,
data/thin/silhouette/statue_of_liberty_PNG6.png,Statue Of Liberty,The main object in the image is the Statue of Liberty.
data/thin/silhouette/statue_of_liberty_PNG9.png,Statue Of Liberty,
data/thin/silhouette/stethoscope_PNG103.png,Stethoscope,
data/thin/silhouette/stethoscope_PNG111.png,Stethoscope,"Based on the visual information provided in the image, the main object is a medical instrument used for listening to the internal sounds of the body.

The object has a distinctive shape: a long, curved tube with a rounded end and a small, circular knob on the end. This is the characteristic design of a stethoscope.

Therefore, the correct class name is:

Stethoscope"
data/thin/silhouette/stethoscope_PNG114.png,Stethoscope,"Based on the image provided, the main object is a medical instrument.

The object is a stethoscope, which is used for listening to internal sounds of the body. The image shows the silhouette of a stethoscope, which consists of two earpieces connected by a tube and a chest piece.

Therefore, the correct class name from the list is:

Stethoscope"
data/thin/silhouette/stethoscope_PNG117.png,Stethoscope,"Based on the image provided, the main object is a medical instrument used for listening to internal sounds of the body.

The object in the image is a stethoscope.

Stethoscope"
data/thin/silhouette/stethoscope_PNG122.png,Stethoscope,
data/thin/silhouette/stethoscope_PNG13.png,Stethoscope,"Based on the visual information in the image, the main object is a stethoscope.

The correct class name from the list provided is:

Stethoscope"
data/thin/silhouette/stethoscope_PNG19.png,Stethoscope,"Based on the visual information provided in the image, the main object is a medical instrument.

The object depicted is a stethoscope, which is used by doctors and nurses to listen to the internal sounds of the body.

Therefore, the correct class name from the list is:

Stethoscope"
data/thin/silhouette/stethoscope_PNG33.png,Stethoscope,
data/thin/silhouette/stethoscope_PNG36.png,Stethoscope,
data/thin/silhouette/stethoscope_PNG38.png,Stethoscope,
data/thin/silhouette/stethoscope_PNG5.png,Stethoscope,
data/thin/silhouette/stethoscope_PNG62.png,Stethoscope,
data/thin/silhouette/stethoscope_PNG63.png,Stethoscope,
data/thin/silhouette/stethoscope_PNG65.png,Stethoscope,The main object in the image is: Stethoscope
data/thin/silhouette/stethoscope_PNG73.png,Stethoscope,"Based on the image provided, the main object is a medical instrument used for listening to internal sounds of the body. The object has two earpieces connected by a flexible tube and a diaphragm at one end, which is characteristic of a stethoscope.

The correct class name from the list is:

Stethoscope"
data/thin/silhouette/stethoscope_PNG75.png,Stethoscope,
data/thin/silhouette/stethoscope_PNG81.png,Stethoscope,"Based on the image provided, the main object is a medical instrument used for listening to internal body sounds.

The correct class name from the list is:

Stethoscope"
data/thin/silhouette/stethoscope_PNG82.png,Stethoscope,The main object in the image is: Stethoscope
data/thin/silhouette/stethoscope_PNG85.png,Stethoscope,"Based on the image provided, the object is a medical instrument used for listening to internal body sounds.

The object in the image is a stethoscope. The stethoscope is a medical device used to listen to internal body sounds such as heartbeats and breath sounds.

Therefore, the correct class name is:

Stethoscope"
data/thin/silhouette/stethoscope_PNG86.png,Stethoscope,
data/thin/silhouette/stethoscope_PNG88.png,Stethoscope,
data/thin/silhouette/stork_PNG1.png,Stork,"Based on the provided image, the main object is a bird.

The correct class name from the list is:

Stork"
data/thin/silhouette/stork_PNG11.png,Stork,
data/thin/silhouette/stork_PNG12.png,Stork,"Based on the image provided, the main object is a bird. The silhouette clearly shows a stork, which is a type of bird.

The correct class name from the list is:
Stork"
data/thin/silhouette/stork_PNG19.png,Stork,"Based on the visual information in the image, the main object is a bird.

The most accurate class from the provided list is:
- Stork

This is because the image shows a silhouette of a stork, which is a type of bird. The other classes listed are either not relevant or do not match the visual content.

Stork"
data/thin/silhouette/stork_PNG27.png,Stork,"Based on the visual information provided in the image, the main object is a bird.

The image displays a silhouette of a large bird with a long neck, a long beak, and a slender body, standing on one leg. The features are characteristic of a stork.

From the given list of classes, the correct identification is:

Stork"
data/thin/silhouette/stork_PNG31.png,Stork,"Based on the image provided, the main object is a silhouette of a bird.

Looking at the options provided, the most appropriate class name is:

Stork"
data/thin/silhouette/stork_PNG39.png,Stork,"Based on the image provided, the main object is a bird. The image is a black silhouette of a large bird, which appears to be a stork.

From the given list of classes, the correct one is:

Stork"
data/thin/silhouette/stork_PNG40.png,Stork,"Based on the image provided, the main object is a bird in flight.

From the given list of classes, the correct identification is:

Crane"
data/thin/silhouette/stork_PNG46.png,Stork,"Based on the visual information provided in the image, the main object is a bird. Specifically, its features such as a long neck, long beak, and slender legs are characteristic of a stork.

From the given list of classes, the correct identification is:

Stork"
data/thin/silhouette/street_light_PNG11509.png,Street Light,
data/thin/silhouette/street_light_PNG11510a.png,Street Light,
data/thin/silhouette/street_light_PNG11510b.png,Street Light,
data/thin/silhouette/street_light_PNG11510c.png,Street Light,
data/thin/silhouette/street_light_PNG11510d.png,Street Light,
data/thin/silhouette/street_light_PNG11515.png,Street Light,"Based on the provided image, the main object is a street light. This is a tall, vertical structure with a lamp head at the top, which is characteristic of a street lamp.

The correct class name from the list is:

Street Light"
data/thin/silhouette/street_light_PNG11518.png,Street Light,"Based on the visual information provided in the image, the main object is a street light.

The object has the following characteristics:
- It is a tall, vertical structure.
- It has a distinct base, a central pole, and a top section that includes a lamp head.
- The shape is consistent with that of a traditional street lamp.

From the provided list of classes, the correct identification is:

Street Light"
data/thin/silhouette/street_light_PNG11519.png,Street Light,"Based on the image provided, the main object is a street light. This is identified by its characteristic features: a tall pole with three lamp heads, which is typical of a traditional ornamental or public street lamp.

The correct class name from the list is:

Street Light"
data/thin/silhouette/street_light_PNG11520.png,Street Light,"Based on the image provided, the main object is a street light.

The correct class name from the list is:
Street Light"
data/thin/silhouette/street_light_PNG11525.png,Street Light,
data/thin/silhouette/street_light_PNG11527.png,Street Light,The main object in the image is: Street Light
data/thin/silhouette/street_light_PNG11531.png,Street Light,"Based on the image provided, the main object is a street light.

The correct class name from the list is:
Street Light"
data/thin/silhouette/street_light_PNG11532.png,Street Light,"Based on the visual information provided in the image, the main object is a silhouette of a street light.

The object has a distinct shape with a curved top, a lantern-like body, and a hanging arm, which are characteristic features of a street lamp.

Therefore, the correct class name is:

Street Light"
data/thin/silhouette/street_light_PNG11538.png,Street Light,"Based on the provided image, the main object is a street light.

The correct class name from the list is:
Street Light"
data/thin/silhouette/street_light_PNG11542.png,Street Light,Street Light
data/thin/silhouette/street_light_PNG11543.png,Street Light,"Based on the image provided, the main object is a street light. The silhouette clearly shows a lamp with a decorative top and a mounting arm, which is characteristic of a traditional outdoor wall-mounted lamp.

From the given list of classes, the correct identification is:

Street Light"
data/thin/silhouette/street_light_PNG11545.png,Street Light,
data/thin/silhouette/submarine_PNG44.png,Submarine,"Based on the image provided, the main object is a submarine.

The image shows a silhouette of a submarine, which is a type of underwater vehicle. It has a long, streamlined body, a conning tower at the front, and a tail fin.

Therefore, the correct class name from the list is:

Submarine"
data/thin/silhouette/submarine_PNG68.png,Submarine,"Based on the image provided, the main object is a submarine.

The object in the image is a black silhouette of a submarine, viewed from the side. It has a hull, a periscope, and a deck with what appears to be a gun turret.

Therefore, the correct class name from the list is:

Submarine"
data/thin/silhouette/suitcase_PNG10749.png,Suitcase,
data/thin/silhouette/suitcase_PNG10750.png,Suitcase,
data/thin/silhouette/suitcase_PNG10751.png,Suitcase,
data/thin/silhouette/suitcase_PNG10752.png,Suitcase,
data/thin/silhouette/suitcase_PNG10753.png,Suitcase,
data/thin/silhouette/suitcase_PNG10754.png,Suitcase,
data/thin/silhouette/suitcase_PNG10755.png,Suitcase,
data/thin/silhouette/suitcase_PNG10756.png,Suitcase,
data/thin/silhouette/suitcase_PNG10757.png,Suitcase,
data/thin/silhouette/suitcase_PNG10758.png,Suitcase,
data/thin/silhouette/suitcase_PNG10759.png,Suitcase,
data/thin/silhouette/suitcase_PNG10761.png,Suitcase,
data/thin/silhouette/suitcase_PNG10762.png,Suitcase,
data/thin/silhouette/suitcase_PNG10763.png,Suitcase,
data/thin/silhouette/suitcase_PNG10764.png,Suitcase,
data/thin/silhouette/suitcase_PNG10770.png,Suitcase,
data/thin/silhouette/suitcase_PNG10773.png,Suitcase,
data/thin/silhouette/suitcase_PNG10774.png,Suitcase,
data/thin/silhouette/suitcase_PNG10775.png,Suitcase,
data/thin/silhouette/sunflower_PNG13366a.png,Sunflower,
data/thin/silhouette/sunflower_PNG13366b.png,Sunflower,
data/thin/silhouette/sunflower_PNG13385.png,Sunflower,
data/thin/silhouette/sunflower_PNG13390.png,Sunflower,
data/thin/silhouette/sunflower_PNG13393.png,Sunflower,
data/thin/silhouette/sunflower_PNG13403.png,Sunflower,
data/thin/silhouette/sunglasses_PNG101.png,Sunglasses,
data/thin/silhouette/sunglasses_PNG114a.png,Sunglasses,
data/thin/silhouette/sunglasses_PNG114b.png,Sunglasses,
data/thin/silhouette/sunglasses_PNG116.png,Sunglasses,
data/thin/silhouette/sunglasses_PNG117a.png,Sunglasses,
data/thin/silhouette/sunglasses_PNG117b.png,Sunglasses,
data/thin/silhouette/sunglasses_PNG119.png,Sunglasses,
data/thin/silhouette/sunglasses_PNG120.png,Sunglasses,The main object in the image is Sunglasses.
data/thin/silhouette/sunglasses_PNG122.png,Sunglasses,
data/thin/silhouette/sunglasses_PNG124.png,Sunglasses,
data/thin/silhouette/sunglasses_PNG127.png,Sunglasses,
data/thin/silhouette/sunglasses_PNG128.png,Sunglasses,Sunglasses
data/thin/silhouette/sunglasses_PNG129.png,Sunglasses,Sunglasses
data/thin/silhouette/sunglasses_PNG13.png,Sunglasses,
data/thin/silhouette/sunglasses_PNG132.png,Sunglasses,
data/thin/silhouette/sunglasses_PNG137.png,Sunglasses,
data/thin/silhouette/sunglasses_PNG17.png,Sunglasses,
data/thin/silhouette/sunglasses_PNG29.png,Sunglasses,
data/thin/silhouette/sunglasses_PNG45.png,Sunglasses,The main object in the image is Sunglasses.
data/thin/silhouette/sunglasses_PNG50.png,Sunglasses,
data/thin/silhouette/sunglasses_PNG55.png,Sunglasses,Sunglasses
data/thin/silhouette/sunglasses_PNG8.png,Sunglasses,The main object in the image is Sunglasses.
data/thin/silhouette/sunglasses_PNG88.png,Sunglasses,"Based on the image provided, the main object is a pair of sunglasses.

The correct class name from the list is:
Sunglasses"
data/thin/silhouette/sunglasses_PNG89.png,Sunglasses,Sunglasses
data/thin/silhouette/sunglasses_PNG94.png,Sunglasses,
data/thin/silhouette/sunglasses_PNG97.png,Sunglasses,
data/thin/silhouette/sunglasses_PNG98.png,Sunglasses,"Based on the image provided, the main object is a pair of sunglasses.

From the given list of classes, the correct identification is:

Sunglasses"
data/thin/silhouette/swan_PNG30.png,Swan,"Based on the image provided, the main object is a silhouette of a bird. Specifically, it is a swan due to its characteristic long neck and body shape.

The correct class name from the list is:
Swan"
data/thin/silhouette/swan_PNG46.png,Swan,"Based on the image provided, the main object is a bird in flight.

The correct class from the list is:

Swan"
data/thin/silhouette/swan_PNG51.png,Swan,"Based on the visual information provided in the image, the main object is a bird with a distinct shape and posture.

The object is a **Swan**. It is depicted as a black silhouette with its wings spread wide, a long neck, and two legs. The image is a simple representation of the bird's form.

Therefore, the correct class name is:

Swan"
data/thin/silhouette/swan_PNG53.png,Swan,
data/thin/silhouette/sword_PNG5499.png,Sword,
data/thin/silhouette/sword_PNG5500.png,Sword,
data/thin/silhouette/sword_PNG5503.png,Sword,
data/thin/silhouette/sword_PNG5506.png,Sword,"Based on the image provided, the main object is a sword.

The correct class name from the list is:
Sword"
data/thin/silhouette/sword_PNG5507.png,Sword,
data/thin/silhouette/sword_PNG5509.png,Sword,
data/thin/silhouette/sword_PNG5513.png,Sword,
data/thin/silhouette/sword_PNG5521.png,Sword,
data/thin/silhouette/sword_PNG5522.png,Sword,
data/thin/silhouette/sword_PNG5523.png,Sword,
data/thin/silhouette/sword_PNG5525.png,Sword,
data/thin/silhouette/sword_PNG5526.png,Sword,
data/thin/silhouette/syringe_PNG12375a.png,Syringe,
data/thin/silhouette/syringe_PNG12376.png,Syringe,
data/thin/silhouette/syringe_PNG12384.png,Syringe,"Based on the visual information provided in the image, the main object is a medical instrument.

The object is a syringe, which is a tool used for injecting medication or fluids. The image shows a silhouette of a syringe with a needle, which is the most prominent feature.

Therefore, the correct class name is:

Syringe"
data/thin/silhouette/syringe_PNG12386.png,Syringe,"Based on the image provided, the main object is a medical device designed for injecting substances, which is a syringe.

From the list of classes provided, the correct identification is:

Syringe"
data/thin/silhouette/syringe_PNG12393.png,Syringe,Syringe
data/thin/silhouette/syringe_PNG12394.png,Syringe,The main object in the image is: Syringe
data/thin/silhouette/table_PNG6972.png,Table,
data/thin/silhouette/table_PNG6973.png,Table,
data/thin/silhouette/table_PNG6974.png,Table,
data/thin/silhouette/table_PNG6975.png,Table,"Based on the image provided, the main object is a table. It is depicted as a silhouette with a flat top and four legs, which is characteristic of a table.

The correct class name from the list is:
Table"
data/thin/silhouette/table_PNG6977.png,Table,
data/thin/silhouette/table_PNG6979.png,Table,
data/thin/silhouette/table_PNG6981.png,Table,
data/thin/silhouette/table_PNG6983.png,Table,
data/thin/silhouette/table_PNG6984.png,Table,
data/thin/silhouette/table_PNG6985.png,Table,
data/thin/silhouette/table_PNG6986.png,Table,
data/thin/silhouette/table_PNG6988.png,Table,Table
data/thin/silhouette/table_PNG6989.png,Table,"Based on the visual information provided in the image, the main object is a piece of furniture with a flat top and four legs, which is characteristic of a table.

From the given list of classes, the most appropriate identification is:

Table"
data/thin/silhouette/table_PNG6990.png,Table,
data/thin/silhouette/table_PNG6991.png,Table,"Based on the visual information provided in the image, the main object is a table.

The image shows a silhouette of a piece of furniture with a flat top and four legs, which is characteristic of a table.

From the given list of classes, the correct identification is:

Table"
data/thin/silhouette/table_PNG6993.png,Table,"Based on the visual information provided in the image, the main object is a table.

The object has a rectangular top and four legs with a distinct design, which is characteristic of a table. The image is a black silhouette, but the shape and structure are clear.

From the given list of classes, the correct identification is:

Table"
data/thin/silhouette/table_PNG6995.png,Table,
data/thin/silhouette/table_PNG6996.png,Table,
data/thin/silhouette/table_PNG6997a.png,Table,Chair
data/thin/silhouette/table_PNG6997b.png,Table,Chair
data/thin/silhouette/table_PNG6997c.png,Table,Table
data/thin/silhouette/table_PNG6997e.png,Table,Table
data/thin/silhouette/table_PNG6997f.png,Table,Table
data/thin/silhouette/table_PNG6997g.png,Table,Table
data/thin/silhouette/table_PNG6997i.png,Table,Table
data/thin/silhouette/table_PNG6998.png,Table,
data/thin/silhouette/table_PNG7000.png,Table,
data/thin/silhouette/table_PNG7005.png,Table,
data/thin/silhouette/table_PNG7006.png,Table,
data/thin/silhouette/table_PNG7007.png,Table,
data/thin/silhouette/table_PNG7008.png,Table,
data/thin/silhouette/tank_PNG1285.png,Tank,"Based on the image provided, the main object is a silhouette of a tank. The object has a distinct shape with a long, cylindrical gun barrel extending from the turret, which is characteristic of a tank.

The correct class name from the list is:

Tank"
data/thin/silhouette/tank_PNG1297.png,Tank,
data/thin/silhouette/tank_PNG1299.png,Tank,"Based on the visual information provided in the image, the main object is a tank. This is a military vehicle characterized by its armored hull, tracks, and a long cannon. The image is a silhouette, which makes it a clear representation of the tank's shape.

The correct class from the list is:

Tank"
data/thin/silhouette/tank_PNG1302.png,Tank,
data/thin/silhouette/tank_PNG1307.png,Tank,"Based on the visual information provided in the image, the main object is a silhouette of a tank.

The object is clearly identifiable as a military vehicle, specifically a tank, due to its characteristic shape, including the main body, turret, and a long cannon extending from the front.

Therefore, the correct class name is:

Tank"
data/thin/silhouette/tank_PNG1308.png,Tank,
data/thin/silhouette/tank_PNG1309.png,Tank,
data/thin/silhouette/tank_PNG1310.png,Tank,
data/thin/silhouette/tank_PNG1320.png,Tank,
data/thin/silhouette/tank_PNG1322.png,Tank,
data/thin/silhouette/tank_PNG1324.png,Tank,"Based on the visual information provided in the image, the main object is a tank. This is identifiable by its distinct silhouette, which includes a long barrel, a turret, and a hull, all characteristic features of a military tank.

The correct class name from the list is:

Tank"
data/thin/silhouette/tap_PNG1.png,Tap,
data/thin/silhouette/tap_PNG101.png,Tap,
data/thin/silhouette/tap_PNG11.png,Tap,
data/thin/silhouette/tap_PNG114.png,Tap,
data/thin/silhouette/tap_PNG115.png,Tap,
data/thin/silhouette/tap_PNG12.png,Tap,
data/thin/silhouette/tap_PNG130.png,Tap,
data/thin/silhouette/tap_PNG131.png,Tap,
data/thin/silhouette/tap_PNG16.png,Tap,Tap
data/thin/silhouette/tap_PNG17.png,Tap,
data/thin/silhouette/tap_PNG19.png,Tap,
data/thin/silhouette/tap_PNG2.png,Tap,
data/thin/silhouette/tap_PNG27.png,Tap,
data/thin/silhouette/tap_PNG30.png,Tap,
data/thin/silhouette/tap_PNG38.png,Tap,"Based on the visual information provided in the image, the main object is a kitchen faucet.

The object has a distinct silhouette with a vertical body, a curved spout, and a handle, which are characteristic features of a kitchen tap.

From the given list of classes, the correct one is:

Tap"
data/thin/silhouette/tap_PNG47.png,Tap,
data/thin/silhouette/tap_PNG48.png,Tap,
data/thin/silhouette/tap_PNG55.png,Tap,
data/thin/silhouette/tap_PNG58.png,Tap,
data/thin/silhouette/tap_PNG6.png,Tap,
data/thin/silhouette/tap_PNG60.png,Tap,
data/thin/silhouette/tap_PNG61.png,Tap,
data/thin/silhouette/tap_PNG66.png,Tap,
data/thin/silhouette/tap_PNG68.png,Tap,
data/thin/silhouette/tap_PNG73.png,Tap,
data/thin/silhouette/tap_PNG76.png,Tap,
data/thin/silhouette/tap_PNG9.png,Tap,
data/thin/silhouette/tap_PNG91.png,Tap,
data/thin/silhouette/tap_PNG95.png,Tap,
data/thin/silhouette/tap_PNG99.png,Tap,
data/thin/silhouette/telephone_booth_PNG37.png,Telephone Booth,
data/thin/silhouette/telephone_booth_PNG39.png,Telephone Booth,"Based on the visual information provided in the image, the main object is a telephone booth.

The image is a silhouette of a classic British telephone booth, which is a well-known structure. It is characterized by its distinctive rectangular shape, a curved top, and a window with a grid pattern.

From the provided list of classes, the most accurate match is:

Telephone Booth"
data/thin/silhouette/telephone_booth_PNG43.png,Telephone Booth,"Based on the visual information provided in the image, the main object is a telephone booth.

The image shows a tall, black structure with a curved top, which is characteristic of a classic British telephone booth. The object is clearly identifiable as a telephone booth.

The correct class name from the list is:

Telephone Booth"
data/thin/silhouette/telephone_booth_PNG7.png,Telephone Booth,"Based on the image provided, the main object is a telephone booth. This is a classic, iconic structure often associated with the United Kingdom.

The correct class name from the list is:
Telephone Booth"
data/thin/silhouette/telescope_PNG1.png,Telescope,
data/thin/silhouette/telescope_PNG101.png,Telescope,
data/thin/silhouette/telescope_PNG102.png,Telescope,
data/thin/silhouette/telescope_PNG105.png,Telescope,
data/thin/silhouette/telescope_PNG107.png,Telescope,The main object in the image is a Telescope.
data/thin/silhouette/telescope_PNG112.png,Telescope,
data/thin/silhouette/telescope_PNG114.png,Telescope,
data/thin/silhouette/telescope_PNG13.png,Telescope,"Based on the visual information in the image, the main object is a telescope. It is depicted as a black silhouette on a tripod, which is the typical setup for an astronomical telescope.

The correct class name from the list is:

Telescope"
data/thin/silhouette/telescope_PNG17.png,Telescope,
data/thin/silhouette/telescope_PNG18.png,Telescope,
data/thin/silhouette/telescope_PNG19.png,Telescope,
data/thin/silhouette/telescope_PNG2.png,Telescope,
data/thin/silhouette/telescope_PNG35.png,Telescope,
data/thin/silhouette/telescope_PNG40.png,Telescope,
data/thin/silhouette/telescope_PNG41.png,Telescope,Telescope
data/thin/silhouette/telescope_PNG43.png,Telescope,
data/thin/silhouette/telescope_PNG52.png,Telescope,"Based on the visual information provided, the image is completely black and does not contain any discernible objects or subjects. Therefore, it is not possible to identify a main object from the list of classes provided.

Since no object is visible, the correct answer is:

None of the provided classes."
data/thin/silhouette/telescope_PNG53.png,Telescope,
data/thin/silhouette/telescope_PNG57.png,Telescope,
data/thin/silhouette/telescope_PNG60.png,Telescope,
data/thin/silhouette/telescope_PNG61.png,Telescope,
data/thin/silhouette/telescope_PNG63.png,Telescope,
data/thin/silhouette/telescope_PNG67.png,Telescope,
data/thin/silhouette/telescope_PNG69.png,Telescope,
data/thin/silhouette/telescope_PNG75.png,Telescope,"Based on the image provided, the main object is a telescope mounted on a tripod. This is a common scientific instrument used for observing distant objects.

The correct class name from the list is:

Telescope"
data/thin/silhouette/telescope_PNG80.png,Telescope,
data/thin/silhouette/telescope_PNG87.png,Telescope,
data/thin/silhouette/telescope_PNG97.png,Telescope,
data/thin/silhouette/telescope_PNG99.png,Telescope,
data/thin/silhouette/tent_PNG2.png,Tent,
data/thin/silhouette/tent_PNG24.png,Tent,
data/thin/silhouette/tent_PNG3.png,Tent,"Based on the image provided, the main object is a tent.

The correct class name from the list is:
Tent"
data/thin/silhouette/tent_PNG30.png,Tent,"Based on the visual information provided in the image, the main object is a tent. The image shows a black silhouette of a tent with poles and a roof, which is a common structure for camping or outdoor use.

From the list of classes provided, the correct identification is:

Tent"
data/thin/silhouette/tent_PNG33.png,Tent,
data/thin/silhouette/tent_PNG34.png,Tent,
data/thin/silhouette/tent_PNG35.png,Tent,
data/thin/silhouette/tent_PNG36.png,Tent,
data/thin/silhouette/tent_PNG38.png,Tent,
data/thin/silhouette/tent_PNG4.png,Tent,
data/thin/silhouette/tent_PNG40.png,Tent,
data/thin/silhouette/tent_PNG5.png,Tent,
data/thin/silhouette/tent_PNG50.png,Tent,The main object in the image is a tent.
data/thin/silhouette/tent_PNG6.png,Tent,
data/thin/silhouette/tent_PNG9.png,Tent,
data/thin/silhouette/tie_PNG8174.png,Tie,
data/thin/silhouette/tie_PNG8175.png,Tie,
data/thin/silhouette/tie_PNG8180.png,Tie,
data/thin/silhouette/tie_PNG8182.png,Tie,"Based on the image provided, the main object is a tie.

The correct class name from the list is:
Tie"
data/thin/silhouette/tie_PNG8192.png,Tie,Tie
data/thin/silhouette/tie_PNG8194.png,Tie,Tie
data/thin/silhouette/tie_PNG8196.png,Tie,
data/thin/silhouette/tie_PNG8197.png,Tie,
data/thin/silhouette/time_bomb_PNG1.png,Time Bomb,
data/thin/silhouette/time_bomb_PNG11.png,Time Bomb,"Based on the visual information provided in the image, the main object is a telephone.

The image shows a silhouette of a telephone, identifiable by its distinct shape and the coiled wire or cable extending from it. The object is rendered in black and white, with the main body and the coiled cable being the most prominent features.

Therefore, the correct class name from the list is:

Telephone"
data/thin/silhouette/time_bomb_PNG2.png,Time Bomb,
data/thin/silhouette/time_bomb_PNG3.png,Time Bomb,
data/thin/silhouette/time_bomb_PNG6.png,Time Bomb,"Based on the visual information provided in the image, the main object is a black silhouette of a gas mask. This is evident from the distinct shape, including the rectangular body, the protruding filter or mask part, and the attached straps, which are characteristic features of a gas mask.

The correct class name from the list is:
Gas Mask"
data/thin/silhouette/time_bomb_PNG8.png,Time Bomb,
data/thin/silhouette/time_bomb_PNG9.png,Time Bomb,
data/thin/silhouette/titanic_PNG19.png,Titanic,"Based on the image provided, the main object is a large, four-masted ship with multiple smokestacks, which is characteristic of a famous historical vessel.

The class name that best fits this description is:

Titanic"
data/thin/silhouette/titanic_PNG3.png,Titanic,"Based on the image provided, the main object is a large ship. The silhouette clearly shows a vessel with multiple smokestacks and a deck structure, which is characteristic of a steam-powered ship.

The class name that best fits this object is:

Ship"
data/thin/silhouette/titanic_PNG35.png,Titanic,Ship
data/thin/silhouette/titanic_PNG37.png,Titanic,"Based on the image provided, the main object is a silhouette of a large ship. Specifically, it is a steamship with multiple smokestacks and a tall mast, which is characteristic of a historical vessel like the Titanic.

The correct class name from the list is:

Ship"
data/thin/silhouette/titanic_PNG40.png,Titanic,
data/thin/silhouette/titanic_PNG5.png,Titanic,Ship
data/thin/silhouette/titanic_PNG7.png,Titanic,"Based on the visual information in the image, the main object is a large ship with multiple smokestacks and a complex rigging system, which is characteristic of a steam-powered ocean liner.

The correct class name from the list is:

Ship"
data/thin/silhouette/toothbrush_PNG102.png,Toothbrush,
data/thin/silhouette/toothbrush_PNG114.png,Toothbrush,
data/thin/silhouette/toothbrush_PNG119.png,Toothbrush,
data/thin/silhouette/toothbrush_PNG120.png,Toothbrush,
data/thin/silhouette/toothbrush_PNG121.png,Toothbrush,"Based on the image provided, the main object is a toothbrush.

The correct class name from the list is:
Toothbrush"
data/thin/silhouette/toothbrush_PNG122.png,Toothbrush,
data/thin/silhouette/toothbrush_PNG124.png,Toothbrush,
data/thin/silhouette/toothbrush_PNG125.png,Toothbrush,
data/thin/silhouette/toothbrush_PNG126.png,Toothbrush,
data/thin/silhouette/toothbrush_PNG127a.png,Toothbrush,
data/thin/silhouette/toothbrush_PNG127b.png,Toothbrush,
data/thin/silhouette/toothbrush_PNG128.png,Toothbrush,"Based on the visual information provided in the image, the main object is a long, slender object with a handle and a rounded, bulbous end, which is characteristic of a pipe.

Looking at the list of classes provided, the object most closely matches the description of a **Pipe**.

Therefore, the correct class name is:

Pipe"
data/thin/silhouette/toothbrush_PNG130.png,Toothbrush,
data/thin/silhouette/toothbrush_PNG132.png,Toothbrush,Toothbrush
data/thin/silhouette/toothbrush_PNG135.png,Toothbrush,Wineglass
data/thin/silhouette/toothbrush_PNG137b.png,Toothbrush,
data/thin/silhouette/toothbrush_PNG137c.png,Toothbrush,
data/thin/silhouette/toothbrush_PNG13a.png,Toothbrush,
data/thin/silhouette/toothbrush_PNG140.png,Toothbrush,Toothbrush
data/thin/silhouette/toothbrush_PNG142.png,Toothbrush,"Based on the visual information provided in the image, the object is a toothbrush.

The correct class name from the list is:
Toothbrush"
data/thin/silhouette/toothbrush_PNG153.png,Toothbrush,
data/thin/silhouette/toothbrush_PNG16.png,Toothbrush,
data/thin/silhouette/toothbrush_PNG163.png,Toothbrush,
data/thin/silhouette/toothbrush_PNG166.png,Toothbrush,Toothbrush
data/thin/silhouette/toothbrush_PNG167.png,Toothbrush,
data/thin/silhouette/toothbrush_PNG169.png,Toothbrush,
data/thin/silhouette/toothbrush_PNG17.png,Toothbrush,
data/thin/silhouette/toothbrush_PNG170.png,Toothbrush,
data/thin/silhouette/toothbrush_PNG171.png,Toothbrush,
data/thin/silhouette/toothbrush_PNG174.png,Toothbrush,
data/thin/silhouette/toothbrush_PNG179.png,Toothbrush,
data/thin/silhouette/toothbrush_PNG18.png,Toothbrush,
data/thin/silhouette/toothbrush_PNG181.png,Toothbrush,
data/thin/silhouette/toothbrush_PNG182a.png,Toothbrush,Toothbrush
data/thin/silhouette/toothbrush_PNG182c.png,Toothbrush,
data/thin/silhouette/toothbrush_PNG183.png,Toothbrush,
data/thin/silhouette/toothbrush_PNG184.png,Toothbrush,"Based on the visual information provided in the image, the object is a simple black silhouette of a tool with a handle and a head. The shape is consistent with a common household cleaning tool.

The object is a **Toothbrush**.

- The handle is long and straight.
- The head is rounded and appears to be designed for brushing teeth.
- This is a common and recognizable design for a toothbrush.

Therefore, the correct class name is:

Toothbrush"
data/thin/silhouette/toothbrush_PNG2.png,Toothbrush,
data/thin/silhouette/toothbrush_PNG21.png,Toothbrush,
data/thin/silhouette/toothbrush_PNG22.png,Toothbrush,
data/thin/silhouette/toothbrush_PNG25.png,Toothbrush,
data/thin/silhouette/toothbrush_PNG28.png,Toothbrush,
data/thin/silhouette/toothbrush_PNG30.png,Toothbrush,
data/thin/silhouette/toothbrush_PNG33.png,Toothbrush,
data/thin/silhouette/toothbrush_PNG34.png,Toothbrush,
data/thin/silhouette/toothbrush_PNG38.png,Toothbrush,
data/thin/silhouette/toothbrush_PNG42.png,Toothbrush,
data/thin/silhouette/toothbrush_PNG45.png,Toothbrush,
data/thin/silhouette/toothbrush_PNG49.png,Toothbrush,"Based on the image provided, the object is a toothbrush. It has a typical shape with a handle and a bristle head, which is consistent with the appearance of a toothbrush.

The correct class name from the list is:

Toothbrush"
data/thin/silhouette/toothbrush_PNG51.png,Toothbrush,Toothbrush
data/thin/silhouette/toothbrush_PNG52.png,Toothbrush,
data/thin/silhouette/toothbrush_PNG54.png,Toothbrush,"Based on the image provided, the main object is a long, slender tool with a handle and a rounded, brush-like end. This object is characteristic of a **mop**.

The object in the image is a **mop**.

mop"
data/thin/silhouette/toothbrush_PNG55.png,Toothbrush,
data/thin/silhouette/toothbrush_PNG56.png,Toothbrush,
data/thin/silhouette/toothbrush_PNG59.png,Toothbrush,
data/thin/silhouette/toothbrush_PNG65.png,Toothbrush,
data/thin/silhouette/toothbrush_PNG70.png,Toothbrush,
data/thin/silhouette/toothbrush_PNG77.png,Toothbrush,Toothbrush
data/thin/silhouette/toothbrush_PNG78b.png,Toothbrush,
data/thin/silhouette/toothbrush_PNG79.png,Toothbrush,
data/thin/silhouette/toothbrush_PNG80.png,Toothbrush,Toothbrush
data/thin/silhouette/toothbrush_PNG81a.png,Toothbrush,
data/thin/silhouette/toothbrush_PNG81b.png,Toothbrush,
data/thin/silhouette/toothbrush_PNG84.png,Toothbrush,
data/thin/silhouette/toothbrush_PNG87.png,Toothbrush,
data/thin/silhouette/toothbrush_PNG92.png,Toothbrush,
data/thin/silhouette/toothbrush_PNG94b.png,Toothbrush,
data/thin/silhouette/toothbrush_PNG98.png,Toothbrush,
data/thin/silhouette/tractor_PNG16106.png,Tractor,"Based on the provided image and the list of classes, the main object is clearly identifiable.

The image displays a silhouette of a vehicle with a large front wheel, a smaller rear wheel, a driver's seat, a steering mechanism, and a tall exhaust pipe. This is characteristic of a farm or construction vehicle.

From the list of classes, the most accurate match is:

- **Tractor**

The other classes listed do not represent the object depicted in the image.

---
Tractor"
data/thin/silhouette/tractor_PNG16107.png,Tractor,
data/thin/silhouette/tractor_PNG16127.png,Tractor,
data/thin/silhouette/tractor_PNG16128.png,Tractor,
data/thin/silhouette/tractor_PNG16131.png,Tractor,
data/thin/silhouette/tractor_PNG16132.png,Tractor,
data/thin/silhouette/tractor_PNG16139.png,Tractor,"Based on the provided image, the main object is a large, heavy-duty vehicle with large wheels, which is characteristic of a tractor.

The correct class name from the list is:

Tractor"
data/thin/silhouette/tractor_PNG16164.png,Tractor,
data/thin/silhouette/tractor_PNG16165.png,Tractor,Tractor
data/thin/silhouette/tractor_PNG16167.png,Tractor,"Based on the provided image and the list of classes, the main object is clearly identifiable.

The image shows a silhouette of a vehicle with a driver's seat, steering wheel, and large rear wheels, which are characteristic features of a tractor.

From the list of classes provided, the correct identification is:

Tractor"
data/thin/silhouette/tractor_PNG16171.png,Tractor,"Based on the visual information provided in the image, the main object is a silhouette of a vehicle. The object has a large, robust body with two large, round wheels, a driver's seat, and a steering mechanism. These features are characteristic of a farm vehicle, specifically a tractor.

From the list of classes provided, the most appropriate identification is:

Tractor"
data/thin/silhouette/tractor_PNG16174.png,Tractor,
data/thin/silhouette/tractor_PNG16175.png,Tractor,
data/thin/silhouette/tram_PNG15.png,Tram,"Based on the visual information provided in the image, the main object is a large, dark, block-like shape with a small, curved structure on top, resembling a stylized representation of a train or a large vehicle.

The object is not a simple geometric shape but has a distinct form. It is not a person or animal, nor is it a tool or a piece of furniture. It appears to be a mechanical object, possibly a model or a conceptual representation.

After reviewing the provided list of classes"
data/thin/silhouette/tram_PNG33.png,Tram,"Based on the image provided, the main object is a black silhouette of a vehicle. Given the context and the visible features such as a large body, a roof, and a long antenna, this object is clearly identifiable as a drone.

The correct class name from the list is:

Drone"
data/thin/silhouette/trampoline_PNG1.png,Trampoline,
data/thin/silhouette/trampoline_PNG11.png,Trampoline,Trampoline
data/thin/silhouette/trampoline_PNG12.png,Trampoline,"Based on the image provided, the main object is a trampoline.

The correct class name from the list is:
Trampoline"
data/thin/silhouette/trampoline_PNG2.png,Trampoline,The main object in the image is a trampoline.
data/thin/silhouette/trampoline_PNG27.png,Trampoline,"Based on the image provided, the main object is a trampoline. The image shows a black, circular structure with a net-like pattern and four legs, which is characteristic of a trampoline.

Therefore, the correct class name is:

Trampoline"
data/thin/silhouette/trampoline_PNG29.png,Trampoline,
data/thin/silhouette/trampoline_PNG34.png,Trampoline,
data/thin/silhouette/trampoline_PNG5.png,Trampoline,
data/thin/silhouette/trampoline_PNG57.png,Trampoline,
data/thin/silhouette/trampoline_PNG6.png,Trampoline,
data/thin/silhouette/trampoline_PNG61.png,Trampoline,
data/thin/silhouette/trampoline_PNG62.png,Trampoline,
data/thin/silhouette/trampoline_PNG64.png,Trampoline,
data/thin/silhouette/trampoline_PNG65.png,Trampoline,
data/thin/silhouette/trampoline_PNG67.png,Trampoline,"Based on the visual information provided in the image, the main object is a trampoline safety net. This is a common accessory used with trampolines to provide safety and prevent falls. The image shows the black netting with its frame, which is characteristic of a trampoline safety net.

The correct class name from the list is:

Trampoline"
data/thin/silhouette/trampoline_PNG72.png,Trampoline,The main object in the image is a trampoline.
data/thin/silhouette/trampoline_PNG75.png,Trampoline,
data/thin/silhouette/trampoline_PNG82.png,Trampoline,
data/thin/silhouette/trampoline_PNG84.png,Trampoline,
data/thin/silhouette/trampoline_PNG85.png,Trampoline,"Based on the provided image, the main object is a trampoline.

The correct class name from the list is:
Trampoline"
data/thin/silhouette/trampoline_PNG9.png,Trampoline,
data/thin/silhouette/treadmill_PNG101.png,Treadmill,
data/thin/silhouette/treadmill_PNG14.png,Treadmill,
data/thin/silhouette/treadmill_PNG18.png,Treadmill,
data/thin/silhouette/treadmill_PNG19.png,Treadmill,
data/thin/silhouette/treadmill_PNG28.png,Treadmill,"Based on the image provided, the main object is a treadmill.

The correct class name from the list is:
Treadmill"
data/thin/silhouette/treadmill_PNG36.png,Treadmill,
data/thin/silhouette/treadmill_PNG38.png,Treadmill,"Based on the provided image and the list of classes, the main object is a treadmill.

The correct class name is:
Treadmill"
data/thin/silhouette/treadmill_PNG43.png,Treadmill,
data/thin/silhouette/treadmill_PNG6.png,Treadmill,
data/thin/silhouette/treadmill_PNG7.png,Treadmill,"Based on the image provided, the main object is a treadmill.

The correct class name from the list is:
Treadmill"
data/thin/silhouette/treadmill_PNG75.png,Treadmill,
data/thin/silhouette/treadmill_PNG8.png,Treadmill,
data/thin/silhouette/treadmill_PNG9.png,Treadmill,
data/thin/silhouette/treadmill_PNG94.png,Treadmill,"Based on the visual information provided in the image, the main object is a treadmill.

The object is a piece of exercise equipment that includes a running belt, a frame, and handrails. The silhouette is clearly identifiable as a treadmill.

Therefore, the correct class name is:

Treadmill"
data/thin/silhouette/treadmill_PNG99.png,Treadmill,The main object in the image is a treadmill.
data/thin/silhouette/tripod_PNG1.png,Tripod,
data/thin/silhouette/tripod_PNG100.png,Tripod,
data/thin/silhouette/tripod_PNG102.png,Tripod,
data/thin/silhouette/tripod_PNG109.png,Tripod,Video Camera
data/thin/silhouette/tripod_PNG112.png,Tripod,
data/thin/silhouette/tripod_PNG114.png,Tripod,
data/thin/silhouette/tripod_PNG115.png,Tripod,
data/thin/silhouette/tripod_PNG116.png,Tripod,Tripod
data/thin/silhouette/tripod_PNG117.png,Tripod,
data/thin/silhouette/tripod_PNG12.png,Tripod,"Based on the visual information provided in the image, the main object is a tripod.

The object is a three-legged support stand with a central column and a top head, which is characteristic of a tripod used for photography or videography.

From the given list of classes, the correct identification is:

Tripod"
data/thin/silhouette/tripod_PNG120.png,Tripod,"Based on the visual information provided in the image, the main object is a tall, black, three-legged structure with a top that appears to be a cross or a crown-like design, and the base has three spherical feet. This is characteristic of a specific type of decorative or functional object.

The object is a **tripod**.

---

The correct class name from the list is:
**Tripod**"
data/thin/silhouette/tripod_PNG131.png,Tripod,
data/thin/silhouette/tripod_PNG132.png,Tripod,
data/thin/silhouette/tripod_PNG133.png,Tripod,"Based on the image provided, the main object is a tripod.

The object in the image is a tripod, which is a three-legged support structure commonly used for holding equipment such as cameras or telescopes.

The correct class name from the list is:
Tripod"
data/thin/silhouette/tripod_PNG135.png,Tripod,
data/thin/silhouette/tripod_PNG139.png,Tripod,
data/thin/silhouette/tripod_PNG141.png,Tripod,
data/thin/silhouette/tripod_PNG144.png,Tripod,
data/thin/silhouette/tripod_PNG146.png,Tripod,
data/thin/silhouette/tripod_PNG16.png,Tripod,
data/thin/silhouette/tripod_PNG17.png,Tripod,
data/thin/silhouette/tripod_PNG2.png,Tripod,
data/thin/silhouette/tripod_PNG30.png,Tripod,
data/thin/silhouette/tripod_PNG33.png,Tripod,"Based on the image provided, the main object is a tripod.

The correct class name from the list is:
Tripod"
data/thin/silhouette/tripod_PNG36.png,Tripod,Tripod
data/thin/silhouette/tripod_PNG40.png,Tripod,
data/thin/silhouette/tripod_PNG43.png,Tripod,
data/thin/silhouette/tripod_PNG46.png,Tripod,
data/thin/silhouette/tripod_PNG48.png,Tripod,
data/thin/silhouette/tripod_PNG49.png,Tripod,
data/thin/silhouette/tripod_PNG52.png,Tripod,"Based on the visual information in the image, the main object is a camera mounted on a tripod.

The correct class name from the list provided is:

Video Camera"
data/thin/silhouette/tripod_PNG54.png,Tripod,"Based on the visual information provided in the image, the main object is a tripod. This is a common piece of equipment used in photography and videography to support a camera.

The correct class name from the list is:

Tripod"
data/thin/silhouette/tripod_PNG58.png,Tripod,
data/thin/silhouette/tripod_PNG63.png,Tripod,
data/thin/silhouette/tripod_PNG65.png,Tripod,
data/thin/silhouette/tripod_PNG67.png,Tripod,
data/thin/silhouette/tripod_PNG72.png,Tripod,"Based on the image provided, the main object is a camera tripod with a camera mounted on top. The object is a tripod, which is a stand with three legs used to support a camera.

From the list of classes provided, the correct one is:

Tripod"
data/thin/silhouette/tripod_PNG73.png,Tripod,
data/thin/silhouette/tripod_PNG74.png,Tripod,"Based on the image provided, the main object is a tripod with a camera head on top. This is a common piece of equipment used for photography and videography.

The correct class name from the list is:

Tripod"
data/thin/silhouette/tripod_PNG76.png,Tripod,
data/thin/silhouette/tripod_PNG77.png,Tripod,
data/thin/silhouette/tripod_PNG78.png,Tripod,"Based on the visual information provided in the image, the main object is a camera tripod.

The object is depicted as a black silhouette, which is a common representation of a tripod used for photography or videography. It has three legs, a central column, and a top head with a mounting mechanism, which is characteristic of a tripod.

Looking at the provided list of classes, the most accurate match is:

Tripod

---
**Answer:** Tripod"
data/thin/silhouette/tripod_PNG86.png,Tripod,
data/thin/silhouette/tripod_PNG88.png,Tripod,"Based on the image provided, the main object is a tripod, which is a piece of equipment used to support a camera or other device.

The correct class name from the list is:

Tripod"
data/thin/silhouette/tripod_PNG91.png,Tripod,
data/thin/silhouette/tripod_PNG92.png,Tripod,
data/thin/silhouette/tripod_PNG93.png,Tripod,
data/thin/silhouette/tripod_PNG94.png,Tripod,
data/thin/silhouette/tripod_PNG95.png,Tripod,
data/thin/silhouette/tripod_PNG97.png,Tripod,The main object in the image is a tripod.
data/thin/silhouette/tripod_PNG99.png,Tripod,
data/thin/silhouette/trolleybus_PNG10.png,Trolleybus,
data/thin/silhouette/trolleybus_PNG11.png,Trolleybus,
data/thin/silhouette/trolleybus_PNG2.png,Trolleybus,
data/thin/silhouette/trolleybus_PNG26.png,Trolleybus,
data/thin/silhouette/trolleybus_PNG30.png,Trolleybus,
data/thin/silhouette/trombone_PNG1.png,Trombone,
data/thin/silhouette/trombone_PNG10.png,Trombone,"Based on the image provided, the main object is a musical instrument. The instrument has a long, slender body and a flared bell at the end, which is characteristic of a trombone. It is also identifiable by the slide mechanism that allows for pitch changes.

The correct class name from the list is:

Trombone"
data/thin/silhouette/trombone_PNG12.png,Trombone,"Based on the image provided, the main object is a musical instrument.

The object in the image is a trombone, which is a type of brass instrument with a long, straight slide.

Therefore, the correct class name from the list is:

Trombone"
data/thin/silhouette/trombone_PNG13.png,Trombone,"Based on the image provided, the main object is a musical instrument.

The object depicted is a trombone, which is a brass wind instrument with a slide that moves the length of the instrument. It is a member of the family of brass instruments, specifically the slide trombone.

From the list of classes provided, the correct one is:

Trombone"
data/thin/silhouette/trombone_PNG14.png,Trombone,"Based on the visual information provided in the image, the main object is a musical instrument.

The object depicted is a trombone, which is a brass wind instrument with a slide mechanism that allows the player to change the length of the tubing to produce different notes.

From the given list of classes, the correct identification is:

Trombone"
data/thin/silhouette/trombone_PNG16.png,Trombone,"Based on the image provided, the main object is a musical instrument. The specific type of instrument depicted is a trombone, which is characterized by its long slide mechanism and a large bell.

From the given list of classes, the correct one is:

Trombone"
data/thin/silhouette/trombone_PNG17.png,Trombone,
data/thin/silhouette/trombone_PNG18.png,Trombone,
data/thin/silhouette/trombone_PNG2.png,Trombone,
data/thin/silhouette/trombone_PNG20.png,Trombone,
data/thin/silhouette/trombone_PNG29.png,Trombone,
data/thin/silhouette/trombone_PNG3.png,Trombone,
data/thin/silhouette/trombone_PNG31.png,Trombone,"Based on the image provided, the main object is a musical instrument. The object depicted is a trombone, which is a type of brass instrument with a long slide.

From the given list of classes, the correct one is:

Trombone"
data/thin/silhouette/trombone_PNG33.png,Trombone,The main object in the image is the Trombone.
data/thin/silhouette/trombone_PNG37.png,Trombone,
data/thin/silhouette/trombone_PNG38.png,Trombone,
data/thin/silhouette/trombone_PNG39.png,Trombone,"Based on the image provided, the main object is a musical instrument. The silhouette clearly shows a long, curved tube with a mouthpiece and a flared bell at the end, which is characteristic of a trombone.

From the list of classes provided, the correct identification is:

Trombone"
data/thin/silhouette/trombone_PNG4.png,Trombone,
data/thin/silhouette/trombone_PNG40.png,Trombone,
data/thin/silhouette/trombone_PNG45.png,Trombone,"Based on the image provided, the main object is a musical instrument.

The object in the image is a trombone, which is a brass wind instrument with a long slide mechanism.

Therefore, the correct class name is:

Trombone"
data/thin/silhouette/trombone_PNG46.png,Trombone,"Based on the visual information provided in the image, the main object is a musical instrument.

The image shows a long, straight tube with a U-shaped section and a flared bell at the end, which is characteristic of a specific type of wind instrument.

From the list of classes provided, the most appropriate identification is:

Trombone"
data/thin/silhouette/trombone_PNG5.png,Trombone,
data/thin/silhouette/trombone_PNG52.png,Trombone,
data/thin/silhouette/trombone_PNG54.png,Trombone,
data/thin/silhouette/trombone_PNG55.png,Trombone,The main object in the image is a trumpet.
data/thin/silhouette/trombone_PNG56.png,Trombone,"Based on the image provided, the main object is a musical instrument.

The object in the image is a trumpet, which is a type of brass instrument.

From the list of classes provided, the correct one is:

Trumpet"
data/thin/silhouette/trombone_PNG7.png,Trombone,"Based on the image provided, the main object is a musical instrument.

The correct class name from the list is:
Trombone"
data/thin/silhouette/trombone_PNG8.png,Trombone,Trombone
data/thin/silhouette/trombone_PNG9.png,Trombone,
data/thin/silhouette/trumpet_saxophone_PNG14721.png,Trumpet Saxophone,
data/thin/silhouette/trumpet_saxophone_PNG14723.png,Trumpet Saxophone,
data/thin/silhouette/trumpet_saxophone_PNG14724.png,Trumpet Saxophone,
data/thin/silhouette/trumpet_saxophone_PNG14726.png,Trumpet Saxophone,"Based on the image provided, the main object is a musical instrument.

The correct class name from the list is:

Trumpet"
data/thin/silhouette/trumpet_saxophone_PNG14727.png,Trumpet Saxophone,
data/thin/silhouette/trumpet_saxophone_PNG14728.png,Trumpet Saxophone,"Based on the image provided, the main object is a musical instrument. Specifically, it is a trumpet, which is a type of brass instrument.

From the given list of classes, the correct one is:

Trumpet"
data/thin/silhouette/trumpet_saxophone_PNG14729.png,Trumpet Saxophone,
data/thin/silhouette/trumpet_saxophone_PNG14730.png,Trumpet Saxophone,
data/thin/silhouette/trumpet_saxophone_PNG14731.png,Trumpet Saxophone,
data/thin/silhouette/trumpet_saxophone_PNG14734.png,Trumpet Saxophone,
data/thin/silhouette/trumpet_saxophone_PNG14735.png,Trumpet Saxophone,
data/thin/silhouette/trumpet_saxophone_PNG14738.png,Trumpet Saxophone,
data/thin/silhouette/trumpet_saxophone_PNG14739.png,Trumpet Saxophone,
data/thin/silhouette/trumpet_saxophone_PNG14740.png,Trumpet Saxophone,"Based on the image provided, the main object is a musical instrument. The object has a distinct shape with a flared mouthpiece, a cylindrical body, and a set of valves and tubing. This is characteristic of a trumpet.

The correct class name from the list is:

Trumpet"
data/thin/silhouette/trumpet_saxophone_PNG14743.png,Trumpet Saxophone,
data/thin/silhouette/trumpet_saxophone_PNG14744.png,Trumpet Saxophone,
data/thin/silhouette/trumpet_saxophone_PNG14745.png,Trumpet Saxophone,
data/thin/silhouette/trumpet_saxophone_PNG14746.png,Trumpet Saxophone,"Based on the image provided, the main object is a musical instrument.

The object is a saxophone. The correct class name from the list is:

Saxophone"
data/thin/silhouette/trumpet_saxophone_PNG14747.png,Trumpet Saxophone,
data/thin/silhouette/trumpet_saxophone_PNG14748.png,Trumpet Saxophone,
data/thin/silhouette/trumpet_saxophone_PNG14753.png,Trumpet Saxophone,
data/thin/silhouette/trumpet_saxophone_PNG14754.png,Trumpet Saxophone,"Based on the image provided, the main object is a musical instrument.

The correct class name from the list is:
Trumpet"
data/thin/silhouette/trumpet_saxophone_PNG14755.png,Trumpet Saxophone,
data/thin/silhouette/trumpet_saxophone_PNG14756.png,Trumpet Saxophone,
data/thin/silhouette/trumpet_saxophone_PNG14757.png,Trumpet Saxophone,
data/thin/silhouette/trumpet_saxophone_PNG14758.png,Trumpet Saxophone,
data/thin/silhouette/trumpet_saxophone_PNG14759.png,Trumpet Saxophone,"Based on the image provided, the main object is a musical instrument. The specific type of instrument shown is a trumpet.

From the given list of classes, the correct one is:

Trumpet"
data/thin/silhouette/trumpet_saxophone_PNG14760.png,Trumpet Saxophone,
data/thin/silhouette/trumpet_saxophone_PNG14769.png,Trumpet Saxophone,"Based on the image provided, the main object is a musical instrument.

The object is a trumpet, which is a brass wind instrument.

From the given list of classes, the correct one is:

Trumpet"
data/thin/silhouette/tulip_PNG8978.png,Tulip,
data/thin/silhouette/tulip_PNG8979.png,Tulip,
data/thin/silhouette/tulip_PNG8980.png,Tulip,
data/thin/silhouette/tulip_PNG8983.png,Tulip,
data/thin/silhouette/tulip_PNG8995.png,Tulip,
data/thin/silhouette/tulip_PNG8997.png,Tulip,The main object in the image is a tulip.
data/thin/silhouette/tulip_PNG9000.png,Tulip,
data/thin/silhouette/tulip_PNG9003.png,Tulip,The main object in the image is: Tulip
data/thin/silhouette/tulip_PNG9004.png,Tulip,
data/thin/silhouette/tulip_PNG9005.png,Tulip,
data/thin/silhouette/tulip_PNG9006.png,Tulip,
data/thin/silhouette/tulip_PNG9009.png,Tulip,
data/thin/silhouette/tulip_PNG9019.png,Tulip,
data/thin/silhouette/tulip_PNG9020.png,Tulip,
data/thin/silhouette/tulip_PNG9022.png,Tulip,"Based on the image provided, the main object is a flower with a long stem. The shape is characteristic of a tulip.

The correct class name from the list is:

Tulip"
data/thin/silhouette/tulip_PNG9023.png,Tulip,
data/thin/silhouette/tulip_PNG9024.png,Tulip,"Based on the visual information provided in the image, the main object is a flower with a distinct tulip shape.

The correct class name from the list is:

Tulip"
data/thin/silhouette/tulip_PNG9025.png,Tulip,
data/thin/silhouette/tulip_PNG9026.png,Tulip,
data/thin/silhouette/turkey_PNG58546.png,Turkey,"Based on the provided image, the main object is a bird. Specifically, it is a silhouette of a guinea fowl, which is a type of bird known for its distinctive shape and features.

The correct class name from the list is:

Birds"
data/thin/silhouette/turkey_PNG58547.png,Turkey,"Based on the image provided, the main object is a bird. Specifically, it appears to be a guinea fowl, which is a type of bird known for its distinctive appearance. The image is a black silhouette against a white background.

From the given list of classes, the correct identification is:

Bird"
data/thin/silhouette/turkey_PNG58548.png,Turkey,Chicken
data/thin/silhouette/turkey_PNG58549.png,Turkey,"Based on the image provided, the main object is a bird. Specifically, it appears to be a guinea fowl, which is a type of bird known for its distinctive appearance.

From the list of classes provided, the correct one is:

Bird"
data/thin/silhouette/turkey_PNG58559.png,Turkey,"Based on the image provided, the main object is a silhouette of a bird. Given the options provided, the most accurate class name is:

Turkey"
data/thin/silhouette/turkey_PNG58579.png,Turkey,
data/thin/silhouette/turkey_PNG58588.png,Turkey,Turkey
data/thin/silhouette/turkey_PNG58599.png,Turkey,Turkey
data/thin/silhouette/turkey_PNG58605.png,Turkey,"Based on the provided image, the main object is a silhouette of a bird. Given the context of the list of classes and the visual details, the most appropriate classification is:

- **Turkey**

The image shows a bird with a large, fanned-out tail, which is characteristic of a turkey. This is a clear representation of a turkey.

Therefore, the answer is:
Turkey"
data/thin/silhouette/turtle_PNG55.png,Turtle,"Based on the image provided, the main object is a silhouette of a small animal with a distinct shape, including a tail, legs, and a head with a prominent crest. This animal is a type of reptile.

From the given list of classes, the most appropriate identification is:

Rat Mouse

This is the most accurate class name for the object depicted in the image."
data/thin/silhouette/turtle_PNG63.png,Turtle,
data/thin/silhouette/typewriter_PNG10.png,Typewriter,"Based on the visual information provided in the image, the main object is a typewriter.

The correct class name from the list is:
Typewriter"
data/thin/silhouette/typewriter_PNG11.png,Typewriter,"Based on the provided image, the object is a typewriter.

The main object in the image is the Typewriter."
data/thin/silhouette/typewriter_PNG19.png,Typewriter,
data/thin/silhouette/typewriter_PNG2.png,Typewriter,"Based on the visual information provided in the image, the main object is a typewriter.

The object is a silhouette of a typewriter, which is a common piece of office equipment used for typing.

From the given list of classes, the correct one is:

Typewriter"
data/thin/silhouette/typewriter_PNG21.png,Typewriter,
data/thin/silhouette/typewriter_PNG27.png,Typewriter,
data/thin/silhouette/typewriter_PNG3.png,Typewriter,
data/thin/silhouette/typewriter_PNG33.png,Typewriter,"Based on the visual information provided in the image, the main object is a typewriter.

The object is depicted as a black silhouette, showing the characteristic shape of a vintage typewriter, including the carriage, keys, and a paper tape.

Therefore, the correct class name is:

Typewriter"
data/thin/silhouette/typewriter_PNG4.png,Typewriter,
data/thin/silhouette/typewriter_PNG43.png,Typewriter,
data/thin/silhouette/typewriter_PNG45.png,Typewriter,Sofa
data/thin/silhouette/typewriter_PNG5.png,Typewriter,
data/thin/silhouette/typewriter_PNG55.png,Typewriter,
data/thin/silhouette/typewriter_PNG56.png,Typewriter,"Based on the image provided, the main object is a typewriter.

The correct class name from the list is:
Typewriter"
data/thin/silhouette/typewriter_PNG58.png,Typewriter,
data/thin/silhouette/typewriter_PNG59.png,Typewriter,
data/thin/silhouette/typewriter_PNG6.png,Typewriter,"Based on the image provided, the main object is a typewriter.

The correct class name from the list is:
Typewriter"
data/thin/silhouette/typewriter_PNG60.png,Typewriter,
data/thin/silhouette/typewriter_PNG62.png,Typewriter,
data/thin/silhouette/typewriter_PNG63.png,Typewriter,Typewriter
data/thin/silhouette/typewriter_PNG64.png,Typewriter,"Based on the image provided, the main object is a typewriter.

The correct class name from the list is:
Typewriter"
data/thin/silhouette/typewriter_PNG68.png,Typewriter,"Based on the image provided, the main object is a typewriter.

The correct class name from the list is:
Typewriter"
data/thin/silhouette/typewriter_PNG75.png,Typewriter,
data/thin/silhouette/typewriter_PNG76.png,Typewriter,
data/thin/silhouette/typewriter_PNG77.png,Typewriter,"Based on the visual information provided in the image, the main object is a bag with a drawstring closure. This is a common type of bag, often used for carrying items. The object is depicted as a black silhouette, but its features—such as the drawstring and the handle—are clearly visible.

Among the provided classes, the most appropriate one for this object is:

- **Backpack**

This is the most likely class for the object depicted, as it is a type of bag that is"
data/thin/silhouette/typewriter_PNG78b.png,Typewriter,"Based on the image provided, the main object is a typewriter.

The correct class name from the list is:
Typewriter"
data/thin/silhouette/typewriter_PNG81.png,Typewriter,"Based on the image provided, the main object is a typewriter.

The object is depicted as a black silhouette with a distinct shape, including a carriage, a keyboard, and a lever on the left side, which are characteristic features of a typewriter.

Therefore, the correct class name is:

Typewriter"
data/thin/silhouette/typewriter_PNG87.png,Typewriter,
data/thin/silhouette/typewriter_PNG9.png,Typewriter,"Based on the visual information provided in the image, the main object is a typewriter.

The image displays a black silhouette of a typewriter, including its keyboard, carriage, and mechanical components.

From the given list of 193 classes, the correct identification is:

Typewriter"
data/thin/silhouette/typewriter_PNG93.png,Typewriter,The main object in the image is: Typewriter
data/thin/silhouette/typewriter_PNG98.png,Typewriter,
data/thin/silhouette/umbrella_PNG500.png,Umbrella,
data/thin/silhouette/umbrella_PNG69117.png,Umbrella,
data/thin/silhouette/umbrella_PNG69123.png,Umbrella,
data/thin/silhouette/umbrella_PNG69124.png,Umbrella,
data/thin/silhouette/umbrella_PNG69129a.png,Umbrella,
data/thin/silhouette/umbrella_PNG69129b.png,Umbrella,
data/thin/silhouette/umbrella_PNG69129c.png,Umbrella,
data/thin/silhouette/umbrella_PNG69129d.png,Umbrella,
data/thin/silhouette/umbrella_PNG69129e.png,Umbrella,
data/thin/silhouette/umbrella_PNG69129f.png,Umbrella,
data/thin/silhouette/umbrella_PNG69130.png,Umbrella,
data/thin/silhouette/umbrella_PNG69145.png,Umbrella,Umbrella
data/thin/silhouette/umbrella_PNG69217.png,Umbrella,
data/thin/silhouette/umbrella_PNG69225.png,Umbrella,
data/thin/silhouette/umbrella_PNG69226a.png,Umbrella,
data/thin/silhouette/umbrella_PNG69226b.png,Umbrella,
data/thin/silhouette/umbrella_PNG69226c.png,Umbrella,
data/thin/silhouette/umbrella_PNG69226e.png,Umbrella,
data/thin/silhouette/umbrella_PNG69226f.png,Umbrella,
data/thin/silhouette/umbrella_PNG69226g.png,Umbrella,
data/thin/silhouette/umbrella_PNG69226h.png,Umbrella,
data/thin/silhouette/umbrella_PNG69227b.png,Umbrella,
data/thin/silhouette/umbrella_PNG69227d.png,Umbrella,
data/thin/silhouette/umbrella_PNG69227e.png,Umbrella,
data/thin/silhouette/umbrella_PNG69230.png,Umbrella,Umbrella
data/thin/silhouette/umbrella_PNG69231.png,Umbrella,"Based on the visual information provided in the image, the main object is an umbrella.

The image displays a black silhouette of an umbrella, which is fully open, with its canopy and handle clearly visible. This object is the central focus of the image.

Therefore, the correct class name is:

Umbrella"
data/thin/silhouette/umbrella_PNG69232.png,Umbrella,
data/thin/silhouette/umbrella_PNG69233.png,Umbrella,"Based on the image provided, the main object is a closed umbrella. The silhouette shows a black umbrella with a curved handle and a canopy that appears to be folded, which is characteristic of an umbrella.

Umbrella"
data/thin/silhouette/umbrella_PNG69234.png,Umbrella,
data/thin/silhouette/vacuum_cleaner_PNG1.png,Vacuum Cleaner,
data/thin/silhouette/vacuum_cleaner_PNG10.png,Vacuum Cleaner,"Based on the image provided, the main object is a vacuum cleaner.

The correct class name from the list is:
Vacuum Cleaner"
data/thin/silhouette/vacuum_cleaner_PNG17.png,Vacuum Cleaner,"Based on the provided image, the main object is a vacuum cleaner.

The correct class name from the list is:
Vacuum Cleaner"
data/thin/silhouette/vacuum_cleaner_PNG19.png,Vacuum Cleaner,
data/thin/silhouette/vacuum_cleaner_PNG20.png,Vacuum Cleaner,"Based on the visual information provided in the image, the main object is a vacuum cleaner.

The image displays a silhouette of a vacuum cleaner, identifiable by its characteristic components: a main body, a hose, and a cleaning head at the end of the hose. This object is clearly a vacuum cleaner.

Therefore, the correct class name is:

Vacuum Cleaner"
data/thin/silhouette/vacuum_cleaner_PNG21.png,Vacuum Cleaner,"Based on the visual information in the image, the main object is a vacuum cleaner.

The object has a hose and a base unit, which are characteristic features of a vacuum cleaner.

Therefore, the correct class name is:

Vacuum Cleaner"
data/thin/silhouette/vacuum_cleaner_PNG23.png,Vacuum Cleaner,"Based on the visual information provided in the image, the main object is a vacuum cleaner.

The image displays a black silhouette of a vacuum cleaner, which includes the main body, the hose, and the cleaning head.

From the given list of classes, the correct identification is:

Vacuum Cleaner"
data/thin/silhouette/vacuum_cleaner_PNG28.png,Vacuum Cleaner,"Based on the visual information provided in the image, the main object is a vacuum cleaner.

The object is a black silhouette of a vacuum cleaner, which is identifiable by its characteristic shape, including a main body, a long hose, and a vacuum head.

From the given list of classes, the correct one is:

Vacuum Cleaner"
data/thin/silhouette/vacuum_cleaner_PNG29.png,Vacuum Cleaner,Vacuum Cleaner
data/thin/silhouette/vacuum_cleaner_PNG33.png,Vacuum Cleaner,"Based on the provided image, the main object is a vacuum cleaner.

The correct class name from the list is:
Vacuum Cleaner"
data/thin/silhouette/vacuum_cleaner_PNG43.png,Vacuum Cleaner,"Based on the visual information in the image, the main object is a vacuum cleaner.

The object is depicted as a black silhouette against a white background. It has a cylindrical body, a long hose, and a cleaning head at the end of the hose, which are all characteristic features of a vacuum cleaner.

Therefore, the correct class name is:

Vacuum Cleaner"
data/thin/silhouette/vacuum_cleaner_PNG44.png,Vacuum Cleaner,Vacuum Cleaner
data/thin/silhouette/vacuum_cleaner_PNG45.png,Vacuum Cleaner,
data/thin/silhouette/vacuum_cleaner_PNG46.png,Vacuum Cleaner,"Based on the image provided, the main object is a vacuum cleaner.

The correct class name from the list is:
Vacuum Cleaner"
data/thin/silhouette/vacuum_cleaner_PNG47.png,Vacuum Cleaner,"Based on the visual information provided in the image, the main object is a vacuum cleaner.

The object has the distinct features of a vacuum cleaner, including a body, a hose, and a floor head.

Therefore, the correct class name is:

Vacuum Cleaner"
data/thin/silhouette/vacuum_cleaner_PNG48.png,Vacuum Cleaner,"Based on the visual information provided in the image, the main object is a vacuum cleaner.

The object has a distinct shape with a long handle, a flexible hose, and a dust container. This is characteristic of a vacuum cleaner.

Therefore, the correct class name is:

Vacuum Cleaner"
data/thin/silhouette/vacuum_cleaner_PNG49.png,Vacuum Cleaner,
data/thin/silhouette/vacuum_cleaner_PNG50.png,Vacuum Cleaner,
data/thin/silhouette/vacuum_cleaner_PNG52.png,Vacuum Cleaner,"Based on the image provided, the main object is a kettle. It is depicted as a black silhouette against a striped background.

The correct class name from the list is:

Kettle"
data/thin/silhouette/vacuum_cleaner_PNG53.png,Vacuum Cleaner,
data/thin/silhouette/vacuum_cleaner_PNG54.png,Vacuum Cleaner,"Based on the image provided, the main object is a vacuum cleaner.

The correct class name from the list is:
Vacuum Cleaner"
data/thin/silhouette/vacuum_cleaner_PNG56.png,Vacuum Cleaner,Vacuum Cleaner
data/thin/silhouette/vacuum_cleaner_PNG7.png,Vacuum Cleaner,"Based on the image provided, the main object is a vacuum cleaner.

The correct class name from the list is:
Vacuum Cleaner"
data/thin/silhouette/vacuum_cleaner_PNG8.png,Vacuum Cleaner,"Based on the visual information provided in the image, the main object is a vacuum cleaner.

The object is a black silhouette of a vacuum cleaner, which is identifiable by its characteristic cylindrical body, handle, and a hose attached to it. It also features a base with wheels and a dust collection bag or canister on top.

The correct class name from the list is:

Vacuum Cleaner"
data/thin/silhouette/vase_PNG123.png,Vase,
data/thin/silhouette/vase_PNG153.png,Vase,
data/thin/silhouette/vase_PNG179a.png,Vase,
data/thin/silhouette/vase_PNG179b.png,Vase,
data/thin/silhouette/vase_PNG81.png,Vase,
data/thin/silhouette/vase_PNG94.png,Vase,"Based on the visual information provided in the image, the main object is a vase containing tulips.

The correct class name from the list is:
Vase"
data/thin/silhouette/vase_PNG96.png,Vase,
data/thin/silhouette/video_camera_PNG7856.png,Video Camera,"Based on the image provided, the main object is a video camera. The silhouette clearly shows the distinct features of a professional video camera, including the lens, viewfinder, and the body of the camera.

The correct class name from the list is:

Video Camera"
data/thin/silhouette/video_camera_PNG7864.png,Video Camera,"Based on the provided image, the main object is a silhouette of a **wheelchair**.

The image shows a black silhouette of a wheelchair with a person in a seated position, and the chair's frame and wheels are visible. The object is clearly identifiable as a wheelchair.

Therefore, the correct class name is:

Wheelchair"
data/thin/silhouette/video_camera_PNG7868.png,Video Camera,Tank
data/thin/silhouette/video_camera_PNG7870.png,Video Camera,"Based on the visual information provided in the image, the main object is a camera. It is depicted as a black silhouette, showing the characteristic shape of a professional video camera, including the lens, body, and a microphone attached to the top.

From the given list of classes, the correct identification is:

Video Camera"
data/thin/silhouette/video_camera_PNG7875.png,Video Camera,
data/thin/silhouette/video_camera_PNG7880.png,Video Camera,"Based on the provided image, the main object is a video camera.

The correct class name from the list is:
Video Camera"
data/thin/silhouette/video_camera_PNG7891.png,Video Camera,
data/thin/silhouette/violin_PNG12820.png,Violin,
data/thin/silhouette/violin_PNG12821.png,Violin,
data/thin/silhouette/violin_PNG12822.png,Violin,"Based on the image provided, the main object is a violin. The silhouette clearly shows the characteristic shape of a violin, including the body, neck, and the bow resting against it.

Violin"
data/thin/silhouette/violin_PNG12839.png,Violin,
data/thin/silhouette/wedding_cake_PNG19427.png,Wedding Cake,
data/thin/silhouette/wedding_cake_PNG19465.png,Wedding Cake,
data/thin/silhouette/wedding_cake_PNG19467.png,Wedding Cake,
data/thin/silhouette/wheelchair_PNG17838.png,Wheelchair,"Based on the provided image and the list of classes, the main object is clearly identifiable.

The image shows a silhouette of a mobility device designed for individuals with mobility challenges. The object has a frame, two large wheels, two smaller wheels, a seat, and armrests, which are characteristic features of a wheelchair.

From the list of classes provided, the object that matches this description is:

Wheelchair"
data/thin/silhouette/wheelchair_PNG17840.png,Wheelchair,The main object in the image is: Wheelchair
data/thin/silhouette/wheelchair_PNG17845.png,Wheelchair,
data/thin/silhouette/wheelchair_PNG17846.png,Wheelchair,"Based on the provided image and the list of classes, the main object is clearly identifiable as a mobility device.

The object in the image is a wheelchair, which is a type of chair designed for people with mobility challenges.

Therefore, the correct class name is:

Wheelchair"
data/thin/silhouette/wheelchair_PNG17849.png,Wheelchair,"Based on the image provided, the main object is a wheelchair. This is evident from its distinct features such as the seat, backrest, wheels, and frame, which are characteristic of a wheelchair.

Wheelchair"
data/thin/silhouette/wheelchair_PNG17852.png,Wheelchair,"Based on the visual information provided in the image, the main object is a wheelchair.

The correct class name from the list is:
Wheelchair"
data/thin/silhouette/wheelchair_PNG17854.png,Wheelchair,
data/thin/silhouette/wheelchair_PNG17855.png,Wheelchair,"Based on the visual information provided in the image, the main object is a wheelchair.

The object is a wheelchair, which is a type of mobility aid used to assist individuals with mobility challenges.

From the list of classes provided, the correct one is:

Wheelchair"
data/thin/silhouette/wheelchair_PNG17858.png,Wheelchair,The main object in the image is Wheelchair.
data/thin/silhouette/wheelchair_PNG17861.png,Wheelchair,"Based on the image provided, the main object is a wheelchair.

The correct class name from the list is:
Wheelchair"
data/thin/silhouette/wheelchair_PNG17863.png,Wheelchair,"Based on the image provided, the main object is a wheelchair.

The correct class name from the list is:
Wheelchair"
data/thin/silhouette/wheelchair_PNG17865.png,Wheelchair,"Based on the image provided, the main object is a wheelchair.

The correct class name from the list is:
Wheelchair"
data/thin/silhouette/wheelchair_PNG17869.png,Wheelchair,"Based on the visual information in the image, the main object is a wheelchair.

The correct class name from the list is:
Wheelchair"
data/thin/silhouette/wheelchair_PNG17875.png,Wheelchair,"Based on the image provided, the main object is a wheelchair. The image is a silhouette of a wheelchair, viewed from the front.

The correct class name from the list is:

Wheelchair"
data/thin/silhouette/wheelchair_PNG82761.png,Wheelchair,"Based on the visual information provided in the image, the main object is a wheelchair.

The object is depicted as a silhouette, showing its characteristic features: two large wheels at the back, two smaller wheels at the front, a frame, and a seat. This is a classic representation of a wheelchair.

Therefore, the correct class name is:

Wheelchair"
data/thin/silhouette/wheelchair_PNG82762.png,Wheelchair,Wheelchair
data/thin/silhouette/wheelchair_PNG82763.png,Wheelchair,
data/thin/silhouette/wheelchair_PNG82765.png,Wheelchair,The main object in the image is Wheelchair.
data/thin/silhouette/wheelchair_PNG82771.png,Wheelchair,"Based on the provided image, the main object is a wheelchair.

The correct class name from the list is:
Wheelchair"
data/thin/silhouette/wheelchair_PNG82773.png,Wheelchair,"Based on the image provided, the main object is a wheelchair.

The correct class name from the list is:
Wheelchair"
data/thin/silhouette/wheelchair_PNG82774.png,Wheelchair,"Based on the visual information provided in the image, the main object is a wheelchair.

The object is depicted as a black silhouette against a white background. It has the characteristic features of a wheelchair, including a seat, backrest, four wheels, and a frame with handrails.

From the given list of classes, the correct identification is:

Wheelchair"
data/thin/silhouette/wheelchair_PNG82775.png,Wheelchair,"Based on the image provided, the main object is a wheelchair.

The correct class name from the list is:
Wheelchair"
data/thin/silhouette/wheelchair_PNG82777.png,Wheelchair,"Based on the image provided, the main object is a wheelchair.

The correct class name from the list is:
Wheelchair"
data/thin/silhouette/wheelchair_PNG82778.png,Wheelchair,"Based on the provided image, the main object is a wheelchair.

The correct class name from the list is:
Wheelchair"
data/thin/silhouette/wheelchair_PNG82783.png,Wheelchair,"Based on the image provided, the main object is a wheelchair.

The correct class name from the list is:
Wheelchair"
data/thin/silhouette/wheelchair_PNG82784.png,Wheelchair,Wheelchair
data/thin/silhouette/wheelchair_PNG82790.png,Wheelchair,The main object in the image is Wheelchair.
data/thin/silhouette/wheelchair_PNG82792.png,Wheelchair,"Based on the image provided, the main object is a wheelchair.

The correct class name from the list is:
Wheelchair"
data/thin/silhouette/wheelchair_PNG82794.png,Wheelchair,"Based on the visual information provided in the image, the main object is a wheelchair.

The object depicted is a wheelchair, which is a mobility aid used for individuals with mobility impairments. It is identifiable by its characteristic features, including the large rear wheel, smaller front wheels, a seat, a backrest, armrests, and a footrest.

Therefore, the correct class name from the list is:

Wheelchair"
data/thin/silhouette/wheelchair_PNG82799.png,Wheelchair,"Based on the provided image and the list of classes, the main object is:

Wheelchair"
data/thin/silhouette/wheelchair_PNG82800.png,Wheelchair,
data/thin/silhouette/wheelchair_PNG82801.png,Wheelchair,The main object in the image is Wheelchair.
data/thin/silhouette/wheelchair_PNG82803.png,Wheelchair,"Based on the image provided, the main object is a wheelchair. The image shows a silhouette of a wheelchair with a basket on top.

The correct class name from the list is:

Wheelchair"
data/thin/silhouette/wheelchair_PNG82804.png,Wheelchair,
data/thin/silhouette/wheelchair_PNG82810.png,Wheelchair,"Based on the image provided, the main object is a wheelchair.

The correct class name from the list is:
Wheelchair"
data/thin/silhouette/wheelchair_PNG82812.png,Wheelchair,"Based on the image provided, the main object is a wheelchair.

The correct class name from the list is:
Wheelchair"
data/thin/silhouette/wheelchair_PNG82814.png,Wheelchair,
data/thin/silhouette/wheelchair_PNG82816.png,Wheelchair,"Based on the visual information in the image, the main object is a wheelchair.

The correct class name from the list is:
Wheelchair"
data/thin/silhouette/wineglass_PNG2833.png,Wineglass,
data/thin/silhouette/wineglass_PNG2837.png,Wineglass,The main object in the image is a Wineglass.
data/thin/silhouette/wineglass_PNG2838.png,Wineglass,The main object in the image is: Wineglass
data/thin/silhouette/wineglass_PNG2845a.png,Wineglass,
data/thin/silhouette/wineglass_PNG2845b.png,Wineglass,
data/thin/silhouette/wineglass_PNG2856.png,Wineglass,
data/thin/silhouette/wineglass_PNG2857.png,Wineglass,
data/thin/silhouette/wineglass_PNG2861.png,Wineglass,
data/thin/silhouette/wineglass_PNG2863.png,Wineglass,The main object in the image is a Wineglass.
data/thin/silhouette/wineglass_PNG2870.png,Wineglass,
data/thin/silhouette/wineglass_PNG2871.png,Wineglass,"Based on the image provided, the main object is a wineglass. This is evident from its characteristic shape, including the bowl, stem, and base, which are typical of a wineglass.

Wineglass"
data/thin/silhouette/wineglass_PNG2872.png,Wineglass,"Based on the visual information provided in the image, the main object is a wineglass.

The object has the distinct silhouette of a wineglass, featuring a bowl, a long stem, and a circular base.

Therefore, the correct class name from the list is:

Wineglass"
data/thin/silhouette/wineglass_PNG2873.png,Wineglass,The main object in the image is a Wineglass.
data/thin/silhouette/wineglass_PNG2874.png,Wineglass,"Based on the image provided, the main object is a wineglass.

Wineglass is a class in the list of options.

Wineglass"
data/thin/silhouette/wineglass_PNG2875.png,Wineglass,"Based on the image provided, the main object is a wineglass.

Wineglass is a class that is directly represented by the silhouette in the image.

Wineglass"
data/thin/silhouette/wineglass_PNG2876.png,Wineglass,
data/thin/silhouette/wineglass_PNG2877.png,Wineglass,"Based on the visual information provided in the image, the main object is a wineglass.

The image shows a silhouette of a wineglass, which is a type of glassware used for drinking wine. The object is characterized by its bowl, stem, and base.

From the provided list of classes, the correct identification is:

Wineglass"
data/thin/silhouette/wineglass_PNG2878.png,Wineglass,"Based on the provided image and the list of classes, the main object is a wineglass.

Wineglass"
data/thin/silhouette/wineglass_PNG2879.png,Wineglass,"Based on the provided image and the list of classes, the main object is clearly identifiable as a wine glass.

The object in the image is a wineglass, which is a type of glassware used for serving wine.

Therefore, the correct class name is:

Wineglass"
data/thin/silhouette/wineglass_PNG2880.png,Wineglass,Wineglass
data/thin/silhouette/wineglass_PNG2881.png,Wineglass,The main object in the image is a Wineglass.
data/thin/silhouette/wineglass_PNG2887.png,Wineglass,The main object in the image is a Wineglass.
data/thin/silhouette/wineglass_PNG2891.png,Wineglass,
data/thin/silhouette/wineglass_PNG2896.png,Wineglass,"Based on the provided image, the main object is a wineglass.

Wineglass is a class in the list of 193 classes.

The correct answer is: Wineglass"
data/thin/silhouette/wineglass_PNG2898a.png,Wineglass,
data/thin/silhouette/wineglass_PNG2898b.png,Wineglass,
data/thin/silhouette/wineglass_PNG2900.png,Wineglass,
data/thin/silhouette/wineglass_PNG2901.png,Wineglass,"Based on the image provided, the main object is a wineglass.

Wineglass"
data/thin/silhouette/wineglass_PNG2902.png,Wineglass,
data/thin/silhouette/wineglass_PNG2909a.png,Wineglass,
data/thin/silhouette/wineglass_PNG2909b.png,Wineglass,
data/thin/silhouette/wineglass_PNG2917b.png,Wineglass,
data/thin/silhouette/wrench_PNG1107.png,Wrench,"Based on the image provided, the main object is a tool with two opposite open ends, which is characteristic of a wrench.

Wrench"
data/thin/silhouette/wrench_PNG1108.png,Wrench,"Based on the image provided, the main object is a tool with a long handle and a jaw that can be adjusted to fit different sizes of bolts or nuts. This is characteristic of a wrench.

Looking at the list of classes provided, the object is clearly identifiable as a wrench.

Wrench"
data/thin/silhouette/wrench_PNG1109.png,Wrench,
data/thin/silhouette/wrench_PNG1112.png,Wrench,
data/thin/silhouette/wrench_PNG1113.png,Wrench,
data/thin/silhouette/wrench_PNG1115.png,Wrench,
data/thin/silhouette/wrench_PNG1117.png,Wrench,
data/thin/silhouette/wrench_PNG1119.png,Wrench,
data/thin/silhouette/wrench_PNG3117.png,Wrench,
data/thin/silhouette/wrench_PNG3118a.png,Wrench,
data/thin/silhouette/wrench_PNG3118c.png,Wrench,
data/thin/silhouette/wrench_PNG3118e.png,Wrench,
data/thin/silhouette/wrench_PNG3120.png,Wrench,
data/thin/silhouette/wrench_PNG3122.png,Wrench,
data/thin/silhouette/wrench_PNG3124.png,Wrench,
data/thin/silhouette/wrench_PNG3125.png,Wrench,
data/thin/silhouette/wrench_PNG3127.png,Wrench,
data/thin/silhouette/wrench_PNG3128.png,Wrench,Wrench
