image_path,label,prediction
data/thin/silhouette/anaconda_PNG1.png,Anaconda,
data/thin/silhouette/anaconda_PNG10.png,Anaconda,
data/thin/silhouette/anaconda_PNG14.png,Anaconda,
data/thin/silhouette/anaconda_PNG2.png,Anaconda,
data/thin/silhouette/anaconda_PNG7.png,Anaconda,
data/thin/silhouette/anaconda_PNG8.png,Anaconda,
data/thin/silhouette/ant_PNG19350.png,Ant,
data/thin/silhouette/ant_PNG19355.png,Ant,
data/thin/silhouette/ant_PNG19362.png,Ant,
data/thin/silhouette/ant_PNG19363a.png,Ant,
data/thin/silhouette/ant_PNG19363b.png,Ant,
data/thin/silhouette/ant_PNG19363c.png,Ant,
data/thin/silhouette/ant_PNG19364.png,Ant,
data/thin/silhouette/ant_PNG19365.png,Ant,
data/thin/silhouette/apple_PNG12405.png,Apple,
data/thin/silhouette/apple_PNG12429.png,Apple,
data/thin/silhouette/apple_PNG12471.png,Apple,
data/thin/silhouette/apple_PNG12492.png,Apple,
data/thin/silhouette/apple_PNG12496.png,Apple,
data/thin/silhouette/armchair_PNG7023.png,Armchair,
data/thin/silhouette/armchair_PNG7028.png,Armchair,
data/thin/silhouette/armchair_PNG7034.png,Armchair,
data/thin/silhouette/armchair_PNG7041.png,Armchair,
data/thin/silhouette/armchair_PNG7043.png,Armchair,
data/thin/silhouette/armchair_PNG7044.png,Armchair,
data/thin/silhouette/armchair_PNG7047.png,Armchair,
data/thin/silhouette/armchair_PNG7060.png,Armchair,
data/thin/silhouette/armchair_PNG7068.png,Armchair,
data/thin/silhouette/armchair_PNG7072.png,Armchair,
data/thin/silhouette/armchair_PNG7074.png,Armchair,
data/thin/silhouette/arrow_bow_PNG12a.png,Arrow Bow,
data/thin/silhouette/arrow_bow_PNG12b.png,Arrow Bow,
data/thin/silhouette/arrow_bow_PNG13.png,Arrow Bow,
data/thin/silhouette/arrow_bow_PNG15.png,Arrow Bow,
data/thin/silhouette/arrow_bow_PNG16.png,Arrow Bow,
data/thin/silhouette/arrow_bow_PNG17.png,Arrow Bow,
data/thin/silhouette/arrow_bow_PNG2.png,Arrow Bow,
data/thin/silhouette/arrow_bow_PNG21.png,Arrow Bow,
data/thin/silhouette/arrow_bow_PNG23.png,Arrow Bow,
data/thin/silhouette/arrow_bow_PNG24.png,Arrow Bow,
data/thin/silhouette/arrow_bow_PNG26.png,Arrow Bow,
data/thin/silhouette/arrow_bow_PNG27.png,Arrow Bow,
data/thin/silhouette/arrow_bow_PNG30.png,Arrow Bow,
data/thin/silhouette/arrow_bow_PNG37.png,Arrow Bow,
data/thin/silhouette/arrow_bow_PNG45.png,Arrow Bow,
data/thin/silhouette/arrow_bow_PNG47a.png,Arrow Bow,
data/thin/silhouette/arrow_bow_PNG47b.png,Arrow Bow,
data/thin/silhouette/arrow_bow_PNG8a.png,Arrow Bow,Spear
data/thin/silhouette/arrow_bow_PNG8b.png,Arrow Bow,Spear
data/thin/silhouette/arrow_bow_PNG9.png,Arrow Bow,
data/thin/silhouette/ax_PNG9088.png,Ax,
data/thin/silhouette/ax_PNG9092.png,Ax,
data/thin/silhouette/ax_PNG9094.png,Ax,
data/thin/silhouette/ax_PNG9099.png,Ax,
data/thin/silhouette/ax_PNG9100.png,Ax,
data/thin/silhouette/ax_PNG9101.png,Ax,
data/thin/silhouette/ax_PNG9104.png,Ax,
data/thin/silhouette/ax_PNG9105.png,Ax,
data/thin/silhouette/ax_PNG9108.png,Ax,
data/thin/silhouette/ax_PNG9110.png,Ax,
data/thin/silhouette/backpack_PNG6314.png,Backpack,
data/thin/silhouette/backpack_PNG6317.png,Backpack,
data/thin/silhouette/backpack_PNG6320.png,Backpack,
data/thin/silhouette/backpack_PNG6326.png,Backpack,
data/thin/silhouette/backpack_PNG6333.png,Backpack,
data/thin/silhouette/backpack_PNG6339.png,Backpack,
data/thin/silhouette/backpack_PNG6341.png,Backpack,
data/thin/silhouette/backpack_PNG6342.png,Backpack,
data/thin/silhouette/backpack_PNG6347.png,Backpack,
data/thin/silhouette/backpack_PNG6349.png,Backpack,
data/thin/silhouette/backpack_PNG6351.png,Backpack,
data/thin/silhouette/backpack_PNG6353.png,Backpack,
data/thin/silhouette/backpack_PNG6354.png,Backpack,
data/thin/silhouette/backpack_PNG6356.png,Backpack,
data/thin/silhouette/backpack_PNG6363.png,Backpack,
data/thin/silhouette/barbell_PNG16340.png,Barbell,
data/thin/silhouette/barbell_PNG16342.png,Barbell,
data/thin/silhouette/barbell_PNG16343.png,Barbell,
data/thin/silhouette/barbell_PNG16344.png,Barbell,
data/thin/silhouette/barbell_PNG16348.png,Barbell,
data/thin/silhouette/barbell_PNG16351.png,Barbell,
data/thin/silhouette/barbell_PNG16354a.png,Barbell,
data/thin/silhouette/barbell_PNG16354b.png,Barbell,
data/thin/silhouette/barbell_PNG16356.png,Barbell,
data/thin/silhouette/barbell_PNG16357.png,Barbell,
data/thin/silhouette/barbell_PNG16359.png,Barbell,Barbell
data/thin/silhouette/bassinet_PNG15.png,Bassinet,
data/thin/silhouette/bassinet_PNG23.png,Bassinet,
data/thin/silhouette/bassinet_PNG26.png,Bassinet,
data/thin/silhouette/bassinet_PNG27.png,Bassinet,
data/thin/silhouette/bassinet_PNG28.png,Bassinet,
data/thin/silhouette/bassinet_PNG29.png,Bassinet,
data/thin/silhouette/bassinet_PNG46.png,Bassinet,
data/thin/silhouette/bassinet_PNG50.png,Bassinet,
data/thin/silhouette/bassinet_PNG52.png,Bassinet,
data/thin/silhouette/bassinet_PNG57.png,Bassinet,
data/thin/silhouette/bassinet_PNG58.png,Bassinet,
data/thin/silhouette/bassinet_PNG59.png,Bassinet,
data/thin/silhouette/bassinet_PNG60.png,Bassinet,
data/thin/silhouette/bassinet_PNG61.png,Bassinet,
data/thin/silhouette/bassinet_PNG7.png,Bassinet,
data/thin/silhouette/bassinet_PNG73.png,Bassinet,
data/thin/silhouette/bassinet_PNG74.png,Bassinet,
data/thin/silhouette/bassinet_PNG76.png,Bassinet,
data/thin/silhouette/bassinet_PNG77.png,Bassinet,
data/thin/silhouette/bassinet_PNG78.png,Bassinet,
data/thin/silhouette/bathtub_PNG19.png,Bathtub,
data/thin/silhouette/bathtub_PNG22.png,Bathtub,Bathtub
data/thin/silhouette/bathtub_PNG3.png,Bathtub,
data/thin/silhouette/bathtub_PNG31.png,Bathtub,
data/thin/silhouette/bathtub_PNG32.png,Bathtub,Bathtub
data/thin/silhouette/bathtub_PNG34.png,Bathtub,
data/thin/silhouette/bathtub_PNG36.png,Bathtub,
data/thin/silhouette/bathtub_PNG39.png,Bathtub,
data/thin/silhouette/bathtub_PNG42.png,Bathtub,
data/thin/silhouette/bathtub_PNG43.png,Bathtub,
data/thin/silhouette/bathtub_PNG44.png,Bathtub,
data/thin/silhouette/bathtub_PNG46.png,Bathtub,
data/thin/silhouette/bathtub_PNG48.png,Bathtub,
data/thin/silhouette/bathtub_PNG50.png,Bathtub,
data/thin/silhouette/bathtub_PNG9.png,Bathtub,
data/thin/silhouette/bed_PNG17375.png,Bed,Bed
data/thin/silhouette/bed_PNG17394.png,Bed,
data/thin/silhouette/bed_PNG17420.png,Bed,
data/thin/silhouette/bed_PNG17421.png,Bed,
data/thin/silhouette/bee_PNG2.png,Bee,
data/thin/silhouette/bee_PNG3.png,Bee,
data/thin/silhouette/bee_PNG5.png,Bee,
data/thin/silhouette/bee_PNG74692.png,Bee,
data/thin/silhouette/bee_PNG74695.png,Bee,
data/thin/silhouette/bee_PNG74739.png,Bee,
data/thin/silhouette/bee_PNG74756.png,Bee,
data/thin/silhouette/bicycle_PNG5350.png,Bicycle,
data/thin/silhouette/bicycle_PNG5352.png,Bicycle,
data/thin/silhouette/bicycle_PNG5354.png,Bicycle,
data/thin/silhouette/bicycle_PNG5355.png,Bicycle,
data/thin/silhouette/bicycle_PNG5356.png,Bicycle,
data/thin/silhouette/bicycle_PNG5357.png,Bicycle,
data/thin/silhouette/bicycle_PNG5358.png,Bicycle,
data/thin/silhouette/bicycle_PNG5362.png,Bicycle,
data/thin/silhouette/bicycle_PNG5363.png,Bicycle,
data/thin/silhouette/bicycle_PNG5366.png,Bicycle,
data/thin/silhouette/bicycle_PNG5375.png,Bicycle,
data/thin/silhouette/bicycle_PNG5382.png,Bicycle,
data/thin/silhouette/bicycle_PNG5383.png,Bicycle,
data/thin/silhouette/birds_PNG100.png,Birds,
data/thin/silhouette/birds_PNG102.png,Birds,
data/thin/silhouette/birds_PNG103.png,Birds,
data/thin/silhouette/birds_PNG106.png,Birds,
data/thin/silhouette/birds_PNG110.png,Birds,
data/thin/silhouette/birds_PNG116.png,Birds,
data/thin/silhouette/birds_PNG12.png,Birds,
data/thin/silhouette/birds_PNG22.png,Birds,
data/thin/silhouette/birds_PNG43.png,Birds,
data/thin/silhouette/birds_PNG50.png,Birds,
data/thin/silhouette/birds_PNG60.png,Birds,
data/thin/silhouette/birds_PNG65.png,Birds,
data/thin/silhouette/birds_PNG69.png,Birds,
data/thin/silhouette/birds_PNG80.png,Birds,
data/thin/silhouette/birds_PNG96.png,Birds,Birds
data/thin/silhouette/birds_PNG99.png,Birds,
data/thin/silhouette/boat_PNG36.png,Boat,
data/thin/silhouette/boat_PNG55.png,Boat,
data/thin/silhouette/boat_PNG69.png,Boat,
data/thin/silhouette/boots_PNG7806.png,Boots,
data/thin/silhouette/bridge_PNG1.png,Bridge,Bridge
data/thin/silhouette/bridge_PNG11.png,Bridge,
data/thin/silhouette/bridge_PNG19.png,Bridge,
data/thin/silhouette/bridge_PNG3.png,Bridge,
data/thin/silhouette/bridge_PNG35.png,Bridge,
data/thin/silhouette/bridge_PNG5.png,Bridge,
data/thin/silhouette/bridge_PNG63.png,Bridge,
data/thin/silhouette/bridge_PNG70.png,Bridge,
data/thin/silhouette/bridge_PNG72.png,Bridge,
data/thin/silhouette/bridge_PNG73.png,Bridge,
data/thin/silhouette/bridge_PNG74.png,Bridge,
data/thin/silhouette/bridge_PNG84.png,Bridge,
data/thin/silhouette/bridge_PNG85.png,Bridge,
data/thin/silhouette/broom_PNG17.png,Broom,
data/thin/silhouette/broom_PNG18.png,Broom,
data/thin/silhouette/broom_PNG26.png,Broom,
data/thin/silhouette/broom_PNG28.png,Broom,
data/thin/silhouette/broom_PNG40.png,Broom,
data/thin/silhouette/broom_PNG51.png,Broom,
data/thin/silhouette/broom_PNG54.png,Broom,
data/thin/silhouette/broom_PNG56.png,Broom,
data/thin/silhouette/broom_PNG58.png,Broom,
data/thin/silhouette/broom_PNG59.png,Broom,
data/thin/silhouette/broom_PNG6.png,Broom,
data/thin/silhouette/broom_PNG60a.png,Broom,
data/thin/silhouette/broom_PNG60b.png,Broom,
data/thin/silhouette/broom_PNG61.png,Broom,
data/thin/silhouette/broom_PNG64b.png,Broom,
data/thin/silhouette/broom_PNG68.png,Broom,
data/thin/silhouette/bucket_PNG7757.png,Bucket,
data/thin/silhouette/bucket_PNG7761.png,Bucket,
data/thin/silhouette/bucket_PNG7762.png,Bucket,
data/thin/silhouette/bucket_PNG7763.png,Bucket,Bucket
data/thin/silhouette/bucket_PNG7771.png,Bucket,
data/thin/silhouette/bucket_PNG7777.png,Bucket,
data/thin/silhouette/bulldozer_PNG16444.png,Bulldozer,
data/thin/silhouette/bulldozer_PNG16447.png,Bulldozer,
data/thin/silhouette/bulldozer_PNG16460.png,Bulldozer,
data/thin/silhouette/bulldozer_PNG16462.png,Bulldozer,
data/thin/silhouette/butterfly_PNG1001.png,Butterfly,
data/thin/silhouette/butterfly_PNG1004.png,Butterfly,
data/thin/silhouette/butterfly_PNG1005.png,Butterfly,
data/thin/silhouette/butterfly_PNG1006.png,Butterfly,
data/thin/silhouette/butterfly_PNG1007.png,Butterfly,Butterfly
data/thin/silhouette/butterfly_PNG1008.png,Butterfly,
data/thin/silhouette/butterfly_PNG1015.png,Butterfly,
data/thin/silhouette/butterfly_PNG1017.png,Butterfly,
data/thin/silhouette/butterfly_PNG1023.png,Butterfly,
data/thin/silhouette/butterfly_PNG1024.png,Butterfly,
data/thin/silhouette/butterfly_PNG1025.png,Butterfly,Butterfly
data/thin/silhouette/butterfly_PNG1026.png,Butterfly,
data/thin/silhouette/butterfly_PNG1027.png,Butterfly,
data/thin/silhouette/butterfly_PNG1028.png,Butterfly,
data/thin/silhouette/butterfly_PNG1031.png,Butterfly,
data/thin/silhouette/butterfly_PNG1032.png,Butterfly,
data/thin/silhouette/butterfly_PNG1037.png,Butterfly,
data/thin/silhouette/butterfly_PNG1038.png,Butterfly,Butterfly
data/thin/silhouette/butterfly_PNG1042.png,Butterfly,
data/thin/silhouette/butterfly_PNG1044.png,Butterfly,
data/thin/silhouette/butterfly_PNG1049.png,Butterfly,
data/thin/silhouette/butterfly_PNG1056.png,Butterfly,
data/thin/silhouette/butterfly_PNG1058.png,Butterfly,
data/thin/silhouette/butterfly_PNG1059.png,Butterfly,
data/thin/silhouette/butterfly_PNG1061.png,Butterfly,
data/thin/silhouette/butterfly_PNG1062.png,Butterfly,
data/thin/silhouette/butterfly_PNG1064.png,Butterfly,
data/thin/silhouette/butterfly_PNG1065.png,Butterfly,
data/thin/silhouette/cactus_PNG23614.png,Cactus,
data/thin/silhouette/cactus_PNG23638.png,Cactus,
data/thin/silhouette/cactus_PNG23643.png,Cactus,
data/thin/silhouette/cage_PNG1.png,Cage,
data/thin/silhouette/cage_PNG11.png,Cage,
data/thin/silhouette/cage_PNG18.png,Cage,
data/thin/silhouette/cage_PNG23a.png,Cage,
data/thin/silhouette/cage_PNG23b.png,Cage,
data/thin/silhouette/cage_PNG23c.png,Cage,
data/thin/silhouette/cage_PNG30.png,Cage,
data/thin/silhouette/cage_PNG3a.png,Cage,
data/thin/silhouette/cage_PNG4.png,Cage,
data/thin/silhouette/cage_PNG45.png,Cage,
data/thin/silhouette/cage_PNG46.png,Cage,
data/thin/silhouette/cage_PNG48.png,Cage,
data/thin/silhouette/cage_PNG49.png,Cage,
data/thin/silhouette/cage_PNG50.png,Cage,
data/thin/silhouette/cage_PNG51.png,Cage,
data/thin/silhouette/cage_PNG53.png,Cage,
data/thin/silhouette/camel_PNG23426.png,Camel,
data/thin/silhouette/camel_PNG23435.png,Camel,Camel
data/thin/silhouette/camel_PNG23436.png,Camel,
data/thin/silhouette/camel_PNG2920.png,Camel,
data/thin/silhouette/camel_PNG2921.png,Camel,
data/thin/silhouette/camel_PNG2923.png,Camel,
data/thin/silhouette/cannon_PNG10.png,Cannon,
data/thin/silhouette/cannon_PNG12.png,Cannon,
data/thin/silhouette/cannon_PNG13.png,Cannon,
data/thin/silhouette/cannon_PNG16.png,Cannon,
data/thin/silhouette/cannon_PNG21.png,Cannon,
data/thin/silhouette/cannon_PNG22.png,Cannon,
data/thin/silhouette/cannon_PNG24.png,Cannon,
data/thin/silhouette/cannon_PNG25.png,Cannon,
data/thin/silhouette/cannon_PNG26.png,Cannon,
data/thin/silhouette/cannon_PNG28.png,Cannon,
data/thin/silhouette/cannon_PNG3.png,Cannon,
data/thin/silhouette/cannon_PNG31.png,Cannon,
data/thin/silhouette/cannon_PNG32.png,Cannon,
data/thin/silhouette/cannon_PNG33.png,Cannon,
data/thin/silhouette/cannon_PNG37.png,Cannon,
data/thin/silhouette/cannon_PNG4.png,Cannon,
data/thin/silhouette/cannon_PNG40.png,Cannon,
data/thin/silhouette/cannon_PNG56.png,Cannon,
data/thin/silhouette/cannon_PNG57.png,Cannon,
data/thin/silhouette/cannon_PNG59.png,Cannon,
data/thin/silhouette/cannon_PNG6.png,Cannon,
data/thin/silhouette/cannon_PNG65.png,Cannon,
data/thin/silhouette/cannon_PNG66.png,Cannon,
data/thin/silhouette/cannon_PNG70.png,Cannon,
data/thin/silhouette/cannon_PNG74.png,Cannon,
data/thin/silhouette/cannon_PNG75.png,Cannon,
data/thin/silhouette/cannon_PNG79.png,Cannon,
data/thin/silhouette/cannon_PNG8.png,Cannon,
data/thin/silhouette/cannon_PNG80.png,Cannon,
data/thin/silhouette/cannon_PNG82.png,Cannon,
data/thin/silhouette/cannon_PNG83.png,Cannon,
data/thin/silhouette/cannon_PNG84.png,Cannon,
data/thin/silhouette/cannon_PNG85.png,Cannon,
data/thin/silhouette/cannon_PNG86.png,Cannon,
data/thin/silhouette/cannon_PNG88.png,Cannon,
data/thin/silhouette/cannon_PNG89.png,Cannon,
data/thin/silhouette/cannon_PNG9.png,Cannon,
data/thin/silhouette/cannon_PNG90.png,Cannon,
data/thin/silhouette/cannon_PNG91.png,Cannon,
data/thin/silhouette/cannon_PNG93.png,Cannon,
data/thin/silhouette/cannon_PNG94.png,Cannon,
data/thin/silhouette/canoe_PNG146.png,Canoe,
data/thin/silhouette/canoe_PNG168.png,Canoe,
data/thin/silhouette/canoe_PNG75.png,Canoe,
data/thin/silhouette/canoe_PNG83.png,Canoe,
data/thin/silhouette/canoe_PNG91.png,Canoe,
data/thin/silhouette/canoe_PNG94.png,Canoe,
data/thin/silhouette/carriage_PNG11.png,Carriage,
data/thin/silhouette/carriage_PNG12.png,Carriage,
data/thin/silhouette/carriage_PNG14.png,Carriage,
data/thin/silhouette/carriage_PNG22.png,Carriage,
data/thin/silhouette/carriage_PNG26.png,Carriage,
data/thin/silhouette/carriage_PNG27.png,Carriage,
data/thin/silhouette/carriage_PNG28.png,Carriage,
data/thin/silhouette/carriage_PNG31.png,Carriage,
data/thin/silhouette/carriage_PNG32.png,Carriage,
data/thin/silhouette/carriage_PNG43.png,Carriage,
data/thin/silhouette/carriage_PNG44.png,Carriage,
data/thin/silhouette/carriage_PNG46.png,Carriage,
data/thin/silhouette/carriage_PNG47.png,Carriage,
data/thin/silhouette/carriage_PNG48.png,Carriage,Carriage
data/thin/silhouette/carriage_PNG50.png,Carriage,
data/thin/silhouette/carriage_PNG63.png,Carriage,
data/thin/silhouette/carriage_PNG70a.png,Carriage,
data/thin/silhouette/carriage_PNG70b.png,Carriage,
data/thin/silhouette/carriage_PNG73.png,Carriage,
data/thin/silhouette/carriage_PNG74.png,Carriage,
data/thin/silhouette/carriage_PNG76.png,Carriage,
data/thin/silhouette/carriage_PNG78a.png,Carriage,
data/thin/silhouette/carriage_PNG78b.png,Carriage,
data/thin/silhouette/carriage_PNG78c.png,Carriage,
data/thin/silhouette/carriage_PNG78d.png,Carriage,
data/thin/silhouette/carriage_PNG79.png,Carriage,
data/thin/silhouette/carriage_PNG81.png,Carriage,
data/thin/silhouette/carriage_PNG85.png,Carriage,
data/thin/silhouette/cat_PNG50479.png,Cat,
data/thin/silhouette/cat_PNG50507.png,Cat,
data/thin/silhouette/cat_PNG50540.png,Cat,
data/thin/silhouette/cat_PNG50543.png,Cat,Cat
data/thin/silhouette/cat_PNG50547.png,Cat,Cat
data/thin/silhouette/chain_saw_PNG18499.png,Chain Saw,
data/thin/silhouette/chain_saw_PNG18500.png,Chain Saw,
data/thin/silhouette/chain_saw_PNG18501.png,Chain Saw,
data/thin/silhouette/chain_saw_PNG18502.png,Chain Saw,
data/thin/silhouette/chain_saw_PNG18504.png,Chain Saw,
data/thin/silhouette/chain_saw_PNG18506.png,Chain Saw,
data/thin/silhouette/chain_saw_PNG18510.png,Chain Saw,
data/thin/silhouette/chain_saw_PNG18512.png,Chain Saw,
data/thin/silhouette/chain_saw_PNG18514.png,Chain Saw,
data/thin/silhouette/chain_saw_PNG18515.png,Chain Saw,
data/thin/silhouette/chain_saw_PNG18517.png,Chain Saw,
data/thin/silhouette/chain_saw_PNG18527.png,Chain Saw,
data/thin/silhouette/chain_saw_PNG18531.png,Chain Saw,
data/thin/silhouette/chain_saw_PNG18533.png,Chain Saw,
data/thin/silhouette/chain_saw_PNG18536.png,Chain Saw,
data/thin/silhouette/chair_PNG6843.png,Chair,
data/thin/silhouette/chair_PNG6844.png,Chair,
data/thin/silhouette/chair_PNG6845.png,Chair,
data/thin/silhouette/chair_PNG6846.png,Chair,
data/thin/silhouette/chair_PNG6847.png,Chair,
data/thin/silhouette/chair_PNG6848.png,Chair,
data/thin/silhouette/chair_PNG6849.png,Chair,
data/thin/silhouette/chair_PNG6851.png,Chair,
data/thin/silhouette/chair_PNG6852.png,Chair,
data/thin/silhouette/chair_PNG6853.png,Chair,
data/thin/silhouette/chair_PNG6855.png,Chair,
data/thin/silhouette/chair_PNG6856.png,Chair,
data/thin/silhouette/chair_PNG6857.png,Chair,
data/thin/silhouette/chair_PNG6859.png,Chair,
data/thin/silhouette/chair_PNG6860.png,Chair,
data/thin/silhouette/chair_PNG6861.png,Chair,
data/thin/silhouette/chair_PNG6862.png,Chair,
data/thin/silhouette/chair_PNG6865a.png,Chair,
data/thin/silhouette/chair_PNG6865b.png,Chair,
data/thin/silhouette/chair_PNG6866a.png,Chair,
data/thin/silhouette/chair_PNG6866c.png,Chair,
data/thin/silhouette/chair_PNG6866d.png,Chair,
data/thin/silhouette/chair_PNG6866e.png,Chair,
data/thin/silhouette/chair_PNG6866f.png,Chair,
data/thin/silhouette/chair_PNG6866g.png,Chair,
data/thin/silhouette/chair_PNG6866h.png,Chair,
data/thin/silhouette/chair_PNG6867a.png,Chair,Chair
data/thin/silhouette/chair_PNG6867b.png,Chair,Chair
data/thin/silhouette/chair_PNG6867d.png,Chair,Chair
data/thin/silhouette/chair_PNG6867f.png,Chair,Chair
data/thin/silhouette/chair_PNG6867h.png,Chair,Chair
data/thin/silhouette/chair_PNG6869.png,Chair,
data/thin/silhouette/chair_PNG6872.png,Chair,
data/thin/silhouette/chair_PNG6873.png,Chair,
data/thin/silhouette/chair_PNG6874a.png,Chair,
data/thin/silhouette/chair_PNG6874b.png,Chair,
data/thin/silhouette/chair_PNG6874d.png,Chair,
data/thin/silhouette/chair_PNG6874e.png,Chair,
data/thin/silhouette/chair_PNG6874f.png,Chair,
data/thin/silhouette/chair_PNG6874h.png,Chair,
data/thin/silhouette/chair_PNG6877.png,Chair,
data/thin/silhouette/chair_PNG6878a.png,Chair,
data/thin/silhouette/chair_PNG6878b.png,Chair,
data/thin/silhouette/chair_PNG6878c.png,Chair,
data/thin/silhouette/chair_PNG6878d.png,Chair,
data/thin/silhouette/chair_PNG6878e.png,Chair,
data/thin/silhouette/chair_PNG6878f.png,Chair,
data/thin/silhouette/chair_PNG6878g.png,Chair,
data/thin/silhouette/chair_PNG6878h.png,Chair,
data/thin/silhouette/chair_PNG6880.png,Chair,
data/thin/silhouette/chair_PNG6881.png,Chair,
data/thin/silhouette/chair_PNG6882a.png,Chair,
data/thin/silhouette/chair_PNG6882b.png,Chair,
data/thin/silhouette/chair_PNG6883.png,Chair,
data/thin/silhouette/chair_PNG6887.png,Chair,
data/thin/silhouette/chair_PNG6892.png,Chair,
data/thin/silhouette/chair_PNG6897.png,Chair,
data/thin/silhouette/chair_PNG6898.png,Chair,
data/thin/silhouette/chair_PNG6899.png,Chair,
data/thin/silhouette/chair_PNG6901.png,Chair,
data/thin/silhouette/chair_PNG6902.png,Chair,
data/thin/silhouette/chair_PNG6905.png,Chair,Chair
data/thin/silhouette/chair_PNG6906.png,Chair,
data/thin/silhouette/chair_PNG6907.png,Chair,
data/thin/silhouette/chair_PNG6908.png,Chair,
data/thin/silhouette/chair_PNG6909.png,Chair,
data/thin/silhouette/chicken_PNG2145.png,Chicken,
data/thin/silhouette/chicken_PNG2147.png,Chicken,
data/thin/silhouette/chicken_PNG2150.png,Chicken,
data/thin/silhouette/chicken_PNG2151.png,Chicken,
data/thin/silhouette/chicken_PNG2154.png,Chicken,
data/thin/silhouette/chicken_PNG2164.png,Chicken,
data/thin/silhouette/chicken_PNG2165.png,Chicken,
data/thin/silhouette/chicken_PNG2167.png,Chicken,
data/thin/silhouette/chicken_PNG2171.png,Chicken,Chicken
data/thin/silhouette/chicken_PNG2172.png,Chicken,
data/thin/silhouette/chicken_PNG2173.png,Chicken,
data/thin/silhouette/cobra_PNG12.png,Cobra,Cobra
data/thin/silhouette/cobra_PNG41.png,Cobra,
data/thin/silhouette/cobra_PNG47.png,Cobra,
data/thin/silhouette/cobra_PNG55.png,Cobra,
data/thin/silhouette/cock_PNG19926.png,Cock,
data/thin/silhouette/cock_PNG19930.png,Cock,
data/thin/silhouette/cock_PNG20.png,Cock,
data/thin/silhouette/cock_PNG27.png,Cock,Chicken
data/thin/silhouette/cock_PNG29.png,Cock,
data/thin/silhouette/cock_PNG3.png,Cock,
data/thin/silhouette/cock_PNG4.png,Cock,
data/thin/silhouette/cock_PNG5.png,Cock,
data/thin/silhouette/cock_PNG6.png,Cock,
data/thin/silhouette/cock_PNG8.png,Cock,
data/thin/silhouette/cock_PNG9.png,Cock,
data/thin/silhouette/comb_PNG1.png,Comb,
data/thin/silhouette/comb_PNG10.png,Comb,
data/thin/silhouette/comb_PNG106.png,Comb,
data/thin/silhouette/comb_PNG11.png,Comb,
data/thin/silhouette/comb_PNG112.png,Comb,
data/thin/silhouette/comb_PNG113.png,Comb,
data/thin/silhouette/comb_PNG114.png,Comb,
data/thin/silhouette/comb_PNG118.png,Comb,
data/thin/silhouette/comb_PNG120.png,Comb,Comb
data/thin/silhouette/comb_PNG121.png,Comb,
data/thin/silhouette/comb_PNG124.png,Comb,
data/thin/silhouette/comb_PNG125a.png,Comb,
data/thin/silhouette/comb_PNG125b.png,Comb,
data/thin/silhouette/comb_PNG136a.png,Comb,
data/thin/silhouette/comb_PNG136b.png,Comb,
data/thin/silhouette/comb_PNG137.png,Comb,
data/thin/silhouette/comb_PNG14.png,Comb,
data/thin/silhouette/comb_PNG140a.png,Comb,
data/thin/silhouette/comb_PNG141.png,Comb,
data/thin/silhouette/comb_PNG142.png,Comb,
data/thin/silhouette/comb_PNG144.png,Comb,
data/thin/silhouette/comb_PNG146.png,Comb,
data/thin/silhouette/comb_PNG154a.png,Comb,
data/thin/silhouette/comb_PNG154b.png,Comb,
data/thin/silhouette/comb_PNG154d.png,Comb,
data/thin/silhouette/comb_PNG155a.png,Comb,
data/thin/silhouette/comb_PNG155b.png,Comb,
data/thin/silhouette/comb_PNG156.png,Comb,
data/thin/silhouette/comb_PNG158.png,Comb,
data/thin/silhouette/comb_PNG159.png,Comb,
data/thin/silhouette/comb_PNG16.png,Comb,
data/thin/silhouette/comb_PNG17.png,Comb,
data/thin/silhouette/comb_PNG18.png,Comb,
data/thin/silhouette/comb_PNG23.png,Comb,Comb
data/thin/silhouette/comb_PNG28.png,Comb,
data/thin/silhouette/comb_PNG29.png,Comb,
data/thin/silhouette/comb_PNG37.png,Comb,
data/thin/silhouette/comb_PNG40.png,Comb,
data/thin/silhouette/comb_PNG43.png,Comb,
data/thin/silhouette/comb_PNG45.png,Comb,
data/thin/silhouette/comb_PNG47.png,Comb,
data/thin/silhouette/comb_PNG48.png,Comb,
data/thin/silhouette/comb_PNG49.png,Comb,
data/thin/silhouette/comb_PNG5.png,Comb,Comb
data/thin/silhouette/comb_PNG50.png,Comb,Comb
data/thin/silhouette/comb_PNG66.png,Comb,
data/thin/silhouette/comb_PNG68.png,Comb,
data/thin/silhouette/comb_PNG7.png,Comb,
data/thin/silhouette/comb_PNG71a.png,Comb,
data/thin/silhouette/comb_PNG71b.png,Comb,
data/thin/silhouette/comb_PNG81.png,Comb,
data/thin/silhouette/comb_PNG82.png,Comb,
data/thin/silhouette/comb_PNG83.png,Comb,
data/thin/silhouette/comb_PNG84.png,Comb,
data/thin/silhouette/comb_PNG87.png,Comb,
data/thin/silhouette/cooking_pan_PNG8363.png,Cooking Pan,
data/thin/silhouette/cooking_pan_PNG8364.png,Cooking Pan,
data/thin/silhouette/cooking_pan_PNG8365.png,Cooking Pan,
data/thin/silhouette/cooking_pan_PNG8366.png,Cooking Pan,
data/thin/silhouette/cooking_pan_PNG8367a.png,Cooking Pan,Cooking Pan
data/thin/silhouette/cooking_pan_PNG8367b.png,Cooking Pan,Cooking Pan
data/thin/silhouette/cooking_pan_PNG8367c.png,Cooking Pan,Cooking Pan
data/thin/silhouette/cooking_pan_PNG8367d.png,Cooking Pan,Cooking Pan
data/thin/silhouette/cooking_pan_PNG8369.png,Cooking Pan,
data/thin/silhouette/cooking_pan_PNG8370.png,Cooking Pan,
data/thin/silhouette/cooking_pan_PNG8387.png,Cooking Pan,
data/thin/silhouette/cooking_pan_PNG8398.png,Cooking Pan,
data/thin/silhouette/cooking_pan_PNG8399.png,Cooking Pan,
data/thin/silhouette/corkscrew_PNG1.png,Corkscrew,
data/thin/silhouette/corkscrew_PNG15.png,Corkscrew,
data/thin/silhouette/corkscrew_PNG18.png,Corkscrew,
data/thin/silhouette/corkscrew_PNG2.png,Corkscrew,
data/thin/silhouette/corkscrew_PNG33.png,Corkscrew,Corkscrew
data/thin/silhouette/corkscrew_PNG35.png,Corkscrew,
data/thin/silhouette/corkscrew_PNG36.png,Corkscrew,
data/thin/silhouette/corkscrew_PNG37.png,Corkscrew,
data/thin/silhouette/corkscrew_PNG38.png,Corkscrew,
data/thin/silhouette/corkscrew_PNG39.png,Corkscrew,
data/thin/silhouette/corkscrew_PNG4.png,Corkscrew,
data/thin/silhouette/corkscrew_PNG40.png,Corkscrew,
data/thin/silhouette/corkscrew_PNG41.png,Corkscrew,
data/thin/silhouette/corkscrew_PNG42.png,Corkscrew,
data/thin/silhouette/corkscrew_PNG43.png,Corkscrew,
data/thin/silhouette/corkscrew_PNG44.png,Corkscrew,
data/thin/silhouette/corkscrew_PNG49.png,Corkscrew,
data/thin/silhouette/corkscrew_PNG5.png,Corkscrew,
data/thin/silhouette/corkscrew_PNG50.png,Corkscrew,
data/thin/silhouette/corkscrew_PNG52.png,Corkscrew,
data/thin/silhouette/corkscrew_PNG7.png,Corkscrew,
data/thin/silhouette/corkscrew_PNG8.png,Corkscrew,
data/thin/silhouette/corkscrew_PNG9.png,Corkscrew,
data/thin/silhouette/cow_PNG50577.png,Cow,
data/thin/silhouette/cow_PNG50601.png,Cow,
data/thin/silhouette/cow_PNG50606.png,Cow,
data/thin/silhouette/crab_PNG1.png,Crab,
data/thin/silhouette/crab_PNG11.png,Crab,
data/thin/silhouette/crab_PNG12.png,Crab,
data/thin/silhouette/crab_PNG13.png,Crab,
data/thin/silhouette/crab_PNG16.png,Crab,
data/thin/silhouette/crab_PNG18.png,Crab,
data/thin/silhouette/crab_PNG19.png,Crab,
data/thin/silhouette/crab_PNG2.png,Crab,
data/thin/silhouette/crab_PNG20.png,Crab,
data/thin/silhouette/crab_PNG23.png,Crab,
data/thin/silhouette/crab_PNG24.png,Crab,
data/thin/silhouette/crab_PNG28.png,Crab,
data/thin/silhouette/crab_PNG3.png,Crab,
data/thin/silhouette/crab_PNG30.png,Crab,
data/thin/silhouette/crab_PNG34.png,Crab,
data/thin/silhouette/crab_PNG38.png,Crab,
data/thin/silhouette/crab_PNG4.png,Crab,
data/thin/silhouette/crab_PNG42.png,Crab,
data/thin/silhouette/crab_PNG46.png,Crab,
data/thin/silhouette/crab_PNG7.png,Crab,
data/thin/silhouette/crab_PNG8.png,Crab,
data/thin/silhouette/crab_PNG9.png,Crab,
data/thin/silhouette/crane_PNG1.png,Crane,
data/thin/silhouette/crane_PNG18.png,Crane,
data/thin/silhouette/crane_PNG2.png,Crane,
data/thin/silhouette/crane_PNG21.png,Crane,
data/thin/silhouette/crane_PNG24.png,Crane,
data/thin/silhouette/crocodile_PNG13162.png,Crocodile,
data/thin/silhouette/crocodile_PNG13163.png,Crocodile,
data/thin/silhouette/crocodile_PNG13178.png,Crocodile,
data/thin/silhouette/crow_PNG3095.png,Crow,
data/thin/silhouette/crow_PNG3097.png,Crow,
data/thin/silhouette/crow_PNG3099.png,Crow,
data/thin/silhouette/crow_PNG3101.png,Crow,
data/thin/silhouette/crow_PNG3103.png,Crow,
data/thin/silhouette/crow_PNG3104.png,Crow,
data/thin/silhouette/crow_PNG3105.png,Crow,
data/thin/silhouette/crow_PNG3106.png,Crow,
data/thin/silhouette/crow_PNG3107.png,Crow,
data/thin/silhouette/crow_PNG3110.png,Crow,
data/thin/silhouette/crow_PNG3111.png,Crow,
data/thin/silhouette/crow_PNG3113.png,Crow,
data/thin/silhouette/crow_PNG3115.png,Crow,
data/thin/silhouette/crown_PNG21.png,Crown,Crown
data/thin/silhouette/crown_PNG23852.png,Crown,
data/thin/silhouette/crown_PNG23854.png,Crown,
data/thin/silhouette/crutch_PNG1.png,Crutch,
data/thin/silhouette/crutch_PNG14.png,Crutch,
data/thin/silhouette/crutch_PNG15.png,Crutch,
data/thin/silhouette/crutch_PNG17a.png,Crutch,
data/thin/silhouette/crutch_PNG17b.png,Crutch,
data/thin/silhouette/crutch_PNG2.png,Crutch,
data/thin/silhouette/crutch_PNG31.png,Crutch,
data/thin/silhouette/crutch_PNG32.png,Crutch,
data/thin/silhouette/crutch_PNG34a.png,Crutch,
data/thin/silhouette/crutch_PNG34b.png,Crutch,
data/thin/silhouette/crutch_PNG35.png,Crutch,
data/thin/silhouette/crutch_PNG36.png,Crutch,
data/thin/silhouette/crutch_PNG38b.png,Crutch,
data/thin/silhouette/crutch_PNG9.png,Crutch,
data/thin/silhouette/darts_PNG10.png,Darts,
data/thin/silhouette/darts_PNG11.png,Darts,
data/thin/silhouette/darts_PNG12.png,Darts,
data/thin/silhouette/darts_PNG13.png,Darts,
data/thin/silhouette/darts_PNG14.png,Darts,
data/thin/silhouette/darts_PNG16.png,Darts,
data/thin/silhouette/darts_PNG17.png,Darts,
data/thin/silhouette/darts_PNG21.png,Darts,
data/thin/silhouette/darts_PNG22.png,Darts,
data/thin/silhouette/darts_PNG25.png,Darts,
data/thin/silhouette/darts_PNG28.png,Darts,
data/thin/silhouette/darts_PNG30.png,Darts,
data/thin/silhouette/darts_PNG41.png,Darts,Darts
data/thin/silhouette/darts_PNG44.png,Darts,
data/thin/silhouette/darts_PNG45.png,Darts,
data/thin/silhouette/darts_PNG46.png,Darts,
data/thin/silhouette/darts_PNG47.png,Darts,
data/thin/silhouette/darts_PNG49.png,Darts,
data/thin/silhouette/darts_PNG50.png,Darts,
data/thin/silhouette/darts_PNG53.png,Darts,
data/thin/silhouette/darts_PNG58.png,Darts,
data/thin/silhouette/darts_PNG6.png,Darts,
data/thin/silhouette/darts_PNG8.png,Darts,
data/thin/silhouette/darts_PNG9.png,Darts,
data/thin/silhouette/deer_PNG10170.png,Deer,
data/thin/silhouette/deer_PNG10171.png,Deer,
data/thin/silhouette/deer_PNG10172.png,Deer,
data/thin/silhouette/deer_PNG10175.png,Deer,
data/thin/silhouette/deer_PNG10177.png,Deer,
data/thin/silhouette/deer_PNG10178.png,Deer,
data/thin/silhouette/deer_PNG10182.png,Deer,
data/thin/silhouette/deer_PNG10185.png,Deer,
data/thin/silhouette/dog_PNG50373.png,Dog,
data/thin/silhouette/dog_PNG50383.png,Dog,
data/thin/silhouette/donkey_PNG24.png,Donkey,
data/thin/silhouette/dragonfly_PNG11.png,Dragonfly,
data/thin/silhouette/dragonfly_PNG20.png,Dragonfly,
data/thin/silhouette/dragonfly_PNG4.png,Dragonfly,
data/thin/silhouette/dragonfly_PNG5.png,Dragonfly,
data/thin/silhouette/dragonfly_PNG9.png,Dragonfly,
data/thin/silhouette/dresser_PNG126.png,Dresser,
data/thin/silhouette/drone_PNG103.png,Drone,
data/thin/silhouette/drone_PNG107.png,Drone,
data/thin/silhouette/drone_PNG110.png,Drone,
data/thin/silhouette/drone_PNG112.png,Drone,
data/thin/silhouette/drone_PNG114.png,Drone,
data/thin/silhouette/drone_PNG117.png,Drone,Drone
data/thin/silhouette/drone_PNG12.png,Drone,
data/thin/silhouette/drone_PNG123.png,Drone,
data/thin/silhouette/drone_PNG125.png,Drone,
data/thin/silhouette/drone_PNG128.png,Drone,
data/thin/silhouette/drone_PNG129.png,Drone,
data/thin/silhouette/drone_PNG137.png,Drone,
data/thin/silhouette/drone_PNG140.png,Drone,
data/thin/silhouette/drone_PNG150.png,Drone,
data/thin/silhouette/drone_PNG161.png,Drone,
data/thin/silhouette/drone_PNG169.png,Drone,
data/thin/silhouette/drone_PNG181.png,Drone,
data/thin/silhouette/drone_PNG190.png,Drone,
data/thin/silhouette/drone_PNG191.png,Drone,
data/thin/silhouette/drone_PNG194.png,Drone,
data/thin/silhouette/drone_PNG204.png,Drone,
data/thin/silhouette/drone_PNG207.png,Drone,
data/thin/silhouette/drone_PNG208.png,Drone,
data/thin/silhouette/drone_PNG26.png,Drone,
data/thin/silhouette/drone_PNG36.png,Drone,
data/thin/silhouette/drone_PNG38.png,Drone,
data/thin/silhouette/drone_PNG39.png,Drone,
data/thin/silhouette/drone_PNG40.png,Drone,
data/thin/silhouette/drone_PNG41.png,Drone,
data/thin/silhouette/drone_PNG46.png,Drone,
data/thin/silhouette/drone_PNG5.png,Drone,Drone
data/thin/silhouette/drone_PNG65.png,Drone,
data/thin/silhouette/drone_PNG85.png,Drone,
data/thin/silhouette/drone_PNG88.png,Drone,
data/thin/silhouette/drone_PNG89.png,Drone,
data/thin/silhouette/drone_PNG9.png,Drone,
data/thin/silhouette/drone_PNG91.png,Drone,
data/thin/silhouette/drum_PNG14337.png,Drum,
data/thin/silhouette/drum_PNG14342.png,Drum,
data/thin/silhouette/drum_PNG14343.png,Drum,
data/thin/silhouette/drum_PNG14344.png,Drum,
data/thin/silhouette/drum_PNG14345.png,Drum,
data/thin/silhouette/eagle_PNG1202.png,Eagle,
data/thin/silhouette/eagle_PNG1215.png,Eagle,
data/thin/silhouette/eagle_PNG1225.png,Eagle,
data/thin/silhouette/eagle_PNG1228.png,Eagle,
data/thin/silhouette/eiffel_tower_PNG17.png,Eiffel Tower,
data/thin/silhouette/eiffel_tower_PNG21.png,Eiffel Tower,
data/thin/silhouette/eiffel_tower_PNG29.png,Eiffel Tower,
data/thin/silhouette/eiffel_tower_PNG38.png,Eiffel Tower,
data/thin/silhouette/eiffel_tower_PNG6.png,Eiffel Tower,
data/thin/silhouette/eiffel_tower_PNG72.png,Eiffel Tower,
data/thin/silhouette/elephants_PNG18747.png,Elephants,
data/thin/silhouette/elephants_PNG18748.png,Elephants,
data/thin/silhouette/elephants_PNG18749.png,Elephants,Elephants
data/thin/silhouette/elephants_PNG18762.png,Elephants,
data/thin/silhouette/elephants_PNG18775.png,Elephants,
data/thin/silhouette/elephants_PNG18779.png,Elephants,
data/thin/silhouette/elephants_PNG18781.png,Elephants,
data/thin/silhouette/elephants_PNG18782.png,Elephants,
data/thin/silhouette/elephants_PNG18785.png,Elephants,
data/thin/silhouette/elephants_PNG18787.png,Elephants,
data/thin/silhouette/elephants_PNG18788.png,Elephants,
data/thin/silhouette/elephants_PNG18793.png,Elephants,
data/thin/silhouette/elephants_PNG18799.png,Elephants,
data/thin/silhouette/elephants_PNG18800.png,Elephants,Elephants
data/thin/silhouette/elephants_PNG18801.png,Elephants,
data/thin/silhouette/elephants_PNG18805.png,Elephants,
data/thin/silhouette/excavator_PNG1.png,Excavator,
data/thin/silhouette/excavator_PNG12.png,Excavator,
data/thin/silhouette/excavator_PNG20.png,Excavator,
data/thin/silhouette/excavator_PNG21.png,Excavator,
data/thin/silhouette/excavator_PNG23.png,Excavator,
data/thin/silhouette/excavator_PNG26.png,Excavator,
data/thin/silhouette/excavator_PNG27.png,Excavator,
data/thin/silhouette/excavator_PNG28.png,Excavator,
data/thin/silhouette/excavator_PNG29.png,Excavator,
data/thin/silhouette/excavator_PNG32.png,Excavator,
data/thin/silhouette/excavator_PNG37.png,Excavator,
data/thin/silhouette/excavator_PNG40.png,Excavator,
data/thin/silhouette/excavator_PNG45.png,Excavator,
data/thin/silhouette/excavator_PNG58.png,Excavator,
data/thin/silhouette/excavator_PNG65.png,Excavator,
data/thin/silhouette/excavator_PNG8.png,Excavator,
data/thin/silhouette/excavator_PNG9.png,Excavator,
data/thin/silhouette/fan_PNG14457.png,Fan,
data/thin/silhouette/fan_PNG14458.png,Fan,
data/thin/silhouette/fan_PNG14460.png,Fan,
data/thin/silhouette/fan_PNG14461.png,Fan,
data/thin/silhouette/fan_PNG14462.png,Fan,
data/thin/silhouette/fan_PNG14463.png,Fan,
data/thin/silhouette/fan_PNG14464.png,Fan,
data/thin/silhouette/fan_PNG14465.png,Fan,
data/thin/silhouette/fan_PNG14467.png,Fan,
data/thin/silhouette/fan_PNG14469.png,Fan,
data/thin/silhouette/fan_PNG14471.png,Fan,
data/thin/silhouette/fan_PNG14472.png,Fan,
data/thin/silhouette/fan_PNG14473.png,Fan,
data/thin/silhouette/fan_PNG14475.png,Fan,
data/thin/silhouette/fan_PNG14478.png,Fan,
data/thin/silhouette/fan_PNG14479.png,Fan,
data/thin/silhouette/fan_PNG14482.png,Fan,
data/thin/silhouette/fan_PNG14483.png,Fan,
data/thin/silhouette/fan_PNG14484.png,Fan,Fan
data/thin/silhouette/fan_PNG14485.png,Fan,
data/thin/silhouette/fan_PNG14486.png,Fan,
data/thin/silhouette/fan_PNG14487.png,Fan,
data/thin/silhouette/fan_PNG14489.png,Fan,
data/thin/silhouette/fan_PNG14490.png,Fan,
data/thin/silhouette/fan_PNG14491.png,Fan,
data/thin/silhouette/fan_PNG14492.png,Fan,
data/thin/silhouette/fir_tree_PNG3691.png,Fir Tree,Fir Tree
data/thin/silhouette/fire_truck_PNG11.png,Fire Truck,
data/thin/silhouette/fire_truck_PNG22.png,Fire Truck,
data/thin/silhouette/fire_truck_PNG37.png,Fire Truck,
data/thin/silhouette/fire_truck_PNG40.png,Fire Truck,
data/thin/silhouette/fire_truck_PNG43.png,Fire Truck,
data/thin/silhouette/fire_truck_PNG44.png,Fire Truck,
data/thin/silhouette/fire_truck_PNG46.png,Fire Truck,
data/thin/silhouette/fish_PNG25106.png,Fish,
data/thin/silhouette/flags_PNG14677.png,Flags,
data/thin/silhouette/flags_PNG14717.png,Flags,
data/thin/silhouette/flags_PNG14719.png,Flags,
data/thin/silhouette/flamingo_PNG15094.png,Flamingo,
data/thin/silhouette/flamingo_PNG15095.png,Flamingo,
data/thin/silhouette/flamingo_PNG15099.png,Flamingo,
data/thin/silhouette/flamingo_PNG15101.png,Flamingo,
data/thin/silhouette/flamingo_PNG15107.png,Flamingo,
data/thin/silhouette/flamingo_PNG15110.png,Flamingo,
data/thin/silhouette/flamingo_PNG15111.png,Flamingo,
data/thin/silhouette/flamingo_PNG15112.png,Flamingo,
data/thin/silhouette/flippers_PNG37454.png,Flippers,
data/thin/silhouette/flippers_PNG37457.png,Flippers,
data/thin/silhouette/flippers_PNG37458.png,Flippers,
data/thin/silhouette/flippers_PNG37461.png,Flippers,Broom
data/thin/silhouette/flippers_PNG37473.png,Flippers,
data/thin/silhouette/football_goal_PNG10.png,Football Goal,
data/thin/silhouette/football_goal_PNG12.png,Football Goal,
data/thin/silhouette/football_goal_PNG13.png,Football Goal,
data/thin/silhouette/football_goal_PNG14.png,Football Goal,
data/thin/silhouette/football_goal_PNG15.png,Football Goal,Football Goal
data/thin/silhouette/football_goal_PNG17.png,Football Goal,
data/thin/silhouette/football_goal_PNG19.png,Football Goal,
data/thin/silhouette/football_goal_PNG22.png,Football Goal,
data/thin/silhouette/football_goal_PNG24.png,Football Goal,
data/thin/silhouette/football_goal_PNG25.png,Football Goal,
data/thin/silhouette/football_goal_PNG26.png,Football Goal,
data/thin/silhouette/football_goal_PNG33.png,Football Goal,
data/thin/silhouette/football_goal_PNG38.png,Football Goal,
data/thin/silhouette/football_goal_PNG41.png,Football Goal,
data/thin/silhouette/football_goal_PNG7.png,Football Goal,
data/thin/silhouette/fork_PNG3051.png,Fork,
data/thin/silhouette/fork_PNG3052.png,Fork,
data/thin/silhouette/fork_PNG3053.png,Fork,
data/thin/silhouette/fork_PNG3054.png,Fork,
data/thin/silhouette/fork_PNG3056.png,Fork,
data/thin/silhouette/fork_PNG3058.png,Fork,
data/thin/silhouette/fork_PNG3061.png,Fork,
data/thin/silhouette/fork_PNG3063.png,Fork,
data/thin/silhouette/fork_PNG3064.png,Fork,
data/thin/silhouette/fork_PNG3065.png,Fork,
data/thin/silhouette/fork_PNG3066.png,Fork,
data/thin/silhouette/fork_PNG3068.png,Fork,
data/thin/silhouette/frog_PNG35716.png,Frog,
data/thin/silhouette/frog_PNG35720.png,Frog,
data/thin/silhouette/frog_PNG35721.png,Frog,Frog
data/thin/silhouette/frog_PNG35727.png,Frog,
data/thin/silhouette/frog_PNG35729.png,Frog,
data/thin/silhouette/frog_PNG35730.png,Frog,
data/thin/silhouette/frog_PNG35734.png,Frog,
data/thin/silhouette/frog_PNG35735.png,Frog,
data/thin/silhouette/frog_PNG35738.png,Frog,
data/thin/silhouette/frog_PNG35739.png,Frog,
data/thin/silhouette/frog_PNG35740.png,Frog,
data/thin/silhouette/frog_PNG35741.png,Frog,
data/thin/silhouette/frog_PNG35742.png,Frog,
data/thin/silhouette/frog_PNG35746.png,Frog,
data/thin/silhouette/frog_PNG35754.png,Frog,Frog
data/thin/silhouette/frog_PNG35756.png,Frog,Frog
data/thin/silhouette/frog_PNG35759.png,Frog,
data/thin/silhouette/frog_PNG35761.png,Frog,
data/thin/silhouette/frog_PNG35772.png,Frog,
data/thin/silhouette/frog_PNG35776.png,Frog,
data/thin/silhouette/frog_PNG3832.png,Frog,
data/thin/silhouette/frog_PNG3835.png,Frog,
data/thin/silhouette/frog_PNG3837.png,Frog,
data/thin/silhouette/frog_PNG3838.png,Frog,
data/thin/silhouette/frog_PNG3839.png,Frog,
data/thin/silhouette/frog_PNG3840.png,Frog,
data/thin/silhouette/frog_PNG3841.png,Frog,
data/thin/silhouette/frog_PNG3843.png,Frog,
data/thin/silhouette/frog_PNG3845.png,Frog,
data/thin/silhouette/frog_PNG3846.png,Frog,
data/thin/silhouette/frog_PNG3847.png,Frog,
data/thin/silhouette/frying_pan_PNG8330.png,Frying Pan,
data/thin/silhouette/frying_pan_PNG8331.png,Frying Pan,
data/thin/silhouette/frying_pan_PNG8336.png,Frying Pan,
data/thin/silhouette/frying_pan_PNG8337.png,Frying Pan,
data/thin/silhouette/frying_pan_PNG8338.png,Frying Pan,
data/thin/silhouette/frying_pan_PNG8342.png,Frying Pan,
data/thin/silhouette/frying_pan_PNG8345.png,Frying Pan,
data/thin/silhouette/frying_pan_PNG8346.png,Frying Pan,
data/thin/silhouette/frying_pan_PNG8349.png,Frying Pan,
data/thin/silhouette/frying_pan_PNG8357.png,Frying Pan,
data/thin/silhouette/frying_pan_PNG8359.png,Frying Pan,
data/thin/silhouette/frying_pan_PNG8360.png,Frying Pan,
data/thin/silhouette/frying_pan_PNG8361.png,Frying Pan,
data/thin/silhouette/frying_pan_PNG8362.png,Frying Pan,
data/thin/silhouette/gas_mask_PNG1.png,Gas Mask,
data/thin/silhouette/gas_mask_PNG12.png,Gas Mask,
data/thin/silhouette/gas_mask_PNG13.png,Gas Mask,
data/thin/silhouette/gas_mask_PNG16.png,Gas Mask,
data/thin/silhouette/gas_mask_PNG18.png,Gas Mask,Gas Mask
data/thin/silhouette/gas_mask_PNG33.png,Gas Mask,
data/thin/silhouette/gas_mask_PNG43.png,Gas Mask,
data/thin/silhouette/giraffe_PNG13518.png,Giraffe,
data/thin/silhouette/giraffe_PNG13522.png,Giraffe,
data/thin/silhouette/giraffe_PNG13525.png,Giraffe,
data/thin/silhouette/giraffe_PNG13534.png,Giraffe,
data/thin/silhouette/giraffe_PNG13539.png,Giraffe,
data/thin/silhouette/glider_PNG24.png,Glider,
data/thin/silhouette/glider_PNG6.png,Glider,
data/thin/silhouette/goat_PNG13150.png,Goat,
data/thin/silhouette/goat_PNG13151.png,Goat,
data/thin/silhouette/golden_cup_PNG14537.png,Golden Cup,
data/thin/silhouette/golden_cup_PNG14538.png,Golden Cup,
data/thin/silhouette/golden_cup_PNG14539.png,Golden Cup,
data/thin/silhouette/golden_cup_PNG14542.png,Golden Cup,
data/thin/silhouette/golden_cup_PNG14547.png,Golden Cup,Golden Cup
data/thin/silhouette/golden_cup_PNG14548.png,Golden Cup,
data/thin/silhouette/golden_cup_PNG14549.png,Golden Cup,Golden Cup
data/thin/silhouette/golden_cup_PNG14550.png,Golden Cup,
data/thin/silhouette/golden_cup_PNG14551.png,Golden Cup,
data/thin/silhouette/golden_cup_PNG14559.png,Golden Cup,
data/thin/silhouette/golden_cup_PNG14569.png,Golden Cup,
data/thin/silhouette/golden_cup_PNG14571.png,Golden Cup,
data/thin/silhouette/golden_cup_PNG14575.png,Golden Cup,
data/thin/silhouette/grasshopper_PNG11.png,Grasshopper,
data/thin/silhouette/grasshopper_PNG13.png,Grasshopper,
data/thin/silhouette/grasshopper_PNG18.png,Grasshopper,
data/thin/silhouette/grasshopper_PNG20.png,Grasshopper,
data/thin/silhouette/grasshopper_PNG32.png,Grasshopper,
data/thin/silhouette/grasshopper_PNG4.png,Grasshopper,
data/thin/silhouette/grasshopper_PNG40.png,Grasshopper,
data/thin/silhouette/grasshopper_PNG44.png,Grasshopper,Grasshopper
data/thin/silhouette/grasshopper_PNG6.png,Grasshopper,
data/thin/silhouette/grasshopper_PNG7.png,Grasshopper,
data/thin/silhouette/grasshopper_PNG9.png,Grasshopper,
data/thin/silhouette/grenade_launcher_PNG15324.png,Grenade Launcher,
data/thin/silhouette/grenade_launcher_PNG15327.png,Grenade Launcher,
data/thin/silhouette/grenade_launcher_PNG15330.png,Grenade Launcher,
data/thin/silhouette/grenade_launcher_PNG15334.png,Grenade Launcher,
data/thin/silhouette/grenade_launcher_PNG15335.png,Grenade Launcher,
data/thin/silhouette/grenade_launcher_PNG15338.png,Grenade Launcher,
data/thin/silhouette/grenade_launcher_PNG15340.png,Grenade Launcher,
data/thin/silhouette/grill_PNG13937.png,Grill,
data/thin/silhouette/grill_PNG13938.png,Grill,
data/thin/silhouette/grill_PNG13939.png,Grill,
data/thin/silhouette/grill_PNG13942.png,Grill,
data/thin/silhouette/grill_PNG13944.png,Grill,
data/thin/silhouette/grill_PNG13947.png,Grill,
data/thin/silhouette/gun_PNG1353.png,Gun,
data/thin/silhouette/gun_PNG1354.png,Gun,
data/thin/silhouette/gun_PNG1355.png,Gun,
data/thin/silhouette/gun_PNG1357.png,Gun,
data/thin/silhouette/gun_PNG1358.png,Gun,
data/thin/silhouette/gun_PNG1360.png,Gun,
data/thin/silhouette/gun_PNG1363.png,Gun,Gun
data/thin/silhouette/gun_PNG1371.png,Gun,
data/thin/silhouette/gun_PNG1373.png,Gun,
data/thin/silhouette/gun_PNG1374.png,Gun,
data/thin/silhouette/gun_PNG1377.png,Gun,
data/thin/silhouette/gun_PNG1378.png,Gun,
data/thin/silhouette/gun_PNG1379.png,Gun,
data/thin/silhouette/gun_PNG1381.png,Gun,
data/thin/silhouette/gun_PNG1384.png,Gun,Gun
data/thin/silhouette/gun_PNG1385.png,Gun,Gun
data/thin/silhouette/gun_PNG1386.png,Gun,
data/thin/silhouette/gun_PNG1389.png,Gun,
data/thin/silhouette/hairbrush_PNG105.png,Hairbrush,
data/thin/silhouette/hairbrush_PNG107.png,Hairbrush,
data/thin/silhouette/hairbrush_PNG110.png,Hairbrush,
data/thin/silhouette/hairbrush_PNG134.png,Hairbrush,
data/thin/silhouette/hairbrush_PNG135.png,Hairbrush,
data/thin/silhouette/hairbrush_PNG136a.png,Hairbrush,
data/thin/silhouette/hairbrush_PNG136d.png,Hairbrush,
data/thin/silhouette/hairbrush_PNG136f.png,Hairbrush,
data/thin/silhouette/hairbrush_PNG138.png,Hairbrush,
data/thin/silhouette/hairbrush_PNG140.png,Hairbrush,
data/thin/silhouette/hairbrush_PNG145.png,Hairbrush,
data/thin/silhouette/hairbrush_PNG146.png,Hairbrush,
data/thin/silhouette/hairbrush_PNG152.png,Hairbrush,
data/thin/silhouette/hairbrush_PNG154.png,Hairbrush,
data/thin/silhouette/hairbrush_PNG157.png,Hairbrush,
data/thin/silhouette/hairbrush_PNG162.png,Hairbrush,
data/thin/silhouette/hairbrush_PNG20.png,Hairbrush,
data/thin/silhouette/hairbrush_PNG47.png,Hairbrush,
data/thin/silhouette/hairbrush_PNG53.png,Hairbrush,
data/thin/silhouette/hairbrush_PNG63.png,Hairbrush,
data/thin/silhouette/hairbrush_PNG64.png,Hairbrush,
data/thin/silhouette/hairbrush_PNG65.png,Hairbrush,
data/thin/silhouette/hairbrush_PNG78.png,Hairbrush,
data/thin/silhouette/hairbrush_PNG81.png,Hairbrush,
data/thin/silhouette/hammer_PNG1122.png,Hammer,
data/thin/silhouette/hammer_PNG1124.png,Hammer,
data/thin/silhouette/hammer_PNG1127.png,Hammer,
data/thin/silhouette/hammer_PNG1131.png,Hammer,
data/thin/silhouette/hammer_PNG1132.png,Hammer,
data/thin/silhouette/hammer_PNG1134.png,Hammer,
data/thin/silhouette/hammer_PNG1138.png,Hammer,
data/thin/silhouette/hammer_PNG1140.png,Hammer,
data/thin/silhouette/hammer_PNG3888.png,Hammer,
data/thin/silhouette/hammer_PNG3889a.png,Hammer,
data/thin/silhouette/hammer_PNG3889b.png,Hammer,
data/thin/silhouette/hammer_PNG3891.png,Hammer,
data/thin/silhouette/hammock_PNG1.png,Hammock,
data/thin/silhouette/hammock_PNG12.png,Hammock,
data/thin/silhouette/hammock_PNG18.png,Hammock,
data/thin/silhouette/hammock_PNG19.png,Hammock,
data/thin/silhouette/hammock_PNG2.png,Hammock,
data/thin/silhouette/hammock_PNG23.png,Hammock,
data/thin/silhouette/hammock_PNG3.png,Hammock,
data/thin/silhouette/hammock_PNG32.png,Hammock,
data/thin/silhouette/hammock_PNG33.png,Hammock,
data/thin/silhouette/hammock_PNG37.png,Hammock,
data/thin/silhouette/hammock_PNG39.png,Hammock,
data/thin/silhouette/hammock_PNG4.png,Hammock,
data/thin/silhouette/hammock_PNG41.png,Hammock,
data/thin/silhouette/hammock_PNG43.png,Hammock,
data/thin/silhouette/hammock_PNG45.png,Hammock,
data/thin/silhouette/hammock_PNG48.png,Hammock,
data/thin/silhouette/hammock_PNG49.png,Hammock,
data/thin/silhouette/hammock_PNG50.png,Hammock,
data/thin/silhouette/hammock_PNG61.png,Hammock,
data/thin/silhouette/hammock_PNG63.png,Hammock,
data/thin/silhouette/hammock_PNG64.png,Hammock,
data/thin/silhouette/hammock_PNG65.png,Hammock,
data/thin/silhouette/hammock_PNG7.png,Hammock,
data/thin/silhouette/hammock_PNG9.png,Hammock,
data/thin/silhouette/hand_saw_PNG9530.png,Hand Saw,
data/thin/silhouette/hand_saw_PNG9531.png,Hand Saw,
data/thin/silhouette/hand_saw_PNG9532.png,Hand Saw,Hand Saw
data/thin/silhouette/hand_saw_PNG9541.png,Hand Saw,Hand Saw
data/thin/silhouette/hand_saw_PNG9545.png,Hand Saw,
data/thin/silhouette/hand_saw_PNG9549.png,Hand Saw,
data/thin/silhouette/handcuffs_PNG12.png,Handcuffs,
data/thin/silhouette/handcuffs_PNG13.png,Handcuffs,
data/thin/silhouette/handcuffs_PNG14.png,Handcuffs,
data/thin/silhouette/handcuffs_PNG16.png,Handcuffs,
data/thin/silhouette/handcuffs_PNG18a.png,Handcuffs,
data/thin/silhouette/handcuffs_PNG1a.png,Handcuffs,
data/thin/silhouette/handcuffs_PNG1b.png,Handcuffs,
data/thin/silhouette/handcuffs_PNG22.png,Handcuffs,
data/thin/silhouette/handcuffs_PNG25.png,Handcuffs,
data/thin/silhouette/handcuffs_PNG3.png,Handcuffs,
data/thin/silhouette/handcuffs_PNG30.png,Handcuffs,
data/thin/silhouette/handcuffs_PNG31.png,Handcuffs,
data/thin/silhouette/handcuffs_PNG34.png,Handcuffs,
data/thin/silhouette/handcuffs_PNG35.png,Handcuffs,
data/thin/silhouette/handcuffs_PNG38.png,Handcuffs,
data/thin/silhouette/handcuffs_PNG44.png,Handcuffs,
data/thin/silhouette/handcuffs_PNG47.png,Handcuffs,
data/thin/silhouette/handcuffs_PNG48.png,Handcuffs,
data/thin/silhouette/handcuffs_PNG52.png,Handcuffs,
data/thin/silhouette/handcuffs_PNG55.png,Handcuffs,
data/thin/silhouette/handcuffs_PNG8.png,Handcuffs,
data/thin/silhouette/handcuffs_PNG9.png,Handcuffs,
data/thin/silhouette/harp_PNG1.png,Harp,
data/thin/silhouette/harp_PNG12.png,Harp,
data/thin/silhouette/harp_PNG21.png,Harp,
data/thin/silhouette/harp_PNG26.png,Harp,
data/thin/silhouette/harp_PNG30.png,Harp,Harp
data/thin/silhouette/harp_PNG32.png,Harp,
data/thin/silhouette/harp_PNG4.png,Harp,
data/thin/silhouette/harp_PNG8.png,Harp,
data/thin/silhouette/headphones_PNG7634.png,Headphones,
data/thin/silhouette/hedgehog_PNG11.png,Hedgehog,
data/thin/silhouette/hedgehog_PNG13.png,Hedgehog,
data/thin/silhouette/hedgehog_PNG16.png,Hedgehog,
data/thin/silhouette/hedgehog_PNG9.png,Hedgehog,
data/thin/silhouette/helicopter_PNG5300.png,Helicopter,
data/thin/silhouette/helicopter_PNG5301.png,Helicopter,
data/thin/silhouette/helicopter_PNG5302.png,Helicopter,
data/thin/silhouette/helicopter_PNG5306.png,Helicopter,
data/thin/silhouette/helicopter_PNG5311.png,Helicopter,
data/thin/silhouette/helicopter_PNG5312.png,Helicopter,
data/thin/silhouette/helicopter_PNG5313.png,Helicopter,
data/thin/silhouette/helicopter_PNG5315.png,Helicopter,
data/thin/silhouette/helicopter_PNG80002.png,Helicopter,
data/thin/silhouette/helicopter_PNG80006.png,Helicopter,
data/thin/silhouette/helicopter_PNG80008.png,Helicopter,
data/thin/silhouette/helicopter_PNG80016.png,Helicopter,
data/thin/silhouette/helicopter_PNG80017.png,Helicopter,
data/thin/silhouette/helicopter_PNG80033.png,Helicopter,
data/thin/silhouette/helicopter_PNG80039.png,Helicopter,
data/thin/silhouette/helicopter_PNG80040.png,Helicopter,
data/thin/silhouette/helicopter_PNG80041.png,Helicopter,
data/thin/silhouette/helicopter_PNG80043.png,Helicopter,
data/thin/silhouette/helicopter_PNG80044.png,Helicopter,
data/thin/silhouette/helicopter_PNG80045.png,Helicopter,
data/thin/silhouette/helicopter_PNG80046.png,Helicopter,
data/thin/silhouette/helicopter_PNG80048.png,Helicopter,
data/thin/silhouette/helicopter_PNG80049.png,Helicopter,
data/thin/silhouette/helicopter_PNG80050.png,Helicopter,
data/thin/silhouette/helicopter_PNG80051.png,Helicopter,
data/thin/silhouette/helicopter_PNG80060.png,Helicopter,
data/thin/silhouette/helicopter_PNG80061.png,Helicopter,
data/thin/silhouette/helicopter_PNG80062.png,Helicopter,
data/thin/silhouette/helicopter_PNG80066.png,Helicopter,
data/thin/silhouette/helicopter_PNG80072.png,Helicopter,
data/thin/silhouette/helicopter_PNG80079.png,Helicopter,
data/thin/silhouette/helicopter_PNG80087.png,Helicopter,
data/thin/silhouette/helicopter_PNG80088.png,Helicopter,
data/thin/silhouette/helicopter_PNG80093.png,Helicopter,Helicopter
data/thin/silhouette/helicopter_PNG80095.png,Helicopter,
data/thin/silhouette/helicopter_PNG80097.png,Helicopter,
data/thin/silhouette/helicopter_PNG80098.png,Helicopter,
data/thin/silhouette/helicopter_PNG80105.png,Helicopter,
data/thin/silhouette/helicopter_PNG80110.png,Helicopter,
data/thin/silhouette/horseshoe_PNG34.png,Horseshoe,
data/thin/silhouette/horseshoe_PNG5.png,Horseshoe,
data/thin/silhouette/horseshoe_PNG52.png,Horseshoe,
data/thin/silhouette/horseshoe_PNG57.png,Horseshoe,
data/thin/silhouette/horseshoe_PNG58.png,Horseshoe,
data/thin/silhouette/horseshoe_PNG6.png,Horseshoe,
data/thin/silhouette/horseshoe_PNG61.png,Horseshoe,
data/thin/silhouette/horseshoe_PNG7.png,Horseshoe,
data/thin/silhouette/horseshoe_PNG8.png,Horseshoe,
data/thin/silhouette/ice_axe_PNG10.png,Ice Axe,
data/thin/silhouette/ice_axe_PNG14.png,Ice Axe,
data/thin/silhouette/ice_axe_PNG15.png,Ice Axe,
data/thin/silhouette/ice_axe_PNG22.png,Ice Axe,
data/thin/silhouette/ice_axe_PNG23a.png,Ice Axe,
data/thin/silhouette/ice_axe_PNG25.png,Ice Axe,
data/thin/silhouette/ice_axe_PNG36.png,Ice Axe,
data/thin/silhouette/ice_axe_PNG37.png,Ice Axe,
data/thin/silhouette/ice_axe_PNG38.png,Ice Axe,
data/thin/silhouette/ice_axe_PNG39.png,Ice Axe,
data/thin/silhouette/ice_axe_PNG47.png,Ice Axe,
data/thin/silhouette/ice_axe_PNG49.png,Ice Axe,
data/thin/silhouette/ice_axe_PNG51.png,Ice Axe,
data/thin/silhouette/ice_axe_PNG52.png,Ice Axe,
data/thin/silhouette/ice_axe_PNG53.png,Ice Axe,
data/thin/silhouette/ice_axe_PNG54.png,Ice Axe,
data/thin/silhouette/ice_axe_PNG55.png,Ice Axe,
data/thin/silhouette/ice_axe_PNG58.png,Ice Axe,
data/thin/silhouette/ice_axe_PNG6.png,Ice Axe,
data/thin/silhouette/ice_axe_PNG7.png,Ice Axe,
data/thin/silhouette/ice_axe_PNG8.png,Ice Axe,
data/thin/silhouette/iron_PNG15526.png,Iron,
data/thin/silhouette/iron_PNG15527.png,Iron,
data/thin/silhouette/iron_PNG15536.png,Iron,
data/thin/silhouette/iron_PNG15547.png,Iron,
data/thin/silhouette/iron_PNG15560.png,Iron,
data/thin/silhouette/iron_PNG15563.png,Iron,
data/thin/silhouette/iron_PNG15565.png,Iron,
data/thin/silhouette/iron_PNG15566.png,Iron,
data/thin/silhouette/iron_PNG15567.png,Iron,
data/thin/silhouette/iron_PNG15568.png,Iron,
data/thin/silhouette/jail_PNG10.png,Jail,
data/thin/silhouette/jail_PNG36.png,Jail,
data/thin/silhouette/jail_PNG38.png,Jail,
data/thin/silhouette/jail_PNG39.png,Jail,
data/thin/silhouette/jail_PNG40.png,Jail,
data/thin/silhouette/jail_PNG45.png,Jail,
data/thin/silhouette/jail_PNG53.png,Jail,
data/thin/silhouette/jeep_PNG143.png,Jeep,
data/thin/silhouette/kangaroo_PNG11.png,Kangaroo,
data/thin/silhouette/kangaroo_PNG12.png,Kangaroo,
data/thin/silhouette/kangaroo_PNG13.png,Kangaroo,
data/thin/silhouette/kangaroo_PNG14.png,Kangaroo,
data/thin/silhouette/kangaroo_PNG16.png,Kangaroo,
data/thin/silhouette/kangaroo_PNG22.png,Kangaroo,
data/thin/silhouette/kangaroo_PNG4.png,Kangaroo,
data/thin/silhouette/kangaroo_PNG5.png,Kangaroo,
data/thin/silhouette/kangaroo_PNG6.png,Kangaroo,
data/thin/silhouette/katana_PNG12.png,Katana,
data/thin/silhouette/katana_PNG16.png,Katana,
data/thin/silhouette/katana_PNG18.png,Katana,Katana
data/thin/silhouette/katana_PNG2a.png,Katana,
data/thin/silhouette/katana_PNG2b.png,Katana,
data/thin/silhouette/katana_PNG3a.png,Katana,Katana
data/thin/silhouette/katana_PNG3b.png,Katana,Katana
data/thin/silhouette/katana_PNG4.png,Katana,
data/thin/silhouette/katana_PNG41.png,Katana,
data/thin/silhouette/katana_PNG42.png,Katana,
data/thin/silhouette/katana_PNG52.png,Katana,
data/thin/silhouette/katana_PNG6.png,Katana,
data/thin/silhouette/katana_PNG61b.png,Katana,
data/thin/silhouette/katana_PNG7.png,Katana,
data/thin/silhouette/katana_PNG72.png,Katana,
data/thin/silhouette/kayak_PNG127.png,Kayak,
data/thin/silhouette/kayak_PNG135.png,Kayak,
data/thin/silhouette/kayak_PNG152.png,Kayak,
data/thin/silhouette/kayak_PNG39.png,Kayak,
data/thin/silhouette/kayak_PNG48.png,Kayak,
data/thin/silhouette/kayak_PNG50.png,Kayak,
data/thin/silhouette/kayak_PNG52.png,Kayak,
data/thin/silhouette/kayak_PNG65.png,Kayak,
data/thin/silhouette/kayak_PNG72.png,Kayak,
data/thin/silhouette/kayak_PNG98.png,Kayak,
data/thin/silhouette/kettle_PNG8694.png,Kettle,
data/thin/silhouette/kettle_PNG8695.png,Kettle,Kettle
data/thin/silhouette/kettle_PNG8696.png,Kettle,
data/thin/silhouette/kettle_PNG8698.png,Kettle,
data/thin/silhouette/kettle_PNG8700.png,Kettle,
data/thin/silhouette/kettle_PNG8709.png,Kettle,
data/thin/silhouette/kettle_PNG8710.png,Kettle,
data/thin/silhouette/kettle_PNG8711.png,Kettle,
data/thin/silhouette/kettle_PNG8720.png,Kettle,
data/thin/silhouette/kettle_PNG8726.png,Kettle,
data/thin/silhouette/key_PNG1167.png,Key,
data/thin/silhouette/key_PNG3378.png,Key,
data/thin/silhouette/kick_scooter_PNG11384.png,Kick Scooter,
data/thin/silhouette/kick_scooter_PNG11386.png,Kick Scooter,
data/thin/silhouette/kick_scooter_PNG11389.png,Kick Scooter,
data/thin/silhouette/kick_scooter_PNG11390.png,Kick Scooter,
data/thin/silhouette/kick_scooter_PNG11391.png,Kick Scooter,
data/thin/silhouette/kick_scooter_PNG11393.png,Kick Scooter,
data/thin/silhouette/kick_scooter_PNG11394.png,Kick Scooter,
data/thin/silhouette/kick_scooter_PNG11396.png,Kick Scooter,
data/thin/silhouette/ladder_PNG14772.png,Ladder,
data/thin/silhouette/ladder_PNG14773.png,Ladder,
data/thin/silhouette/ladder_PNG14774.png,Ladder,
data/thin/silhouette/ladder_PNG14775.png,Ladder,
data/thin/silhouette/ladder_PNG14778.png,Ladder,
data/thin/silhouette/ladder_PNG14779.png,Ladder,
data/thin/silhouette/ladder_PNG14780.png,Ladder,
data/thin/silhouette/ladder_PNG14785.png,Ladder,
data/thin/silhouette/ladder_PNG14788.png,Ladder,
data/thin/silhouette/ladder_PNG14789.png,Ladder,
data/thin/silhouette/ladder_PNG14800.png,Ladder,
data/thin/silhouette/ladder_PNG14801.png,Ladder,
data/thin/silhouette/ladder_PNG14805.png,Ladder,
data/thin/silhouette/ladder_PNG14807.png,Ladder,
data/thin/silhouette/ladybug_PNG3960.png,Ladybug,
data/thin/silhouette/ladybug_PNG3967.png,Ladybug,
data/thin/silhouette/lemur_PNG15.png,Lemur,
data/thin/silhouette/lemur_PNG26.png,Lemur,Lemur
data/thin/silhouette/lemur_PNG33.png,Lemur,
data/thin/silhouette/lifebuoy_PNG2.png,Lifebuoy,
data/thin/silhouette/lizard_PNG1.png,Lizard,
data/thin/silhouette/lizard_PNG11.png,Lizard,
data/thin/silhouette/lizard_PNG12.png,Lizard,
data/thin/silhouette/lizard_PNG13.png,Lizard,
data/thin/silhouette/lizard_PNG15.png,Lizard,
data/thin/silhouette/lizard_PNG16.png,Lizard,
data/thin/silhouette/lizard_PNG17.png,Lizard,
data/thin/silhouette/lizard_PNG2.png,Lizard,
data/thin/silhouette/lizard_PNG21.png,Lizard,
data/thin/silhouette/lizard_PNG23.png,Lizard,
data/thin/silhouette/lizard_PNG24.png,Lizard,
data/thin/silhouette/lizard_PNG28.png,Lizard,
data/thin/silhouette/lizard_PNG29.png,Lizard,
data/thin/silhouette/lizard_PNG32.png,Lizard,
data/thin/silhouette/lizard_PNG35.png,Lizard,
data/thin/silhouette/lizard_PNG4.png,Lizard,
data/thin/silhouette/lizard_PNG5.png,Lizard,
data/thin/silhouette/lizard_PNG6.png,Lizard,
data/thin/silhouette/lizard_PNG7.png,Lizard,
data/thin/silhouette/lizard_PNG8.png,Lizard,
data/thin/silhouette/lizard_PNG9.png,Lizard,
data/thin/silhouette/lobster_PNG14231.png,Lobster,
data/thin/silhouette/lobster_PNG14234.png,Lobster,
data/thin/silhouette/lobster_PNG14238.png,Lobster,
data/thin/silhouette/lobster_PNG14240.png,Lobster,
data/thin/silhouette/lobster_PNG14242.png,Lobster,
data/thin/silhouette/lobster_PNG14247.png,Lobster,
data/thin/silhouette/lobster_PNG14248.png,Lobster,
data/thin/silhouette/louboutin_PNG10835.png,Louboutin,
data/thin/silhouette/louboutin_PNG10838.png,Louboutin,
data/thin/silhouette/louboutin_PNG10841.png,Louboutin,
data/thin/silhouette/louboutin_PNG10842.png,Louboutin,
data/thin/silhouette/louboutin_PNG10843.png,Louboutin,
data/thin/silhouette/louboutin_PNG10845.png,Louboutin,
data/thin/silhouette/louboutin_PNG10846.png,Louboutin,
data/thin/silhouette/louboutin_PNG10849.png,Louboutin,
data/thin/silhouette/mantis_PNG14.png,Mantis,
data/thin/silhouette/mantis_PNG17.png,Mantis,
data/thin/silhouette/mantis_PNG35.png,Mantis,
data/thin/silhouette/mantis_PNG37.png,Mantis,
data/thin/silhouette/mantis_PNG55.png,Mantis,
data/thin/silhouette/mantis_PNG59.png,Mantis,
data/thin/silhouette/mantis_PNG60.png,Mantis,
data/thin/silhouette/mantis_PNG71.png,Mantis,
data/thin/silhouette/megaphone_PNG113.png,Megaphone,
data/thin/silhouette/megaphone_PNG116.png,Megaphone,
data/thin/silhouette/megaphone_PNG14.png,Megaphone,
data/thin/silhouette/megaphone_PNG30.png,Megaphone,
data/thin/silhouette/megaphone_PNG31.png,Megaphone,
data/thin/silhouette/megaphone_PNG39.png,Megaphone,
data/thin/silhouette/megaphone_PNG91.png,Megaphone,
data/thin/silhouette/microphone_PNG7900.png,Microphone,
data/thin/silhouette/microphone_PNG7920.png,Microphone,Microphone
data/thin/silhouette/moose_PNG1.png,Moose,
data/thin/silhouette/moose_PNG13.png,Moose,
data/thin/silhouette/moose_PNG2.png,Moose,
data/thin/silhouette/moose_PNG27.png,Moose,
data/thin/silhouette/moose_PNG28.png,Moose,
data/thin/silhouette/moose_PNG39.png,Moose,
data/thin/silhouette/moose_PNG40.png,Moose,
data/thin/silhouette/moose_PNG41.png,Moose,
data/thin/silhouette/moose_PNG50.png,Moose,
data/thin/silhouette/moose_PNG64.png,Moose,
data/thin/silhouette/moose_PNG65.png,Moose,
data/thin/silhouette/mop_PNG10.png,Mop,Mop
data/thin/silhouette/mop_PNG12.png,Mop,
data/thin/silhouette/mop_PNG13.png,Mop,
data/thin/silhouette/mop_PNG15.png,Mop,
data/thin/silhouette/mop_PNG19.png,Mop,
data/thin/silhouette/mop_PNG20a.png,Mop,
data/thin/silhouette/mop_PNG20b.png,Mop,
data/thin/silhouette/mop_PNG21.png,Mop,
data/thin/silhouette/mop_PNG22.png,Mop,
data/thin/silhouette/mop_PNG23.png,Mop,
data/thin/silhouette/mop_PNG24.png,Mop,
data/thin/silhouette/mop_PNG25.png,Mop,
data/thin/silhouette/mop_PNG28.png,Mop,
data/thin/silhouette/mop_PNG34.png,Mop,
data/thin/silhouette/mop_PNG35.png,Mop,
data/thin/silhouette/mop_PNG36.png,Mop,
data/thin/silhouette/mop_PNG37.png,Mop,
data/thin/silhouette/mop_PNG38.png,Mop,
data/thin/silhouette/mop_PNG4.png,Mop,Broom
data/thin/silhouette/mop_PNG41.png,Mop,
data/thin/silhouette/mop_PNG44.png,Mop,
data/thin/silhouette/mop_PNG45.png,Mop,
data/thin/silhouette/mop_PNG46.png,Mop,
data/thin/silhouette/mop_PNG48.png,Mop,
data/thin/silhouette/mop_PNG52.png,Mop,
data/thin/silhouette/mop_PNG58.png,Mop,
data/thin/silhouette/mop_PNG6.png,Mop,
data/thin/silhouette/mop_PNG66.png,Mop,
data/thin/silhouette/mop_PNG68.png,Mop,
data/thin/silhouette/mop_PNG70.png,Mop,
data/thin/silhouette/mop_PNG71.png,Mop,
data/thin/silhouette/mop_PNG74.png,Mop,
data/thin/silhouette/mop_PNG75a.png,Mop,
data/thin/silhouette/mop_PNG75b.png,Mop,
data/thin/silhouette/mop_PNG78.png,Mop,
data/thin/silhouette/mop_PNG79.png,Mop,
data/thin/silhouette/mop_PNG81.png,Mop,
data/thin/silhouette/mop_PNG83.png,Mop,
data/thin/silhouette/mop_PNG84.png,Mop,
data/thin/silhouette/mop_PNG85.png,Mop,
data/thin/silhouette/mop_PNG90.png,Mop,
data/thin/silhouette/mop_PNG91.png,Mop,
data/thin/silhouette/mop_PNG92.png,Mop,
data/thin/silhouette/mortar_PNG1.png,Mortar,
data/thin/silhouette/mortar_PNG12.png,Mortar,
data/thin/silhouette/mortar_PNG13.png,Mortar,
data/thin/silhouette/mortar_PNG15.png,Mortar,
data/thin/silhouette/mortar_PNG17.png,Mortar,
data/thin/silhouette/mortar_PNG18.png,Mortar,
data/thin/silhouette/mortar_PNG21.png,Mortar,
data/thin/silhouette/mortar_PNG22.png,Mortar,
data/thin/silhouette/mortar_PNG24.png,Mortar,
data/thin/silhouette/mortar_PNG25.png,Mortar,
data/thin/silhouette/mortar_PNG27.png,Mortar,
data/thin/silhouette/mortar_PNG4.png,Mortar,
data/thin/silhouette/mortar_PNG5.png,Mortar,
data/thin/silhouette/mortar_PNG7.png,Mortar,
data/thin/silhouette/mortar_PNG8.png,Mortar,
data/thin/silhouette/mortar_PNG9.png,Mortar,
data/thin/silhouette/mosquito_PNG18153.png,Mosquito,
data/thin/silhouette/mosquito_PNG18154.png,Mosquito,
data/thin/silhouette/mosquito_PNG18159.png,Mosquito,
data/thin/silhouette/mosquito_PNG18164.png,Mosquito,
data/thin/silhouette/mosquito_PNG18167.png,Mosquito,
data/thin/silhouette/mosquito_PNG18175.png,Mosquito,
data/thin/silhouette/mosquito_PNG18177a.png,Mosquito,
data/thin/silhouette/mosquito_PNG18177b.png,Mosquito,
data/thin/silhouette/motorcycle_PNG3131.png,Motorcycle,
data/thin/silhouette/motorcycle_PNG3132.png,Motorcycle,
data/thin/silhouette/motorcycle_PNG3136.png,Motorcycle,
data/thin/silhouette/motorcycle_PNG3137.png,Motorcycle,
data/thin/silhouette/motorcycle_PNG3147.png,Motorcycle,
data/thin/silhouette/motorcycle_PNG3151.png,Motorcycle,
data/thin/silhouette/motorcycle_PNG3152.png,Motorcycle,
data/thin/silhouette/motorcycle_PNG3157.png,Motorcycle,
data/thin/silhouette/motorcycle_PNG3158.png,Motorcycle,
data/thin/silhouette/motorcycle_PNG3159.png,Motorcycle,
data/thin/silhouette/motorcycle_PNG3161.png,Motorcycle,
data/thin/silhouette/motorcycle_PNG3163.png,Motorcycle,
data/thin/silhouette/motorcycle_PNG3167.png,Motorcycle,
data/thin/silhouette/motorcycle_PNG3174.png,Motorcycle,
data/thin/silhouette/motorcycle_PNG3175.png,Motorcycle,
data/thin/silhouette/motorcycle_PNG3177.png,Motorcycle,Motorcycle
data/thin/silhouette/motorcycle_PNG5348.png,Motorcycle,
data/thin/silhouette/octopus_PNG1.png,Octopus,
data/thin/silhouette/octopus_PNG11.png,Octopus,
data/thin/silhouette/octopus_PNG16.png,Octopus,
data/thin/silhouette/ostrich_PNG17.png,Ostrich,
data/thin/silhouette/ostrich_PNG76984.png,Ostrich,
data/thin/silhouette/paddle_PNG10494.png,Paddle,
data/thin/silhouette/paddle_PNG10495a.png,Paddle,
data/thin/silhouette/paddle_PNG10495b.png,Paddle,
data/thin/silhouette/paddle_PNG10496a.png,Paddle,
data/thin/silhouette/paddle_PNG10496b.png,Paddle,
data/thin/silhouette/paddle_PNG10500.png,Paddle,
data/thin/silhouette/paddle_PNG10501.png,Paddle,
data/thin/silhouette/paddle_PNG10503.png,Paddle,Paddle
data/thin/silhouette/paddle_PNG10504.png,Paddle,
data/thin/silhouette/paddle_PNG10505.png,Paddle,Paddle
data/thin/silhouette/paddle_PNG10507.png,Paddle,
data/thin/silhouette/paddle_PNG10508.png,Paddle,
data/thin/silhouette/paddle_PNG10509.png,Paddle,
data/thin/silhouette/paddle_PNG10512.png,Paddle,Paddle
data/thin/silhouette/paddle_PNG10513.png,Paddle,
data/thin/silhouette/paddle_PNG10514.png,Paddle,
data/thin/silhouette/paddle_PNG10515.png,Paddle,
data/thin/silhouette/paddle_PNG10516.png,Paddle,
data/thin/silhouette/paddle_PNG10518.png,Paddle,
data/thin/silhouette/paddle_PNG10519.png,Paddle,
data/thin/silhouette/paddle_PNG10520.png,Paddle,
data/thin/silhouette/padlock_PNG9401a.png,Padlock,
data/thin/silhouette/padlock_PNG9402.png,Padlock,
data/thin/silhouette/padlock_PNG9420a.png,Padlock,
data/thin/silhouette/padlock_PNG9421.png,Padlock,
data/thin/silhouette/padlock_PNG9422.png,Padlock,
data/thin/silhouette/padlock_PNG9424a.png,Padlock,
data/thin/silhouette/padlock_PNG9425.png,Padlock,
data/thin/silhouette/padlock_PNG9427.png,Padlock,
data/thin/silhouette/padlock_PNG9428.png,Padlock,
data/thin/silhouette/padlock_PNG9429a.png,Padlock,
data/thin/silhouette/padlock_PNG9429b.png,Padlock,
data/thin/silhouette/padlock_PNG9429c.png,Padlock,
data/thin/silhouette/padlock_PNG9429d.png,Padlock,
data/thin/silhouette/padlock_PNG9430a.png,Padlock,
data/thin/silhouette/padlock_PNG9431.png,Padlock,
data/thin/silhouette/padlock_PNG9432.png,Padlock,
data/thin/silhouette/padlock_PNG9433.png,Padlock,
data/thin/silhouette/padlock_PNG9434.png,Padlock,
data/thin/silhouette/padlock_PNG9435.png,Padlock,
data/thin/silhouette/padlock_PNG9436.png,Padlock,
data/thin/silhouette/palm_tree_PNG2487.png,Palm Tree,
data/thin/silhouette/parachute_PNG19417.png,Parachute,
data/thin/silhouette/parachute_PNG19424.png,Parachute,
data/thin/silhouette/parachute_PNG19425.png,Parachute,
data/thin/silhouette/parachute_PNG19426.png,Parachute,
data/thin/silhouette/pear_PNG3443.png,Pear,
data/thin/silhouette/pear_PNG3452.png,Pear,
data/thin/silhouette/pear_PNG3459.png,Pear,
data/thin/silhouette/pear_PNG3460.png,Pear,
data/thin/silhouette/pear_PNG3462.png,Pear,
data/thin/silhouette/piano_PNG10871.png,Piano,
data/thin/silhouette/piano_PNG10875.png,Piano,
data/thin/silhouette/piano_PNG10880.png,Piano,
data/thin/silhouette/piano_PNG10881.png,Piano,
data/thin/silhouette/piano_PNG10883.png,Piano,
data/thin/silhouette/piano_PNG10885.png,Piano,
data/thin/silhouette/piano_PNG10887.png,Piano,
data/thin/silhouette/piano_PNG10892.png,Piano,
data/thin/silhouette/piano_PNG10894.png,Piano,
data/thin/silhouette/pineapple_PNG2728.png,Pineapple,
data/thin/silhouette/pineapple_PNG2731a.png,Pineapple,
data/thin/silhouette/pineapple_PNG2731b.png,Pineapple,
data/thin/silhouette/pineapple_PNG2734.png,Pineapple,
data/thin/silhouette/pineapple_PNG2742.png,Pineapple,
data/thin/silhouette/pineapple_PNG2746.png,Pineapple,
data/thin/silhouette/pineapple_PNG2749.png,Pineapple,
data/thin/silhouette/pineapple_PNG2750.png,Pineapple,
data/thin/silhouette/plier_PNG10043.png,Plier,
data/thin/silhouette/plier_PNG10045.png,Plier,
data/thin/silhouette/plier_PNG10068.png,Plier,
data/thin/silhouette/plier_PNG10071.png,Plier,
data/thin/silhouette/plier_PNG10072.png,Plier,
data/thin/silhouette/plier_PNG10073.png,Plier,
data/thin/silhouette/plunger_PNG10.png,Plunger,
data/thin/silhouette/plunger_PNG12.png,Plunger,
data/thin/silhouette/plunger_PNG13.png,Plunger,
data/thin/silhouette/plunger_PNG16.png,Plunger,
data/thin/silhouette/plunger_PNG17.png,Plunger,
data/thin/silhouette/plunger_PNG18.png,Plunger,
data/thin/silhouette/plunger_PNG23.png,Plunger,
data/thin/silhouette/plunger_PNG27.png,Plunger,
data/thin/silhouette/plunger_PNG29.png,Plunger,
data/thin/silhouette/plunger_PNG3.png,Plunger,
data/thin/silhouette/plunger_PNG30.png,Plunger,
data/thin/silhouette/plunger_PNG33.png,Plunger,
data/thin/silhouette/plunger_PNG4.png,Plunger,
data/thin/silhouette/plunger_PNG7.png,Plunger,
data/thin/silhouette/pram_PNG17877.png,Pram,
data/thin/silhouette/pram_PNG17878.png,Pram,Pram
data/thin/silhouette/pram_PNG17880.png,Pram,
data/thin/silhouette/pram_PNG17881.png,Pram,
data/thin/silhouette/pram_PNG17882.png,Pram,
data/thin/silhouette/pram_PNG17883.png,Pram,
data/thin/silhouette/pram_PNG17884.png,Pram,
data/thin/silhouette/pram_PNG17885.png,Pram,
data/thin/silhouette/pram_PNG17886.png,Pram,
data/thin/silhouette/pram_PNG17891.png,Pram,
data/thin/silhouette/pram_PNG17893.png,Pram,
data/thin/silhouette/pram_PNG17897.png,Pram,
data/thin/silhouette/pram_PNG17899.png,Pram,
data/thin/silhouette/pram_PNG17902.png,Pram,
data/thin/silhouette/pram_PNG17905.png,Pram,
data/thin/silhouette/pram_PNG17907.png,Pram,
data/thin/silhouette/pram_PNG17909.png,Pram,
data/thin/silhouette/punching_bag_PNG1.png,Punching Bag,
data/thin/silhouette/punching_bag_PNG12.png,Punching Bag,
data/thin/silhouette/punching_bag_PNG14.png,Punching Bag,
data/thin/silhouette/punching_bag_PNG19.png,Punching Bag,
data/thin/silhouette/punching_bag_PNG2.png,Punching Bag,
data/thin/silhouette/punching_bag_PNG21.png,Punching Bag,
data/thin/silhouette/punching_bag_PNG23.png,Punching Bag,
data/thin/silhouette/punching_bag_PNG27.png,Punching Bag,
data/thin/silhouette/punching_bag_PNG29.png,Punching Bag,
data/thin/silhouette/punching_bag_PNG30.png,Punching Bag,
data/thin/silhouette/punching_bag_PNG32.png,Punching Bag,
data/thin/silhouette/punching_bag_PNG38.png,Punching Bag,
data/thin/silhouette/punching_bag_PNG4.png,Punching Bag,Punching Bag
data/thin/silhouette/punching_bag_PNG43.png,Punching Bag,
data/thin/silhouette/punching_bag_PNG46.png,Punching Bag,
data/thin/silhouette/punching_bag_PNG55.png,Punching Bag,
data/thin/silhouette/punching_bag_PNG56.png,Punching Bag,
data/thin/silhouette/punching_bag_PNG58.png,Punching Bag,
data/thin/silhouette/punching_bag_PNG59.png,Punching Bag,
data/thin/silhouette/punching_bag_PNG6.png,Punching Bag,
data/thin/silhouette/punching_bag_PNG60.png,Punching Bag,
data/thin/silhouette/punching_bag_PNG64.png,Punching Bag,
data/thin/silhouette/punching_bag_PNG67.png,Punching Bag,
data/thin/silhouette/punching_bag_PNG70.png,Punching Bag,
data/thin/silhouette/punching_bag_PNG76.png,Punching Bag,
data/thin/silhouette/punching_bag_PNG77.png,Punching Bag,
data/thin/silhouette/punching_bag_PNG78.png,Punching Bag,
data/thin/silhouette/punching_bag_PNG79a.png,Punching Bag,
data/thin/silhouette/punching_bag_PNG79b.png,Punching Bag,
data/thin/silhouette/punching_bag_PNG79c.png,Punching Bag,
data/thin/silhouette/punching_bag_PNG81.png,Punching Bag,
data/thin/silhouette/punching_bag_PNG82.png,Punching Bag,
data/thin/silhouette/radio_PNG19272.png,Radio,
data/thin/silhouette/radio_PNG19281.png,Radio,
data/thin/silhouette/radio_PNG19290.png,Radio,
data/thin/silhouette/radio_PNG19297.png,Radio,
data/thin/silhouette/rat_mouse_PNG23530.png,Rat Mouse,
data/thin/silhouette/rat_mouse_PNG23531.png,Rat Mouse,
data/thin/silhouette/rat_mouse_PNG23537.png,Rat Mouse,
data/thin/silhouette/rat_mouse_PNG23538.png,Rat Mouse,
data/thin/silhouette/rat_mouse_PNG23550.png,Rat Mouse,
data/thin/silhouette/rat_mouse_PNG23551.png,Rat Mouse,
data/thin/silhouette/rat_mouse_PNG23552.png,Rat Mouse,
data/thin/silhouette/rat_mouse_PNG23553.png,Rat Mouse,
data/thin/silhouette/rat_mouse_PNG23554.png,Rat Mouse,
data/thin/silhouette/rat_mouse_PNG23555.png,Rat Mouse,
data/thin/silhouette/raven_PNG14.png,Raven,
data/thin/silhouette/raven_PNG22.png,Raven,
data/thin/silhouette/raven_PNG31.png,Raven,
data/thin/silhouette/raven_PNG35.png,Raven,
data/thin/silhouette/raven_PNG37.png,Raven,
data/thin/silhouette/raven_PNG42.png,Raven,
data/thin/silhouette/raven_PNG47.png,Raven,
data/thin/silhouette/raven_PNG49.png,Raven,
data/thin/silhouette/raven_PNG50.png,Raven,
data/thin/silhouette/raven_PNG52.png,Raven,
data/thin/silhouette/raven_PNG53.png,Raven,
data/thin/silhouette/raven_PNG55.png,Raven,
data/thin/silhouette/raven_PNG60.png,Raven,
data/thin/silhouette/raven_PNG7.png,Raven,Raven
data/thin/silhouette/raven_PNG70.png,Raven,
data/thin/silhouette/raven_PNG95.png,Raven,
data/thin/silhouette/raven_PNG98.png,Raven,
data/thin/silhouette/roller_skates_PNG44.png,Roller Skates,
data/thin/silhouette/roller_skates_PNG73.png,Roller Skates,
data/thin/silhouette/roller_skates_PNG86.png,Roller Skates,
data/thin/silhouette/roller_skates_PNG87.png,Roller Skates,
data/thin/silhouette/roller_skates_PNG94.png,Roller Skates,
data/thin/silhouette/rose_PNG66693.png,Rose,
data/thin/silhouette/rose_PNG66694.png,Rose,
data/thin/silhouette/rose_PNG66696.png,Rose,
data/thin/silhouette/rose_PNG66700.png,Rose,
data/thin/silhouette/rose_PNG66758.png,Rose,
data/thin/silhouette/rose_PNG66768.png,Rose,
data/thin/silhouette/rose_PNG66783.png,Rose,Rose
data/thin/silhouette/rose_PNG66787a.png,Rose,
data/thin/silhouette/rose_PNG66787b.png,Rose,
data/thin/silhouette/rose_PNG66788a.png,Rose,
data/thin/silhouette/rose_PNG66788b.png,Rose,
data/thin/silhouette/rose_PNG66789.png,Rose,
data/thin/silhouette/rose_PNG66794.png,Rose,
data/thin/silhouette/rose_PNG66819.png,Rose,
data/thin/silhouette/rose_PNG66828.png,Rose,
data/thin/silhouette/rose_PNG66878.png,Rose,
data/thin/silhouette/rose_PNG66948.png,Rose,
data/thin/silhouette/rose_PNG66993.png,Rose,
data/thin/silhouette/rose_PNG67008.png,Rose,
data/thin/silhouette/samovar_PNG1.png,Samovar,
data/thin/silhouette/samovar_PNG12.png,Samovar,
data/thin/silhouette/samovar_PNG13.png,Samovar,
data/thin/silhouette/samovar_PNG2.png,Samovar,
data/thin/silhouette/samovar_PNG23.png,Samovar,
data/thin/silhouette/samovar_PNG36.png,Samovar,
data/thin/silhouette/samovar_PNG39.png,Samovar,
data/thin/silhouette/samovar_PNG42.png,Samovar,
data/thin/silhouette/samovar_PNG43.png,Samovar,
data/thin/silhouette/samovar_PNG45.png,Samovar,
data/thin/silhouette/samovar_PNG55.png,Samovar,
data/thin/silhouette/samovar_PNG6.png,Samovar,
data/thin/silhouette/samovar_PNG66.png,Samovar,
data/thin/silhouette/samovar_PNG67.png,Samovar,
data/thin/silhouette/samovar_PNG68.png,Samovar,
data/thin/silhouette/samovar_PNG88.png,Samovar,
data/thin/silhouette/samovar_PNG90.png,Samovar,
data/thin/silhouette/samovar_PNG93.png,Samovar,
data/thin/silhouette/samovar_PNG94.png,Samovar,
data/thin/silhouette/samovar_PNG95.png,Samovar,
data/thin/silhouette/sandals_PNG9671.png,Sandals,
data/thin/silhouette/sandals_PNG9681a.png,Sandals,
data/thin/silhouette/sandals_PNG9691.png,Sandals,
data/thin/silhouette/sandals_PNG9695.png,Sandals,
data/thin/silhouette/sandals_PNG9708.png,Sandals,
data/thin/silhouette/scales_PNG22.png,Scales,
data/thin/silhouette/scales_PNG35.png,Scales,
data/thin/silhouette/scales_PNG4.png,Scales,
data/thin/silhouette/scales_PNG5.png,Scales,
data/thin/silhouette/scales_PNG61.png,Scales,
data/thin/silhouette/scales_PNG78.png,Scales,
data/thin/silhouette/scissors_PNG0.png,Scissors,
data/thin/silhouette/scissors_PNG10.png,Scissors,
data/thin/silhouette/scissors_PNG11.png,Scissors,
data/thin/silhouette/scissors_PNG12.png,Scissors,
data/thin/silhouette/scissors_PNG13.png,Scissors,
data/thin/silhouette/scissors_PNG14.png,Scissors,
data/thin/silhouette/scissors_PNG15.png,Scissors,
data/thin/silhouette/scissors_PNG17.png,Scissors,
data/thin/silhouette/scissors_PNG18.png,Scissors,
data/thin/silhouette/scissors_PNG2.png,Scissors,
data/thin/silhouette/scissors_PNG20.png,Scissors,
data/thin/silhouette/scissors_PNG21.png,Scissors,
data/thin/silhouette/scissors_PNG22a.png,Scissors,
data/thin/silhouette/scissors_PNG22b.png,Scissors,
data/thin/silhouette/scissors_PNG24a.png,Scissors,
data/thin/silhouette/scissors_PNG24b.png,Scissors,
data/thin/silhouette/scissors_PNG26.png,Scissors,
data/thin/silhouette/scissors_PNG27.png,Scissors,
data/thin/silhouette/scissors_PNG28.png,Scissors,
data/thin/silhouette/scissors_PNG31.png,Scissors,
data/thin/silhouette/scissors_PNG32.png,Scissors,
data/thin/silhouette/scissors_PNG33.png,Scissors,
data/thin/silhouette/scissors_PNG34.png,Scissors,
data/thin/silhouette/scissors_PNG35.png,Scissors,
data/thin/silhouette/scissors_PNG36.png,Scissors,
data/thin/silhouette/scissors_PNG37.png,Scissors,
data/thin/silhouette/scissors_PNG39b.png,Scissors,
data/thin/silhouette/scissors_PNG41.png,Scissors,Scissors
data/thin/silhouette/scissors_PNG5.png,Scissors,
data/thin/silhouette/scissors_PNG6.png,Scissors,
data/thin/silhouette/scissors_PNG8.png,Scissors,Scissors
data/thin/silhouette/scissors_PNG9.png,Scissors,
data/thin/silhouette/scooter_PNG11285.png,Scooter,
data/thin/silhouette/scooter_PNG11286.png,Scooter,
data/thin/silhouette/scooter_PNG11287.png,Scooter,
data/thin/silhouette/scooter_PNG11289.png,Scooter,
data/thin/silhouette/scooter_PNG11290.png,Scooter,
data/thin/silhouette/scooter_PNG11291.png,Scooter,
data/thin/silhouette/scooter_PNG11298.png,Scooter,
data/thin/silhouette/scooter_PNG11301.png,Scooter,
data/thin/silhouette/scooter_PNG11302.png,Scooter,
data/thin/silhouette/scooter_PNG11303.png,Scooter,
data/thin/silhouette/scooter_PNG11306.png,Scooter,Scooter
data/thin/silhouette/scooter_PNG11309.png,Scooter,Scooter
data/thin/silhouette/scooter_PNG11311.png,Scooter,
data/thin/silhouette/scooter_PNG11312.png,Scooter,
data/thin/silhouette/scooter_PNG11316.png,Scooter,
data/thin/silhouette/scooter_PNG11321.png,Scooter,
data/thin/silhouette/scooter_PNG11325.png,Scooter,
data/thin/silhouette/scooter_PNG11327.png,Scooter,
data/thin/silhouette/scooter_PNG11328.png,Scooter,
data/thin/silhouette/scooter_PNG11330.png,Scooter,
data/thin/silhouette/scooter_PNG11331.png,Scooter,
data/thin/silhouette/scooter_PNG11332.png,Scooter,
data/thin/silhouette/scooter_PNG11338.png,Scooter,
data/thin/silhouette/scorpion_PNG12113a.png,Scorpion,
data/thin/silhouette/scorpion_PNG12113b.png,Scorpion,
data/thin/silhouette/scorpion_PNG12114.png,Scorpion,
data/thin/silhouette/scorpion_PNG12115.png,Scorpion,
data/thin/silhouette/scorpion_PNG12116.png,Scorpion,
data/thin/silhouette/scorpion_PNG12117.png,Scorpion,
data/thin/silhouette/scorpion_PNG12122.png,Scorpion,
data/thin/silhouette/scorpion_PNG12125.png,Scorpion,
data/thin/silhouette/scorpion_PNG12128.png,Scorpion,
data/thin/silhouette/scorpion_PNG12130.png,Scorpion,
data/thin/silhouette/scorpion_PNG12136.png,Scorpion,
data/thin/silhouette/scorpion_PNG12138.png,Scorpion,
data/thin/silhouette/screwdriver_PNG9494.png,Screwdriver,
data/thin/silhouette/screwdriver_PNG9496.png,Screwdriver,
data/thin/silhouette/screwdriver_PNG9497.png,Screwdriver,
data/thin/silhouette/screwdriver_PNG9499.png,Screwdriver,
data/thin/silhouette/screwdriver_PNG9502.png,Screwdriver,
data/thin/silhouette/screwdriver_PNG9503.png,Screwdriver,
data/thin/silhouette/screwdriver_PNG9510.png,Screwdriver,
data/thin/silhouette/screwdriver_PNG9511.png,Screwdriver,
data/thin/silhouette/screwdriver_PNG9512.png,Screwdriver,
data/thin/silhouette/screwdriver_PNG9513b.png,Screwdriver,
data/thin/silhouette/screwdriver_PNG9513c.png,Screwdriver,
data/thin/silhouette/screwdriver_PNG9513d.png,Screwdriver,
data/thin/silhouette/screwdriver_PNG9513e.png,Screwdriver,
data/thin/silhouette/screwdriver_PNG9513f.png,Screwdriver,
data/thin/silhouette/screwdriver_PNG9513g.png,Screwdriver,
data/thin/silhouette/screwdriver_PNG9513h.png,Screwdriver,
data/thin/silhouette/screwdriver_PNG9513i.png,Screwdriver,
data/thin/silhouette/screwdriver_PNG9514a.png,Screwdriver,
data/thin/silhouette/screwdriver_PNG9514b.png,Screwdriver,
data/thin/silhouette/screwdriver_PNG9514e.png,Screwdriver,
data/thin/silhouette/screwdriver_PNG9514f.png,Screwdriver,
data/thin/silhouette/screwdriver_PNG9514h.png,Screwdriver,
data/thin/silhouette/screwdriver_PNG9516b.png,Screwdriver,
data/thin/silhouette/screwdriver_PNG9516c.png,Screwdriver,
data/thin/silhouette/screwdriver_PNG9516d.png,Screwdriver,
data/thin/silhouette/screwdriver_PNG9516e.png,Screwdriver,
data/thin/silhouette/screwdriver_PNG9518.png,Screwdriver,
data/thin/silhouette/screwdriver_PNG9519.png,Screwdriver,
data/thin/silhouette/screwdriver_PNG9522.png,Screwdriver,
data/thin/silhouette/screwdriver_PNG9523.png,Screwdriver,Screwdriver
data/thin/silhouette/screwdriver_PNG9527.png,Screwdriver,
data/thin/silhouette/screwdriver_PNG9528.png,Screwdriver,Screwdriver
data/thin/silhouette/screwdriver_PNG9529.png,Screwdriver,
data/thin/silhouette/seahorse_PNG11.png,Seahorse,
data/thin/silhouette/seahorse_PNG12.png,Seahorse,
data/thin/silhouette/seahorse_PNG2.png,Seahorse,
data/thin/silhouette/seahorse_PNG3a.png,Seahorse,
data/thin/silhouette/seahorse_PNG3b.png,Seahorse,
data/thin/silhouette/seahorse_PNG5.png,Seahorse,
data/thin/silhouette/seahorse_PNG8.png,Seahorse,
data/thin/silhouette/sewing_machine_PNG31.png,Sewing Machine,
data/thin/silhouette/sewing_machine_PNG66.png,Sewing Machine,Sewing Machine
data/thin/silhouette/sewing_machine_PNG69.png,Sewing Machine,
data/thin/silhouette/ship_PNG5403.png,Ship,
data/thin/silhouette/ship_PNG5407.png,Ship,
data/thin/silhouette/ship_PNG5416.png,Ship,
data/thin/silhouette/shopping_cart_PNG1.png,Shopping Cart,
data/thin/silhouette/shopping_cart_PNG21.png,Shopping Cart,
data/thin/silhouette/shopping_cart_PNG28.png,Shopping Cart,
data/thin/silhouette/shopping_cart_PNG30.png,Shopping Cart,
data/thin/silhouette/shopping_cart_PNG32.png,Shopping Cart,
data/thin/silhouette/shopping_cart_PNG36.png,Shopping Cart,
data/thin/silhouette/shopping_cart_PNG43.png,Shopping Cart,
data/thin/silhouette/shopping_cart_PNG47.png,Shopping Cart,
data/thin/silhouette/shopping_cart_PNG49.png,Shopping Cart,
data/thin/silhouette/shopping_cart_PNG63.png,Shopping Cart,
data/thin/silhouette/shopping_cart_PNG67.png,Shopping Cart,
data/thin/silhouette/shopping_cart_PNG70.png,Shopping Cart,
data/thin/silhouette/shopping_cart_PNG72.png,Shopping Cart,
data/thin/silhouette/shopping_cart_PNG74.png,Shopping Cart,
data/thin/silhouette/shovel_PNG7595.png,Shovel,Shovel
data/thin/silhouette/shovel_PNG7598.png,Shovel,Shovel
data/thin/silhouette/shovel_PNG7599.png,Shovel,
data/thin/silhouette/shovel_PNG7601.png,Shovel,
data/thin/silhouette/shovel_PNG7604.png,Shovel,
data/thin/silhouette/shovel_PNG7608.png,Shovel,
data/thin/silhouette/shovel_PNG7609a.png,Shovel,Shovel
data/thin/silhouette/shovel_PNG7609b.png,Shovel,Shovel
data/thin/silhouette/shovel_PNG7609c.png,Shovel,Shovel
data/thin/silhouette/shovel_PNG7611.png,Shovel,
data/thin/silhouette/shovel_PNG7617.png,Shovel,
data/thin/silhouette/shovel_PNG7618.png,Shovel,
data/thin/silhouette/shrimps_PNG18255.png,Shrimps,
data/thin/silhouette/shrimps_PNG18257.png,Shrimps,
data/thin/silhouette/shrimps_PNG18261b.png,Shrimps,
data/thin/silhouette/shrimps_PNG18265.png,Shrimps,
data/thin/silhouette/shrimps_PNG18267.png,Shrimps,
data/thin/silhouette/shrimps_PNG18274.png,Shrimps,
data/thin/silhouette/shrimps_PNG18277.png,Shrimps,
data/thin/silhouette/skeleton_PNG42614.png,Skeleton,Skeleton
data/thin/silhouette/skeleton_PNG42616.png,Skeleton,
data/thin/silhouette/skeleton_PNG42618b.png,Skeleton,
data/thin/silhouette/skeleton_PNG42619.png,Skeleton,Skeleton
data/thin/silhouette/skeleton_PNG42621.png,Skeleton,
data/thin/silhouette/skeleton_PNG42624.png,Skeleton,
data/thin/silhouette/skeleton_PNG42627.png,Skeleton,
data/thin/silhouette/skeleton_PNG42629.png,Skeleton,
data/thin/silhouette/skeleton_PNG42633.png,Skeleton,
data/thin/silhouette/skeleton_PNG42637a.png,Skeleton,
data/thin/silhouette/skeleton_PNG42637b.png,Skeleton,
data/thin/silhouette/skeleton_PNG42639.png,Skeleton,
data/thin/silhouette/skeleton_PNG42645.png,Skeleton,
data/thin/silhouette/skeleton_PNG42647.png,Skeleton,
data/thin/silhouette/skeleton_PNG42648.png,Skeleton,
data/thin/silhouette/skeleton_PNG42649.png,Skeleton,
data/thin/silhouette/skeleton_PNG42652.png,Skeleton,
data/thin/silhouette/skeleton_PNG42654.png,Skeleton,
data/thin/silhouette/skeleton_PNG42655.png,Skeleton,
data/thin/silhouette/skeleton_PNG42656.png,Skeleton,
data/thin/silhouette/skeleton_PNG42657.png,Skeleton,
data/thin/silhouette/skeleton_PNG42660.png,Skeleton,
data/thin/silhouette/skeleton_PNG42661.png,Skeleton,
data/thin/silhouette/skeleton_PNG42662.png,Skeleton,
data/thin/silhouette/skeleton_PNG42663.png,Skeleton,
data/thin/silhouette/skeleton_PNG42666a.png,Skeleton,Skeleton
data/thin/silhouette/skeleton_PNG5531.png,Skeleton,
data/thin/silhouette/skeleton_PNG5532.png,Skeleton,
data/thin/silhouette/skeleton_PNG5536.png,Skeleton,
data/thin/silhouette/skeleton_PNG5538.png,Skeleton,
data/thin/silhouette/skeleton_PNG5539.png,Skeleton,
data/thin/silhouette/skeleton_PNG5545.png,Skeleton,
data/thin/silhouette/skeleton_PNG5557.png,Skeleton,
data/thin/silhouette/skeleton_PNG5558.png,Skeleton,Skeleton
data/thin/silhouette/skeleton_PNG5565a.png,Skeleton,
data/thin/silhouette/skeleton_PNG5565b.png,Skeleton,
data/thin/silhouette/sled_PNG11.png,Sled,
data/thin/silhouette/sled_PNG15.png,Sled,
data/thin/silhouette/sled_PNG23.png,Sled,
data/thin/silhouette/sled_PNG24.png,Sled,
data/thin/silhouette/sled_PNG26.png,Sled,
data/thin/silhouette/sled_PNG30.png,Sled,
data/thin/silhouette/sled_PNG33.png,Sled,
data/thin/silhouette/sled_PNG37a.png,Sled,
data/thin/silhouette/sled_PNG37b.png,Sled,
data/thin/silhouette/sled_PNG37c.png,Sled,
data/thin/silhouette/sled_PNG37d.png,Sled,
data/thin/silhouette/sled_PNG5.png,Sled,
data/thin/silhouette/sled_PNG6.png,Sled,
data/thin/silhouette/snails_PNG13189.png,Snails,
data/thin/silhouette/snails_PNG13190.png,Snails,
data/thin/silhouette/snails_PNG13192.png,Snails,
data/thin/silhouette/snails_PNG13193.png,Snails,
data/thin/silhouette/snails_PNG13194.png,Snails,
data/thin/silhouette/snails_PNG13196.png,Snails,
data/thin/silhouette/snails_PNG13197.png,Snails,
data/thin/silhouette/snails_PNG13198b.png,Snails,
data/thin/silhouette/snails_PNG13198c.png,Snails,
data/thin/silhouette/snails_PNG13204.png,Snails,
data/thin/silhouette/snails_PNG13205.png,Snails,
data/thin/silhouette/snails_PNG13207.png,Snails,
data/thin/silhouette/snails_PNG13209.png,Snails,
data/thin/silhouette/snails_PNG13211.png,Snails,
data/thin/silhouette/snails_PNG13212.png,Snails,
data/thin/silhouette/snails_PNG13213.png,Snails,
data/thin/silhouette/snails_PNG13214.png,Snails,
data/thin/silhouette/snails_PNG13215.png,Snails,
data/thin/silhouette/snake_PNG4044.png,Snake,
data/thin/silhouette/snake_PNG4077.png,Snake,
data/thin/silhouette/snake_PNG4080.png,Snake,
data/thin/silhouette/snake_PNG4086.png,Snake,
data/thin/silhouette/sofa_PNG6953.png,Sofa,
data/thin/silhouette/spear_PNG10.png,Spear,
data/thin/silhouette/spear_PNG14.png,Spear,
data/thin/silhouette/spear_PNG16.png,Spear,
data/thin/silhouette/spear_PNG17.png,Spear,
data/thin/silhouette/spear_PNG19.png,Spear,
data/thin/silhouette/spear_PNG2.png,Spear,
data/thin/silhouette/spear_PNG23.png,Spear,
data/thin/silhouette/spear_PNG27.png,Spear,
data/thin/silhouette/spear_PNG28.png,Spear,
data/thin/silhouette/spear_PNG29.png,Spear,
data/thin/silhouette/spear_PNG31.png,Spear,
data/thin/silhouette/spear_PNG32.png,Spear,
data/thin/silhouette/spear_PNG33.png,Spear,
data/thin/silhouette/spear_PNG4.png,Spear,
data/thin/silhouette/spear_PNG40.png,Spear,Spear
data/thin/silhouette/spear_PNG45.png,Spear,
data/thin/silhouette/spear_PNG5.png,Spear,
data/thin/silhouette/spear_PNG51.png,Spear,
data/thin/silhouette/spear_PNG6.png,Spear,
data/thin/silhouette/spear_PNG9.png,Spear,
data/thin/silhouette/spider_PNG13.png,Spider,
data/thin/silhouette/spider_PNG20.png,Spider,
data/thin/silhouette/spider_PNG22.png,Spider,
data/thin/silhouette/spider_PNG27a.png,Spider,
data/thin/silhouette/spider_PNG27b.png,Spider,
data/thin/silhouette/spider_PNG27d.png,Spider,
data/thin/silhouette/spider_PNG27e.png,Spider,
data/thin/silhouette/spider_PNG29.png,Spider,
data/thin/silhouette/spider_PNG2a.png,Spider,
data/thin/silhouette/spider_PNG2b.png,Spider,
data/thin/silhouette/spider_PNG2c.png,Spider,
data/thin/silhouette/spider_PNG2d.png,Spider,
data/thin/silhouette/spider_PNG2e.png,Spider,
data/thin/silhouette/spider_PNG2g.png,Spider,
data/thin/silhouette/spider_PNG2h.png,Spider,
data/thin/silhouette/spider_PNG2i.png,Spider,
data/thin/silhouette/spider_PNG32.png,Spider,
data/thin/silhouette/spider_PNG33.png,Spider,
data/thin/silhouette/spider_PNG37.png,Spider,
data/thin/silhouette/spider_PNG39.png,Spider,
data/thin/silhouette/spider_PNG41.png,Spider,
data/thin/silhouette/spider_PNG42.png,Spider,
data/thin/silhouette/spider_PNG43.png,Spider,
data/thin/silhouette/spider_PNG44.png,Spider,
data/thin/silhouette/spider_PNG5.png,Spider,
data/thin/silhouette/spider_PNG6.png,Spider,
data/thin/silhouette/spider_PNG7.png,Spider,
data/thin/silhouette/spider_PNG8.png,Spider,
data/thin/silhouette/spoon_PNG3035.png,Spoon,
data/thin/silhouette/spoon_PNG3037.png,Spoon,
data/thin/silhouette/spoon_PNG3038.png,Spoon,
data/thin/silhouette/spoon_PNG3039.png,Spoon,
data/thin/silhouette/spoon_PNG3041.png,Spoon,
data/thin/silhouette/spoon_PNG3043.png,Spoon,
data/thin/silhouette/spoon_PNG3045.png,Spoon,
data/thin/silhouette/spoon_PNG3046.png,Spoon,
data/thin/silhouette/spoon_PNG3048 - Copy.png,Spoon,
data/thin/silhouette/spoon_PNG3048.png,Spoon,
data/thin/silhouette/squid_PNG3.png,Squid,
data/thin/silhouette/starfish_PNG16a.png,Starfish,
data/thin/silhouette/starfish_PNG16b.png,Starfish,
data/thin/silhouette/starfish_PNG4.png,Starfish,
data/thin/silhouette/starfish_PNG6.png,Starfish,Starfish
data/thin/silhouette/statue_of_liberty_PNG1.png,Statue Of Liberty,
data/thin/silhouette/statue_of_liberty_PNG11.png,Statue Of Liberty,
data/thin/silhouette/statue_of_liberty_PNG17.png,Statue Of Liberty,
data/thin/silhouette/statue_of_liberty_PNG2.png,Statue Of Liberty,
data/thin/silhouette/statue_of_liberty_PNG30.png,Statue Of Liberty,
data/thin/silhouette/statue_of_liberty_PNG5.png,Statue Of Liberty,
data/thin/silhouette/statue_of_liberty_PNG6.png,Statue Of Liberty,
data/thin/silhouette/statue_of_liberty_PNG9.png,Statue Of Liberty,
data/thin/silhouette/stethoscope_PNG103.png,Stethoscope,
data/thin/silhouette/stethoscope_PNG111.png,Stethoscope,
data/thin/silhouette/stethoscope_PNG114.png,Stethoscope,
data/thin/silhouette/stethoscope_PNG117.png,Stethoscope,
data/thin/silhouette/stethoscope_PNG122.png,Stethoscope,
data/thin/silhouette/stethoscope_PNG13.png,Stethoscope,
data/thin/silhouette/stethoscope_PNG19.png,Stethoscope,
data/thin/silhouette/stethoscope_PNG33.png,Stethoscope,
data/thin/silhouette/stethoscope_PNG36.png,Stethoscope,
data/thin/silhouette/stethoscope_PNG38.png,Stethoscope,
data/thin/silhouette/stethoscope_PNG5.png,Stethoscope,
data/thin/silhouette/stethoscope_PNG62.png,Stethoscope,
data/thin/silhouette/stethoscope_PNG63.png,Stethoscope,
data/thin/silhouette/stethoscope_PNG65.png,Stethoscope,
data/thin/silhouette/stethoscope_PNG73.png,Stethoscope,
data/thin/silhouette/stethoscope_PNG75.png,Stethoscope,
data/thin/silhouette/stethoscope_PNG81.png,Stethoscope,
data/thin/silhouette/stethoscope_PNG82.png,Stethoscope,
data/thin/silhouette/stethoscope_PNG85.png,Stethoscope,
data/thin/silhouette/stethoscope_PNG86.png,Stethoscope,
data/thin/silhouette/stethoscope_PNG88.png,Stethoscope,
data/thin/silhouette/stork_PNG1.png,Stork,
data/thin/silhouette/stork_PNG11.png,Stork,
data/thin/silhouette/stork_PNG12.png,Stork,
data/thin/silhouette/stork_PNG19.png,Stork,
data/thin/silhouette/stork_PNG27.png,Stork,
data/thin/silhouette/stork_PNG31.png,Stork,
data/thin/silhouette/stork_PNG39.png,Stork,
data/thin/silhouette/stork_PNG40.png,Stork,
data/thin/silhouette/stork_PNG46.png,Stork,
data/thin/silhouette/street_light_PNG11509.png,Street Light,
data/thin/silhouette/street_light_PNG11510a.png,Street Light,
data/thin/silhouette/street_light_PNG11510b.png,Street Light,
data/thin/silhouette/street_light_PNG11510c.png,Street Light,
data/thin/silhouette/street_light_PNG11510d.png,Street Light,
data/thin/silhouette/street_light_PNG11515.png,Street Light,
data/thin/silhouette/street_light_PNG11518.png,Street Light,
data/thin/silhouette/street_light_PNG11519.png,Street Light,
data/thin/silhouette/street_light_PNG11520.png,Street Light,
data/thin/silhouette/street_light_PNG11525.png,Street Light,
data/thin/silhouette/street_light_PNG11527.png,Street Light,
data/thin/silhouette/street_light_PNG11531.png,Street Light,
data/thin/silhouette/street_light_PNG11532.png,Street Light,
data/thin/silhouette/street_light_PNG11538.png,Street Light,
data/thin/silhouette/street_light_PNG11542.png,Street Light,Street Light
data/thin/silhouette/street_light_PNG11543.png,Street Light,
data/thin/silhouette/street_light_PNG11545.png,Street Light,
data/thin/silhouette/submarine_PNG44.png,Submarine,
data/thin/silhouette/submarine_PNG68.png,Submarine,
data/thin/silhouette/suitcase_PNG10749.png,Suitcase,
data/thin/silhouette/suitcase_PNG10750.png,Suitcase,
data/thin/silhouette/suitcase_PNG10751.png,Suitcase,
data/thin/silhouette/suitcase_PNG10752.png,Suitcase,
data/thin/silhouette/suitcase_PNG10753.png,Suitcase,
data/thin/silhouette/suitcase_PNG10754.png,Suitcase,
data/thin/silhouette/suitcase_PNG10755.png,Suitcase,
data/thin/silhouette/suitcase_PNG10756.png,Suitcase,
data/thin/silhouette/suitcase_PNG10757.png,Suitcase,
data/thin/silhouette/suitcase_PNG10758.png,Suitcase,
data/thin/silhouette/suitcase_PNG10759.png,Suitcase,
data/thin/silhouette/suitcase_PNG10761.png,Suitcase,
data/thin/silhouette/suitcase_PNG10762.png,Suitcase,
data/thin/silhouette/suitcase_PNG10763.png,Suitcase,
data/thin/silhouette/suitcase_PNG10764.png,Suitcase,
data/thin/silhouette/suitcase_PNG10770.png,Suitcase,
data/thin/silhouette/suitcase_PNG10773.png,Suitcase,
data/thin/silhouette/suitcase_PNG10774.png,Suitcase,
data/thin/silhouette/suitcase_PNG10775.png,Suitcase,
data/thin/silhouette/sunflower_PNG13366a.png,Sunflower,
data/thin/silhouette/sunflower_PNG13366b.png,Sunflower,
data/thin/silhouette/sunflower_PNG13385.png,Sunflower,
data/thin/silhouette/sunflower_PNG13390.png,Sunflower,
data/thin/silhouette/sunflower_PNG13393.png,Sunflower,
data/thin/silhouette/sunflower_PNG13403.png,Sunflower,
data/thin/silhouette/sunglasses_PNG101.png,Sunglasses,
data/thin/silhouette/sunglasses_PNG114a.png,Sunglasses,
data/thin/silhouette/sunglasses_PNG114b.png,Sunglasses,
data/thin/silhouette/sunglasses_PNG116.png,Sunglasses,
data/thin/silhouette/sunglasses_PNG117a.png,Sunglasses,
data/thin/silhouette/sunglasses_PNG117b.png,Sunglasses,
data/thin/silhouette/sunglasses_PNG119.png,Sunglasses,
data/thin/silhouette/sunglasses_PNG120.png,Sunglasses,
data/thin/silhouette/sunglasses_PNG122.png,Sunglasses,
data/thin/silhouette/sunglasses_PNG124.png,Sunglasses,
data/thin/silhouette/sunglasses_PNG127.png,Sunglasses,
data/thin/silhouette/sunglasses_PNG128.png,Sunglasses,
data/thin/silhouette/sunglasses_PNG129.png,Sunglasses,
data/thin/silhouette/sunglasses_PNG13.png,Sunglasses,
data/thin/silhouette/sunglasses_PNG132.png,Sunglasses,
data/thin/silhouette/sunglasses_PNG137.png,Sunglasses,
data/thin/silhouette/sunglasses_PNG17.png,Sunglasses,
data/thin/silhouette/sunglasses_PNG29.png,Sunglasses,
data/thin/silhouette/sunglasses_PNG45.png,Sunglasses,
data/thin/silhouette/sunglasses_PNG50.png,Sunglasses,
data/thin/silhouette/sunglasses_PNG55.png,Sunglasses,
data/thin/silhouette/sunglasses_PNG8.png,Sunglasses,
data/thin/silhouette/sunglasses_PNG88.png,Sunglasses,
data/thin/silhouette/sunglasses_PNG89.png,Sunglasses,
data/thin/silhouette/sunglasses_PNG94.png,Sunglasses,
data/thin/silhouette/sunglasses_PNG97.png,Sunglasses,
data/thin/silhouette/sunglasses_PNG98.png,Sunglasses,
data/thin/silhouette/swan_PNG30.png,Swan,
data/thin/silhouette/swan_PNG46.png,Swan,
data/thin/silhouette/swan_PNG51.png,Swan,
data/thin/silhouette/swan_PNG53.png,Swan,
data/thin/silhouette/sword_PNG5499.png,Sword,
data/thin/silhouette/sword_PNG5500.png,Sword,
data/thin/silhouette/sword_PNG5503.png,Sword,
data/thin/silhouette/sword_PNG5506.png,Sword,
data/thin/silhouette/sword_PNG5507.png,Sword,
data/thin/silhouette/sword_PNG5509.png,Sword,
data/thin/silhouette/sword_PNG5513.png,Sword,
data/thin/silhouette/sword_PNG5521.png,Sword,
data/thin/silhouette/sword_PNG5522.png,Sword,
data/thin/silhouette/sword_PNG5523.png,Sword,
data/thin/silhouette/sword_PNG5525.png,Sword,
data/thin/silhouette/sword_PNG5526.png,Sword,
data/thin/silhouette/syringe_PNG12375a.png,Syringe,
data/thin/silhouette/syringe_PNG12376.png,Syringe,
data/thin/silhouette/syringe_PNG12384.png,Syringe,
data/thin/silhouette/syringe_PNG12386.png,Syringe,
data/thin/silhouette/syringe_PNG12393.png,Syringe,
data/thin/silhouette/syringe_PNG12394.png,Syringe,
data/thin/silhouette/table_PNG6972.png,Table,
data/thin/silhouette/table_PNG6973.png,Table,
data/thin/silhouette/table_PNG6974.png,Table,
data/thin/silhouette/table_PNG6975.png,Table,
data/thin/silhouette/table_PNG6977.png,Table,
data/thin/silhouette/table_PNG6979.png,Table,
data/thin/silhouette/table_PNG6981.png,Table,
data/thin/silhouette/table_PNG6983.png,Table,
data/thin/silhouette/table_PNG6984.png,Table,
data/thin/silhouette/table_PNG6985.png,Table,
data/thin/silhouette/table_PNG6986.png,Table,
data/thin/silhouette/table_PNG6988.png,Table,Table
data/thin/silhouette/table_PNG6989.png,Table,
data/thin/silhouette/table_PNG6990.png,Table,
data/thin/silhouette/table_PNG6991.png,Table,
data/thin/silhouette/table_PNG6993.png,Table,
data/thin/silhouette/table_PNG6995.png,Table,
data/thin/silhouette/table_PNG6996.png,Table,
data/thin/silhouette/table_PNG6997a.png,Table,Chair
data/thin/silhouette/table_PNG6997b.png,Table,Chair
data/thin/silhouette/table_PNG6997c.png,Table,Table
data/thin/silhouette/table_PNG6997e.png,Table,Table
data/thin/silhouette/table_PNG6997f.png,Table,Table
data/thin/silhouette/table_PNG6997g.png,Table,Table
data/thin/silhouette/table_PNG6997i.png,Table,Table
data/thin/silhouette/table_PNG6998.png,Table,
data/thin/silhouette/table_PNG7000.png,Table,
data/thin/silhouette/table_PNG7005.png,Table,
data/thin/silhouette/table_PNG7006.png,Table,
data/thin/silhouette/table_PNG7007.png,Table,
data/thin/silhouette/table_PNG7008.png,Table,
data/thin/silhouette/tank_PNG1285.png,Tank,
data/thin/silhouette/tank_PNG1297.png,Tank,
data/thin/silhouette/tank_PNG1299.png,Tank,
data/thin/silhouette/tank_PNG1302.png,Tank,
data/thin/silhouette/tank_PNG1307.png,Tank,
data/thin/silhouette/tank_PNG1308.png,Tank,
data/thin/silhouette/tank_PNG1309.png,Tank,
data/thin/silhouette/tank_PNG1310.png,Tank,
data/thin/silhouette/tank_PNG1320.png,Tank,
data/thin/silhouette/tank_PNG1322.png,Tank,
data/thin/silhouette/tank_PNG1324.png,Tank,
data/thin/silhouette/tap_PNG1.png,Tap,
data/thin/silhouette/tap_PNG101.png,Tap,
data/thin/silhouette/tap_PNG11.png,Tap,
data/thin/silhouette/tap_PNG114.png,Tap,
data/thin/silhouette/tap_PNG115.png,Tap,
data/thin/silhouette/tap_PNG12.png,Tap,
data/thin/silhouette/tap_PNG130.png,Tap,
data/thin/silhouette/tap_PNG131.png,Tap,
data/thin/silhouette/tap_PNG16.png,Tap,Tap
data/thin/silhouette/tap_PNG17.png,Tap,
data/thin/silhouette/tap_PNG19.png,Tap,
data/thin/silhouette/tap_PNG2.png,Tap,
data/thin/silhouette/tap_PNG27.png,Tap,
data/thin/silhouette/tap_PNG30.png,Tap,
data/thin/silhouette/tap_PNG38.png,Tap,
data/thin/silhouette/tap_PNG47.png,Tap,
data/thin/silhouette/tap_PNG48.png,Tap,
data/thin/silhouette/tap_PNG55.png,Tap,
data/thin/silhouette/tap_PNG58.png,Tap,
data/thin/silhouette/tap_PNG6.png,Tap,
data/thin/silhouette/tap_PNG60.png,Tap,
data/thin/silhouette/tap_PNG61.png,Tap,
data/thin/silhouette/tap_PNG66.png,Tap,
data/thin/silhouette/tap_PNG68.png,Tap,
data/thin/silhouette/tap_PNG73.png,Tap,
data/thin/silhouette/tap_PNG76.png,Tap,
data/thin/silhouette/tap_PNG9.png,Tap,
data/thin/silhouette/tap_PNG91.png,Tap,
data/thin/silhouette/tap_PNG95.png,Tap,
data/thin/silhouette/tap_PNG99.png,Tap,
data/thin/silhouette/telephone_booth_PNG37.png,Telephone Booth,
data/thin/silhouette/telephone_booth_PNG39.png,Telephone Booth,
data/thin/silhouette/telephone_booth_PNG43.png,Telephone Booth,
data/thin/silhouette/telephone_booth_PNG7.png,Telephone Booth,
data/thin/silhouette/telescope_PNG1.png,Telescope,
data/thin/silhouette/telescope_PNG101.png,Telescope,
data/thin/silhouette/telescope_PNG102.png,Telescope,
data/thin/silhouette/telescope_PNG105.png,Telescope,
data/thin/silhouette/telescope_PNG107.png,Telescope,
data/thin/silhouette/telescope_PNG112.png,Telescope,
data/thin/silhouette/telescope_PNG114.png,Telescope,
data/thin/silhouette/telescope_PNG13.png,Telescope,
data/thin/silhouette/telescope_PNG17.png,Telescope,
data/thin/silhouette/telescope_PNG18.png,Telescope,
data/thin/silhouette/telescope_PNG19.png,Telescope,
data/thin/silhouette/telescope_PNG2.png,Telescope,
data/thin/silhouette/telescope_PNG35.png,Telescope,
data/thin/silhouette/telescope_PNG40.png,Telescope,
data/thin/silhouette/telescope_PNG41.png,Telescope,Telescope
data/thin/silhouette/telescope_PNG43.png,Telescope,
data/thin/silhouette/telescope_PNG52.png,Telescope,
data/thin/silhouette/telescope_PNG53.png,Telescope,
data/thin/silhouette/telescope_PNG57.png,Telescope,
data/thin/silhouette/telescope_PNG60.png,Telescope,
data/thin/silhouette/telescope_PNG61.png,Telescope,
data/thin/silhouette/telescope_PNG63.png,Telescope,
data/thin/silhouette/telescope_PNG67.png,Telescope,
data/thin/silhouette/telescope_PNG69.png,Telescope,
data/thin/silhouette/telescope_PNG75.png,Telescope,
data/thin/silhouette/telescope_PNG80.png,Telescope,
data/thin/silhouette/telescope_PNG87.png,Telescope,
data/thin/silhouette/telescope_PNG97.png,Telescope,
data/thin/silhouette/telescope_PNG99.png,Telescope,
data/thin/silhouette/tent_PNG2.png,Tent,
data/thin/silhouette/tent_PNG24.png,Tent,
data/thin/silhouette/tent_PNG3.png,Tent,
data/thin/silhouette/tent_PNG30.png,Tent,
data/thin/silhouette/tent_PNG33.png,Tent,
data/thin/silhouette/tent_PNG34.png,Tent,
data/thin/silhouette/tent_PNG35.png,Tent,
data/thin/silhouette/tent_PNG36.png,Tent,
data/thin/silhouette/tent_PNG38.png,Tent,
data/thin/silhouette/tent_PNG4.png,Tent,
data/thin/silhouette/tent_PNG40.png,Tent,
data/thin/silhouette/tent_PNG5.png,Tent,
data/thin/silhouette/tent_PNG50.png,Tent,
data/thin/silhouette/tent_PNG6.png,Tent,
data/thin/silhouette/tent_PNG9.png,Tent,
data/thin/silhouette/tie_PNG8174.png,Tie,
data/thin/silhouette/tie_PNG8175.png,Tie,
data/thin/silhouette/tie_PNG8180.png,Tie,
data/thin/silhouette/tie_PNG8182.png,Tie,
data/thin/silhouette/tie_PNG8192.png,Tie,Tie
data/thin/silhouette/tie_PNG8194.png,Tie,Tie
data/thin/silhouette/tie_PNG8196.png,Tie,
data/thin/silhouette/tie_PNG8197.png,Tie,
data/thin/silhouette/time_bomb_PNG1.png,Time Bomb,
data/thin/silhouette/time_bomb_PNG11.png,Time Bomb,
data/thin/silhouette/time_bomb_PNG2.png,Time Bomb,
data/thin/silhouette/time_bomb_PNG3.png,Time Bomb,
data/thin/silhouette/time_bomb_PNG6.png,Time Bomb,
data/thin/silhouette/time_bomb_PNG8.png,Time Bomb,
data/thin/silhouette/time_bomb_PNG9.png,Time Bomb,
data/thin/silhouette/titanic_PNG19.png,Titanic,
data/thin/silhouette/titanic_PNG3.png,Titanic,
data/thin/silhouette/titanic_PNG35.png,Titanic,Ship
data/thin/silhouette/titanic_PNG37.png,Titanic,
data/thin/silhouette/titanic_PNG40.png,Titanic,
data/thin/silhouette/titanic_PNG5.png,Titanic,Ship
data/thin/silhouette/titanic_PNG7.png,Titanic,
data/thin/silhouette/toothbrush_PNG102.png,Toothbrush,
data/thin/silhouette/toothbrush_PNG114.png,Toothbrush,
data/thin/silhouette/toothbrush_PNG119.png,Toothbrush,
data/thin/silhouette/toothbrush_PNG120.png,Toothbrush,
data/thin/silhouette/toothbrush_PNG121.png,Toothbrush,
data/thin/silhouette/toothbrush_PNG122.png,Toothbrush,
data/thin/silhouette/toothbrush_PNG124.png,Toothbrush,
data/thin/silhouette/toothbrush_PNG125.png,Toothbrush,
data/thin/silhouette/toothbrush_PNG126.png,Toothbrush,
data/thin/silhouette/toothbrush_PNG127a.png,Toothbrush,
data/thin/silhouette/toothbrush_PNG127b.png,Toothbrush,
data/thin/silhouette/toothbrush_PNG128.png,Toothbrush,
data/thin/silhouette/toothbrush_PNG130.png,Toothbrush,
data/thin/silhouette/toothbrush_PNG132.png,Toothbrush,
data/thin/silhouette/toothbrush_PNG135.png,Toothbrush,Sword
data/thin/silhouette/toothbrush_PNG137b.png,Toothbrush,
data/thin/silhouette/toothbrush_PNG137c.png,Toothbrush,
data/thin/silhouette/toothbrush_PNG13a.png,Toothbrush,
data/thin/silhouette/toothbrush_PNG140.png,Toothbrush,
data/thin/silhouette/toothbrush_PNG142.png,Toothbrush,
data/thin/silhouette/toothbrush_PNG153.png,Toothbrush,
data/thin/silhouette/toothbrush_PNG16.png,Toothbrush,
data/thin/silhouette/toothbrush_PNG163.png,Toothbrush,
data/thin/silhouette/toothbrush_PNG166.png,Toothbrush,
data/thin/silhouette/toothbrush_PNG167.png,Toothbrush,
data/thin/silhouette/toothbrush_PNG169.png,Toothbrush,
data/thin/silhouette/toothbrush_PNG17.png,Toothbrush,
data/thin/silhouette/toothbrush_PNG170.png,Toothbrush,
data/thin/silhouette/toothbrush_PNG171.png,Toothbrush,
data/thin/silhouette/toothbrush_PNG174.png,Toothbrush,
data/thin/silhouette/toothbrush_PNG179.png,Toothbrush,
data/thin/silhouette/toothbrush_PNG18.png,Toothbrush,
data/thin/silhouette/toothbrush_PNG181.png,Toothbrush,
data/thin/silhouette/toothbrush_PNG182a.png,Toothbrush,
data/thin/silhouette/toothbrush_PNG182c.png,Toothbrush,
data/thin/silhouette/toothbrush_PNG183.png,Toothbrush,
data/thin/silhouette/toothbrush_PNG184.png,Toothbrush,
data/thin/silhouette/toothbrush_PNG2.png,Toothbrush,
data/thin/silhouette/toothbrush_PNG21.png,Toothbrush,
data/thin/silhouette/toothbrush_PNG22.png,Toothbrush,
data/thin/silhouette/toothbrush_PNG25.png,Toothbrush,
data/thin/silhouette/toothbrush_PNG28.png,Toothbrush,
data/thin/silhouette/toothbrush_PNG30.png,Toothbrush,
data/thin/silhouette/toothbrush_PNG33.png,Toothbrush,
data/thin/silhouette/toothbrush_PNG34.png,Toothbrush,
data/thin/silhouette/toothbrush_PNG38.png,Toothbrush,
data/thin/silhouette/toothbrush_PNG42.png,Toothbrush,
data/thin/silhouette/toothbrush_PNG45.png,Toothbrush,
data/thin/silhouette/toothbrush_PNG49.png,Toothbrush,
data/thin/silhouette/toothbrush_PNG51.png,Toothbrush,
data/thin/silhouette/toothbrush_PNG52.png,Toothbrush,
data/thin/silhouette/toothbrush_PNG54.png,Toothbrush,
data/thin/silhouette/toothbrush_PNG55.png,Toothbrush,
data/thin/silhouette/toothbrush_PNG56.png,Toothbrush,
data/thin/silhouette/toothbrush_PNG59.png,Toothbrush,
data/thin/silhouette/toothbrush_PNG65.png,Toothbrush,
data/thin/silhouette/toothbrush_PNG70.png,Toothbrush,
data/thin/silhouette/toothbrush_PNG77.png,Toothbrush,
data/thin/silhouette/toothbrush_PNG78b.png,Toothbrush,
data/thin/silhouette/toothbrush_PNG79.png,Toothbrush,
data/thin/silhouette/toothbrush_PNG80.png,Toothbrush,
data/thin/silhouette/toothbrush_PNG81a.png,Toothbrush,
data/thin/silhouette/toothbrush_PNG81b.png,Toothbrush,
data/thin/silhouette/toothbrush_PNG84.png,Toothbrush,
data/thin/silhouette/toothbrush_PNG87.png,Toothbrush,
data/thin/silhouette/toothbrush_PNG92.png,Toothbrush,
data/thin/silhouette/toothbrush_PNG94b.png,Toothbrush,
data/thin/silhouette/toothbrush_PNG98.png,Toothbrush,
data/thin/silhouette/tractor_PNG16106.png,Tractor,
data/thin/silhouette/tractor_PNG16107.png,Tractor,
data/thin/silhouette/tractor_PNG16127.png,Tractor,
data/thin/silhouette/tractor_PNG16128.png,Tractor,
data/thin/silhouette/tractor_PNG16131.png,Tractor,
data/thin/silhouette/tractor_PNG16132.png,Tractor,
data/thin/silhouette/tractor_PNG16139.png,Tractor,
data/thin/silhouette/tractor_PNG16164.png,Tractor,
data/thin/silhouette/tractor_PNG16165.png,Tractor,Tractor
data/thin/silhouette/tractor_PNG16167.png,Tractor,
data/thin/silhouette/tractor_PNG16171.png,Tractor,
data/thin/silhouette/tractor_PNG16174.png,Tractor,
data/thin/silhouette/tractor_PNG16175.png,Tractor,
data/thin/silhouette/tram_PNG15.png,Tram,
data/thin/silhouette/tram_PNG33.png,Tram,
data/thin/silhouette/trampoline_PNG1.png,Trampoline,
data/thin/silhouette/trampoline_PNG11.png,Trampoline,Chair
data/thin/silhouette/trampoline_PNG12.png,Trampoline,
data/thin/silhouette/trampoline_PNG2.png,Trampoline,
data/thin/silhouette/trampoline_PNG27.png,Trampoline,
data/thin/silhouette/trampoline_PNG29.png,Trampoline,
data/thin/silhouette/trampoline_PNG34.png,Trampoline,
data/thin/silhouette/trampoline_PNG5.png,Trampoline,
data/thin/silhouette/trampoline_PNG57.png,Trampoline,
data/thin/silhouette/trampoline_PNG6.png,Trampoline,
data/thin/silhouette/trampoline_PNG61.png,Trampoline,
data/thin/silhouette/trampoline_PNG62.png,Trampoline,
data/thin/silhouette/trampoline_PNG64.png,Trampoline,
data/thin/silhouette/trampoline_PNG65.png,Trampoline,
data/thin/silhouette/trampoline_PNG67.png,Trampoline,
data/thin/silhouette/trampoline_PNG72.png,Trampoline,
data/thin/silhouette/trampoline_PNG75.png,Trampoline,
data/thin/silhouette/trampoline_PNG82.png,Trampoline,
data/thin/silhouette/trampoline_PNG84.png,Trampoline,
data/thin/silhouette/trampoline_PNG85.png,Trampoline,
data/thin/silhouette/trampoline_PNG9.png,Trampoline,
data/thin/silhouette/treadmill_PNG101.png,Treadmill,
data/thin/silhouette/treadmill_PNG14.png,Treadmill,
data/thin/silhouette/treadmill_PNG18.png,Treadmill,
data/thin/silhouette/treadmill_PNG19.png,Treadmill,
data/thin/silhouette/treadmill_PNG28.png,Treadmill,
data/thin/silhouette/treadmill_PNG36.png,Treadmill,
data/thin/silhouette/treadmill_PNG38.png,Treadmill,
data/thin/silhouette/treadmill_PNG43.png,Treadmill,
data/thin/silhouette/treadmill_PNG6.png,Treadmill,
data/thin/silhouette/treadmill_PNG7.png,Treadmill,
data/thin/silhouette/treadmill_PNG75.png,Treadmill,
data/thin/silhouette/treadmill_PNG8.png,Treadmill,
data/thin/silhouette/treadmill_PNG9.png,Treadmill,
data/thin/silhouette/treadmill_PNG94.png,Treadmill,
data/thin/silhouette/treadmill_PNG99.png,Treadmill,
data/thin/silhouette/tripod_PNG1.png,Tripod,
data/thin/silhouette/tripod_PNG100.png,Tripod,
data/thin/silhouette/tripod_PNG102.png,Tripod,
data/thin/silhouette/tripod_PNG109.png,Tripod,Tripod
data/thin/silhouette/tripod_PNG112.png,Tripod,
data/thin/silhouette/tripod_PNG114.png,Tripod,
data/thin/silhouette/tripod_PNG115.png,Tripod,
data/thin/silhouette/tripod_PNG116.png,Tripod,Tripod
data/thin/silhouette/tripod_PNG117.png,Tripod,
data/thin/silhouette/tripod_PNG12.png,Tripod,
data/thin/silhouette/tripod_PNG120.png,Tripod,
data/thin/silhouette/tripod_PNG131.png,Tripod,
data/thin/silhouette/tripod_PNG132.png,Tripod,
data/thin/silhouette/tripod_PNG133.png,Tripod,
data/thin/silhouette/tripod_PNG135.png,Tripod,
data/thin/silhouette/tripod_PNG139.png,Tripod,
data/thin/silhouette/tripod_PNG141.png,Tripod,
data/thin/silhouette/tripod_PNG144.png,Tripod,
data/thin/silhouette/tripod_PNG146.png,Tripod,
data/thin/silhouette/tripod_PNG16.png,Tripod,
data/thin/silhouette/tripod_PNG17.png,Tripod,
data/thin/silhouette/tripod_PNG2.png,Tripod,
data/thin/silhouette/tripod_PNG30.png,Tripod,
data/thin/silhouette/tripod_PNG33.png,Tripod,
data/thin/silhouette/tripod_PNG36.png,Tripod,Tripod
data/thin/silhouette/tripod_PNG40.png,Tripod,
data/thin/silhouette/tripod_PNG43.png,Tripod,
data/thin/silhouette/tripod_PNG46.png,Tripod,
data/thin/silhouette/tripod_PNG48.png,Tripod,
data/thin/silhouette/tripod_PNG49.png,Tripod,
data/thin/silhouette/tripod_PNG52.png,Tripod,
data/thin/silhouette/tripod_PNG54.png,Tripod,
data/thin/silhouette/tripod_PNG58.png,Tripod,
data/thin/silhouette/tripod_PNG63.png,Tripod,
data/thin/silhouette/tripod_PNG65.png,Tripod,
data/thin/silhouette/tripod_PNG67.png,Tripod,
data/thin/silhouette/tripod_PNG72.png,Tripod,
data/thin/silhouette/tripod_PNG73.png,Tripod,
data/thin/silhouette/tripod_PNG74.png,Tripod,
data/thin/silhouette/tripod_PNG76.png,Tripod,
data/thin/silhouette/tripod_PNG77.png,Tripod,
data/thin/silhouette/tripod_PNG78.png,Tripod,
data/thin/silhouette/tripod_PNG86.png,Tripod,
data/thin/silhouette/tripod_PNG88.png,Tripod,
data/thin/silhouette/tripod_PNG91.png,Tripod,
data/thin/silhouette/tripod_PNG92.png,Tripod,
data/thin/silhouette/tripod_PNG93.png,Tripod,
data/thin/silhouette/tripod_PNG94.png,Tripod,
data/thin/silhouette/tripod_PNG95.png,Tripod,
data/thin/silhouette/tripod_PNG97.png,Tripod,
data/thin/silhouette/tripod_PNG99.png,Tripod,
data/thin/silhouette/trolleybus_PNG10.png,Trolleybus,
data/thin/silhouette/trolleybus_PNG11.png,Trolleybus,
data/thin/silhouette/trolleybus_PNG2.png,Trolleybus,
data/thin/silhouette/trolleybus_PNG26.png,Trolleybus,
data/thin/silhouette/trolleybus_PNG30.png,Trolleybus,
data/thin/silhouette/trombone_PNG1.png,Trombone,
data/thin/silhouette/trombone_PNG10.png,Trombone,
data/thin/silhouette/trombone_PNG12.png,Trombone,
data/thin/silhouette/trombone_PNG13.png,Trombone,
data/thin/silhouette/trombone_PNG14.png,Trombone,
data/thin/silhouette/trombone_PNG16.png,Trombone,
data/thin/silhouette/trombone_PNG17.png,Trombone,
data/thin/silhouette/trombone_PNG18.png,Trombone,
data/thin/silhouette/trombone_PNG2.png,Trombone,
data/thin/silhouette/trombone_PNG20.png,Trombone,
data/thin/silhouette/trombone_PNG29.png,Trombone,
data/thin/silhouette/trombone_PNG3.png,Trombone,
data/thin/silhouette/trombone_PNG31.png,Trombone,
data/thin/silhouette/trombone_PNG33.png,Trombone,
data/thin/silhouette/trombone_PNG37.png,Trombone,
data/thin/silhouette/trombone_PNG38.png,Trombone,
data/thin/silhouette/trombone_PNG39.png,Trombone,
data/thin/silhouette/trombone_PNG4.png,Trombone,
data/thin/silhouette/trombone_PNG40.png,Trombone,
data/thin/silhouette/trombone_PNG45.png,Trombone,
data/thin/silhouette/trombone_PNG46.png,Trombone,
data/thin/silhouette/trombone_PNG5.png,Trombone,
data/thin/silhouette/trombone_PNG52.png,Trombone,
data/thin/silhouette/trombone_PNG54.png,Trombone,
data/thin/silhouette/trombone_PNG55.png,Trombone,
data/thin/silhouette/trombone_PNG56.png,Trombone,
data/thin/silhouette/trombone_PNG7.png,Trombone,
data/thin/silhouette/trombone_PNG8.png,Trombone,Trombone
data/thin/silhouette/trombone_PNG9.png,Trombone,
data/thin/silhouette/trumpet_saxophone_PNG14721.png,Trumpet Saxophone,
data/thin/silhouette/trumpet_saxophone_PNG14723.png,Trumpet Saxophone,
data/thin/silhouette/trumpet_saxophone_PNG14724.png,Trumpet Saxophone,
data/thin/silhouette/trumpet_saxophone_PNG14726.png,Trumpet Saxophone,
data/thin/silhouette/trumpet_saxophone_PNG14727.png,Trumpet Saxophone,
data/thin/silhouette/trumpet_saxophone_PNG14728.png,Trumpet Saxophone,
data/thin/silhouette/trumpet_saxophone_PNG14729.png,Trumpet Saxophone,
data/thin/silhouette/trumpet_saxophone_PNG14730.png,Trumpet Saxophone,
data/thin/silhouette/trumpet_saxophone_PNG14731.png,Trumpet Saxophone,
data/thin/silhouette/trumpet_saxophone_PNG14734.png,Trumpet Saxophone,
data/thin/silhouette/trumpet_saxophone_PNG14735.png,Trumpet Saxophone,
data/thin/silhouette/trumpet_saxophone_PNG14738.png,Trumpet Saxophone,
data/thin/silhouette/trumpet_saxophone_PNG14739.png,Trumpet Saxophone,
data/thin/silhouette/trumpet_saxophone_PNG14740.png,Trumpet Saxophone,
data/thin/silhouette/trumpet_saxophone_PNG14743.png,Trumpet Saxophone,
data/thin/silhouette/trumpet_saxophone_PNG14744.png,Trumpet Saxophone,
data/thin/silhouette/trumpet_saxophone_PNG14745.png,Trumpet Saxophone,
data/thin/silhouette/trumpet_saxophone_PNG14746.png,Trumpet Saxophone,
data/thin/silhouette/trumpet_saxophone_PNG14747.png,Trumpet Saxophone,
data/thin/silhouette/trumpet_saxophone_PNG14748.png,Trumpet Saxophone,
data/thin/silhouette/trumpet_saxophone_PNG14753.png,Trumpet Saxophone,
data/thin/silhouette/trumpet_saxophone_PNG14754.png,Trumpet Saxophone,
data/thin/silhouette/trumpet_saxophone_PNG14755.png,Trumpet Saxophone,
data/thin/silhouette/trumpet_saxophone_PNG14756.png,Trumpet Saxophone,
data/thin/silhouette/trumpet_saxophone_PNG14757.png,Trumpet Saxophone,
data/thin/silhouette/trumpet_saxophone_PNG14758.png,Trumpet Saxophone,
data/thin/silhouette/trumpet_saxophone_PNG14759.png,Trumpet Saxophone,
data/thin/silhouette/trumpet_saxophone_PNG14760.png,Trumpet Saxophone,
data/thin/silhouette/trumpet_saxophone_PNG14769.png,Trumpet Saxophone,
data/thin/silhouette/tulip_PNG8978.png,Tulip,
data/thin/silhouette/tulip_PNG8979.png,Tulip,
data/thin/silhouette/tulip_PNG8980.png,Tulip,
data/thin/silhouette/tulip_PNG8983.png,Tulip,
data/thin/silhouette/tulip_PNG8995.png,Tulip,
data/thin/silhouette/tulip_PNG8997.png,Tulip,
data/thin/silhouette/tulip_PNG9000.png,Tulip,
data/thin/silhouette/tulip_PNG9003.png,Tulip,
data/thin/silhouette/tulip_PNG9004.png,Tulip,
data/thin/silhouette/tulip_PNG9005.png,Tulip,
data/thin/silhouette/tulip_PNG9006.png,Tulip,
data/thin/silhouette/tulip_PNG9009.png,Tulip,
data/thin/silhouette/tulip_PNG9019.png,Tulip,
data/thin/silhouette/tulip_PNG9020.png,Tulip,
data/thin/silhouette/tulip_PNG9022.png,Tulip,
data/thin/silhouette/tulip_PNG9023.png,Tulip,
data/thin/silhouette/tulip_PNG9024.png,Tulip,
data/thin/silhouette/tulip_PNG9025.png,Tulip,
data/thin/silhouette/tulip_PNG9026.png,Tulip,
data/thin/silhouette/turkey_PNG58546.png,Turkey,
data/thin/silhouette/turkey_PNG58547.png,Turkey,
data/thin/silhouette/turkey_PNG58548.png,Turkey,Chicken
data/thin/silhouette/turkey_PNG58549.png,Turkey,
data/thin/silhouette/turkey_PNG58559.png,Turkey,
data/thin/silhouette/turkey_PNG58579.png,Turkey,
data/thin/silhouette/turkey_PNG58588.png,Turkey,Chicken
data/thin/silhouette/turkey_PNG58599.png,Turkey,Turkey
data/thin/silhouette/turkey_PNG58605.png,Turkey,
data/thin/silhouette/turtle_PNG55.png,Turtle,
data/thin/silhouette/turtle_PNG63.png,Turtle,
data/thin/silhouette/typewriter_PNG10.png,Typewriter,
data/thin/silhouette/typewriter_PNG11.png,Typewriter,
data/thin/silhouette/typewriter_PNG19.png,Typewriter,
data/thin/silhouette/typewriter_PNG2.png,Typewriter,
data/thin/silhouette/typewriter_PNG21.png,Typewriter,
data/thin/silhouette/typewriter_PNG27.png,Typewriter,
data/thin/silhouette/typewriter_PNG3.png,Typewriter,
data/thin/silhouette/typewriter_PNG33.png,Typewriter,
data/thin/silhouette/typewriter_PNG4.png,Typewriter,
data/thin/silhouette/typewriter_PNG43.png,Typewriter,
data/thin/silhouette/typewriter_PNG45.png,Typewriter,Typewriter
data/thin/silhouette/typewriter_PNG5.png,Typewriter,
data/thin/silhouette/typewriter_PNG55.png,Typewriter,
data/thin/silhouette/typewriter_PNG56.png,Typewriter,
data/thin/silhouette/typewriter_PNG58.png,Typewriter,
data/thin/silhouette/typewriter_PNG59.png,Typewriter,
data/thin/silhouette/typewriter_PNG6.png,Typewriter,
data/thin/silhouette/typewriter_PNG60.png,Typewriter,
data/thin/silhouette/typewriter_PNG62.png,Typewriter,
data/thin/silhouette/typewriter_PNG63.png,Typewriter,Typewriter
data/thin/silhouette/typewriter_PNG64.png,Typewriter,
data/thin/silhouette/typewriter_PNG68.png,Typewriter,
data/thin/silhouette/typewriter_PNG75.png,Typewriter,
data/thin/silhouette/typewriter_PNG76.png,Typewriter,
data/thin/silhouette/typewriter_PNG77.png,Typewriter,
data/thin/silhouette/typewriter_PNG78b.png,Typewriter,
data/thin/silhouette/typewriter_PNG81.png,Typewriter,
data/thin/silhouette/typewriter_PNG87.png,Typewriter,
data/thin/silhouette/typewriter_PNG9.png,Typewriter,
data/thin/silhouette/typewriter_PNG93.png,Typewriter,
data/thin/silhouette/typewriter_PNG98.png,Typewriter,
data/thin/silhouette/umbrella_PNG500.png,Umbrella,
data/thin/silhouette/umbrella_PNG69117.png,Umbrella,
data/thin/silhouette/umbrella_PNG69123.png,Umbrella,
data/thin/silhouette/umbrella_PNG69124.png,Umbrella,
data/thin/silhouette/umbrella_PNG69129a.png,Umbrella,
data/thin/silhouette/umbrella_PNG69129b.png,Umbrella,
data/thin/silhouette/umbrella_PNG69129c.png,Umbrella,
data/thin/silhouette/umbrella_PNG69129d.png,Umbrella,
data/thin/silhouette/umbrella_PNG69129e.png,Umbrella,
data/thin/silhouette/umbrella_PNG69129f.png,Umbrella,
data/thin/silhouette/umbrella_PNG69130.png,Umbrella,
data/thin/silhouette/umbrella_PNG69145.png,Umbrella,Umbrella
data/thin/silhouette/umbrella_PNG69217.png,Umbrella,
data/thin/silhouette/umbrella_PNG69225.png,Umbrella,
data/thin/silhouette/umbrella_PNG69226a.png,Umbrella,
data/thin/silhouette/umbrella_PNG69226b.png,Umbrella,
data/thin/silhouette/umbrella_PNG69226c.png,Umbrella,
data/thin/silhouette/umbrella_PNG69226e.png,Umbrella,
data/thin/silhouette/umbrella_PNG69226f.png,Umbrella,
data/thin/silhouette/umbrella_PNG69226g.png,Umbrella,
data/thin/silhouette/umbrella_PNG69226h.png,Umbrella,
data/thin/silhouette/umbrella_PNG69227b.png,Umbrella,
data/thin/silhouette/umbrella_PNG69227d.png,Umbrella,
data/thin/silhouette/umbrella_PNG69227e.png,Umbrella,
data/thin/silhouette/umbrella_PNG69230.png,Umbrella,Umbrella
data/thin/silhouette/umbrella_PNG69231.png,Umbrella,
data/thin/silhouette/umbrella_PNG69232.png,Umbrella,
data/thin/silhouette/umbrella_PNG69233.png,Umbrella,
data/thin/silhouette/umbrella_PNG69234.png,Umbrella,
data/thin/silhouette/vacuum_cleaner_PNG1.png,Vacuum Cleaner,
data/thin/silhouette/vacuum_cleaner_PNG10.png,Vacuum Cleaner,
data/thin/silhouette/vacuum_cleaner_PNG17.png,Vacuum Cleaner,
data/thin/silhouette/vacuum_cleaner_PNG19.png,Vacuum Cleaner,
data/thin/silhouette/vacuum_cleaner_PNG20.png,Vacuum Cleaner,
data/thin/silhouette/vacuum_cleaner_PNG21.png,Vacuum Cleaner,
data/thin/silhouette/vacuum_cleaner_PNG23.png,Vacuum Cleaner,
data/thin/silhouette/vacuum_cleaner_PNG28.png,Vacuum Cleaner,
data/thin/silhouette/vacuum_cleaner_PNG29.png,Vacuum Cleaner,Vacuum Cleaner
data/thin/silhouette/vacuum_cleaner_PNG33.png,Vacuum Cleaner,
data/thin/silhouette/vacuum_cleaner_PNG43.png,Vacuum Cleaner,
data/thin/silhouette/vacuum_cleaner_PNG44.png,Vacuum Cleaner,Vacuum Cleaner
data/thin/silhouette/vacuum_cleaner_PNG45.png,Vacuum Cleaner,
data/thin/silhouette/vacuum_cleaner_PNG46.png,Vacuum Cleaner,
data/thin/silhouette/vacuum_cleaner_PNG47.png,Vacuum Cleaner,
data/thin/silhouette/vacuum_cleaner_PNG48.png,Vacuum Cleaner,
data/thin/silhouette/vacuum_cleaner_PNG49.png,Vacuum Cleaner,
data/thin/silhouette/vacuum_cleaner_PNG50.png,Vacuum Cleaner,
data/thin/silhouette/vacuum_cleaner_PNG52.png,Vacuum Cleaner,
data/thin/silhouette/vacuum_cleaner_PNG53.png,Vacuum Cleaner,
data/thin/silhouette/vacuum_cleaner_PNG54.png,Vacuum Cleaner,
data/thin/silhouette/vacuum_cleaner_PNG56.png,Vacuum Cleaner,Vacuum Cleaner
data/thin/silhouette/vacuum_cleaner_PNG7.png,Vacuum Cleaner,
data/thin/silhouette/vacuum_cleaner_PNG8.png,Vacuum Cleaner,
data/thin/silhouette/vase_PNG123.png,Vase,
data/thin/silhouette/vase_PNG153.png,Vase,
data/thin/silhouette/vase_PNG179a.png,Vase,
data/thin/silhouette/vase_PNG179b.png,Vase,
data/thin/silhouette/vase_PNG81.png,Vase,
data/thin/silhouette/vase_PNG94.png,Vase,
data/thin/silhouette/vase_PNG96.png,Vase,
data/thin/silhouette/video_camera_PNG7856.png,Video Camera,
data/thin/silhouette/video_camera_PNG7864.png,Video Camera,
data/thin/silhouette/video_camera_PNG7868.png,Video Camera,Video Camera
data/thin/silhouette/video_camera_PNG7870.png,Video Camera,
data/thin/silhouette/video_camera_PNG7875.png,Video Camera,
data/thin/silhouette/video_camera_PNG7880.png,Video Camera,
data/thin/silhouette/video_camera_PNG7891.png,Video Camera,
data/thin/silhouette/violin_PNG12820.png,Violin,
data/thin/silhouette/violin_PNG12821.png,Violin,
data/thin/silhouette/violin_PNG12822.png,Violin,
data/thin/silhouette/violin_PNG12839.png,Violin,
data/thin/silhouette/wedding_cake_PNG19427.png,Wedding Cake,
data/thin/silhouette/wedding_cake_PNG19465.png,Wedding Cake,
data/thin/silhouette/wedding_cake_PNG19467.png,Wedding Cake,
data/thin/silhouette/wheelchair_PNG17838.png,Wheelchair,
data/thin/silhouette/wheelchair_PNG17840.png,Wheelchair,
data/thin/silhouette/wheelchair_PNG17845.png,Wheelchair,
data/thin/silhouette/wheelchair_PNG17846.png,Wheelchair,
data/thin/silhouette/wheelchair_PNG17849.png,Wheelchair,
data/thin/silhouette/wheelchair_PNG17852.png,Wheelchair,
data/thin/silhouette/wheelchair_PNG17854.png,Wheelchair,
data/thin/silhouette/wheelchair_PNG17855.png,Wheelchair,
data/thin/silhouette/wheelchair_PNG17858.png,Wheelchair,
data/thin/silhouette/wheelchair_PNG17861.png,Wheelchair,
data/thin/silhouette/wheelchair_PNG17863.png,Wheelchair,
data/thin/silhouette/wheelchair_PNG17865.png,Wheelchair,
data/thin/silhouette/wheelchair_PNG17869.png,Wheelchair,
data/thin/silhouette/wheelchair_PNG17875.png,Wheelchair,
data/thin/silhouette/wheelchair_PNG82761.png,Wheelchair,
data/thin/silhouette/wheelchair_PNG82762.png,Wheelchair,Wheelchair
data/thin/silhouette/wheelchair_PNG82763.png,Wheelchair,
data/thin/silhouette/wheelchair_PNG82765.png,Wheelchair,
data/thin/silhouette/wheelchair_PNG82771.png,Wheelchair,
data/thin/silhouette/wheelchair_PNG82773.png,Wheelchair,
data/thin/silhouette/wheelchair_PNG82774.png,Wheelchair,
data/thin/silhouette/wheelchair_PNG82775.png,Wheelchair,
data/thin/silhouette/wheelchair_PNG82777.png,Wheelchair,
data/thin/silhouette/wheelchair_PNG82778.png,Wheelchair,
data/thin/silhouette/wheelchair_PNG82783.png,Wheelchair,
data/thin/silhouette/wheelchair_PNG82784.png,Wheelchair,Wheelchair
data/thin/silhouette/wheelchair_PNG82790.png,Wheelchair,
data/thin/silhouette/wheelchair_PNG82792.png,Wheelchair,
data/thin/silhouette/wheelchair_PNG82794.png,Wheelchair,
data/thin/silhouette/wheelchair_PNG82799.png,Wheelchair,
data/thin/silhouette/wheelchair_PNG82800.png,Wheelchair,
data/thin/silhouette/wheelchair_PNG82801.png,Wheelchair,
data/thin/silhouette/wheelchair_PNG82803.png,Wheelchair,
data/thin/silhouette/wheelchair_PNG82804.png,Wheelchair,
data/thin/silhouette/wheelchair_PNG82810.png,Wheelchair,
data/thin/silhouette/wheelchair_PNG82812.png,Wheelchair,
data/thin/silhouette/wheelchair_PNG82814.png,Wheelchair,
data/thin/silhouette/wheelchair_PNG82816.png,Wheelchair,
data/thin/silhouette/wineglass_PNG2833.png,Wineglass,
data/thin/silhouette/wineglass_PNG2837.png,Wineglass,
data/thin/silhouette/wineglass_PNG2838.png,Wineglass,
data/thin/silhouette/wineglass_PNG2845a.png,Wineglass,
data/thin/silhouette/wineglass_PNG2845b.png,Wineglass,
data/thin/silhouette/wineglass_PNG2856.png,Wineglass,
data/thin/silhouette/wineglass_PNG2857.png,Wineglass,
data/thin/silhouette/wineglass_PNG2861.png,Wineglass,
data/thin/silhouette/wineglass_PNG2863.png,Wineglass,
data/thin/silhouette/wineglass_PNG2870.png,Wineglass,
data/thin/silhouette/wineglass_PNG2871.png,Wineglass,
data/thin/silhouette/wineglass_PNG2872.png,Wineglass,
data/thin/silhouette/wineglass_PNG2873.png,Wineglass,
data/thin/silhouette/wineglass_PNG2874.png,Wineglass,
data/thin/silhouette/wineglass_PNG2875.png,Wineglass,
data/thin/silhouette/wineglass_PNG2876.png,Wineglass,
data/thin/silhouette/wineglass_PNG2877.png,Wineglass,
data/thin/silhouette/wineglass_PNG2878.png,Wineglass,
data/thin/silhouette/wineglass_PNG2879.png,Wineglass,
data/thin/silhouette/wineglass_PNG2880.png,Wineglass,Wineglass
data/thin/silhouette/wineglass_PNG2881.png,Wineglass,
data/thin/silhouette/wineglass_PNG2887.png,Wineglass,
data/thin/silhouette/wineglass_PNG2891.png,Wineglass,
data/thin/silhouette/wineglass_PNG2896.png,Wineglass,
data/thin/silhouette/wineglass_PNG2898a.png,Wineglass,
data/thin/silhouette/wineglass_PNG2898b.png,Wineglass,
data/thin/silhouette/wineglass_PNG2900.png,Wineglass,
data/thin/silhouette/wineglass_PNG2901.png,Wineglass,
data/thin/silhouette/wineglass_PNG2902.png,Wineglass,
data/thin/silhouette/wineglass_PNG2909a.png,Wineglass,
data/thin/silhouette/wineglass_PNG2909b.png,Wineglass,
data/thin/silhouette/wineglass_PNG2917b.png,Wineglass,
data/thin/silhouette/wrench_PNG1107.png,Wrench,
data/thin/silhouette/wrench_PNG1108.png,Wrench,
data/thin/silhouette/wrench_PNG1109.png,Wrench,
data/thin/silhouette/wrench_PNG1112.png,Wrench,
data/thin/silhouette/wrench_PNG1113.png,Wrench,
data/thin/silhouette/wrench_PNG1115.png,Wrench,
data/thin/silhouette/wrench_PNG1117.png,Wrench,
data/thin/silhouette/wrench_PNG1119.png,Wrench,
data/thin/silhouette/wrench_PNG3117.png,Wrench,
data/thin/silhouette/wrench_PNG3118a.png,Wrench,
data/thin/silhouette/wrench_PNG3118c.png,Wrench,
data/thin/silhouette/wrench_PNG3118e.png,Wrench,
data/thin/silhouette/wrench_PNG3120.png,Wrench,
data/thin/silhouette/wrench_PNG3122.png,Wrench,
data/thin/silhouette/wrench_PNG3124.png,Wrench,
data/thin/silhouette/wrench_PNG3125.png,Wrench,
data/thin/silhouette/wrench_PNG3127.png,Wrench,
data/thin/silhouette/wrench_PNG3128.png,Wrench,Wrench
