image_path,label,prediction
data/cub/silhouette/Black_Footed_Albatross_0001_796111.png,Black Footed Albatross,
data/cub/silhouette/Black_Footed_Albatross_0002_55.png,Black Footed Albatross,
data/cub/silhouette/Black_Footed_Albatross_0003_796136.png,Black Footed Albatross,
data/cub/silhouette/Black_Footed_Albatross_0005_796090.png,Black Footed Albatross,
data/cub/silhouette/Black_Footed_Albatross_0006_796065.png,Black Footed Albatross,The answer is Red faced Cormorant
data/cub/silhouette/Black_Footed_Albatross_0007_796138.png,Black Footed Albatross,
data/cub/silhouette/Black_Footed_Albatross_0008_796083.png,Black Footed Albatross,
data/cub/silhouette/Black_Footed_Albatross_0009_34.png,Black Footed Albatross,
data/cub/silhouette/Black_Footed_Albatross_0010_796097.png,Black Footed Albatross,
data/cub/silhouette/Black_Footed_Albatross_0014_89.png,Black Footed Albatross,
data/cub/silhouette/Black_Footed_Albatross_0016_796067.png,Black Footed Albatross,
data/cub/silhouette/Black_Footed_Albatross_0017_796098.png,Black Footed Albatross,
data/cub/silhouette/Black_Footed_Albatross_0019_796104.png,Black Footed Albatross,
data/cub/silhouette/Black_Footed_Albatross_0023_796059.png,Black Footed Albatross,The class is Sooty Albatross.
data/cub/silhouette/Black_Footed_Albatross_0024_796089.png,Black Footed Albatross,
data/cub/silhouette/Black_Footed_Albatross_0025_796057.png,Black Footed Albatross,
data/cub/silhouette/Black_Footed_Albatross_0026_796095.png,Black Footed Albatross,
data/cub/silhouette/Black_Footed_Albatross_0031_100.png,Black Footed Albatross,
data/cub/silhouette/Black_Footed_Albatross_0032_796115.png,Black Footed Albatross,
data/cub/silhouette/Black_Footed_Albatross_0033_796086.png,Black Footed Albatross,
data/cub/silhouette/Black_Footed_Albatross_0035_796140.png,Black Footed Albatross,
data/cub/silhouette/Black_Footed_Albatross_0036_796127.png,Black Footed Albatross,
data/cub/silhouette/Black_Footed_Albatross_0037_796120.png,Black Footed Albatross,
data/cub/silhouette/Black_Footed_Albatross_0038_212.png,Black Footed Albatross,
data/cub/silhouette/Black_Footed_Albatross_0039_796132.png,Black Footed Albatross,The answer is Red faced Cormorant
data/cub/silhouette/Black_Footed_Albatross_0040_796066.png,Black Footed Albatross,
data/cub/silhouette/Black_Footed_Albatross_0041_796108.png,Black Footed Albatross,The answer is Red faced Cormorant
data/cub/silhouette/Black_Footed_Albatross_0042_796071.png,Black Footed Albatross,
data/cub/silhouette/Black_Footed_Albatross_0045_796129.png,Black Footed Albatross,
data/cub/silhouette/Black_Footed_Albatross_0046_18.png,Black Footed Albatross,
data/cub/silhouette/Black_Footed_Albatross_0047_796064.png,Black Footed Albatross,
data/cub/silhouette/Black_Footed_Albatross_0049_796063.png,Black Footed Albatross,
data/cub/silhouette/Black_Footed_Albatross_0050_796125.png,Black Footed Albatross,
data/cub/silhouette/Black_Footed_Albatross_0051_796103.png,Black Footed Albatross,
data/cub/silhouette/Black_Footed_Albatross_0053_796109.png,Black Footed Albatross,The answer is Red faced Cormorant
data/cub/silhouette/Black_Footed_Albatross_0056_796078.png,Black Footed Albatross,
data/cub/silhouette/Black_Footed_Albatross_0057_796106.png,Black Footed Albatross,
data/cub/silhouette/Black_Footed_Albatross_0058_796074.png,Black Footed Albatross,
data/cub/silhouette/Black_Footed_Albatross_0060_796076.png,Black Footed Albatross,
data/cub/silhouette/Black_Footed_Albatross_0061_796082.png,Black Footed Albatross,
data/cub/silhouette/Black_Footed_Albatross_0063_796141.png,Black Footed Albatross,
data/cub/silhouette/Black_Footed_Albatross_0064_796101.png,Black Footed Albatross,
data/cub/silhouette/Black_Footed_Albatross_0065_796068.png,Black Footed Albatross,The answer is Red faced Cormorant
data/cub/silhouette/Black_Footed_Albatross_0067_170.png,Black Footed Albatross,
data/cub/silhouette/Black_Footed_Albatross_0068_796135.png,Black Footed Albatross,
data/cub/silhouette/Black_Footed_Albatross_0069_796139.png,Black Footed Albatross,The answer is Red faced Cormorant
data/cub/silhouette/Black_Footed_Albatross_0071_796113.png,Black Footed Albatross,
data/cub/silhouette/Black_Footed_Albatross_0074_59.png,Black Footed Albatross,
data/cub/silhouette/Black_Footed_Albatross_0076_417.png,Black Footed Albatross,
data/cub/silhouette/Black_Footed_Albatross_0077_796114.png,Black Footed Albatross,
data/cub/silhouette/Black_Footed_Albatross_0078_796126.png,Black Footed Albatross,
data/cub/silhouette/Black_Footed_Albatross_0079_796122.png,Black Footed Albatross,
data/cub/silhouette/Black_Footed_Albatross_0080_796096.png,Black Footed Albatross,
data/cub/silhouette/Black_Footed_Albatross_0081_426.png,Black Footed Albatross,
data/cub/silhouette/Black_Footed_Albatross_0082_796121.png,Black Footed Albatross,
data/cub/silhouette/Black_Footed_Albatross_0085_92.png,Black Footed Albatross,
data/cub/silhouette/Black_Footed_Albatross_0086_796062.png,Black Footed Albatross,
data/cub/silhouette/Black_Footed_Albatross_0088_796133.png,Black Footed Albatross,
data/cub/silhouette/Black_Footed_Albatross_0089_796069.png,Black Footed Albatross,
data/cub/silhouette/Black_Footed_Albatross_0090_796077.png,Black Footed Albatross,
data/cub/silhouette/Laysan_Albatross_0001_545.png,Laysan Albatross,
data/cub/silhouette/Laysan_Albatross_0002_1027.png,Laysan Albatross,
data/cub/silhouette/Laysan_Albatross_0003_1033.png,Laysan Albatross,
data/cub/silhouette/Laysan_Albatross_0004_930.png,Laysan Albatross,
data/cub/silhouette/Laysan_Albatross_0005_565.png,Laysan Albatross,
data/cub/silhouette/Laysan_Albatross_0006_702.png,Laysan Albatross,
data/cub/silhouette/Laysan_Albatross_0012_696.png,Laysan Albatross,
data/cub/silhouette/Laysan_Albatross_0013_910.png,Laysan Albatross,
data/cub/silhouette/Laysan_Albatross_0017_614.png,Laysan Albatross,
data/cub/silhouette/Laysan_Albatross_0018_492.png,Laysan Albatross,
data/cub/silhouette/Laysan_Albatross_0021_737.png,Laysan Albatross,
data/cub/silhouette/Laysan_Albatross_0023_1059.png,Laysan Albatross,
data/cub/silhouette/Laysan_Albatross_0025_571.png,Laysan Albatross,The answer is Red faced Cormorant
data/cub/silhouette/Laysan_Albatross_0028_643.png,Laysan Albatross,
data/cub/silhouette/Laysan_Albatross_0029_482.png,Laysan Albatross,
data/cub/silhouette/Laysan_Albatross_0033_658.png,Laysan Albatross,
data/cub/silhouette/Laysan_Albatross_0034_628.png,Laysan Albatross,
data/cub/silhouette/Laysan_Albatross_0035_876.png,Laysan Albatross,
data/cub/silhouette/Laysan_Albatross_0037_699.png,Laysan Albatross,
data/cub/silhouette/Laysan_Albatross_0039_924.png,Laysan Albatross,
data/cub/silhouette/Laysan_Albatross_0040_472.png,Laysan Albatross,
data/cub/silhouette/Laysan_Albatross_0042_801.png,Laysan Albatross,
data/cub/silhouette/Laysan_Albatross_0044_784.png,Laysan Albatross,
data/cub/silhouette/Laysan_Albatross_0047_619.png,Laysan Albatross,
data/cub/silhouette/Laysan_Albatross_0049_918.png,Laysan Albatross,
data/cub/silhouette/Laysan_Albatross_0050_870.png,Laysan Albatross,
data/cub/silhouette/Laysan_Albatross_0051_1020.png,Laysan Albatross,
data/cub/silhouette/Laysan_Albatross_0053_543.png,Laysan Albatross,
data/cub/silhouette/Laysan_Albatross_0055_570.png,Laysan Albatross,
data/cub/silhouette/Laysan_Albatross_0056_500.png,Laysan Albatross,
data/cub/silhouette/Laysan_Albatross_0058_637.png,Laysan Albatross,
data/cub/silhouette/Laysan_Albatross_0059_488.png,Laysan Albatross,
data/cub/silhouette/Laysan_Albatross_0060_777.png,Laysan Albatross,
data/cub/silhouette/Laysan_Albatross_0061_563.png,Laysan Albatross,
data/cub/silhouette/Laysan_Albatross_0064_674.png,Laysan Albatross,
data/cub/silhouette/Laysan_Albatross_0065_809.png,Laysan Albatross,
data/cub/silhouette/Laysan_Albatross_0068_726.png,Laysan Albatross,
data/cub/silhouette/Laysan_Albatross_0070_788.png,Laysan Albatross,
data/cub/silhouette/Laysan_Albatross_0071_792.png,Laysan Albatross,
data/cub/silhouette/Laysan_Albatross_0073_927.png,Laysan Albatross,
data/cub/silhouette/Laysan_Albatross_0075_668.png,Laysan Albatross,
data/cub/silhouette/Laysan_Albatross_0076_671.png,Laysan Albatross,
data/cub/silhouette/Laysan_Albatross_0079_506.png,Laysan Albatross,
data/cub/silhouette/Laysan_Albatross_0080_821.png,Laysan Albatross,
data/cub/silhouette/Laysan_Albatross_0081_800.png,Laysan Albatross,
data/cub/silhouette/Laysan_Albatross_0082_524.png,Laysan Albatross,
data/cub/silhouette/Laysan_Albatross_0083_756.png,Laysan Albatross,
data/cub/silhouette/Laysan_Albatross_0085_564.png,Laysan Albatross,
data/cub/silhouette/Laysan_Albatross_0088_883.png,Laysan Albatross,
data/cub/silhouette/Laysan_Albatross_0091_602.png,Laysan Albatross,
data/cub/silhouette/Laysan_Albatross_0092_834.png,Laysan Albatross,
data/cub/silhouette/Laysan_Albatross_0093_725.png,Laysan Albatross,
data/cub/silhouette/Laysan_Albatross_0094_1013.png,Laysan Albatross,
data/cub/silhouette/Laysan_Albatross_0096_673.png,Laysan Albatross,
data/cub/silhouette/Laysan_Albatross_0098_621.png,Laysan Albatross,
data/cub/silhouette/Laysan_Albatross_0099_869.png,Laysan Albatross,The answer is Red faced Cormorant
data/cub/silhouette/Laysan_Albatross_0100_735.png,Laysan Albatross,
data/cub/silhouette/Laysan_Albatross_0102_611.png,Laysan Albatross,The answer is Red throated Grosbeak
data/cub/silhouette/Laysan_Albatross_0103_504.png,Laysan Albatross,
data/cub/silhouette/Laysan_Albatross_0104_630.png,Laysan Albatross,
data/cub/silhouette/Sooty_Albatross_0001_1071.png,Sooty Albatross,
data/cub/silhouette/Sooty_Albatross_0002_796395.png,Sooty Albatross,
data/cub/silhouette/Sooty_Albatross_0003_1078.png,Sooty Albatross,
data/cub/silhouette/Sooty_Albatross_0004_796366.png,Sooty Albatross,
data/cub/silhouette/Sooty_Albatross_0005_796342.png,Sooty Albatross,
data/cub/silhouette/Sooty_Albatross_0006_796390.png,Sooty Albatross,
data/cub/silhouette/Sooty_Albatross_0007_796372.png,Sooty Albatross,
data/cub/silhouette/Sooty_Albatross_0010_796355.png,Sooty Albatross,
data/cub/silhouette/Sooty_Albatross_0013_796402.png,Sooty Albatross,
data/cub/silhouette/Sooty_Albatross_0014_796373.png,Sooty Albatross,
data/cub/silhouette/Sooty_Albatross_0016_1075.png,Sooty Albatross,
data/cub/silhouette/Sooty_Albatross_0017_796349.png,Sooty Albatross,
data/cub/silhouette/Sooty_Albatross_0019_796391.png,Sooty Albatross,
data/cub/silhouette/Sooty_Albatross_0020_796359.png,Sooty Albatross,
data/cub/silhouette/Sooty_Albatross_0021_796339.png,Sooty Albatross,
data/cub/silhouette/Sooty_Albatross_0022_796398.png,Sooty Albatross,
data/cub/silhouette/Sooty_Albatross_0023_796401.png,Sooty Albatross,
data/cub/silhouette/Sooty_Albatross_0024_1161.png,Sooty Albatross,
data/cub/silhouette/Sooty_Albatross_0025_796361.png,Sooty Albatross,
data/cub/silhouette/Sooty_Albatross_0029_796357.png,Sooty Albatross,
data/cub/silhouette/Sooty_Albatross_0030_1122.png,Sooty Albatross,
data/cub/silhouette/Sooty_Albatross_0031_1066.png,Sooty Albatross,
data/cub/silhouette/Sooty_Albatross_0032_1149.png,Sooty Albatross,
data/cub/silhouette/Sooty_Albatross_0033_1128.png,Sooty Albatross,
data/cub/silhouette/Sooty_Albatross_0034_1154.png,Sooty Albatross,
data/cub/silhouette/Sooty_Albatross_0036_796387.png,Sooty Albatross,
data/cub/silhouette/Sooty_Albatross_0038_1065.png,Sooty Albatross,
data/cub/silhouette/Sooty_Albatross_0040_796375.png,Sooty Albatross,
data/cub/silhouette/Sooty_Albatross_0041_796364.png,Sooty Albatross,
data/cub/silhouette/Sooty_Albatross_0042_1210.png,Sooty Albatross,
data/cub/silhouette/Sooty_Albatross_0043_1076.png,Sooty Albatross,
data/cub/silhouette/Sooty_Albatross_0044_1105.png,Sooty Albatross,
data/cub/silhouette/Sooty_Albatross_0045_1162.png,Sooty Albatross,The class is Cuckoo.
data/cub/silhouette/Sooty_Albatross_0046_1211.png,Sooty Albatross,
data/cub/silhouette/Sooty_Albatross_0048_1130.png,Sooty Albatross,
data/cub/silhouette/Sooty_Albatross_0049_796350.png,Sooty Albatross,
data/cub/silhouette/Sooty_Albatross_0050_796351.png,Sooty Albatross,
data/cub/silhouette/Sooty_Albatross_0051_796374.png,Sooty Albatross,
data/cub/silhouette/Sooty_Albatross_0054_796347.png,Sooty Albatross,
data/cub/silhouette/Sooty_Albatross_0055_1160.png,Sooty Albatross,
data/cub/silhouette/Sooty_Albatross_0057_796354.png,Sooty Albatross,
data/cub/silhouette/Sooty_Albatross_0058_796360.png,Sooty Albatross,
data/cub/silhouette/Sooty_Albatross_0063_1101.png,Sooty Albatross,
data/cub/silhouette/Sooty_Albatross_0064_796343.png,Sooty Albatross,
data/cub/silhouette/Sooty_Albatross_0065_796367.png,Sooty Albatross,The answer is Red faced Cormorant
data/cub/silhouette/Sooty_Albatross_0066_796382.png,Sooty Albatross,
data/cub/silhouette/Sooty_Albatross_0067_796376.png,Sooty Albatross,
data/cub/silhouette/Sooty_Albatross_0068_796353.png,Sooty Albatross,
data/cub/silhouette/Sooty_Albatross_0069_796358.png,Sooty Albatross,
data/cub/silhouette/Sooty_Albatross_0070_796346.png,Sooty Albatross,
data/cub/silhouette/Sooty_Albatross_0071_1116.png,Sooty Albatross,
data/cub/silhouette/Sooty_Albatross_0072_796371.png,Sooty Albatross,
data/cub/silhouette/Sooty_Albatross_0073_1171.png,Sooty Albatross,
data/cub/silhouette/Sooty_Albatross_0074_1221.png,Sooty Albatross,
data/cub/silhouette/Sooty_Albatross_0075_796352.png,Sooty Albatross,
data/cub/silhouette/Sooty_Albatross_0076_796365.png,Sooty Albatross,
data/cub/silhouette/Sooty_Albatross_0077_1080.png,Sooty Albatross,
data/cub/silhouette/Sooty_Albatross_0079_796389.png,Sooty Albatross,
data/cub/silhouette/Groove_Billed_Ani_0002_1670.png,Groove Billed Ani,
data/cub/silhouette/Groove_Billed_Ani_0004_1528.png,Groove Billed Ani,
data/cub/silhouette/Groove_Billed_Ani_0005_1750.png,Groove Billed Ani,
data/cub/silhouette/Groove_Billed_Ani_0006_1763.png,Groove Billed Ani,
data/cub/silhouette/Groove_Billed_Ani_0007_1615.png,Groove Billed Ani,
data/cub/silhouette/Groove_Billed_Ani_0009_1522.png,Groove Billed Ani,
data/cub/silhouette/Groove_Billed_Ani_0010_1704.png,Groove Billed Ani,
data/cub/silhouette/Groove_Billed_Ani_0012_1784.png,Groove Billed Ani,
data/cub/silhouette/Groove_Billed_Ani_0014_1755.png,Groove Billed Ani,
data/cub/silhouette/Groove_Billed_Ani_0015_1653.png,Groove Billed Ani,
data/cub/silhouette/Groove_Billed_Ani_0017_1561.png,Groove Billed Ani,
data/cub/silhouette/Groove_Billed_Ani_0018_1613.png,Groove Billed Ani,
data/cub/silhouette/Groove_Billed_Ani_0019_1585.png,Groove Billed Ani,
data/cub/silhouette/Groove_Billed_Ani_0023_1485.png,Groove Billed Ani,
data/cub/silhouette/Groove_Billed_Ani_0027_1754.png,Groove Billed Ani,
data/cub/silhouette/Groove_Billed_Ani_0029_1620.png,Groove Billed Ani,
data/cub/silhouette/Groove_Billed_Ani_0031_1588.png,Groove Billed Ani,
data/cub/silhouette/Groove_Billed_Ani_0032_1776.png,Groove Billed Ani,
data/cub/silhouette/Groove_Billed_Ani_0033_1494.png,Groove Billed Ani,
data/cub/silhouette/Groove_Billed_Ani_0035_1591.png,Groove Billed Ani,
data/cub/silhouette/Groove_Billed_Ani_0036_1604.png,Groove Billed Ani,
data/cub/silhouette/Groove_Billed_Ani_0037_1560.png,Groove Billed Ani,
data/cub/silhouette/Groove_Billed_Ani_0040_1715.png,Groove Billed Ani,
data/cub/silhouette/Groove_Billed_Ani_0044_1731.png,Groove Billed Ani,
data/cub/silhouette/Groove_Billed_Ani_0046_1663.png,Groove Billed Ani,
data/cub/silhouette/Groove_Billed_Ani_0047_1706.png,Groove Billed Ani,
data/cub/silhouette/Groove_Billed_Ani_0051_1650.png,Groove Billed Ani,
data/cub/silhouette/Groove_Billed_Ani_0053_1672.png,Groove Billed Ani,
data/cub/silhouette/Groove_Billed_Ani_0055_1501.png,Groove Billed Ani,
data/cub/silhouette/Groove_Billed_Ani_0056_1493.png,Groove Billed Ani,
data/cub/silhouette/Groove_Billed_Ani_0058_1751.png,Groove Billed Ani,
data/cub/silhouette/Groove_Billed_Ani_0059_1480.png,Groove Billed Ani,
data/cub/silhouette/Groove_Billed_Ani_0060_1505.png,Groove Billed Ani,
data/cub/silhouette/Groove_Billed_Ani_0061_1510.png,Groove Billed Ani,
data/cub/silhouette/Groove_Billed_Ani_0062_1767.png,Groove Billed Ani,
data/cub/silhouette/Groove_Billed_Ani_0065_1502.png,Groove Billed Ani,
data/cub/silhouette/Groove_Billed_Ani_0068_1538.png,Groove Billed Ani,
data/cub/silhouette/Groove_Billed_Ani_0069_1546.png,Groove Billed Ani,The answer is Red faced Cormorant
data/cub/silhouette/Groove_Billed_Ani_0071_1559.png,Groove Billed Ani,
data/cub/silhouette/Groove_Billed_Ani_0072_1696.png,Groove Billed Ani,
data/cub/silhouette/Groove_Billed_Ani_0074_1730.png,Groove Billed Ani,
data/cub/silhouette/Groove_Billed_Ani_0075_1617.png,Groove Billed Ani,
data/cub/silhouette/Groove_Billed_Ani_0076_1661.png,Groove Billed Ani,
data/cub/silhouette/Groove_Billed_Ani_0077_1724.png,Groove Billed Ani,
data/cub/silhouette/Groove_Billed_Ani_0078_1780.png,Groove Billed Ani,
data/cub/silhouette/Groove_Billed_Ani_0080_1549.png,Groove Billed Ani,
data/cub/silhouette/Groove_Billed_Ani_0082_1697.png,Groove Billed Ani,
data/cub/silhouette/Groove_Billed_Ani_0085_1612.png,Groove Billed Ani,
data/cub/silhouette/Groove_Billed_Ani_0087_1765.png,Groove Billed Ani,
data/cub/silhouette/Groove_Billed_Ani_0088_1678.png,Groove Billed Ani,
data/cub/silhouette/Groove_Billed_Ani_0090_1567.png,Groove Billed Ani,
data/cub/silhouette/Groove_Billed_Ani_0091_1728.png,Groove Billed Ani,
data/cub/silhouette/Groove_Billed_Ani_0092_1516.png,Groove Billed Ani,
data/cub/silhouette/Groove_Billed_Ani_0094_1540.png,Groove Billed Ani,
data/cub/silhouette/Groove_Billed_Ani_0100_1646.png,Groove Billed Ani,
data/cub/silhouette/Groove_Billed_Ani_0101_1700.png,Groove Billed Ani,
data/cub/silhouette/Groove_Billed_Ani_0105_1562.png,Groove Billed Ani,
data/cub/silhouette/Groove_Billed_Ani_0107_1590.png,Groove Billed Ani,
data/cub/silhouette/Groove_Billed_Ani_0108_1639.png,Groove Billed Ani,
data/cub/silhouette/Groove_Billed_Ani_0109_1592.png,Groove Billed Ani,
data/cub/silhouette/Crested_Auklet_0001_794941.png,Crested Auklet,
data/cub/silhouette/Crested_Auklet_0003_794962.png,Crested Auklet,
data/cub/silhouette/Crested_Auklet_0005_794922.png,Crested Auklet,
data/cub/silhouette/Crested_Auklet_0006_1813.png,Crested Auklet,
data/cub/silhouette/Crested_Auklet_0010_794907.png,Crested Auklet,
data/cub/silhouette/Crested_Auklet_0011_794927.png,Crested Auklet,
data/cub/silhouette/Crested_Auklet_0012_794960.png,Crested Auklet,
data/cub/silhouette/Crested_Auklet_0013_794914.png,Crested Auklet,
data/cub/silhouette/Crested_Auklet_0018_1817.png,Crested Auklet,
data/cub/silhouette/Crested_Auklet_0019_794925.png,Crested Auklet,
data/cub/silhouette/Crested_Auklet_0021_794938.png,Crested Auklet,
data/cub/silhouette/Crested_Auklet_0028_794951.png,Crested Auklet,
data/cub/silhouette/Crested_Auklet_0029_1824.png,Crested Auklet,
data/cub/silhouette/Crested_Auklet_0030_794937.png,Crested Auklet,
data/cub/silhouette/Crested_Auklet_0032_794931.png,Crested Auklet,
data/cub/silhouette/Crested_Auklet_0033_794964.png,Crested Auklet,
data/cub/silhouette/Crested_Auklet_0036_794905.png,Crested Auklet,
data/cub/silhouette/Crested_Auklet_0039_794944.png,Crested Auklet,
data/cub/silhouette/Crested_Auklet_0040_794912.png,Crested Auklet,
data/cub/silhouette/Crested_Auklet_0041_794910.png,Crested Auklet,
data/cub/silhouette/Crested_Auklet_0042_794902.png,Crested Auklet,
data/cub/silhouette/Crested_Auklet_0044_1825.png,Crested Auklet,
data/cub/silhouette/Crested_Auklet_0045_794940.png,Crested Auklet,
data/cub/silhouette/Crested_Auklet_0047_794918.png,Crested Auklet,The answer is Red faced Cormorant
data/cub/silhouette/Crested_Auklet_0048_1791.png,Crested Auklet,
data/cub/silhouette/Crested_Auklet_0052_794952.png,Crested Auklet,
data/cub/silhouette/Crested_Auklet_0053_794966.png,Crested Auklet,The answer is Red faced Cormorant
data/cub/silhouette/Crested_Auklet_0057_794932.png,Crested Auklet,
data/cub/silhouette/Crested_Auklet_0059_794929.png,Crested Auklet,
data/cub/silhouette/Crested_Auklet_0061_794904.png,Crested Auklet,
data/cub/silhouette/Crested_Auklet_0062_794968.png,Crested Auklet,
data/cub/silhouette/Crested_Auklet_0063_794901.png,Crested Auklet,
data/cub/silhouette/Crested_Auklet_0066_785251.png,Crested Auklet,
data/cub/silhouette/Crested_Auklet_0067_785249.png,Crested Auklet,
data/cub/silhouette/Crested_Auklet_0068_785253.png,Crested Auklet,
data/cub/silhouette/Crested_Auklet_0069_785258.png,Crested Auklet,
data/cub/silhouette/Crested_Auklet_0070_785261.png,Crested Auklet,
data/cub/silhouette/Crested_Auklet_0071_785255.png,Crested Auklet,
data/cub/silhouette/Crested_Auklet_0072_785260.png,Crested Auklet,
data/cub/silhouette/Crested_Auklet_0073_785248.png,Crested Auklet,
data/cub/silhouette/Crested_Auklet_0074_794949.png,Crested Auklet,
data/cub/silhouette/Crested_Auklet_0075_785259.png,Crested Auklet,
data/cub/silhouette/Crested_Auklet_0076_785252.png,Crested Auklet,
data/cub/silhouette/Crested_Auklet_0077_785257.png,Crested Auklet,
data/cub/silhouette/Least_Auklet_0004_795112.png,Least Auklet,
data/cub/silhouette/Least_Auklet_0005_795119.png,Least Auklet,
data/cub/silhouette/Least_Auklet_0007_795123.png,Least Auklet,
data/cub/silhouette/Least_Auklet_0008_795071.png,Least Auklet,
data/cub/silhouette/Least_Auklet_0010_795092.png,Least Auklet,
data/cub/silhouette/Least_Auklet_0011_795109.png,Least Auklet,The answer is Red faced Cormorant
data/cub/silhouette/Least_Auklet_0012_795074.png,Least Auklet,
data/cub/silhouette/Least_Auklet_0014_1901.png,Least Auklet,
data/cub/silhouette/Least_Auklet_0015_795065.png,Least Auklet,
data/cub/silhouette/Least_Auklet_0016_1903.png,Least Auklet,
data/cub/silhouette/Least_Auklet_0017_795084.png,Least Auklet,
data/cub/silhouette/Least_Auklet_0018_795077.png,Least Auklet,
data/cub/silhouette/Least_Auklet_0020_795080.png,Least Auklet,The answer is Red faced Cormorant
data/cub/silhouette/Least_Auklet_0021_795127.png,Least Auklet,
data/cub/silhouette/Least_Auklet_0023_1898.png,Least Auklet,
data/cub/silhouette/Least_Auklet_0024_795120.png,Least Auklet,
data/cub/silhouette/Least_Auklet_0025_795087.png,Least Auklet,
data/cub/silhouette/Least_Auklet_0026_795066.png,Least Auklet,
data/cub/silhouette/Least_Auklet_0027_795091.png,Least Auklet,
data/cub/silhouette/Least_Auklet_0028_795094.png,Least Auklet,The object is a bird.
data/cub/silhouette/Least_Auklet_0029_795122.png,Least Auklet,
data/cub/silhouette/Least_Auklet_0030_795116.png,Least Auklet,
data/cub/silhouette/Least_Auklet_0032_795068.png,Least Auklet,
data/cub/silhouette/Least_Auklet_0034_795096.png,Least Auklet,
data/cub/silhouette/Least_Auklet_0035_1888.png,Least Auklet,
data/cub/silhouette/Least_Auklet_0038_795132.png,Least Auklet,
data/cub/silhouette/Least_Auklet_0039_795081.png,Least Auklet,
data/cub/silhouette/Least_Auklet_0040_795100.png,Least Auklet,
data/cub/silhouette/Least_Auklet_0041_795107.png,Least Auklet,
data/cub/silhouette/Least_Auklet_0042_1874.png,Least Auklet,
data/cub/silhouette/Least_Auklet_0043_795067.png,Least Auklet,
data/cub/silhouette/Least_Auklet_0045_795069.png,Least Auklet,
data/cub/silhouette/Least_Auklet_0046_795118.png,Least Auklet,The answer is Red faced Cormorant
data/cub/silhouette/Least_Auklet_0050_1924.png,Least Auklet,
data/cub/silhouette/Least_Auklet_0052_795088.png,Least Auklet,
data/cub/silhouette/Least_Auklet_0054_795130.png,Least Auklet,
data/cub/silhouette/Least_Auklet_0055_795106.png,Least Auklet,
data/cub/silhouette/Least_Auklet_0057_795126.png,Least Auklet,
data/cub/silhouette/Least_Auklet_0058_1931.png,Least Auklet,
data/cub/silhouette/Least_Auklet_0060_795095.png,Least Auklet,
data/cub/silhouette/Least_Auklet_0063_795134.png,Least Auklet,
data/cub/silhouette/Parakeet_Auklet_0001_795972.png,Parakeet Auklet,
data/cub/silhouette/Parakeet_Auklet_0003_795982.png,Parakeet Auklet,
data/cub/silhouette/Parakeet_Auklet_0004_795921.png,Parakeet Auklet,
data/cub/silhouette/Parakeet_Auklet_0007_795932.png,Parakeet Auklet,
data/cub/silhouette/Parakeet_Auklet_0008_795992.png,Parakeet Auklet,
data/cub/silhouette/Parakeet_Auklet_0010_795995.png,Parakeet Auklet,
data/cub/silhouette/Parakeet_Auklet_0012_795927.png,Parakeet Auklet,
data/cub/silhouette/Parakeet_Auklet_0013_795970.png,Parakeet Auklet,
data/cub/silhouette/Parakeet_Auklet_0015_795966.png,Parakeet Auklet,The answer is Red faced Cormorant
data/cub/silhouette/Parakeet_Auklet_0016_795977.png,Parakeet Auklet,
data/cub/silhouette/Parakeet_Auklet_0017_795924.png,Parakeet Auklet,
data/cub/silhouette/Parakeet_Auklet_0019_795987.png,Parakeet Auklet,
data/cub/silhouette/Parakeet_Auklet_0020_795947.png,Parakeet Auklet,
data/cub/silhouette/Parakeet_Auklet_0024_2045.png,Parakeet Auklet,
data/cub/silhouette/Parakeet_Auklet_0025_795975.png,Parakeet Auklet,
data/cub/silhouette/Parakeet_Auklet_0026_795962.png,Parakeet Auklet,
data/cub/silhouette/Parakeet_Auklet_0027_795925.png,Parakeet Auklet,
data/cub/silhouette/Parakeet_Auklet_0028_795944.png,Parakeet Auklet,
data/cub/silhouette/Parakeet_Auklet_0030_795930.png,Parakeet Auklet,
data/cub/silhouette/Parakeet_Auklet_0031_795960.png,Parakeet Auklet,
data/cub/silhouette/Parakeet_Auklet_0032_795986.png,Parakeet Auklet,
data/cub/silhouette/Parakeet_Auklet_0034_795994.png,Parakeet Auklet,
data/cub/silhouette/Parakeet_Auklet_0035_795934.png,Parakeet Auklet,
data/cub/silhouette/Parakeet_Auklet_0036_795943.png,Parakeet Auklet,
data/cub/silhouette/Parakeet_Auklet_0038_795935.png,Parakeet Auklet,
data/cub/silhouette/Parakeet_Auklet_0039_795955.png,Parakeet Auklet,
data/cub/silhouette/Parakeet_Auklet_0040_795974.png,Parakeet Auklet,The answer is Red faced Cormorant
data/cub/silhouette/Parakeet_Auklet_0041_795933.png,Parakeet Auklet,
data/cub/silhouette/Parakeet_Auklet_0042_795961.png,Parakeet Auklet,
data/cub/silhouette/Parakeet_Auklet_0043_795948.png,Parakeet Auklet,
data/cub/silhouette/Parakeet_Auklet_0045_795953.png,Parakeet Auklet,
data/cub/silhouette/Parakeet_Auklet_0047_795956.png,Parakeet Auklet,
data/cub/silhouette/Parakeet_Auklet_0048_795980.png,Parakeet Auklet,
data/cub/silhouette/Parakeet_Auklet_0050_795957.png,Parakeet Auklet,
data/cub/silhouette/Parakeet_Auklet_0051_795971.png,Parakeet Auklet,
data/cub/silhouette/Parakeet_Auklet_0055_795963.png,Parakeet Auklet,
data/cub/silhouette/Parakeet_Auklet_0056_795926.png,Parakeet Auklet,
data/cub/silhouette/Parakeet_Auklet_0058_795942.png,Parakeet Auklet,
data/cub/silhouette/Parakeet_Auklet_0059_795973.png,Parakeet Auklet,
data/cub/silhouette/Parakeet_Auklet_0061_795990.png,Parakeet Auklet,
data/cub/silhouette/Parakeet_Auklet_0062_795958.png,Parakeet Auklet,
data/cub/silhouette/Parakeet_Auklet_0064_795954.png,Parakeet Auklet,
data/cub/silhouette/Parakeet_Auklet_0065_795969.png,Parakeet Auklet,
data/cub/silhouette/Parakeet_Auklet_0067_795964.png,Parakeet Auklet,
data/cub/silhouette/Parakeet_Auklet_0069_795936.png,Parakeet Auklet,
data/cub/silhouette/Parakeet_Auklet_0070_795998.png,Parakeet Auklet,
data/cub/silhouette/Parakeet_Auklet_0072_795929.png,Parakeet Auklet,
data/cub/silhouette/Parakeet_Auklet_0073_795939.png,Parakeet Auklet,
data/cub/silhouette/Parakeet_Auklet_0074_795976.png,Parakeet Auklet,
data/cub/silhouette/Parakeet_Auklet_0075_795981.png,Parakeet Auklet,The answer is Red faced Cormorant
data/cub/silhouette/Parakeet_Auklet_0076_796001.png,Parakeet Auklet,
data/cub/silhouette/Parakeet_Auklet_0078_2004.png,Parakeet Auklet,
data/cub/silhouette/Parakeet_Auklet_0080_795965.png,Parakeet Auklet,
data/cub/silhouette/Rhinoceros_Auklet_0001_797538.png,Rhinoceros Auklet,
data/cub/silhouette/Rhinoceros_Auklet_0003_797535.png,Rhinoceros Auklet,
data/cub/silhouette/Rhinoceros_Auklet_0004_797541.png,Rhinoceros Auklet,
data/cub/silhouette/Rhinoceros_Auklet_0005_2111.png,Rhinoceros Auklet,The answer is Red faced Cormorant
data/cub/silhouette/Rhinoceros_Auklet_0006_797512.png,Rhinoceros Auklet,
data/cub/silhouette/Rhinoceros_Auklet_0007_797521.png,Rhinoceros Auklet,
data/cub/silhouette/Rhinoceros_Auklet_0008_797531.png,Rhinoceros Auklet,The answer is Red faced Cormorant
data/cub/silhouette/Rhinoceros_Auklet_0009_797539.png,Rhinoceros Auklet,
data/cub/silhouette/Rhinoceros_Auklet_0010_797545.png,Rhinoceros Auklet,
data/cub/silhouette/Rhinoceros_Auklet_0011_797530.png,Rhinoceros Auklet,
data/cub/silhouette/Rhinoceros_Auklet_0012_2161.png,Rhinoceros Auklet,
data/cub/silhouette/Rhinoceros_Auklet_0013_797537.png,Rhinoceros Auklet,
data/cub/silhouette/Rhinoceros_Auklet_0014_797522.png,Rhinoceros Auklet,
data/cub/silhouette/Rhinoceros_Auklet_0015_2160.png,Rhinoceros Auklet,
data/cub/silhouette/Rhinoceros_Auklet_0016_2114.png,Rhinoceros Auklet,
data/cub/silhouette/Rhinoceros_Auklet_0017_2155.png,Rhinoceros Auklet,
data/cub/silhouette/Rhinoceros_Auklet_0018_797517.png,Rhinoceros Auklet,
data/cub/silhouette/Rhinoceros_Auklet_0019_797513.png,Rhinoceros Auklet,
data/cub/silhouette/Rhinoceros_Auklet_0020_2195.png,Rhinoceros Auklet,The answer is Red faced Cormorant
data/cub/silhouette/Rhinoceros_Auklet_0021_2089.png,Rhinoceros Auklet,
data/cub/silhouette/Rhinoceros_Auklet_0022_2170.png,Rhinoceros Auklet,
data/cub/silhouette/Rhinoceros_Auklet_0023_797501.png,Rhinoceros Auklet,
data/cub/silhouette/Rhinoceros_Auklet_0024_797529.png,Rhinoceros Auklet,
data/cub/silhouette/Rhinoceros_Auklet_0025_797508.png,Rhinoceros Auklet,
data/cub/silhouette/Rhinoceros_Auklet_0026_797519.png,Rhinoceros Auklet,
data/cub/silhouette/Rhinoceros_Auklet_0027_797496.png,Rhinoceros Auklet,
data/cub/silhouette/Rhinoceros_Auklet_0028_2056.png,Rhinoceros Auklet,
data/cub/silhouette/Rhinoceros_Auklet_0029_797520.png,Rhinoceros Auklet,
data/cub/silhouette/Rhinoceros_Auklet_0030_797509.png,Rhinoceros Auklet,
data/cub/silhouette/Rhinoceros_Auklet_0031_797518.png,Rhinoceros Auklet,
data/cub/silhouette/Rhinoceros_Auklet_0032_797516.png,Rhinoceros Auklet,
data/cub/silhouette/Rhinoceros_Auklet_0033_2169.png,Rhinoceros Auklet,
data/cub/silhouette/Rhinoceros_Auklet_0034_797497.png,Rhinoceros Auklet,
data/cub/silhouette/Rhinoceros_Auklet_0035_2166.png,Rhinoceros Auklet,
data/cub/silhouette/Rhinoceros_Auklet_0037_797499.png,Rhinoceros Auklet,
data/cub/silhouette/Rhinoceros_Auklet_0038_797544.png,Rhinoceros Auklet,The answer is Red faced Cormorant
data/cub/silhouette/Rhinoceros_Auklet_0039_2174.png,Rhinoceros Auklet,
data/cub/silhouette/Rhinoceros_Auklet_0040_797503.png,Rhinoceros Auklet,
data/cub/silhouette/Rhinoceros_Auklet_0041_797515.png,Rhinoceros Auklet,
data/cub/silhouette/Rhinoceros_Auklet_0042_2101.png,Rhinoceros Auklet,
data/cub/silhouette/Rhinoceros_Auklet_0043_2096.png,Rhinoceros Auklet,
data/cub/silhouette/Rhinoceros_Auklet_0044_797502.png,Rhinoceros Auklet,
data/cub/silhouette/Rhinoceros_Auklet_0045_797536.png,Rhinoceros Auklet,
data/cub/silhouette/Rhinoceros_Auklet_0046_797532.png,Rhinoceros Auklet,
data/cub/silhouette/Rhinoceros_Auklet_0048_2162.png,Rhinoceros Auklet,
data/cub/silhouette/Rhinoceros_Auklet_0049_797543.png,Rhinoceros Auklet,
data/cub/silhouette/Rhinoceros_Auklet_0050_797534.png,Rhinoceros Auklet,The answer is Red faced Cormorant
data/cub/silhouette/Rhinoceros_Auklet_0051_797510.png,Rhinoceros Auklet,
data/cub/silhouette/Brewer_Blackbird_0002_2278.png,Brewer Blackbird,
data/cub/silhouette/Brewer_Blackbird_0004_2345.png,Brewer Blackbird,The answer is Red faced Cormorant
data/cub/silhouette/Brewer_Blackbird_0009_2616.png,Brewer Blackbird,
data/cub/silhouette/Brewer_Blackbird_0010_2269.png,Brewer Blackbird,
data/cub/silhouette/Brewer_Blackbird_0012_2691.png,Brewer Blackbird,
data/cub/silhouette/Brewer_Blackbird_0014_2679.png,Brewer Blackbird,
data/cub/silhouette/Brewer_Blackbird_0015_2286.png,Brewer Blackbird,
data/cub/silhouette/Brewer_Blackbird_0016_2225.png,Brewer Blackbird,
data/cub/silhouette/Brewer_Blackbird_0017_2668.png,Brewer Blackbird,
data/cub/silhouette/Brewer_Blackbird_0018_2261.png,Brewer Blackbird,
data/cub/silhouette/Brewer_Blackbird_0025_2231.png,Brewer Blackbird,
data/cub/silhouette/Brewer_Blackbird_0026_2625.png,Brewer Blackbird,
data/cub/silhouette/Brewer_Blackbird_0027_2329.png,Brewer Blackbird,
data/cub/silhouette/Brewer_Blackbird_0028_2682.png,Brewer Blackbird,
data/cub/silhouette/Brewer_Blackbird_0030_2268.png,Brewer Blackbird,
data/cub/silhouette/Brewer_Blackbird_0032_2214.png,Brewer Blackbird,
data/cub/silhouette/Brewer_Blackbird_0035_2611.png,Brewer Blackbird,
data/cub/silhouette/Brewer_Blackbird_0038_2294.png,Brewer Blackbird,
data/cub/silhouette/Brewer_Blackbird_0041_2653.png,Brewer Blackbird,
data/cub/silhouette/Brewer_Blackbird_0042_2302.png,Brewer Blackbird,
data/cub/silhouette/Brewer_Blackbird_0045_2303.png,Brewer Blackbird,The correct answer is Black throated Vireo
data/cub/silhouette/Brewer_Blackbird_0046_2688.png,Brewer Blackbird,The answer is Red faced Cormorant
data/cub/silhouette/Brewer_Blackbird_0049_2258.png,Brewer Blackbird,
data/cub/silhouette/Brewer_Blackbird_0054_2631.png,Brewer Blackbird,
data/cub/silhouette/Brewer_Blackbird_0061_2270.png,Brewer Blackbird,
data/cub/silhouette/Brewer_Blackbird_0064_2290.png,Brewer Blackbird,
data/cub/silhouette/Brewer_Blackbird_0065_2310.png,Brewer Blackbird,
data/cub/silhouette/Brewer_Blackbird_0066_2693.png,Brewer Blackbird,
data/cub/silhouette/Brewer_Blackbird_0070_2325.png,Brewer Blackbird,
data/cub/silhouette/Brewer_Blackbird_0074_2277.png,Brewer Blackbird,
data/cub/silhouette/Brewer_Blackbird_0078_2659.png,Brewer Blackbird,
data/cub/silhouette/Brewer_Blackbird_0079_2343.png,Brewer Blackbird,The answer is Red faced Cormorant
data/cub/silhouette/Brewer_Blackbird_0080_2234.png,Brewer Blackbird,
data/cub/silhouette/Brewer_Blackbird_0082_2593.png,Brewer Blackbird,
data/cub/silhouette/Brewer_Blackbird_0087_2622.png,Brewer Blackbird,
data/cub/silhouette/Brewer_Blackbird_0090_2658.png,Brewer Blackbird,
data/cub/silhouette/Brewer_Blackbird_0095_2610.png,Brewer Blackbird,
data/cub/silhouette/Brewer_Blackbird_0096_2634.png,Brewer Blackbird,
data/cub/silhouette/Brewer_Blackbird_0097_2322.png,Brewer Blackbird,
data/cub/silhouette/Brewer_Blackbird_0099_2560.png,Brewer Blackbird,
data/cub/silhouette/Brewer_Blackbird_0101_2630.png,Brewer Blackbird,
data/cub/silhouette/Brewer_Blackbird_0102_2620.png,Brewer Blackbird,
data/cub/silhouette/Brewer_Blackbird_0103_2273.png,Brewer Blackbird,
data/cub/silhouette/Brewer_Blackbird_0104_2230.png,Brewer Blackbird,
data/cub/silhouette/Brewer_Blackbird_0106_2608.png,Brewer Blackbird,
data/cub/silhouette/Brewer_Blackbird_0109_2232.png,Brewer Blackbird,
data/cub/silhouette/Brewer_Blackbird_0111_2613.png,Brewer Blackbird,
data/cub/silhouette/Brewer_Blackbird_0112_2340.png,Brewer Blackbird,
data/cub/silhouette/Brewer_Blackbird_0115_2279.png,Brewer Blackbird,
data/cub/silhouette/Brewer_Blackbird_0116_2327.png,Brewer Blackbird,
data/cub/silhouette/Brewer_Blackbird_0127_2235.png,Brewer Blackbird,
data/cub/silhouette/Brewer_Blackbird_0131_2289.png,Brewer Blackbird,
data/cub/silhouette/Brewer_Blackbird_0132_2293.png,Brewer Blackbird,
data/cub/silhouette/Brewer_Blackbird_0133_2324.png,Brewer Blackbird,
data/cub/silhouette/Brewer_Blackbird_0135_2607.png,Brewer Blackbird,
data/cub/silhouette/Brewer_Blackbird_0137_2680.png,Brewer Blackbird,The answer is Red faced Cormorant
data/cub/silhouette/Brewer_Blackbird_0139_2567.png,Brewer Blackbird,
data/cub/silhouette/Brewer_Blackbird_0140_2586.png,Brewer Blackbird,
data/cub/silhouette/Brewer_Blackbird_0142_2636.png,Brewer Blackbird,
data/cub/silhouette/Red_Winged_Blackbird_0001_3695.png,Red Winged Blackbird,
data/cub/silhouette/Red_Winged_Blackbird_0005_5636.png,Red Winged Blackbird,
data/cub/silhouette/Red_Winged_Blackbird_0006_6005.png,Red Winged Blackbird,
data/cub/silhouette/Red_Winged_Blackbird_0007_3706.png,Red Winged Blackbird,The answer is Red faced Cormorant
data/cub/silhouette/Red_Winged_Blackbird_0009_5841.png,Red Winged Blackbird,
data/cub/silhouette/Red_Winged_Blackbird_0010_6386.png,Red Winged Blackbird,
data/cub/silhouette/Red_Winged_Blackbird_0011_5845.png,Red Winged Blackbird,
data/cub/silhouette/Red_Winged_Blackbird_0012_6015.png,Red Winged Blackbird,
data/cub/silhouette/Red_Winged_Blackbird_0013_5762.png,Red Winged Blackbird,
data/cub/silhouette/Red_Winged_Blackbird_0014_3761.png,Red Winged Blackbird,
data/cub/silhouette/Red_Winged_Blackbird_0017_4116.png,Red Winged Blackbird,
data/cub/silhouette/Red_Winged_Blackbird_0020_4050.png,Red Winged Blackbird,
data/cub/silhouette/Red_Winged_Blackbird_0021_3767.png,Red Winged Blackbird,
data/cub/silhouette/Red_Winged_Blackbird_0022_4483.png,Red Winged Blackbird,
data/cub/silhouette/Red_Winged_Blackbird_0023_5257.png,Red Winged Blackbird,
data/cub/silhouette/Red_Winged_Blackbird_0024_4180.png,Red Winged Blackbird,
data/cub/silhouette/Red_Winged_Blackbird_0025_5342.png,Red Winged Blackbird,
data/cub/silhouette/Red_Winged_Blackbird_0027_4123.png,Red Winged Blackbird,
data/cub/silhouette/Red_Winged_Blackbird_0028_4709.png,Red Winged Blackbird,
data/cub/silhouette/Red_Winged_Blackbird_0029_4804.png,Red Winged Blackbird,
data/cub/silhouette/Red_Winged_Blackbird_0032_4004.png,Red Winged Blackbird,
data/cub/silhouette/Red_Winged_Blackbird_0039_4285.png,Red Winged Blackbird,
data/cub/silhouette/Red_Winged_Blackbird_0040_4522.png,Red Winged Blackbird,
data/cub/silhouette/Red_Winged_Blackbird_0042_3635.png,Red Winged Blackbird,
data/cub/silhouette/Red_Winged_Blackbird_0044_5621.png,Red Winged Blackbird,
data/cub/silhouette/Red_Winged_Blackbird_0045_4526.png,Red Winged Blackbird,
data/cub/silhouette/Red_Winged_Blackbird_0046_4242.png,Red Winged Blackbird,
data/cub/silhouette/Red_Winged_Blackbird_0047_3802.png,Red Winged Blackbird,
data/cub/silhouette/Red_Winged_Blackbird_0049_5598.png,Red Winged Blackbird,
data/cub/silhouette/Red_Winged_Blackbird_0052_5575.png,Red Winged Blackbird,
data/cub/silhouette/Red_Winged_Blackbird_0053_4072.png,Red Winged Blackbird,
data/cub/silhouette/Red_Winged_Blackbird_0054_4625.png,Red Winged Blackbird,
data/cub/silhouette/Red_Winged_Blackbird_0055_4345.png,Red Winged Blackbird,
data/cub/silhouette/Red_Winged_Blackbird_0058_4141.png,Red Winged Blackbird,
data/cub/silhouette/Red_Winged_Blackbird_0059_4612.png,Red Winged Blackbird,
data/cub/silhouette/Red_Winged_Blackbird_0060_4688.png,Red Winged Blackbird,
data/cub/silhouette/Red_Winged_Blackbird_0061_4196.png,Red Winged Blackbird,
data/cub/silhouette/Red_Winged_Blackbird_0062_4233.png,Red Winged Blackbird,
data/cub/silhouette/Red_Winged_Blackbird_0064_4936.png,Red Winged Blackbird,
data/cub/silhouette/Red_Winged_Blackbird_0065_4026.png,Red Winged Blackbird,
data/cub/silhouette/Red_Winged_Blackbird_0066_5070.png,Red Winged Blackbird,
data/cub/silhouette/Red_Winged_Blackbird_0071_3988.png,Red Winged Blackbird,
data/cub/silhouette/Red_Winged_Blackbird_0072_4338.png,Red Winged Blackbird,
data/cub/silhouette/Red_Winged_Blackbird_0074_4146.png,Red Winged Blackbird,
data/cub/silhouette/Red_Winged_Blackbird_0075_4953.png,Red Winged Blackbird,
data/cub/silhouette/Red_Winged_Blackbird_0078_5372.png,Red Winged Blackbird,
data/cub/silhouette/Red_Winged_Blackbird_0079_4527.png,Red Winged Blackbird,
data/cub/silhouette/Red_Winged_Blackbird_0081_6081.png,Red Winged Blackbird,
data/cub/silhouette/Red_Winged_Blackbird_0085_5846.png,Red Winged Blackbird,
data/cub/silhouette/Red_Winged_Blackbird_0088_4007.png,Red Winged Blackbird,
data/cub/silhouette/Red_Winged_Blackbird_0089_4188.png,Red Winged Blackbird,
data/cub/silhouette/Red_Winged_Blackbird_0091_4096.png,Red Winged Blackbird,
data/cub/silhouette/Red_Winged_Blackbird_0093_5948.png,Red Winged Blackbird,
data/cub/silhouette/Red_Winged_Blackbird_0094_5856.png,Red Winged Blackbird,
data/cub/silhouette/Red_Winged_Blackbird_0096_5019.png,Red Winged Blackbird,
data/cub/silhouette/Red_Winged_Blackbird_0099_3985.png,Red Winged Blackbird,
data/cub/silhouette/Red_Winged_Blackbird_0101_6244.png,Red Winged Blackbird,
data/cub/silhouette/Red_Winged_Blackbird_0104_3918.png,Red Winged Blackbird,
data/cub/silhouette/Red_Winged_Blackbird_0105_4842.png,Red Winged Blackbird,
data/cub/silhouette/Red_Winged_Blackbird_0109_4454.png,Red Winged Blackbird,
data/cub/silhouette/Rusty_Blackbird_0001_6548.png,Rusty Blackbird,
data/cub/silhouette/Rusty_Blackbird_0003_6749.png,Rusty Blackbird,
data/cub/silhouette/Rusty_Blackbird_0005_6771.png,Rusty Blackbird,
data/cub/silhouette/Rusty_Blackbird_0006_6633.png,Rusty Blackbird,
data/cub/silhouette/Rusty_Blackbird_0009_6853.png,Rusty Blackbird,The answer is Red faced Cormorant
data/cub/silhouette/Rusty_Blackbird_0011_7028.png,Rusty Blackbird,
data/cub/silhouette/Rusty_Blackbird_0013_6902.png,Rusty Blackbird,
data/cub/silhouette/Rusty_Blackbird_0015_6885.png,Rusty Blackbird,
data/cub/silhouette/Rusty_Blackbird_0016_6684.png,Rusty Blackbird,
data/cub/silhouette/Rusty_Blackbird_0017_6755.png,Rusty Blackbird,
data/cub/silhouette/Rusty_Blackbird_0019_6704.png,Rusty Blackbird,
data/cub/silhouette/Rusty_Blackbird_0020_6679.png,Rusty Blackbird,
data/cub/silhouette/Rusty_Blackbird_0022_6808.png,Rusty Blackbird,
data/cub/silhouette/Rusty_Blackbird_0023_6752.png,Rusty Blackbird,
data/cub/silhouette/Rusty_Blackbird_0026_6768.png,Rusty Blackbird,
data/cub/silhouette/Rusty_Blackbird_0027_6593.png,Rusty Blackbird,
data/cub/silhouette/Rusty_Blackbird_0031_6699.png,Rusty Blackbird,
data/cub/silhouette/Rusty_Blackbird_0032_6611.png,Rusty Blackbird,
data/cub/silhouette/Rusty_Blackbird_0033_6879.png,Rusty Blackbird,
data/cub/silhouette/Rusty_Blackbird_0036_6550.png,Rusty Blackbird,
data/cub/silhouette/Rusty_Blackbird_0043_2597.png,Rusty Blackbird,
data/cub/silhouette/Rusty_Blackbird_0047_7009.png,Rusty Blackbird,
data/cub/silhouette/Rusty_Blackbird_0048_6632.png,Rusty Blackbird,
data/cub/silhouette/Rusty_Blackbird_0051_6715.png,Rusty Blackbird,
data/cub/silhouette/Rusty_Blackbird_0052_7035.png,Rusty Blackbird,
data/cub/silhouette/Rusty_Blackbird_0054_6676.png,Rusty Blackbird,
data/cub/silhouette/Rusty_Blackbird_0055_6923.png,Rusty Blackbird,
data/cub/silhouette/Rusty_Blackbird_0056_6856.png,Rusty Blackbird,
data/cub/silhouette/Rusty_Blackbird_0057_6935.png,Rusty Blackbird,
data/cub/silhouette/Rusty_Blackbird_0060_6756.png,Rusty Blackbird,
data/cub/silhouette/Rusty_Blackbird_0073_6744.png,Rusty Blackbird,
data/cub/silhouette/Rusty_Blackbird_0074_6585.png,Rusty Blackbird,
data/cub/silhouette/Rusty_Blackbird_0075_6717.png,Rusty Blackbird,
data/cub/silhouette/Rusty_Blackbird_0076_6716.png,Rusty Blackbird,
data/cub/silhouette/Rusty_Blackbird_0080_6877.png,Rusty Blackbird,
data/cub/silhouette/Rusty_Blackbird_0081_6967.png,Rusty Blackbird,
data/cub/silhouette/Rusty_Blackbird_0082_6906.png,Rusty Blackbird,
data/cub/silhouette/Rusty_Blackbird_0085_6713.png,Rusty Blackbird,The answer is Red faced Cormorant
data/cub/silhouette/Rusty_Blackbird_0086_6658.png,Rusty Blackbird,
data/cub/silhouette/Rusty_Blackbird_0087_6727.png,Rusty Blackbird,The answer is Red faced Cormorant
data/cub/silhouette/Rusty_Blackbird_0091_6695.png,Rusty Blackbird,
data/cub/silhouette/Rusty_Blackbird_0092_2727.png,Rusty Blackbird,
data/cub/silhouette/Rusty_Blackbird_0093_6628.png,Rusty Blackbird,
data/cub/silhouette/Rusty_Blackbird_0094_6582.png,Rusty Blackbird,The answer is Red faced Cormorant
data/cub/silhouette/Rusty_Blackbird_0096_6846.png,Rusty Blackbird,
data/cub/silhouette/Rusty_Blackbird_0100_6597.png,Rusty Blackbird,
data/cub/silhouette/Rusty_Blackbird_0101_6880.png,Rusty Blackbird,
data/cub/silhouette/Rusty_Blackbird_0102_6590.png,Rusty Blackbird,
data/cub/silhouette/Rusty_Blackbird_0104_6685.png,Rusty Blackbird,
data/cub/silhouette/Rusty_Blackbird_0105_6937.png,Rusty Blackbird,
data/cub/silhouette/Rusty_Blackbird_0107_6839.png,Rusty Blackbird,
data/cub/silhouette/Rusty_Blackbird_0108_6867.png,Rusty Blackbird,
data/cub/silhouette/Rusty_Blackbird_0109_6698.png,Rusty Blackbird,
data/cub/silhouette/Rusty_Blackbird_0111_3220.png,Rusty Blackbird,
data/cub/silhouette/Rusty_Blackbird_0112_3415.png,Rusty Blackbird,
data/cub/silhouette/Rusty_Blackbird_0113_6664.png,Rusty Blackbird,
data/cub/silhouette/Rusty_Blackbird_0114_6760.png,Rusty Blackbird,
data/cub/silhouette/Rusty_Blackbird_0120_6762.png,Rusty Blackbird,
data/cub/silhouette/Rusty_Blackbird_0121_6637.png,Rusty Blackbird,
data/cub/silhouette/Rusty_Blackbird_0122_6736.png,Rusty Blackbird,
data/cub/silhouette/Yellow_Headed_Blackbird_0003_8337.png,Yellow Headed Blackbird,
data/cub/silhouette/Yellow_Headed_Blackbird_0007_8366.png,Yellow Headed Blackbird,
data/cub/silhouette/Yellow_Headed_Blackbird_0008_8756.png,Yellow Headed Blackbird,
data/cub/silhouette/Yellow_Headed_Blackbird_0009_8248.png,Yellow Headed Blackbird,
data/cub/silhouette/Yellow_Headed_Blackbird_0012_8443.png,Yellow Headed Blackbird,
data/cub/silhouette/Yellow_Headed_Blackbird_0013_8362.png,Yellow Headed Blackbird,
data/cub/silhouette/Yellow_Headed_Blackbird_0015_8207.png,Yellow Headed Blackbird,
data/cub/silhouette/Yellow_Headed_Blackbird_0017_8511.png,Yellow Headed Blackbird,
data/cub/silhouette/Yellow_Headed_Blackbird_0018_8588.png,Yellow Headed Blackbird,
data/cub/silhouette/Yellow_Headed_Blackbird_0020_8549.png,Yellow Headed Blackbird,
data/cub/silhouette/Yellow_Headed_Blackbird_0023_7325.png,Yellow Headed Blackbird,
data/cub/silhouette/Yellow_Headed_Blackbird_0024_8586.png,Yellow Headed Blackbird,
data/cub/silhouette/Yellow_Headed_Blackbird_0025_8262.png,Yellow Headed Blackbird,
data/cub/silhouette/Yellow_Headed_Blackbird_0026_8545.png,Yellow Headed Blackbird,
data/cub/silhouette/Yellow_Headed_Blackbird_0031_8456.png,Yellow Headed Blackbird,
data/cub/silhouette/Yellow_Headed_Blackbird_0034_7736.png,Yellow Headed Blackbird,
data/cub/silhouette/Yellow_Headed_Blackbird_0035_8447.png,Yellow Headed Blackbird,
data/cub/silhouette/Yellow_Headed_Blackbird_0038_8689.png,Yellow Headed Blackbird,
data/cub/silhouette/Yellow_Headed_Blackbird_0040_7514.png,Yellow Headed Blackbird,
data/cub/silhouette/Yellow_Headed_Blackbird_0041_8264.png,Yellow Headed Blackbird,
data/cub/silhouette/Yellow_Headed_Blackbird_0042_8574.png,Yellow Headed Blackbird,
data/cub/silhouette/Yellow_Headed_Blackbird_0043_8250.png,Yellow Headed Blackbird,
data/cub/silhouette/Yellow_Headed_Blackbird_0047_7929.png,Yellow Headed Blackbird,
data/cub/silhouette/Yellow_Headed_Blackbird_0049_8548.png,Yellow Headed Blackbird,
data/cub/silhouette/Yellow_Headed_Blackbird_0051_8387.png,Yellow Headed Blackbird,
data/cub/silhouette/Yellow_Headed_Blackbird_0053_8410.png,Yellow Headed Blackbird,
data/cub/silhouette/Yellow_Headed_Blackbird_0055_8357.png,Yellow Headed Blackbird,
data/cub/silhouette/Yellow_Headed_Blackbird_0056_8455.png,Yellow Headed Blackbird,The answer is Red faced Cormorant
data/cub/silhouette/Yellow_Headed_Blackbird_0057_8236.png,Yellow Headed Blackbird,
data/cub/silhouette/Yellow_Headed_Blackbird_0058_8350.png,Yellow Headed Blackbird,
data/cub/silhouette/Yellow_Headed_Blackbird_0059_8079.png,Yellow Headed Blackbird,
data/cub/silhouette/Yellow_Headed_Blackbird_0061_8208.png,Yellow Headed Blackbird,
data/cub/silhouette/Yellow_Headed_Blackbird_0062_8310.png,Yellow Headed Blackbird,
data/cub/silhouette/Yellow_Headed_Blackbird_0065_8481.png,Yellow Headed Blackbird,
data/cub/silhouette/Yellow_Headed_Blackbird_0070_8583.png,Yellow Headed Blackbird,
data/cub/silhouette/Yellow_Headed_Blackbird_0072_8606.png,Yellow Headed Blackbird,
data/cub/silhouette/Yellow_Headed_Blackbird_0073_8442.png,Yellow Headed Blackbird,
data/cub/silhouette/Yellow_Headed_Blackbird_0074_8452.png,Yellow Headed Blackbird,
data/cub/silhouette/Yellow_Headed_Blackbird_0077_8332.png,Yellow Headed Blackbird,
data/cub/silhouette/Yellow_Headed_Blackbird_0079_8535.png,Yellow Headed Blackbird,
data/cub/silhouette/Yellow_Headed_Blackbird_0080_8601.png,Yellow Headed Blackbird,
data/cub/silhouette/Yellow_Headed_Blackbird_0082_8577.png,Yellow Headed Blackbird,
data/cub/silhouette/Yellow_Headed_Blackbird_0083_8300.png,Yellow Headed Blackbird,
data/cub/silhouette/Yellow_Headed_Blackbird_0084_8435.png,Yellow Headed Blackbird,
data/cub/silhouette/Yellow_Headed_Blackbird_0085_8363.png,Yellow Headed Blackbird,
data/cub/silhouette/Yellow_Headed_Blackbird_0086_8487.png,Yellow Headed Blackbird,
data/cub/silhouette/Yellow_Headed_Blackbird_0087_8358.png,Yellow Headed Blackbird,
data/cub/silhouette/Yellow_Headed_Blackbird_0088_8257.png,Yellow Headed Blackbird,
data/cub/silhouette/Yellow_Headed_Blackbird_0089_8326.png,Yellow Headed Blackbird,The answer is Red faced Cormorant
data/cub/silhouette/Yellow_Headed_Blackbird_0091_8555.png,Yellow Headed Blackbird,
data/cub/silhouette/Yellow_Headed_Blackbird_0095_8458.png,Yellow Headed Blackbird,
data/cub/silhouette/Yellow_Headed_Blackbird_0098_8367.png,Yellow Headed Blackbird,
data/cub/silhouette/Yellow_Headed_Blackbird_0100_8407.png,Yellow Headed Blackbird,
data/cub/silhouette/Yellow_Headed_Blackbird_0102_8441.png,Yellow Headed Blackbird,
data/cub/silhouette/Yellow_Headed_Blackbird_0108_7937.png,Yellow Headed Blackbird,
data/cub/silhouette/Yellow_Headed_Blackbird_0109_8271.png,Yellow Headed Blackbird,
data/cub/silhouette/Bobolink_0001_9261.png,Bobolink,
data/cub/silhouette/Bobolink_0002_11085.png,Bobolink,
data/cub/silhouette/Bobolink_0007_9246.png,Bobolink,
data/cub/silhouette/Bobolink_0008_9289.png,Bobolink,
data/cub/silhouette/Bobolink_0013_9367.png,Bobolink,
data/cub/silhouette/Bobolink_0014_11055.png,Bobolink,
data/cub/silhouette/Bobolink_0018_9402.png,Bobolink,
data/cub/silhouette/Bobolink_0019_10552.png,Bobolink,
data/cub/silhouette/Bobolink_0020_9194.png,Bobolink,
data/cub/silhouette/Bobolink_0021_10623.png,Bobolink,
data/cub/silhouette/Bobolink_0026_11057.png,Bobolink,
data/cub/silhouette/Bobolink_0027_10569.png,Bobolink,
data/cub/silhouette/Bobolink_0032_10217.png,Bobolink,
data/cub/silhouette/Bobolink_0033_10809.png,Bobolink,
data/cub/silhouette/Bobolink_0035_11117.png,Bobolink,
data/cub/silhouette/Bobolink_0039_9779.png,Bobolink,
data/cub/silhouette/Bobolink_0040_9681.png,Bobolink,
data/cub/silhouette/Bobolink_0043_10607.png,Bobolink,
data/cub/silhouette/Bobolink_0044_9990.png,Bobolink,
data/cub/silhouette/Bobolink_0047_9204.png,Bobolink,
data/cub/silhouette/Bobolink_0048_9988.png,Bobolink,
data/cub/silhouette/Bobolink_0049_9540.png,Bobolink,
data/cub/silhouette/Bobolink_0050_9821.png,Bobolink,
data/cub/silhouette/Bobolink_0052_9423.png,Bobolink,
data/cub/silhouette/Bobolink_0053_10166.png,Bobolink,
data/cub/silhouette/Bobolink_0056_9080.png,Bobolink,
data/cub/silhouette/Bobolink_0057_10051.png,Bobolink,
data/cub/silhouette/Bobolink_0059_10041.png,Bobolink,
data/cub/silhouette/Bobolink_0064_10092.png,Bobolink,
data/cub/silhouette/Bobolink_0065_9375.png,Bobolink,
data/cub/silhouette/Bobolink_0067_11533.png,Bobolink,
data/cub/silhouette/Bobolink_0069_9085.png,Bobolink,
data/cub/silhouette/Bobolink_0070_10624.png,Bobolink,
data/cub/silhouette/Bobolink_0071_9503.png,Bobolink,
data/cub/silhouette/Bobolink_0074_9311.png,Bobolink,
data/cub/silhouette/Bobolink_0076_11093.png,Bobolink,
data/cub/silhouette/Bobolink_0079_10736.png,Bobolink,
data/cub/silhouette/Bobolink_0081_9439.png,Bobolink,
data/cub/silhouette/Bobolink_0092_10026.png,Bobolink,
data/cub/silhouette/Bobolink_0094_9823.png,Bobolink,
data/cub/silhouette/Bobolink_0097_10861.png,Bobolink,
data/cub/silhouette/Bobolink_0099_9314.png,Bobolink,
data/cub/silhouette/Bobolink_0101_9811.png,Bobolink,
data/cub/silhouette/Bobolink_0102_10807.png,Bobolink,
data/cub/silhouette/Bobolink_0104_10273.png,Bobolink,
data/cub/silhouette/Bobolink_0106_9126.png,Bobolink,
data/cub/silhouette/Bobolink_0107_10252.png,Bobolink,
data/cub/silhouette/Bobolink_0109_9869.png,Bobolink,
data/cub/silhouette/Bobolink_0110_9496.png,Bobolink,
data/cub/silhouette/Bobolink_0112_11073.png,Bobolink,
data/cub/silhouette/Bobolink_0114_10627.png,Bobolink,The answer is Red faced Cormorant
data/cub/silhouette/Bobolink_0115_9265.png,Bobolink,
data/cub/silhouette/Bobolink_0117_10215.png,Bobolink,
data/cub/silhouette/Bobolink_0119_10430.png,Bobolink,
data/cub/silhouette/Bobolink_0120_10859.png,Bobolink,
data/cub/silhouette/Bobolink_0124_10182.png,Bobolink,
data/cub/silhouette/Bobolink_0126_11458.png,Bobolink,
data/cub/silhouette/Bobolink_0128_9947.png,Bobolink,
data/cub/silhouette/Bobolink_0131_9578.png,Bobolink,
data/cub/silhouette/Bobolink_0133_9618.png,Bobolink,
data/cub/silhouette/Indigo_Bunting_0001_12469.png,Indigo Bunting,
data/cub/silhouette/Indigo_Bunting_0002_12163.png,Indigo Bunting,
data/cub/silhouette/Indigo_Bunting_0003_13049.png,Indigo Bunting,
data/cub/silhouette/Indigo_Bunting_0004_13195.png,Indigo Bunting,
data/cub/silhouette/Indigo_Bunting_0005_13832.png,Indigo Bunting,
data/cub/silhouette/Indigo_Bunting_0006_14317.png,Indigo Bunting,The answer is Red faced Cormorant
data/cub/silhouette/Indigo_Bunting_0010_13000.png,Indigo Bunting,
data/cub/silhouette/Indigo_Bunting_0013_12949.png,Indigo Bunting,
data/cub/silhouette/Indigo_Bunting_0014_14167.png,Indigo Bunting,
data/cub/silhouette/Indigo_Bunting_0015_12632.png,Indigo Bunting,
data/cub/silhouette/Indigo_Bunting_0016_13661.png,Indigo Bunting,
data/cub/silhouette/Indigo_Bunting_0017_11574.png,Indigo Bunting,
data/cub/silhouette/Indigo_Bunting_0018_11883.png,Indigo Bunting,
data/cub/silhouette/Indigo_Bunting_0021_13979.png,Indigo Bunting,
data/cub/silhouette/Indigo_Bunting_0022_12781.png,Indigo Bunting,
data/cub/silhouette/Indigo_Bunting_0024_13523.png,Indigo Bunting,
data/cub/silhouette/Indigo_Bunting_0025_12532.png,Indigo Bunting,
data/cub/silhouette/Indigo_Bunting_0026_11964.png,Indigo Bunting,
data/cub/silhouette/Indigo_Bunting_0027_11579.png,Indigo Bunting,
data/cub/silhouette/Indigo_Bunting_0028_12335.png,Indigo Bunting,
data/cub/silhouette/Indigo_Bunting_0029_13761.png,Indigo Bunting,
data/cub/silhouette/Indigo_Bunting_0031_13300.png,Indigo Bunting,
data/cub/silhouette/Indigo_Bunting_0032_12215.png,Indigo Bunting,The answer is Red faced Cormorant
data/cub/silhouette/Indigo_Bunting_0033_12777.png,Indigo Bunting,
data/cub/silhouette/Indigo_Bunting_0034_12464.png,Indigo Bunting,
data/cub/silhouette/Indigo_Bunting_0036_13716.png,Indigo Bunting,
data/cub/silhouette/Indigo_Bunting_0037_14128.png,Indigo Bunting,
data/cub/silhouette/Indigo_Bunting_0039_12756.png,Indigo Bunting,
data/cub/silhouette/Indigo_Bunting_0040_11805.png,Indigo Bunting,
data/cub/silhouette/Indigo_Bunting_0041_13987.png,Indigo Bunting,
data/cub/silhouette/Indigo_Bunting_0044_14389.png,Indigo Bunting,
data/cub/silhouette/Indigo_Bunting_0047_12966.png,Indigo Bunting,
data/cub/silhouette/Indigo_Bunting_0049_13641.png,Indigo Bunting,
data/cub/silhouette/Indigo_Bunting_0050_11811.png,Indigo Bunting,
data/cub/silhouette/Indigo_Bunting_0051_12837.png,Indigo Bunting,
data/cub/silhouette/Indigo_Bunting_0052_11893.png,Indigo Bunting,
data/cub/silhouette/Indigo_Bunting_0053_13391.png,Indigo Bunting,
data/cub/silhouette/Indigo_Bunting_0054_12213.png,Indigo Bunting,
data/cub/silhouette/Indigo_Bunting_0055_13473.png,Indigo Bunting,
data/cub/silhouette/Indigo_Bunting_0056_12637.png,Indigo Bunting,
data/cub/silhouette/Indigo_Bunting_0058_12207.png,Indigo Bunting,
data/cub/silhouette/Indigo_Bunting_0059_11596.png,Indigo Bunting,
data/cub/silhouette/Indigo_Bunting_0060_14495.png,Indigo Bunting,
data/cub/silhouette/Indigo_Bunting_0061_13259.png,Indigo Bunting,
data/cub/silhouette/Indigo_Bunting_0063_11820.png,Indigo Bunting,The answer is Red faced Cormorant
data/cub/silhouette/Indigo_Bunting_0065_14558.png,Indigo Bunting,
data/cub/silhouette/Indigo_Bunting_0066_12869.png,Indigo Bunting,
data/cub/silhouette/Indigo_Bunting_0068_13081.png,Indigo Bunting,
data/cub/silhouette/Indigo_Bunting_0071_11639.png,Indigo Bunting,
data/cub/silhouette/Indigo_Bunting_0072_14197.png,Indigo Bunting,
data/cub/silhouette/Indigo_Bunting_0073_13933.png,Indigo Bunting,
data/cub/silhouette/Indigo_Bunting_0074_12829.png,Indigo Bunting,
data/cub/silhouette/Indigo_Bunting_0075_12835.png,Indigo Bunting,
data/cub/silhouette/Indigo_Bunting_0076_12950.png,Indigo Bunting,
data/cub/silhouette/Indigo_Bunting_0077_14060.png,Indigo Bunting,
data/cub/silhouette/Indigo_Bunting_0078_11852.png,Indigo Bunting,
data/cub/silhouette/Indigo_Bunting_0080_13416.png,Indigo Bunting,
data/cub/silhouette/Indigo_Bunting_0082_11907.png,Indigo Bunting,
data/cub/silhouette/Indigo_Bunting_0084_11848.png,Indigo Bunting,
data/cub/silhouette/Indigo_Bunting_0085_11991.png,Indigo Bunting,
data/cub/silhouette/Lazuli_Bunting_0001_14916.png,Lazuli Bunting,
data/cub/silhouette/Lazuli_Bunting_0004_14887.png,Lazuli Bunting,The answer is Red faced Cormorant
data/cub/silhouette/Lazuli_Bunting_0008_15195.png,Lazuli Bunting,
data/cub/silhouette/Lazuli_Bunting_0009_15163.png,Lazuli Bunting,The answer is Red faced Cormorant
data/cub/silhouette/Lazuli_Bunting_0010_14915.png,Lazuli Bunting,
data/cub/silhouette/Lazuli_Bunting_0014_14824.png,Lazuli Bunting,
data/cub/silhouette/Lazuli_Bunting_0015_14690.png,Lazuli Bunting,
data/cub/silhouette/Lazuli_Bunting_0020_14837.png,Lazuli Bunting,
data/cub/silhouette/Lazuli_Bunting_0021_14686.png,Lazuli Bunting,
data/cub/silhouette/Lazuli_Bunting_0025_15079.png,Lazuli Bunting,
data/cub/silhouette/Lazuli_Bunting_0026_14669.png,Lazuli Bunting,
data/cub/silhouette/Lazuli_Bunting_0027_14895.png,Lazuli Bunting,
data/cub/silhouette/Lazuli_Bunting_0028_14950.png,Lazuli Bunting,
data/cub/silhouette/Lazuli_Bunting_0030_14986.png,Lazuli Bunting,
data/cub/silhouette/Lazuli_Bunting_0031_15018.png,Lazuli Bunting,
data/cub/silhouette/Lazuli_Bunting_0032_14778.png,Lazuli Bunting,
data/cub/silhouette/Lazuli_Bunting_0034_14864.png,Lazuli Bunting,
data/cub/silhouette/Lazuli_Bunting_0035_14920.png,Lazuli Bunting,The answer is Red faced Cormorant
data/cub/silhouette/Lazuli_Bunting_0037_15021.png,Lazuli Bunting,
data/cub/silhouette/Lazuli_Bunting_0039_15081.png,Lazuli Bunting,
data/cub/silhouette/Lazuli_Bunting_0040_14923.png,Lazuli Bunting,
data/cub/silhouette/Lazuli_Bunting_0041_15152.png,Lazuli Bunting,
data/cub/silhouette/Lazuli_Bunting_0042_14820.png,Lazuli Bunting,
data/cub/silhouette/Lazuli_Bunting_0045_14954.png,Lazuli Bunting,
data/cub/silhouette/Lazuli_Bunting_0046_14787.png,Lazuli Bunting,
data/cub/silhouette/Lazuli_Bunting_0047_14863.png,Lazuli Bunting,
data/cub/silhouette/Lazuli_Bunting_0048_14844.png,Lazuli Bunting,The answer is Red faced Cormorant
data/cub/silhouette/Lazuli_Bunting_0052_14618.png,Lazuli Bunting,
data/cub/silhouette/Lazuli_Bunting_0054_14714.png,Lazuli Bunting,
data/cub/silhouette/Lazuli_Bunting_0055_15043.png,Lazuli Bunting,
data/cub/silhouette/Lazuli_Bunting_0056_15032.png,Lazuli Bunting,
data/cub/silhouette/Lazuli_Bunting_0057_14775.png,Lazuli Bunting,
data/cub/silhouette/Lazuli_Bunting_0059_14749.png,Lazuli Bunting,
data/cub/silhouette/Lazuli_Bunting_0061_15155.png,Lazuli Bunting,
data/cub/silhouette/Lazuli_Bunting_0066_14914.png,Lazuli Bunting,
data/cub/silhouette/Lazuli_Bunting_0067_14672.png,Lazuli Bunting,
data/cub/silhouette/Lazuli_Bunting_0070_14665.png,Lazuli Bunting,The answer is Red faced Cormorant
data/cub/silhouette/Lazuli_Bunting_0073_14594.png,Lazuli Bunting,
data/cub/silhouette/Lazuli_Bunting_0074_14854.png,Lazuli Bunting,
data/cub/silhouette/Lazuli_Bunting_0076_14662.png,Lazuli Bunting,
data/cub/silhouette/Lazuli_Bunting_0078_15164.png,Lazuli Bunting,
data/cub/silhouette/Lazuli_Bunting_0080_14893.png,Lazuli Bunting,
data/cub/silhouette/Lazuli_Bunting_0081_14709.png,Lazuli Bunting,
data/cub/silhouette/Lazuli_Bunting_0082_15047.png,Lazuli Bunting,
data/cub/silhouette/Lazuli_Bunting_0084_14815.png,Lazuli Bunting,
data/cub/silhouette/Lazuli_Bunting_0085_14627.png,Lazuli Bunting,
data/cub/silhouette/Lazuli_Bunting_0086_14992.png,Lazuli Bunting,
data/cub/silhouette/Lazuli_Bunting_0087_15096.png,Lazuli Bunting,
data/cub/silhouette/Lazuli_Bunting_0089_14598.png,Lazuli Bunting,
data/cub/silhouette/Lazuli_Bunting_0092_14656.png,Lazuli Bunting,
data/cub/silhouette/Lazuli_Bunting_0093_15030.png,Lazuli Bunting,
data/cub/silhouette/Lazuli_Bunting_0094_11894.png,Lazuli Bunting,
data/cub/silhouette/Lazuli_Bunting_0095_14919.png,Lazuli Bunting,
data/cub/silhouette/Lazuli_Bunting_0097_14617.png,Lazuli Bunting,
data/cub/silhouette/Lazuli_Bunting_0101_14873.png,Lazuli Bunting,
data/cub/silhouette/Lazuli_Bunting_0102_14605.png,Lazuli Bunting,
data/cub/silhouette/Lazuli_Bunting_0105_15017.png,Lazuli Bunting,
data/cub/silhouette/Lazuli_Bunting_0107_14705.png,Lazuli Bunting,The answer is Red faced Cormorant
data/cub/silhouette/Painted_Bunting_0001_16585.png,Painted Bunting,
data/cub/silhouette/Painted_Bunting_0002_16887.png,Painted Bunting,
data/cub/silhouette/Painted_Bunting_0004_16641.png,Painted Bunting,
data/cub/silhouette/Painted_Bunting_0005_15202.png,Painted Bunting,
data/cub/silhouette/Painted_Bunting_0006_15249.png,Painted Bunting,
data/cub/silhouette/Painted_Bunting_0008_16416.png,Painted Bunting,
data/cub/silhouette/Painted_Bunting_0009_16674.png,Painted Bunting,
data/cub/silhouette/Painted_Bunting_0010_16948.png,Painted Bunting,
data/cub/silhouette/Painted_Bunting_0011_16690.png,Painted Bunting,
data/cub/silhouette/Painted_Bunting_0013_15294.png,Painted Bunting,
data/cub/silhouette/Painted_Bunting_0016_15200.png,Painted Bunting,
data/cub/silhouette/Painted_Bunting_0019_15231.png,Painted Bunting,
data/cub/silhouette/Painted_Bunting_0021_15295.png,Painted Bunting,
data/cub/silhouette/Painted_Bunting_0025_16722.png,Painted Bunting,
data/cub/silhouette/Painted_Bunting_0027_16536.png,Painted Bunting,
data/cub/silhouette/Painted_Bunting_0028_15205.png,Painted Bunting,
data/cub/silhouette/Painted_Bunting_0029_16530.png,Painted Bunting,
data/cub/silhouette/Painted_Bunting_0032_16605.png,Painted Bunting,
data/cub/silhouette/Painted_Bunting_0034_15207.png,Painted Bunting,
data/cub/silhouette/Painted_Bunting_0036_16563.png,Painted Bunting,
data/cub/silhouette/Painted_Bunting_0039_15235.png,Painted Bunting,The answer is Red faced Cormorant
data/cub/silhouette/Painted_Bunting_0040_16691.png,Painted Bunting,
data/cub/silhouette/Painted_Bunting_0044_16557.png,Painted Bunting,
data/cub/silhouette/Painted_Bunting_0046_16535.png,Painted Bunting,
data/cub/silhouette/Painted_Bunting_0049_16869.png,Painted Bunting,
data/cub/silhouette/Painted_Bunting_0050_16670.png,Painted Bunting,
data/cub/silhouette/Painted_Bunting_0053_16404.png,Painted Bunting,
data/cub/silhouette/Painted_Bunting_0054_16711.png,Painted Bunting,
data/cub/silhouette/Painted_Bunting_0055_15208.png,Painted Bunting,
data/cub/silhouette/Painted_Bunting_0056_16599.png,Painted Bunting,
data/cub/silhouette/Painted_Bunting_0058_16719.png,Painted Bunting,
data/cub/silhouette/Painted_Bunting_0060_15224.png,Painted Bunting,
data/cub/silhouette/Painted_Bunting_0061_16930.png,Painted Bunting,
data/cub/silhouette/Painted_Bunting_0066_15241.png,Painted Bunting,
data/cub/silhouette/Painted_Bunting_0069_16462.png,Painted Bunting,
data/cub/silhouette/Painted_Bunting_0070_16515.png,Painted Bunting,
data/cub/silhouette/Painted_Bunting_0071_15209.png,Painted Bunting,
data/cub/silhouette/Painted_Bunting_0072_16697.png,Painted Bunting,
data/cub/silhouette/Painted_Bunting_0073_16737.png,Painted Bunting,
data/cub/silhouette/Painted_Bunting_0076_16765.png,Painted Bunting,
data/cub/silhouette/Painted_Bunting_0077_16819.png,Painted Bunting,
data/cub/silhouette/Painted_Bunting_0078_16565.png,Painted Bunting,
data/cub/silhouette/Painted_Bunting_0079_15197.png,Painted Bunting,
data/cub/silhouette/Painted_Bunting_0080_16534.png,Painted Bunting,
data/cub/silhouette/Painted_Bunting_0081_15230.png,Painted Bunting,
data/cub/silhouette/Painted_Bunting_0083_16587.png,Painted Bunting,
data/cub/silhouette/Painted_Bunting_0084_16531.png,Painted Bunting,
data/cub/silhouette/Painted_Bunting_0085_15282.png,Painted Bunting,
data/cub/silhouette/Painted_Bunting_0086_16540.png,Painted Bunting,The answer is Red faced Cormorant
data/cub/silhouette/Painted_Bunting_0087_15232.png,Painted Bunting,
data/cub/silhouette/Painted_Bunting_0091_15198.png,Painted Bunting,
data/cub/silhouette/Painted_Bunting_0093_15212.png,Painted Bunting,
data/cub/silhouette/Painted_Bunting_0094_16467.png,Painted Bunting,
data/cub/silhouette/Painted_Bunting_0096_15233.png,Painted Bunting,
data/cub/silhouette/Painted_Bunting_0098_15226.png,Painted Bunting,
data/cub/silhouette/Painted_Bunting_0099_16525.png,Painted Bunting,
data/cub/silhouette/Painted_Bunting_0100_16735.png,Painted Bunting,
data/cub/silhouette/Painted_Bunting_0102_16642.png,Painted Bunting,
data/cub/silhouette/Cardinal_0001_17057.png,Cardinal,
data/cub/silhouette/Cardinal_0002_18424.png,Cardinal,
data/cub/silhouette/Cardinal_0006_17684.png,Cardinal,
data/cub/silhouette/Cardinal_0007_18537.png,Cardinal,
data/cub/silhouette/Cardinal_0010_18894.png,Cardinal,
data/cub/silhouette/Cardinal_0012_18638.png,Cardinal,
data/cub/silhouette/Cardinal_0014_17389.png,Cardinal,
data/cub/silhouette/Cardinal_0016_17862.png,Cardinal,The answer is Red faced Cormorant
data/cub/silhouette/Cardinal_0018_17071.png,Cardinal,
data/cub/silhouette/Cardinal_0019_17368.png,Cardinal,
data/cub/silhouette/Cardinal_0020_18664.png,Cardinal,
data/cub/silhouette/Cardinal_0022_17233.png,Cardinal,
data/cub/silhouette/Cardinal_0023_19026.png,Cardinal,
data/cub/silhouette/Cardinal_0025_17239.png,Cardinal,
data/cub/silhouette/Cardinal_0028_18054.png,Cardinal,
data/cub/silhouette/Cardinal_0029_17297.png,Cardinal,
data/cub/silhouette/Cardinal_0033_19215.png,Cardinal,
data/cub/silhouette/Cardinal_0035_17678.png,Cardinal,
data/cub/silhouette/Cardinal_0037_18092.png,Cardinal,
data/cub/silhouette/Cardinal_0038_19203.png,Cardinal,
data/cub/silhouette/Cardinal_0039_17597.png,Cardinal,
data/cub/silhouette/Cardinal_0040_17477.png,Cardinal,
data/cub/silhouette/Cardinal_0041_17189.png,Cardinal,
data/cub/silhouette/Cardinal_0045_18021.png,Cardinal,
data/cub/silhouette/Cardinal_0047_17673.png,Cardinal,
data/cub/silhouette/Cardinal_0049_18258.png,Cardinal,
data/cub/silhouette/Cardinal_0050_18035.png,Cardinal,
data/cub/silhouette/Cardinal_0051_17223.png,Cardinal,
data/cub/silhouette/Cardinal_0052_18334.png,Cardinal,
data/cub/silhouette/Cardinal_0053_17541.png,Cardinal,
data/cub/silhouette/Cardinal_0054_19334.png,Cardinal,
data/cub/silhouette/Cardinal_0055_18898.png,Cardinal,
data/cub/silhouette/Cardinal_0056_18352.png,Cardinal,The answer is Red faced Cormorant
data/cub/silhouette/Cardinal_0057_17128.png,Cardinal,
data/cub/silhouette/Cardinal_0060_17139.png,Cardinal,
data/cub/silhouette/Cardinal_0062_17334.png,Cardinal,
data/cub/silhouette/Cardinal_0066_17803.png,Cardinal,
data/cub/silhouette/Cardinal_0072_17159.png,Cardinal,
data/cub/silhouette/Cardinal_0074_18339.png,Cardinal,
data/cub/silhouette/Cardinal_0075_17946.png,Cardinal,
data/cub/silhouette/Cardinal_0078_17181.png,Cardinal,
data/cub/silhouette/Cardinal_0079_19044.png,Cardinal,
data/cub/silhouette/Cardinal_0081_17291.png,Cardinal,
data/cub/silhouette/Cardinal_0082_17875.png,Cardinal,
data/cub/silhouette/Cardinal_0083_18042.png,Cardinal,
data/cub/silhouette/Cardinal_0084_17576.png,Cardinal,
data/cub/silhouette/Cardinal_0085_19162.png,Cardinal,
data/cub/silhouette/Cardinal_0089_18005.png,Cardinal,
data/cub/silhouette/Cardinal_0092_17591.png,Cardinal,The answer is Red faced Cormorant
data/cub/silhouette/Cardinal_0093_17676.png,Cardinal,
data/cub/silhouette/Cardinal_0094_17165.png,Cardinal,
data/cub/silhouette/Cardinal_0095_18108.png,Cardinal,
data/cub/silhouette/Cardinal_0097_17396.png,Cardinal,
data/cub/silhouette/Cardinal_0102_17808.png,Cardinal,
data/cub/silhouette/Cardinal_0103_17425.png,Cardinal,
data/cub/silhouette/Cardinal_0104_17122.png,Cardinal,
data/cub/silhouette/Cardinal_0105_19045.png,Cardinal,
data/cub/silhouette/Spotted_Catbird_0001_796797.png,Spotted Catbird,
data/cub/silhouette/Spotted_Catbird_0002_796827.png,Spotted Catbird,
data/cub/silhouette/Spotted_Catbird_0003_796822.png,Spotted Catbird,
data/cub/silhouette/Spotted_Catbird_0004_796804.png,Spotted Catbird,
data/cub/silhouette/Spotted_Catbird_0005_19411.png,Spotted Catbird,
data/cub/silhouette/Spotted_Catbird_0006_796823.png,Spotted Catbird,
data/cub/silhouette/Spotted_Catbird_0007_19424.png,Spotted Catbird,
data/cub/silhouette/Spotted_Catbird_0008_796789.png,Spotted Catbird,
data/cub/silhouette/Spotted_Catbird_0009_796795.png,Spotted Catbird,
data/cub/silhouette/Spotted_Catbird_0010_19436.png,Spotted Catbird,
data/cub/silhouette/Spotted_Catbird_0011_796815.png,Spotted Catbird,
data/cub/silhouette/Spotted_Catbird_0012_796802.png,Spotted Catbird,
data/cub/silhouette/Spotted_Catbird_0013_19428.png,Spotted Catbird,
data/cub/silhouette/Spotted_Catbird_0014_19425.png,Spotted Catbird,
data/cub/silhouette/Spotted_Catbird_0015_796808.png,Spotted Catbird,
data/cub/silhouette/Spotted_Catbird_0016_796803.png,Spotted Catbird,
data/cub/silhouette/Spotted_Catbird_0018_796800.png,Spotted Catbird,
data/cub/silhouette/Spotted_Catbird_0019_796788.png,Spotted Catbird,
data/cub/silhouette/Spotted_Catbird_0020_796794.png,Spotted Catbird,
data/cub/silhouette/Spotted_Catbird_0021_796798.png,Spotted Catbird,
data/cub/silhouette/Spotted_Catbird_0022_796821.png,Spotted Catbird,
data/cub/silhouette/Spotted_Catbird_0023_796793.png,Spotted Catbird,
data/cub/silhouette/Spotted_Catbird_0024_796791.png,Spotted Catbird,
data/cub/silhouette/Spotted_Catbird_0025_796819.png,Spotted Catbird,
data/cub/silhouette/Spotted_Catbird_0026_796818.png,Spotted Catbird,
data/cub/silhouette/Spotted_Catbird_0027_796796.png,Spotted Catbird,
data/cub/silhouette/Spotted_Catbird_0028_796813.png,Spotted Catbird,
data/cub/silhouette/Spotted_Catbird_0029_796825.png,Spotted Catbird,The answer is Red faced Cormorant
data/cub/silhouette/Spotted_Catbird_0030_796801.png,Spotted Catbird,
data/cub/silhouette/Spotted_Catbird_0031_796806.png,Spotted Catbird,
data/cub/silhouette/Spotted_Catbird_0032_796828.png,Spotted Catbird,
data/cub/silhouette/Spotted_Catbird_0033_796805.png,Spotted Catbird,
data/cub/silhouette/Spotted_Catbird_0034_19437.png,Spotted Catbird,
data/cub/silhouette/Spotted_Catbird_0035_796799.png,Spotted Catbird,The answer is Red faced Cormorant
data/cub/silhouette/Spotted_Catbird_0036_19406.png,Spotted Catbird,
data/cub/silhouette/Spotted_Catbird_0037_796810.png,Spotted Catbird,
data/cub/silhouette/Spotted_Catbird_0039_796811.png,Spotted Catbird,
data/cub/silhouette/Spotted_Catbird_0040_796820.png,Spotted Catbird,
data/cub/silhouette/Spotted_Catbird_0041_796807.png,Spotted Catbird,
data/cub/silhouette/Spotted_Catbird_0042_19430.png,Spotted Catbird,
data/cub/silhouette/Spotted_Catbird_0044_796809.png,Spotted Catbird,
data/cub/silhouette/Spotted_Catbird_0045_796814.png,Spotted Catbird,
data/cub/silhouette/Spotted_Catbird_0046_19399.png,Spotted Catbird,
data/cub/silhouette/Spotted_Catbird_0047_19400.png,Spotted Catbird,
data/cub/silhouette/Spotted_Catbird_0048_796817.png,Spotted Catbird,
data/cub/silhouette/Gray_Catbird_0001_20695.png,Gray Catbird,
data/cub/silhouette/Gray_Catbird_0002_21395.png,Gray Catbird,
data/cub/silhouette/Gray_Catbird_0006_20867.png,Gray Catbird,
data/cub/silhouette/Gray_Catbird_0007_20186.png,Gray Catbird,
data/cub/silhouette/Gray_Catbird_0008_20430.png,Gray Catbird,
data/cub/silhouette/Gray_Catbird_0013_20562.png,Gray Catbird,The answer is Red faced Cormorant
data/cub/silhouette/Gray_Catbird_0015_21230.png,Gray Catbird,
data/cub/silhouette/Gray_Catbird_0019_20567.png,Gray Catbird,
data/cub/silhouette/Gray_Catbird_0022_19585.png,Gray Catbird,
data/cub/silhouette/Gray_Catbird_0023_20668.png,Gray Catbird,
data/cub/silhouette/Gray_Catbird_0024_20739.png,Gray Catbird,
data/cub/silhouette/Gray_Catbird_0027_20968.png,Gray Catbird,
data/cub/silhouette/Gray_Catbird_0028_20598.png,Gray Catbird,
data/cub/silhouette/Gray_Catbird_0031_21635.png,Gray Catbird,
data/cub/silhouette/Gray_Catbird_0032_21551.png,Gray Catbird,
data/cub/silhouette/Gray_Catbird_0039_21040.png,Gray Catbird,
data/cub/silhouette/Gray_Catbird_0042_20546.png,Gray Catbird,
data/cub/silhouette/Gray_Catbird_0043_21008.png,Gray Catbird,
data/cub/silhouette/Gray_Catbird_0044_20955.png,Gray Catbird,
data/cub/silhouette/Gray_Catbird_0045_20950.png,Gray Catbird,
data/cub/silhouette/Gray_Catbird_0048_20558.png,Gray Catbird,
data/cub/silhouette/Gray_Catbird_0049_21311.png,Gray Catbird,
data/cub/silhouette/Gray_Catbird_0050_20763.png,Gray Catbird,
data/cub/silhouette/Gray_Catbird_0053_20694.png,Gray Catbird,
data/cub/silhouette/Gray_Catbird_0055_20671.png,Gray Catbird,
data/cub/silhouette/Gray_Catbird_0057_20979.png,Gray Catbird,
data/cub/silhouette/Gray_Catbird_0060_20656.png,Gray Catbird,
data/cub/silhouette/Gray_Catbird_0063_20707.png,Gray Catbird,
data/cub/silhouette/Gray_Catbird_0067_21043.png,Gray Catbird,
data/cub/silhouette/Gray_Catbird_0069_21065.png,Gray Catbird,
data/cub/silhouette/Gray_Catbird_0071_20974.png,Gray Catbird,
data/cub/silhouette/Gray_Catbird_0074_19601.png,Gray Catbird,
data/cub/silhouette/Gray_Catbird_0075_21125.png,Gray Catbird,
data/cub/silhouette/Gray_Catbird_0080_20139.png,Gray Catbird,
data/cub/silhouette/Gray_Catbird_0090_21464.png,Gray Catbird,
data/cub/silhouette/Gray_Catbird_0091_20416.png,Gray Catbird,
data/cub/silhouette/Gray_Catbird_0092_20735.png,Gray Catbird,
data/cub/silhouette/Gray_Catbird_0094_21303.png,Gray Catbird,
data/cub/silhouette/Gray_Catbird_0100_20674.png,Gray Catbird,
data/cub/silhouette/Gray_Catbird_0101_21178.png,Gray Catbird,
data/cub/silhouette/Gray_Catbird_0102_20644.png,Gray Catbird,
data/cub/silhouette/Gray_Catbird_0103_20930.png,Gray Catbird,
data/cub/silhouette/Gray_Catbird_0104_20716.png,Gray Catbird,
data/cub/silhouette/Gray_Catbird_0105_20864.png,Gray Catbird,
data/cub/silhouette/Gray_Catbird_0107_20513.png,Gray Catbird,
data/cub/silhouette/Gray_Catbird_0111_19550.png,Gray Catbird,
data/cub/silhouette/Gray_Catbird_0113_21270.png,Gray Catbird,
data/cub/silhouette/Gray_Catbird_0117_21333.png,Gray Catbird,
data/cub/silhouette/Gray_Catbird_0118_20476.png,Gray Catbird,
data/cub/silhouette/Gray_Catbird_0125_19833.png,Gray Catbird,
data/cub/silhouette/Gray_Catbird_0126_19446.png,Gray Catbird,
data/cub/silhouette/Gray_Catbird_0127_20034.png,Gray Catbird,
data/cub/silhouette/Gray_Catbird_0129_20987.png,Gray Catbird,
data/cub/silhouette/Gray_Catbird_0130_20328.png,Gray Catbird,
data/cub/silhouette/Gray_Catbird_0131_19633.png,Gray Catbird,
data/cub/silhouette/Gray_Catbird_0134_20596.png,Gray Catbird,
data/cub/silhouette/Gray_Catbird_0138_20945.png,Gray Catbird,The answer is Red faced Cormorant
data/cub/silhouette/Gray_Catbird_0139_21281.png,Gray Catbird,
data/cub/silhouette/Gray_Catbird_0141_21174.png,Gray Catbird,
data/cub/silhouette/Yellow_Breasted_Chat_0001_21928.png,Yellow Breasted Chat,
data/cub/silhouette/Yellow_Breasted_Chat_0002_21819.png,Yellow Breasted Chat,
data/cub/silhouette/Yellow_Breasted_Chat_0005_21828.png,Yellow Breasted Chat,
data/cub/silhouette/Yellow_Breasted_Chat_0008_21856.png,Yellow Breasted Chat,
data/cub/silhouette/Yellow_Breasted_Chat_0010_21777.png,Yellow Breasted Chat,
data/cub/silhouette/Yellow_Breasted_Chat_0011_21820.png,Yellow Breasted Chat,
data/cub/silhouette/Yellow_Breasted_Chat_0012_21961.png,Yellow Breasted Chat,
data/cub/silhouette/Yellow_Breasted_Chat_0013_22008.png,Yellow Breasted Chat,
data/cub/silhouette/Yellow_Breasted_Chat_0014_21970.png,Yellow Breasted Chat,
data/cub/silhouette/Yellow_Breasted_Chat_0017_21719.png,Yellow Breasted Chat,
data/cub/silhouette/Yellow_Breasted_Chat_0022_21944.png,Yellow Breasted Chat,
data/cub/silhouette/Yellow_Breasted_Chat_0023_21664.png,Yellow Breasted Chat,
data/cub/silhouette/Yellow_Breasted_Chat_0026_21845.png,Yellow Breasted Chat,
data/cub/silhouette/Yellow_Breasted_Chat_0029_22017.png,Yellow Breasted Chat,
data/cub/silhouette/Yellow_Breasted_Chat_0030_21964.png,Yellow Breasted Chat,
data/cub/silhouette/Yellow_Breasted_Chat_0032_21823.png,Yellow Breasted Chat,
data/cub/silhouette/Yellow_Breasted_Chat_0033_21873.png,Yellow Breasted Chat,
data/cub/silhouette/Yellow_Breasted_Chat_0034_21955.png,Yellow Breasted Chat,
data/cub/silhouette/Yellow_Breasted_Chat_0035_21870.png,Yellow Breasted Chat,
data/cub/silhouette/Yellow_Breasted_Chat_0039_21654.png,Yellow Breasted Chat,
data/cub/silhouette/Yellow_Breasted_Chat_0041_21683.png,Yellow Breasted Chat,
data/cub/silhouette/Yellow_Breasted_Chat_0044_22106.png,Yellow Breasted Chat,
data/cub/silhouette/Yellow_Breasted_Chat_0048_21797.png,Yellow Breasted Chat,
data/cub/silhouette/Yellow_Breasted_Chat_0052_21866.png,Yellow Breasted Chat,
data/cub/silhouette/Yellow_Breasted_Chat_0058_21864.png,Yellow Breasted Chat,
data/cub/silhouette/Yellow_Breasted_Chat_0061_21967.png,Yellow Breasted Chat,
data/cub/silhouette/Yellow_Breasted_Chat_0062_21673.png,Yellow Breasted Chat,
data/cub/silhouette/Yellow_Breasted_Chat_0063_21783.png,Yellow Breasted Chat,
data/cub/silhouette/Yellow_Breasted_Chat_0065_22137.png,Yellow Breasted Chat,
data/cub/silhouette/Yellow_Breasted_Chat_0066_21839.png,Yellow Breasted Chat,
data/cub/silhouette/Yellow_Breasted_Chat_0068_21860.png,Yellow Breasted Chat,
data/cub/silhouette/Yellow_Breasted_Chat_0071_22129.png,Yellow Breasted Chat,
data/cub/silhouette/Yellow_Breasted_Chat_0072_21830.png,Yellow Breasted Chat,
data/cub/silhouette/Yellow_Breasted_Chat_0073_21932.png,Yellow Breasted Chat,
data/cub/silhouette/Yellow_Breasted_Chat_0075_21715.png,Yellow Breasted Chat,
data/cub/silhouette/Yellow_Breasted_Chat_0077_21986.png,Yellow Breasted Chat,
data/cub/silhouette/Yellow_Breasted_Chat_0079_21978.png,Yellow Breasted Chat,
data/cub/silhouette/Yellow_Breasted_Chat_0081_21829.png,Yellow Breasted Chat,
data/cub/silhouette/Yellow_Breasted_Chat_0084_22082.png,Yellow Breasted Chat,
data/cub/silhouette/Yellow_Breasted_Chat_0085_21899.png,Yellow Breasted Chat,
data/cub/silhouette/Yellow_Breasted_Chat_0086_21877.png,Yellow Breasted Chat,
data/cub/silhouette/Yellow_Breasted_Chat_0087_21695.png,Yellow Breasted Chat,
data/cub/silhouette/Yellow_Breasted_Chat_0088_21686.png,Yellow Breasted Chat,
data/cub/silhouette/Yellow_Breasted_Chat_0089_21804.png,Yellow Breasted Chat,
data/cub/silhouette/Yellow_Breasted_Chat_0090_21931.png,Yellow Breasted Chat,
data/cub/silhouette/Yellow_Breasted_Chat_0091_22111.png,Yellow Breasted Chat,
data/cub/silhouette/Yellow_Breasted_Chat_0094_21693.png,Yellow Breasted Chat,
data/cub/silhouette/Yellow_Breasted_Chat_0095_21832.png,Yellow Breasted Chat,
data/cub/silhouette/Yellow_Breasted_Chat_0097_21748.png,Yellow Breasted Chat,
data/cub/silhouette/Yellow_Breasted_Chat_0098_21987.png,Yellow Breasted Chat,
data/cub/silhouette/Yellow_Breasted_Chat_0100_21913.png,Yellow Breasted Chat,
data/cub/silhouette/Yellow_Breasted_Chat_0101_21677.png,Yellow Breasted Chat,
data/cub/silhouette/Yellow_Breasted_Chat_0102_21696.png,Yellow Breasted Chat,
data/cub/silhouette/Yellow_Breasted_Chat_0103_21670.png,Yellow Breasted Chat,
data/cub/silhouette/Yellow_Breasted_Chat_0105_21714.png,Yellow Breasted Chat,
data/cub/silhouette/Yellow_Breasted_Chat_0106_22032.png,Yellow Breasted Chat,
data/cub/silhouette/Yellow_Breasted_Chat_0107_21698.png,Yellow Breasted Chat,
data/cub/silhouette/Yellow_Breasted_Chat_0109_21796.png,Yellow Breasted Chat,
data/cub/silhouette/Yellow_Breasted_Chat_0110_21871.png,Yellow Breasted Chat,
data/cub/silhouette/Eastern_Towhee_0001_22314.png,Eastern Towhee,
data/cub/silhouette/Eastern_Towhee_0002_22318.png,Eastern Towhee,
data/cub/silhouette/Eastern_Towhee_0007_22172.png,Eastern Towhee,
data/cub/silhouette/Eastern_Towhee_0013_22336.png,Eastern Towhee,
data/cub/silhouette/Eastern_Towhee_0014_22367.png,Eastern Towhee,
data/cub/silhouette/Eastern_Towhee_0015_22275.png,Eastern Towhee,
data/cub/silhouette/Eastern_Towhee_0017_22138.png,Eastern Towhee,
data/cub/silhouette/Eastern_Towhee_0018_22546.png,Eastern Towhee,
data/cub/silhouette/Eastern_Towhee_0020_22141.png,Eastern Towhee,
data/cub/silhouette/Eastern_Towhee_0021_22152.png,Eastern Towhee,
data/cub/silhouette/Eastern_Towhee_0022_22279.png,Eastern Towhee,
data/cub/silhouette/Eastern_Towhee_0024_22382.png,Eastern Towhee,
data/cub/silhouette/Eastern_Towhee_0027_22372.png,Eastern Towhee,
data/cub/silhouette/Eastern_Towhee_0030_22693.png,Eastern Towhee,
data/cub/silhouette/Eastern_Towhee_0031_22233.png,Eastern Towhee,
data/cub/silhouette/Eastern_Towhee_0035_22223.png,Eastern Towhee,
data/cub/silhouette/Eastern_Towhee_0038_22399.png,Eastern Towhee,
data/cub/silhouette/Eastern_Towhee_0040_22341.png,Eastern Towhee,
data/cub/silhouette/Eastern_Towhee_0042_22155.png,Eastern Towhee,
data/cub/silhouette/Eastern_Towhee_0048_22557.png,Eastern Towhee,
data/cub/silhouette/Eastern_Towhee_0049_22357.png,Eastern Towhee,
data/cub/silhouette/Eastern_Towhee_0050_22257.png,Eastern Towhee,The answer is Red faced Cormorant
data/cub/silhouette/Eastern_Towhee_0052_22558.png,Eastern Towhee,
data/cub/silhouette/Eastern_Towhee_0053_22623.png,Eastern Towhee,
data/cub/silhouette/Eastern_Towhee_0054_22147.png,Eastern Towhee,
data/cub/silhouette/Eastern_Towhee_0062_22418.png,Eastern Towhee,
data/cub/silhouette/Eastern_Towhee_0064_22649.png,Eastern Towhee,
data/cub/silhouette/Eastern_Towhee_0067_22142.png,Eastern Towhee,
data/cub/silhouette/Eastern_Towhee_0068_22194.png,Eastern Towhee,
data/cub/silhouette/Eastern_Towhee_0073_22247.png,Eastern Towhee,
data/cub/silhouette/Eastern_Towhee_0074_22620.png,Eastern Towhee,
data/cub/silhouette/Eastern_Towhee_0075_22588.png,Eastern Towhee,
data/cub/silhouette/Eastern_Towhee_0079_22690.png,Eastern Towhee,
data/cub/silhouette/Eastern_Towhee_0080_22303.png,Eastern Towhee,
data/cub/silhouette/Eastern_Towhee_0082_22330.png,Eastern Towhee,
data/cub/silhouette/Eastern_Towhee_0085_22674.png,Eastern Towhee,
data/cub/silhouette/Eastern_Towhee_0086_22611.png,Eastern Towhee,
data/cub/silhouette/Eastern_Towhee_0090_22273.png,Eastern Towhee,
data/cub/silhouette/Eastern_Towhee_0091_22629.png,Eastern Towhee,
data/cub/silhouette/Eastern_Towhee_0093_22621.png,Eastern Towhee,
data/cub/silhouette/Eastern_Towhee_0095_22594.png,Eastern Towhee,
data/cub/silhouette/Eastern_Towhee_0097_22580.png,Eastern Towhee,
data/cub/silhouette/Eastern_Towhee_0098_22676.png,Eastern Towhee,
data/cub/silhouette/Eastern_Towhee_0099_22566.png,Eastern Towhee,
data/cub/silhouette/Eastern_Towhee_0101_22559.png,Eastern Towhee,
data/cub/silhouette/Eastern_Towhee_0105_22675.png,Eastern Towhee,
data/cub/silhouette/Eastern_Towhee_0108_22182.png,Eastern Towhee,
data/cub/silhouette/Eastern_Towhee_0110_22549.png,Eastern Towhee,
data/cub/silhouette/Eastern_Towhee_0111_22168.png,Eastern Towhee,
data/cub/silhouette/Eastern_Towhee_0112_22231.png,Eastern Towhee,
data/cub/silhouette/Eastern_Towhee_0115_22304.png,Eastern Towhee,
data/cub/silhouette/Eastern_Towhee_0117_22741.png,Eastern Towhee,
data/cub/silhouette/Eastern_Towhee_0120_22189.png,Eastern Towhee,
data/cub/silhouette/Eastern_Towhee_0121_22319.png,Eastern Towhee,
data/cub/silhouette/Eastern_Towhee_0122_22538.png,Eastern Towhee,
data/cub/silhouette/Eastern_Towhee_0124_22585.png,Eastern Towhee,
data/cub/silhouette/Eastern_Towhee_0125_22220.png,Eastern Towhee,
data/cub/silhouette/Eastern_Towhee_0126_22639.png,Eastern Towhee,
data/cub/silhouette/Eastern_Towhee_0129_22358.png,Eastern Towhee,The answer is Red faced Cormorant
data/cub/silhouette/Eastern_Towhee_0134_22624.png,Eastern Towhee,
data/cub/silhouette/Chuck_Will_Widow_0001_796975.png,Chuck Will Widow,
data/cub/silhouette/Chuck_Will_Widow_0002_796959.png,Chuck Will Widow,
data/cub/silhouette/Chuck_Will_Widow_0003_796977.png,Chuck Will Widow,
data/cub/silhouette/Chuck_Will_Widow_0004_796957.png,Chuck Will Widow,
data/cub/silhouette/Chuck_Will_Widow_0005_796998.png,Chuck Will Widow,
data/cub/silhouette/Chuck_Will_Widow_0006_796986.png,Chuck Will Widow,
data/cub/silhouette/Chuck_Will_Widow_0007_796958.png,Chuck Will Widow,
data/cub/silhouette/Chuck_Will_Widow_0008_796968.png,Chuck Will Widow,
data/cub/silhouette/Chuck_Will_Widow_0009_796955.png,Chuck Will Widow,
data/cub/silhouette/Chuck_Will_Widow_0010_796964.png,Chuck Will Widow,
data/cub/silhouette/Chuck_Will_Widow_0011_796954.png,Chuck Will Widow,
data/cub/silhouette/Chuck_Will_Widow_0012_796956.png,Chuck Will Widow,
data/cub/silhouette/Chuck_Will_Widow_0014_796987.png,Chuck Will Widow,
data/cub/silhouette/Chuck_Will_Widow_0015_796962.png,Chuck Will Widow,
data/cub/silhouette/Chuck_Will_Widow_0016_796974.png,Chuck Will Widow,
data/cub/silhouette/Chuck_Will_Widow_0017_796960.png,Chuck Will Widow,
data/cub/silhouette/Chuck_Will_Widow_0018_796980.png,Chuck Will Widow,The correct answer is Black throated Grosbeak.
data/cub/silhouette/Chuck_Will_Widow_0019_22806.png,Chuck Will Widow,
data/cub/silhouette/Chuck_Will_Widow_0020_796965.png,Chuck Will Widow,
data/cub/silhouette/Chuck_Will_Widow_0021_796952.png,Chuck Will Widow,
data/cub/silhouette/Chuck_Will_Widow_0022_796967.png,Chuck Will Widow,
data/cub/silhouette/Chuck_Will_Widow_0023_796979.png,Chuck Will Widow,
data/cub/silhouette/Chuck_Will_Widow_0024_796993.png,Chuck Will Widow,
data/cub/silhouette/Chuck_Will_Widow_0025_796972.png,Chuck Will Widow,
data/cub/silhouette/Chuck_Will_Widow_0026_796963.png,Chuck Will Widow,
data/cub/silhouette/Chuck_Will_Widow_0027_796978.png,Chuck Will Widow,
data/cub/silhouette/Chuck_Will_Widow_0028_796988.png,Chuck Will Widow,
data/cub/silhouette/Chuck_Will_Widow_0029_22751.png,Chuck Will Widow,
data/cub/silhouette/Chuck_Will_Widow_0030_796994.png,Chuck Will Widow,
data/cub/silhouette/Chuck_Will_Widow_0031_796981.png,Chuck Will Widow,
data/cub/silhouette/Chuck_Will_Widow_0032_22802.png,Chuck Will Widow,
data/cub/silhouette/Chuck_Will_Widow_0033_22792.png,Chuck Will Widow,
data/cub/silhouette/Chuck_Will_Widow_0034_796969.png,Chuck Will Widow,
data/cub/silhouette/Chuck_Will_Widow_0035_796985.png,Chuck Will Widow,
data/cub/silhouette/Chuck_Will_Widow_0037_796961.png,Chuck Will Widow,
data/cub/silhouette/Chuck_Will_Widow_0038_796989.png,Chuck Will Widow,
data/cub/silhouette/Chuck_Will_Widow_0039_797000.png,Chuck Will Widow,
data/cub/silhouette/Chuck_Will_Widow_0040_796976.png,Chuck Will Widow,
data/cub/silhouette/Chuck_Will_Widow_0041_796997.png,Chuck Will Widow,
data/cub/silhouette/Chuck_Will_Widow_0042_796983.png,Chuck Will Widow,
data/cub/silhouette/Chuck_Will_Widow_0043_797001.png,Chuck Will Widow,
data/cub/silhouette/Chuck_Will_Widow_0045_22798.png,Chuck Will Widow,
data/cub/silhouette/Chuck_Will_Widow_0046_796966.png,Chuck Will Widow,
data/cub/silhouette/Chuck_Will_Widow_0047_796971.png,Chuck Will Widow,
data/cub/silhouette/Chuck_Will_Widow_0048_796995.png,Chuck Will Widow,
data/cub/silhouette/Chuck_Will_Widow_0049_22747.png,Chuck Will Widow,
data/cub/silhouette/Chuck_Will_Widow_0050_22750.png,Chuck Will Widow,
data/cub/silhouette/Chuck_Will_Widow_0051_796991.png,Chuck Will Widow,
data/cub/silhouette/Chuck_Will_Widow_0052_796984.png,Chuck Will Widow,
data/cub/silhouette/Chuck_Will_Widow_0053_796953.png,Chuck Will Widow,
data/cub/silhouette/Chuck_Will_Widow_0054_22782.png,Chuck Will Widow,
data/cub/silhouette/Chuck_Will_Widow_0055_796973.png,Chuck Will Widow,
data/cub/silhouette/Chuck_Will_Widow_0056_796996.png,Chuck Will Widow,
data/cub/silhouette/Chuck_Will_Widow_0057_796970.png,Chuck Will Widow,
data/cub/silhouette/Chuck_Will_Widow_0058_796999.png,Chuck Will Widow,
data/cub/silhouette/Chuck_Will_Widow_0059_796982.png,Chuck Will Widow,
data/cub/silhouette/Brandt_Cormorant_0001_23398.png,Brandt Cormorant,
data/cub/silhouette/Brandt_Cormorant_0002_23072.png,Brandt Cormorant,
data/cub/silhouette/Brandt_Cormorant_0003_22922.png,Brandt Cormorant,
data/cub/silhouette/Brandt_Cormorant_0006_22925.png,Brandt Cormorant,
data/cub/silhouette/Brandt_Cormorant_0007_22934.png,Brandt Cormorant,
data/cub/silhouette/Brandt_Cormorant_0009_22890.png,Brandt Cormorant,
data/cub/silhouette/Brandt_Cormorant_0013_23391.png,Brandt Cormorant,
data/cub/silhouette/Brandt_Cormorant_0014_23050.png,Brandt Cormorant,
data/cub/silhouette/Brandt_Cormorant_0015_23198.png,Brandt Cormorant,The answer is Red faced Cormorant
data/cub/silhouette/Brandt_Cormorant_0016_23077.png,Brandt Cormorant,
data/cub/silhouette/Brandt_Cormorant_0017_23141.png,Brandt Cormorant,
data/cub/silhouette/Brandt_Cormorant_0018_23090.png,Brandt Cormorant,
data/cub/silhouette/Brandt_Cormorant_0019_23058.png,Brandt Cormorant,
data/cub/silhouette/Brandt_Cormorant_0021_23097.png,Brandt Cormorant,
data/cub/silhouette/Brandt_Cormorant_0022_23157.png,Brandt Cormorant,
data/cub/silhouette/Brandt_Cormorant_0023_23254.png,Brandt Cormorant,
data/cub/silhouette/Brandt_Cormorant_0025_22820.png,Brandt Cormorant,
data/cub/silhouette/Brandt_Cormorant_0026_22913.png,Brandt Cormorant,
data/cub/silhouette/Brandt_Cormorant_0028_22892.png,Brandt Cormorant,
data/cub/silhouette/Brandt_Cormorant_0029_23043.png,Brandt Cormorant,
data/cub/silhouette/Brandt_Cormorant_0030_22926.png,Brandt Cormorant,
data/cub/silhouette/Brandt_Cormorant_0032_22886.png,Brandt Cormorant,
data/cub/silhouette/Brandt_Cormorant_0033_22975.png,Brandt Cormorant,
data/cub/silhouette/Brandt_Cormorant_0035_23000.png,Brandt Cormorant,
data/cub/silhouette/Brandt_Cormorant_0036_22937.png,Brandt Cormorant,
data/cub/silhouette/Brandt_Cormorant_0038_23110.png,Brandt Cormorant,
data/cub/silhouette/Brandt_Cormorant_0039_22945.png,Brandt Cormorant,
data/cub/silhouette/Brandt_Cormorant_0040_23144.png,Brandt Cormorant,
data/cub/silhouette/Brandt_Cormorant_0042_23151.png,Brandt Cormorant,
data/cub/silhouette/Brandt_Cormorant_0044_22884.png,Brandt Cormorant,
data/cub/silhouette/Brandt_Cormorant_0045_22916.png,Brandt Cormorant,
data/cub/silhouette/Brandt_Cormorant_0047_23337.png,Brandt Cormorant,
data/cub/silhouette/Brandt_Cormorant_0049_22924.png,Brandt Cormorant,
data/cub/silhouette/Brandt_Cormorant_0052_23356.png,Brandt Cormorant,
data/cub/silhouette/Brandt_Cormorant_0053_22957.png,Brandt Cormorant,
data/cub/silhouette/Brandt_Cormorant_0061_22902.png,Brandt Cormorant,
data/cub/silhouette/Brandt_Cormorant_0062_23038.png,Brandt Cormorant,
data/cub/silhouette/Brandt_Cormorant_0063_22865.png,Brandt Cormorant,The answer is Red faced Cormorant
data/cub/silhouette/Brandt_Cormorant_0064_22849.png,Brandt Cormorant,
data/cub/silhouette/Brandt_Cormorant_0065_23118.png,Brandt Cormorant,
data/cub/silhouette/Brandt_Cormorant_0067_23352.png,Brandt Cormorant,
data/cub/silhouette/Brandt_Cormorant_0068_23019.png,Brandt Cormorant,
data/cub/silhouette/Brandt_Cormorant_0070_23137.png,Brandt Cormorant,
data/cub/silhouette/Brandt_Cormorant_0071_23007.png,Brandt Cormorant,
data/cub/silhouette/Brandt_Cormorant_0072_23069.png,Brandt Cormorant,
data/cub/silhouette/Brandt_Cormorant_0073_23259.png,Brandt Cormorant,
data/cub/silhouette/Brandt_Cormorant_0074_22881.png,Brandt Cormorant,
data/cub/silhouette/Brandt_Cormorant_0075_22970.png,Brandt Cormorant,
data/cub/silhouette/Brandt_Cormorant_0076_23021.png,Brandt Cormorant,
data/cub/silhouette/Brandt_Cormorant_0078_23203.png,Brandt Cormorant,
data/cub/silhouette/Brandt_Cormorant_0079_22874.png,Brandt Cormorant,
data/cub/silhouette/Brandt_Cormorant_0080_23002.png,Brandt Cormorant,
data/cub/silhouette/Brandt_Cormorant_0082_22978.png,Brandt Cormorant,
data/cub/silhouette/Brandt_Cormorant_0083_23156.png,Brandt Cormorant,
data/cub/silhouette/Brandt_Cormorant_0084_23265.png,Brandt Cormorant,
data/cub/silhouette/Brandt_Cormorant_0087_23126.png,Brandt Cormorant,
data/cub/silhouette/Brandt_Cormorant_0088_22948.png,Brandt Cormorant,
data/cub/silhouette/Brandt_Cormorant_0091_22825.png,Brandt Cormorant,
data/cub/silhouette/Brandt_Cormorant_0092_23061.png,Brandt Cormorant,
data/cub/silhouette/Red_Faced_Cormorant_0001_796327.png,Red Faced Cormorant,
data/cub/silhouette/Red_Faced_Cormorant_0002_796275.png,Red Faced Cormorant,
data/cub/silhouette/Red_Faced_Cormorant_0003_796270.png,Red Faced Cormorant,
data/cub/silhouette/Red_Faced_Cormorant_0007_796280.png,Red Faced Cormorant,
data/cub/silhouette/Red_Faced_Cormorant_0009_796314.png,Red Faced Cormorant,
data/cub/silhouette/Red_Faced_Cormorant_0010_23421.png,Red Faced Cormorant,
data/cub/silhouette/Red_Faced_Cormorant_0013_796278.png,Red Faced Cormorant,
data/cub/silhouette/Red_Faced_Cormorant_0015_796307.png,Red Faced Cormorant,
data/cub/silhouette/Red_Faced_Cormorant_0017_796323.png,Red Faced Cormorant,
data/cub/silhouette/Red_Faced_Cormorant_0020_796318.png,Red Faced Cormorant,
data/cub/silhouette/Red_Faced_Cormorant_0021_796265.png,Red Faced Cormorant,
data/cub/silhouette/Red_Faced_Cormorant_0023_796328.png,Red Faced Cormorant,
data/cub/silhouette/Red_Faced_Cormorant_0024_796285.png,Red Faced Cormorant,
data/cub/silhouette/Red_Faced_Cormorant_0025_796306.png,Red Faced Cormorant,
data/cub/silhouette/Red_Faced_Cormorant_0026_796289.png,Red Faced Cormorant,
data/cub/silhouette/Red_Faced_Cormorant_0027_23482.png,Red Faced Cormorant,
data/cub/silhouette/Red_Faced_Cormorant_0028_796322.png,Red Faced Cormorant,
data/cub/silhouette/Red_Faced_Cormorant_0030_796325.png,Red Faced Cormorant,
data/cub/silhouette/Red_Faced_Cormorant_0032_796334.png,Red Faced Cormorant,
data/cub/silhouette/Red_Faced_Cormorant_0033_796337.png,Red Faced Cormorant,
data/cub/silhouette/Red_Faced_Cormorant_0034_23425.png,Red Faced Cormorant,
data/cub/silhouette/Red_Faced_Cormorant_0035_796294.png,Red Faced Cormorant,
data/cub/silhouette/Red_Faced_Cormorant_0036_796329.png,Red Faced Cormorant,
data/cub/silhouette/Red_Faced_Cormorant_0037_796305.png,Red Faced Cormorant,
data/cub/silhouette/Red_Faced_Cormorant_0038_796313.png,Red Faced Cormorant,
data/cub/silhouette/Red_Faced_Cormorant_0039_796308.png,Red Faced Cormorant,
data/cub/silhouette/Red_Faced_Cormorant_0040_796272.png,Red Faced Cormorant,
data/cub/silhouette/Red_Faced_Cormorant_0042_796277.png,Red Faced Cormorant,
data/cub/silhouette/Red_Faced_Cormorant_0045_796324.png,Red Faced Cormorant,
data/cub/silhouette/Red_Faced_Cormorant_0046_23446.png,Red Faced Cormorant,
data/cub/silhouette/Red_Faced_Cormorant_0047_796330.png,Red Faced Cormorant,
data/cub/silhouette/Red_Faced_Cormorant_0048_796296.png,Red Faced Cormorant,
data/cub/silhouette/Red_Faced_Cormorant_0049_796279.png,Red Faced Cormorant,
data/cub/silhouette/Red_Faced_Cormorant_0050_796276.png,Red Faced Cormorant,
data/cub/silhouette/Red_Faced_Cormorant_0052_796316.png,Red Faced Cormorant,
data/cub/silhouette/Red_Faced_Cormorant_0053_796331.png,Red Faced Cormorant,
data/cub/silhouette/Red_Faced_Cormorant_0054_796301.png,Red Faced Cormorant,
data/cub/silhouette/Red_Faced_Cormorant_0056_796297.png,Red Faced Cormorant,The answer is Red faced Cormorant
data/cub/silhouette/Red_Faced_Cormorant_0057_796286.png,Red Faced Cormorant,
data/cub/silhouette/Red_Faced_Cormorant_0058_796315.png,Red Faced Cormorant,
data/cub/silhouette/Red_Faced_Cormorant_0060_23416.png,Red Faced Cormorant,
data/cub/silhouette/Red_Faced_Cormorant_0061_796300.png,Red Faced Cormorant,
data/cub/silhouette/Red_Faced_Cormorant_0062_796336.png,Red Faced Cormorant,
data/cub/silhouette/Red_Faced_Cormorant_0063_796284.png,Red Faced Cormorant,
data/cub/silhouette/Red_Faced_Cormorant_0064_23464.png,Red Faced Cormorant,
data/cub/silhouette/Red_Faced_Cormorant_0065_796293.png,Red Faced Cormorant,
data/cub/silhouette/Red_Faced_Cormorant_0066_796333.png,Red Faced Cormorant,
data/cub/silhouette/Red_Faced_Cormorant_0068_796321.png,Red Faced Cormorant,
data/cub/silhouette/Red_Faced_Cormorant_0069_796274.png,Red Faced Cormorant,
data/cub/silhouette/Red_Faced_Cormorant_0070_796319.png,Red Faced Cormorant,
data/cub/silhouette/Red_Faced_Cormorant_0072_796269.png,Red Faced Cormorant,The answer is Red faced Cormorant
data/cub/silhouette/Red_Faced_Cormorant_0073_796332.png,Red Faced Cormorant,
data/cub/silhouette/Pelagic_Cormorant_0001_23538.png,Pelagic Cormorant,
data/cub/silhouette/Pelagic_Cormorant_0002_23680.png,Pelagic Cormorant,
data/cub/silhouette/Pelagic_Cormorant_0003_23695.png,Pelagic Cormorant,
data/cub/silhouette/Pelagic_Cormorant_0005_23720.png,Pelagic Cormorant,
data/cub/silhouette/Pelagic_Cormorant_0008_23602.png,Pelagic Cormorant,
data/cub/silhouette/Pelagic_Cormorant_0009_23561.png,Pelagic Cormorant,
data/cub/silhouette/Pelagic_Cormorant_0010_23711.png,Pelagic Cormorant,
data/cub/silhouette/Pelagic_Cormorant_0011_23667.png,Pelagic Cormorant,
data/cub/silhouette/Pelagic_Cormorant_0012_23565.png,Pelagic Cormorant,
data/cub/silhouette/Pelagic_Cormorant_0014_23801.png,Pelagic Cormorant,
data/cub/silhouette/Pelagic_Cormorant_0016_23509.png,Pelagic Cormorant,
data/cub/silhouette/Pelagic_Cormorant_0017_23875.png,Pelagic Cormorant,
data/cub/silhouette/Pelagic_Cormorant_0018_23880.png,Pelagic Cormorant,The answer is Red faced Cormorant
data/cub/silhouette/Pelagic_Cormorant_0019_23546.png,Pelagic Cormorant,
data/cub/silhouette/Pelagic_Cormorant_0022_23802.png,Pelagic Cormorant,
data/cub/silhouette/Pelagic_Cormorant_0024_23712.png,Pelagic Cormorant,
data/cub/silhouette/Pelagic_Cormorant_0025_23776.png,Pelagic Cormorant,
data/cub/silhouette/Pelagic_Cormorant_0026_23792.png,Pelagic Cormorant,
data/cub/silhouette/Pelagic_Cormorant_0029_23545.png,Pelagic Cormorant,
data/cub/silhouette/Pelagic_Cormorant_0030_23732.png,Pelagic Cormorant,
data/cub/silhouette/Pelagic_Cormorant_0032_23570.png,Pelagic Cormorant,
data/cub/silhouette/Pelagic_Cormorant_0033_23530.png,Pelagic Cormorant,
data/cub/silhouette/Pelagic_Cormorant_0035_23849.png,Pelagic Cormorant,The answer is Red faced Cormorant
data/cub/silhouette/Pelagic_Cormorant_0036_23503.png,Pelagic Cormorant,
data/cub/silhouette/Pelagic_Cormorant_0037_23889.png,Pelagic Cormorant,
data/cub/silhouette/Pelagic_Cormorant_0038_23643.png,Pelagic Cormorant,
data/cub/silhouette/Pelagic_Cormorant_0041_23763.png,Pelagic Cormorant,
data/cub/silhouette/Pelagic_Cormorant_0042_23522.png,Pelagic Cormorant,
data/cub/silhouette/Pelagic_Cormorant_0044_23536.png,Pelagic Cormorant,
data/cub/silhouette/Pelagic_Cormorant_0046_23588.png,Pelagic Cormorant,
data/cub/silhouette/Pelagic_Cormorant_0047_23718.png,Pelagic Cormorant,
data/cub/silhouette/Pelagic_Cormorant_0049_23714.png,Pelagic Cormorant,
data/cub/silhouette/Pelagic_Cormorant_0053_23760.png,Pelagic Cormorant,
data/cub/silhouette/Pelagic_Cormorant_0054_23812.png,Pelagic Cormorant,
data/cub/silhouette/Pelagic_Cormorant_0055_23415.png,Pelagic Cormorant,
data/cub/silhouette/Pelagic_Cormorant_0057_24002.png,Pelagic Cormorant,
data/cub/silhouette/Pelagic_Cormorant_0061_23548.png,Pelagic Cormorant,
data/cub/silhouette/Pelagic_Cormorant_0062_23623.png,Pelagic Cormorant,
data/cub/silhouette/Pelagic_Cormorant_0063_23515.png,Pelagic Cormorant,
data/cub/silhouette/Pelagic_Cormorant_0064_23641.png,Pelagic Cormorant,
data/cub/silhouette/Pelagic_Cormorant_0070_23513.png,Pelagic Cormorant,
data/cub/silhouette/Pelagic_Cormorant_0071_23964.png,Pelagic Cormorant,
data/cub/silhouette/Pelagic_Cormorant_0073_23785.png,Pelagic Cormorant,
data/cub/silhouette/Pelagic_Cormorant_0074_23511.png,Pelagic Cormorant,
data/cub/silhouette/Pelagic_Cormorant_0075_23645.png,Pelagic Cormorant,
data/cub/silhouette/Pelagic_Cormorant_0076_23523.png,Pelagic Cormorant,
data/cub/silhouette/Pelagic_Cormorant_0080_23890.png,Pelagic Cormorant,
data/cub/silhouette/Pelagic_Cormorant_0082_23844.png,Pelagic Cormorant,
data/cub/silhouette/Pelagic_Cormorant_0083_23557.png,Pelagic Cormorant,
data/cub/silhouette/Pelagic_Cormorant_0084_23836.png,Pelagic Cormorant,
data/cub/silhouette/Pelagic_Cormorant_0085_23821.png,Pelagic Cormorant,
data/cub/silhouette/Pelagic_Cormorant_0086_23719.png,Pelagic Cormorant,
data/cub/silhouette/Pelagic_Cormorant_0088_23855.png,Pelagic Cormorant,
data/cub/silhouette/Pelagic_Cormorant_0092_23639.png,Pelagic Cormorant,
data/cub/silhouette/Pelagic_Cormorant_0093_23722.png,Pelagic Cormorant,
data/cub/silhouette/Pelagic_Cormorant_0096_23775.png,Pelagic Cormorant,
data/cub/silhouette/Pelagic_Cormorant_0098_23783.png,Pelagic Cormorant,
data/cub/silhouette/Pelagic_Cormorant_0099_23784.png,Pelagic Cormorant,
data/cub/silhouette/Pelagic_Cormorant_0100_23894.png,Pelagic Cormorant,
data/cub/silhouette/Pelagic_Cormorant_0102_23778.png,Pelagic Cormorant,
data/cub/silhouette/Bronzed_Cowbird_0001_796219.png,Bronzed Cowbird,
data/cub/silhouette/Bronzed_Cowbird_0002_796244.png,Bronzed Cowbird,
data/cub/silhouette/Bronzed_Cowbird_0003_796246.png,Bronzed Cowbird,
data/cub/silhouette/Bronzed_Cowbird_0005_24173.png,Bronzed Cowbird,
data/cub/silhouette/Bronzed_Cowbird_0008_796250.png,Bronzed Cowbird,
data/cub/silhouette/Bronzed_Cowbird_0009_24033.png,Bronzed Cowbird,
data/cub/silhouette/Bronzed_Cowbird_0010_24146.png,Bronzed Cowbird,
data/cub/silhouette/Bronzed_Cowbird_0011_24138.png,Bronzed Cowbird,
data/cub/silhouette/Bronzed_Cowbird_0012_796247.png,Bronzed Cowbird,
data/cub/silhouette/Bronzed_Cowbird_0013_24131.png,Bronzed Cowbird,
data/cub/silhouette/Bronzed_Cowbird_0014_24030.png,Bronzed Cowbird,The answer is Red faced Cormorant
data/cub/silhouette/Bronzed_Cowbird_0016_796245.png,Bronzed Cowbird,
data/cub/silhouette/Bronzed_Cowbird_0017_24019.png,Bronzed Cowbird,
data/cub/silhouette/Bronzed_Cowbird_0018_24140.png,Bronzed Cowbird,
data/cub/silhouette/Bronzed_Cowbird_0019_796242.png,Bronzed Cowbird,
data/cub/silhouette/Bronzed_Cowbird_0020_796237.png,Bronzed Cowbird,The answer is Red faced Cormorant
data/cub/silhouette/Bronzed_Cowbird_0021_24189.png,Bronzed Cowbird,
data/cub/silhouette/Bronzed_Cowbird_0022_796221.png,Bronzed Cowbird,
data/cub/silhouette/Bronzed_Cowbird_0023_24058.png,Bronzed Cowbird,
data/cub/silhouette/Bronzed_Cowbird_0024_24167.png,Bronzed Cowbird,
data/cub/silhouette/Bronzed_Cowbird_0025_796213.png,Bronzed Cowbird,
data/cub/silhouette/Bronzed_Cowbird_0026_796229.png,Bronzed Cowbird,
data/cub/silhouette/Bronzed_Cowbird_0027_24022.png,Bronzed Cowbird,
data/cub/silhouette/Bronzed_Cowbird_0029_796256.png,Bronzed Cowbird,
data/cub/silhouette/Bronzed_Cowbird_0030_24103.png,Bronzed Cowbird,
data/cub/silhouette/Bronzed_Cowbird_0031_24139.png,Bronzed Cowbird,
data/cub/silhouette/Bronzed_Cowbird_0032_796233.png,Bronzed Cowbird,
data/cub/silhouette/Bronzed_Cowbird_0034_796209.png,Bronzed Cowbird,
data/cub/silhouette/Bronzed_Cowbird_0037_24032.png,Bronzed Cowbird,
data/cub/silhouette/Bronzed_Cowbird_0039_24026.png,Bronzed Cowbird,
data/cub/silhouette/Bronzed_Cowbird_0040_24134.png,Bronzed Cowbird,
data/cub/silhouette/Bronzed_Cowbird_0043_796224.png,Bronzed Cowbird,
data/cub/silhouette/Bronzed_Cowbird_0044_24145.png,Bronzed Cowbird,
data/cub/silhouette/Bronzed_Cowbird_0046_796218.png,Bronzed Cowbird,
data/cub/silhouette/Bronzed_Cowbird_0049_24147.png,Bronzed Cowbird,
data/cub/silhouette/Bronzed_Cowbird_0051_24083.png,Bronzed Cowbird,The answer is Red faced Cormorant
data/cub/silhouette/Bronzed_Cowbird_0052_796216.png,Bronzed Cowbird,
data/cub/silhouette/Bronzed_Cowbird_0053_24170.png,Bronzed Cowbird,
data/cub/silhouette/Bronzed_Cowbird_0054_24159.png,Bronzed Cowbird,
data/cub/silhouette/Bronzed_Cowbird_0055_24076.png,Bronzed Cowbird,
data/cub/silhouette/Bronzed_Cowbird_0056_796222.png,Bronzed Cowbird,
data/cub/silhouette/Bronzed_Cowbird_0057_24074.png,Bronzed Cowbird,
data/cub/silhouette/Bronzed_Cowbird_0058_796239.png,Bronzed Cowbird,
data/cub/silhouette/Bronzed_Cowbird_0060_24082.png,Bronzed Cowbird,
data/cub/silhouette/Bronzed_Cowbird_0061_796232.png,Bronzed Cowbird,
data/cub/silhouette/Bronzed_Cowbird_0062_796238.png,Bronzed Cowbird,
data/cub/silhouette/Bronzed_Cowbird_0064_24199.png,Bronzed Cowbird,
data/cub/silhouette/Bronzed_Cowbird_0073_796226.png,Bronzed Cowbird,
data/cub/silhouette/Bronzed_Cowbird_0074_24045.png,Bronzed Cowbird,
data/cub/silhouette/Bronzed_Cowbird_0076_796235.png,Bronzed Cowbird,
data/cub/silhouette/Bronzed_Cowbird_0078_796262.png,Bronzed Cowbird,
data/cub/silhouette/Bronzed_Cowbird_0081_24198.png,Bronzed Cowbird,
data/cub/silhouette/Bronzed_Cowbird_0082_24175.png,Bronzed Cowbird,
data/cub/silhouette/Bronzed_Cowbird_0085_24152.png,Bronzed Cowbird,
data/cub/silhouette/Bronzed_Cowbird_0086_796259.png,Bronzed Cowbird,
data/cub/silhouette/Bronzed_Cowbird_0087_796223.png,Bronzed Cowbird,
data/cub/silhouette/Bronzed_Cowbird_0089_796220.png,Bronzed Cowbird,
data/cub/silhouette/Bronzed_Cowbird_0090_24179.png,Bronzed Cowbird,
data/cub/silhouette/Bronzed_Cowbird_0091_796212.png,Bronzed Cowbird,
data/cub/silhouette/Bronzed_Cowbird_0092_796215.png,Bronzed Cowbird,
data/cub/silhouette/Shiny_Cowbird_0001_796860.png,Shiny Cowbird,
data/cub/silhouette/Shiny_Cowbird_0002_24380.png,Shiny Cowbird,
data/cub/silhouette/Shiny_Cowbird_0004_796841.png,Shiny Cowbird,
data/cub/silhouette/Shiny_Cowbird_0005_796873.png,Shiny Cowbird,
data/cub/silhouette/Shiny_Cowbird_0006_796864.png,Shiny Cowbird,
data/cub/silhouette/Shiny_Cowbird_0007_24434.png,Shiny Cowbird,
data/cub/silhouette/Shiny_Cowbird_0009_796835.png,Shiny Cowbird,
data/cub/silhouette/Shiny_Cowbird_0010_24439.png,Shiny Cowbird,
data/cub/silhouette/Shiny_Cowbird_0012_24249.png,Shiny Cowbird,
data/cub/silhouette/Shiny_Cowbird_0014_24214.png,Shiny Cowbird,
data/cub/silhouette/Shiny_Cowbird_0015_796858.png,Shiny Cowbird,
data/cub/silhouette/Shiny_Cowbird_0017_796853.png,Shiny Cowbird,
data/cub/silhouette/Shiny_Cowbird_0018_796830.png,Shiny Cowbird,
data/cub/silhouette/Shiny_Cowbird_0019_24323.png,Shiny Cowbird,
data/cub/silhouette/Shiny_Cowbird_0020_24276.png,Shiny Cowbird,
data/cub/silhouette/Shiny_Cowbird_0021_796870.png,Shiny Cowbird,
data/cub/silhouette/Shiny_Cowbird_0024_24281.png,Shiny Cowbird,
data/cub/silhouette/Shiny_Cowbird_0025_24444.png,Shiny Cowbird,
data/cub/silhouette/Shiny_Cowbird_0026_796847.png,Shiny Cowbird,
data/cub/silhouette/Shiny_Cowbird_0027_796850.png,Shiny Cowbird,
data/cub/silhouette/Shiny_Cowbird_0029_24372.png,Shiny Cowbird,
data/cub/silhouette/Shiny_Cowbird_0030_24206.png,Shiny Cowbird,
data/cub/silhouette/Shiny_Cowbird_0031_796851.png,Shiny Cowbird,
data/cub/silhouette/Shiny_Cowbird_0032_24284.png,Shiny Cowbird,
data/cub/silhouette/Shiny_Cowbird_0034_796849.png,Shiny Cowbird,
data/cub/silhouette/Shiny_Cowbird_0035_796837.png,Shiny Cowbird,
data/cub/silhouette/Shiny_Cowbird_0036_24274.png,Shiny Cowbird,The answer is Red faced Cormorant
data/cub/silhouette/Shiny_Cowbird_0037_24440.png,Shiny Cowbird,
data/cub/silhouette/Shiny_Cowbird_0039_24359.png,Shiny Cowbird,
data/cub/silhouette/Shiny_Cowbird_0040_24379.png,Shiny Cowbird,The answer is Red faced Cormorant
data/cub/silhouette/Shiny_Cowbird_0043_796857.png,Shiny Cowbird,
data/cub/silhouette/Shiny_Cowbird_0044_24239.png,Shiny Cowbird,
data/cub/silhouette/Shiny_Cowbird_0045_796856.png,Shiny Cowbird,
data/cub/silhouette/Shiny_Cowbird_0047_24210.png,Shiny Cowbird,
data/cub/silhouette/Shiny_Cowbird_0051_24438.png,Shiny Cowbird,The answer is Red faced Cormorant
data/cub/silhouette/Shiny_Cowbird_0055_24331.png,Shiny Cowbird,
data/cub/silhouette/Shiny_Cowbird_0056_24321.png,Shiny Cowbird,
data/cub/silhouette/Shiny_Cowbird_0057_24345.png,Shiny Cowbird,
data/cub/silhouette/Shiny_Cowbird_0059_24421.png,Shiny Cowbird,
data/cub/silhouette/Shiny_Cowbird_0061_796874.png,Shiny Cowbird,
data/cub/silhouette/Shiny_Cowbird_0062_24271.png,Shiny Cowbird,
data/cub/silhouette/Shiny_Cowbird_0063_24259.png,Shiny Cowbird,
data/cub/silhouette/Shiny_Cowbird_0064_796848.png,Shiny Cowbird,
data/cub/silhouette/Shiny_Cowbird_0066_24358.png,Shiny Cowbird,
data/cub/silhouette/Shiny_Cowbird_0067_24392.png,Shiny Cowbird,
data/cub/silhouette/Shiny_Cowbird_0068_24413.png,Shiny Cowbird,
data/cub/silhouette/Shiny_Cowbird_0069_24351.png,Shiny Cowbird,
data/cub/silhouette/Shiny_Cowbird_0070_796832.png,Shiny Cowbird,
data/cub/silhouette/Shiny_Cowbird_0074_24297.png,Shiny Cowbird,
data/cub/silhouette/Shiny_Cowbird_0075_24335.png,Shiny Cowbird,
data/cub/silhouette/Shiny_Cowbird_0076_24363.png,Shiny Cowbird,
data/cub/silhouette/Shiny_Cowbird_0077_24273.png,Shiny Cowbird,
data/cub/silhouette/Shiny_Cowbird_0078_796846.png,Shiny Cowbird,
data/cub/silhouette/Shiny_Cowbird_0079_24399.png,Shiny Cowbird,
data/cub/silhouette/Shiny_Cowbird_0080_796875.png,Shiny Cowbird,
data/cub/silhouette/Shiny_Cowbird_0081_796833.png,Shiny Cowbird,
data/cub/silhouette/Shiny_Cowbird_0082_24279.png,Shiny Cowbird,
data/cub/silhouette/Shiny_Cowbird_0083_796834.png,Shiny Cowbird,
data/cub/silhouette/Shiny_Cowbird_0085_796839.png,Shiny Cowbird,
data/cub/silhouette/Shiny_Cowbird_0086_24386.png,Shiny Cowbird,
data/cub/silhouette/Brown_Creeper_0001_24449.png,Brown Creeper,
data/cub/silhouette/Brown_Creeper_0002_24838.png,Brown Creeper,
data/cub/silhouette/Brown_Creeper_0004_24851.png,Brown Creeper,
data/cub/silhouette/Brown_Creeper_0005_24659.png,Brown Creeper,
data/cub/silhouette/Brown_Creeper_0006_25034.png,Brown Creeper,
data/cub/silhouette/Brown_Creeper_0007_24902.png,Brown Creeper,
data/cub/silhouette/Brown_Creeper_0012_24956.png,Brown Creeper,
data/cub/silhouette/Brown_Creeper_0023_24940.png,Brown Creeper,The answer is Red faced Cormorant
data/cub/silhouette/Brown_Creeper_0027_24729.png,Brown Creeper,
data/cub/silhouette/Brown_Creeper_0029_24912.png,Brown Creeper,
data/cub/silhouette/Brown_Creeper_0031_24999.png,Brown Creeper,
data/cub/silhouette/Brown_Creeper_0032_24800.png,Brown Creeper,
data/cub/silhouette/Brown_Creeper_0035_24941.png,Brown Creeper,
data/cub/silhouette/Brown_Creeper_0042_24578.png,Brown Creeper,
data/cub/silhouette/Brown_Creeper_0043_24549.png,Brown Creeper,The answer is Red faced Cormorant
data/cub/silhouette/Brown_Creeper_0046_24463.png,Brown Creeper,
data/cub/silhouette/Brown_Creeper_0047_24984.png,Brown Creeper,
data/cub/silhouette/Brown_Creeper_0048_24976.png,Brown Creeper,
data/cub/silhouette/Brown_Creeper_0049_24911.png,Brown Creeper,
data/cub/silhouette/Brown_Creeper_0051_24468.png,Brown Creeper,
data/cub/silhouette/Brown_Creeper_0053_24451.png,Brown Creeper,
data/cub/silhouette/Brown_Creeper_0056_24452.png,Brown Creeper,
data/cub/silhouette/Brown_Creeper_0057_24529.png,Brown Creeper,
data/cub/silhouette/Brown_Creeper_0058_24933.png,Brown Creeper,
data/cub/silhouette/Brown_Creeper_0059_25010.png,Brown Creeper,
data/cub/silhouette/Brown_Creeper_0061_24601.png,Brown Creeper,
data/cub/silhouette/Brown_Creeper_0063_24724.png,Brown Creeper,
data/cub/silhouette/Brown_Creeper_0064_24840.png,Brown Creeper,
data/cub/silhouette/Brown_Creeper_0065_24464.png,Brown Creeper,
data/cub/silhouette/Brown_Creeper_0069_24618.png,Brown Creeper,
data/cub/silhouette/Brown_Creeper_0072_24977.png,Brown Creeper,
data/cub/silhouette/Brown_Creeper_0073_24546.png,Brown Creeper,
data/cub/silhouette/Brown_Creeper_0074_24789.png,Brown Creeper,
data/cub/silhouette/Brown_Creeper_0075_24947.png,Brown Creeper,The answer is Red faced Cormorant
data/cub/silhouette/Brown_Creeper_0079_24647.png,Brown Creeper,
data/cub/silhouette/Brown_Creeper_0083_24967.png,Brown Creeper,
data/cub/silhouette/Brown_Creeper_0085_24938.png,Brown Creeper,
data/cub/silhouette/Brown_Creeper_0088_24731.png,Brown Creeper,
data/cub/silhouette/Brown_Creeper_0089_24841.png,Brown Creeper,
data/cub/silhouette/Brown_Creeper_0093_24581.png,Brown Creeper,
data/cub/silhouette/Brown_Creeper_0100_24502.png,Brown Creeper,
data/cub/silhouette/Brown_Creeper_0101_24987.png,Brown Creeper,
data/cub/silhouette/Brown_Creeper_0102_25000.png,Brown Creeper,
data/cub/silhouette/Brown_Creeper_0103_24632.png,Brown Creeper,
data/cub/silhouette/Brown_Creeper_0104_24698.png,Brown Creeper,
data/cub/silhouette/Brown_Creeper_0106_24617.png,Brown Creeper,The answer is Red faced Cormorant
data/cub/silhouette/Brown_Creeper_0107_24827.png,Brown Creeper,
data/cub/silhouette/Brown_Creeper_0110_24866.png,Brown Creeper,
data/cub/silhouette/Brown_Creeper_0111_24590.png,Brown Creeper,
data/cub/silhouette/Brown_Creeper_0113_24560.png,Brown Creeper,
data/cub/silhouette/Brown_Creeper_0114_24649.png,Brown Creeper,
data/cub/silhouette/Brown_Creeper_0115_24488.png,Brown Creeper,
data/cub/silhouette/Brown_Creeper_0118_24500.png,Brown Creeper,
data/cub/silhouette/Brown_Creeper_0120_24955.png,Brown Creeper,The class is Cuckoo.
data/cub/silhouette/Brown_Creeper_0121_24574.png,Brown Creeper,
data/cub/silhouette/Brown_Creeper_0123_24589.png,Brown Creeper,
data/cub/silhouette/Brown_Creeper_0124_24963.png,Brown Creeper,
data/cub/silhouette/Brown_Creeper_0125_24995.png,Brown Creeper,
data/cub/silhouette/Brown_Creeper_0127_24656.png,Brown Creeper,
data/cub/silhouette/American_Crow_0001_25053.png,American Crow,
data/cub/silhouette/American_Crow_0002_25122.png,American Crow,
data/cub/silhouette/American_Crow_0003_25130.png,American Crow,
data/cub/silhouette/American_Crow_0004_25819.png,American Crow,
data/cub/silhouette/American_Crow_0011_25151.png,American Crow,
data/cub/silhouette/American_Crow_0012_25305.png,American Crow,
data/cub/silhouette/American_Crow_0014_25287.png,American Crow,
data/cub/silhouette/American_Crow_0016_25112.png,American Crow,
data/cub/silhouette/American_Crow_0020_25618.png,American Crow,
data/cub/silhouette/American_Crow_0021_25137.png,American Crow,
data/cub/silhouette/American_Crow_0025_25522.png,American Crow,
data/cub/silhouette/American_Crow_0027_25146.png,American Crow,
data/cub/silhouette/American_Crow_0030_25092.png,American Crow,
data/cub/silhouette/American_Crow_0031_25433.png,American Crow,
data/cub/silhouette/American_Crow_0036_25313.png,American Crow,
data/cub/silhouette/American_Crow_0039_25061.png,American Crow,
data/cub/silhouette/American_Crow_0043_25666.png,American Crow,
data/cub/silhouette/American_Crow_0047_25397.png,American Crow,
data/cub/silhouette/American_Crow_0048_25062.png,American Crow,
data/cub/silhouette/American_Crow_0050_25255.png,American Crow,
data/cub/silhouette/American_Crow_0051_25505.png,American Crow,
data/cub/silhouette/American_Crow_0053_25203.png,American Crow,The answer is Red faced Cormorant
data/cub/silhouette/American_Crow_0059_25599.png,American Crow,
data/cub/silhouette/American_Crow_0062_25587.png,American Crow,
data/cub/silhouette/American_Crow_0066_25827.png,American Crow,
data/cub/silhouette/American_Crow_0067_25443.png,American Crow,
data/cub/silhouette/American_Crow_0068_25198.png,American Crow,
data/cub/silhouette/American_Crow_0069_25506.png,American Crow,
data/cub/silhouette/American_Crow_0074_25350.png,American Crow,
data/cub/silhouette/American_Crow_0079_25463.png,American Crow,
data/cub/silhouette/American_Crow_0080_25220.png,American Crow,
data/cub/silhouette/American_Crow_0081_25837.png,American Crow,
data/cub/silhouette/American_Crow_0085_25260.png,American Crow,
data/cub/silhouette/American_Crow_0088_25303.png,American Crow,
data/cub/silhouette/American_Crow_0093_25694.png,American Crow,
data/cub/silhouette/American_Crow_0094_25576.png,American Crow,
data/cub/silhouette/American_Crow_0099_25717.png,American Crow,
data/cub/silhouette/American_Crow_0101_25118.png,American Crow,
data/cub/silhouette/American_Crow_0102_25066.png,American Crow,
data/cub/silhouette/American_Crow_0104_25086.png,American Crow,
data/cub/silhouette/American_Crow_0105_25283.png,American Crow,
data/cub/silhouette/American_Crow_0107_25353.png,American Crow,
data/cub/silhouette/American_Crow_0109_25123.png,American Crow,
data/cub/silhouette/American_Crow_0110_25541.png,American Crow,
data/cub/silhouette/American_Crow_0111_25127.png,American Crow,
data/cub/silhouette/American_Crow_0113_25149.png,American Crow,
data/cub/silhouette/American_Crow_0116_25199.png,American Crow,
data/cub/silhouette/American_Crow_0117_25090.png,American Crow,
data/cub/silhouette/American_Crow_0119_25610.png,American Crow,The answer is Red faced Cormorant
data/cub/silhouette/American_Crow_0121_25720.png,American Crow,
data/cub/silhouette/American_Crow_0122_25200.png,American Crow,
data/cub/silhouette/American_Crow_0124_25356.png,American Crow,
data/cub/silhouette/American_Crow_0127_25412.png,American Crow,
data/cub/silhouette/American_Crow_0130_25163.png,American Crow,
data/cub/silhouette/American_Crow_0131_25706.png,American Crow,
data/cub/silhouette/American_Crow_0132_25704.png,American Crow,
data/cub/silhouette/American_Crow_0134_25206.png,American Crow,
data/cub/silhouette/American_Crow_0136_25117.png,American Crow,
data/cub/silhouette/American_Crow_0137_25221.png,American Crow,
data/cub/silhouette/American_Crow_0139_25186.png,American Crow,
data/cub/silhouette/Fish_Crow_0001_26031.png,Fish Crow,
data/cub/silhouette/Fish_Crow_0002_26072.png,Fish Crow,
data/cub/silhouette/Fish_Crow_0003_25970.png,Fish Crow,
data/cub/silhouette/Fish_Crow_0004_25936.png,Fish Crow,
data/cub/silhouette/Fish_Crow_0005_25912.png,Fish Crow,
data/cub/silhouette/Fish_Crow_0007_26023.png,Fish Crow,
data/cub/silhouette/Fish_Crow_0010_25836.png,Fish Crow,
data/cub/silhouette/Fish_Crow_0011_25866.png,Fish Crow,
data/cub/silhouette/Fish_Crow_0012_25946.png,Fish Crow,
data/cub/silhouette/Fish_Crow_0013_25939.png,Fish Crow,
data/cub/silhouette/Fish_Crow_0014_26041.png,Fish Crow,
data/cub/silhouette/Fish_Crow_0016_25854.png,Fish Crow,
data/cub/silhouette/Fish_Crow_0017_26127.png,Fish Crow,
data/cub/silhouette/Fish_Crow_0018_25879.png,Fish Crow,
data/cub/silhouette/Fish_Crow_0020_26027.png,Fish Crow,
data/cub/silhouette/Fish_Crow_0022_26062.png,Fish Crow,
data/cub/silhouette/Fish_Crow_0023_26037.png,Fish Crow,
data/cub/silhouette/Fish_Crow_0024_26064.png,Fish Crow,
data/cub/silhouette/Fish_Crow_0025_25893.png,Fish Crow,
data/cub/silhouette/Fish_Crow_0028_25968.png,Fish Crow,
data/cub/silhouette/Fish_Crow_0031_25909.png,Fish Crow,
data/cub/silhouette/Fish_Crow_0032_26014.png,Fish Crow,
data/cub/silhouette/Fish_Crow_0033_25915.png,Fish Crow,
data/cub/silhouette/Fish_Crow_0034_25891.png,Fish Crow,
data/cub/silhouette/Fish_Crow_0035_26081.png,Fish Crow,
data/cub/silhouette/Fish_Crow_0036_25911.png,Fish Crow,
data/cub/silhouette/Fish_Crow_0037_26071.png,Fish Crow,
data/cub/silhouette/Fish_Crow_0038_26000.png,Fish Crow,
data/cub/silhouette/Fish_Crow_0040_25158.png,Fish Crow,
data/cub/silhouette/Fish_Crow_0041_25887.png,Fish Crow,
data/cub/silhouette/Fish_Crow_0042_26148.png,Fish Crow,
data/cub/silhouette/Fish_Crow_0043_25847.png,Fish Crow,
data/cub/silhouette/Fish_Crow_0044_25964.png,Fish Crow,
data/cub/silhouette/Fish_Crow_0047_26070.png,Fish Crow,The answer is Red faced Cormorant
data/cub/silhouette/Fish_Crow_0049_26040.png,Fish Crow,
data/cub/silhouette/Fish_Crow_0051_25934.png,Fish Crow,
data/cub/silhouette/Fish_Crow_0053_26067.png,Fish Crow,
data/cub/silhouette/Fish_Crow_0055_26077.png,Fish Crow,
data/cub/silhouette/Fish_Crow_0056_25851.png,Fish Crow,
data/cub/silhouette/Fish_Crow_0058_25999.png,Fish Crow,
data/cub/silhouette/Fish_Crow_0059_25864.png,Fish Crow,
data/cub/silhouette/Fish_Crow_0060_26016.png,Fish Crow,
data/cub/silhouette/Fish_Crow_0061_25884.png,Fish Crow,
data/cub/silhouette/Fish_Crow_0063_26094.png,Fish Crow,
data/cub/silhouette/Fish_Crow_0065_25942.png,Fish Crow,
data/cub/silhouette/Fish_Crow_0067_26124.png,Fish Crow,
data/cub/silhouette/Fish_Crow_0068_25859.png,Fish Crow,The answer is Red faced Cormorant
data/cub/silhouette/Fish_Crow_0069_26008.png,Fish Crow,
data/cub/silhouette/Fish_Crow_0070_25504.png,Fish Crow,
data/cub/silhouette/Fish_Crow_0071_25155.png,Fish Crow,
data/cub/silhouette/Fish_Crow_0072_25945.png,Fish Crow,
data/cub/silhouette/Fish_Crow_0073_25977.png,Fish Crow,
data/cub/silhouette/Fish_Crow_0076_25971.png,Fish Crow,
data/cub/silhouette/Fish_Crow_0078_26144.png,Fish Crow,
data/cub/silhouette/Fish_Crow_0079_26030.png,Fish Crow,
data/cub/silhouette/Fish_Crow_0080_25861.png,Fish Crow,
data/cub/silhouette/Fish_Crow_0081_25908.png,Fish Crow,
data/cub/silhouette/Fish_Crow_0082_26012.png,Fish Crow,
data/cub/silhouette/Fish_Crow_0083_25949.png,Fish Crow,
data/cub/silhouette/Fish_Crow_0085_25919.png,Fish Crow,
data/cub/silhouette/Black_Billed_Cuckoo_0001_26242.png,Black Billed Cuckoo,
data/cub/silhouette/Black_Billed_Cuckoo_0005_26161.png,Black Billed Cuckoo,
data/cub/silhouette/Black_Billed_Cuckoo_0006_26233.png,Black Billed Cuckoo,
data/cub/silhouette/Black_Billed_Cuckoo_0007_26320.png,Black Billed Cuckoo,
data/cub/silhouette/Black_Billed_Cuckoo_0008_795305.png,Black Billed Cuckoo,
data/cub/silhouette/Black_Billed_Cuckoo_0015_26208.png,Black Billed Cuckoo,
data/cub/silhouette/Black_Billed_Cuckoo_0017_26221.png,Black Billed Cuckoo,
data/cub/silhouette/Black_Billed_Cuckoo_0018_26218.png,Black Billed Cuckoo,
data/cub/silhouette/Black_Billed_Cuckoo_0019_795329.png,Black Billed Cuckoo,
data/cub/silhouette/Black_Billed_Cuckoo_0022_795319.png,Black Billed Cuckoo,
data/cub/silhouette/Black_Billed_Cuckoo_0023_26258.png,Black Billed Cuckoo,
data/cub/silhouette/Black_Billed_Cuckoo_0024_795331.png,Black Billed Cuckoo,
data/cub/silhouette/Black_Billed_Cuckoo_0027_26319.png,Black Billed Cuckoo,
data/cub/silhouette/Black_Billed_Cuckoo_0028_26165.png,Black Billed Cuckoo,
data/cub/silhouette/Black_Billed_Cuckoo_0030_26240.png,Black Billed Cuckoo,
data/cub/silhouette/Black_Billed_Cuckoo_0031_26318.png,Black Billed Cuckoo,
data/cub/silhouette/Black_Billed_Cuckoo_0032_26292.png,Black Billed Cuckoo,
data/cub/silhouette/Black_Billed_Cuckoo_0034_795320.png,Black Billed Cuckoo,
data/cub/silhouette/Black_Billed_Cuckoo_0037_795330.png,Black Billed Cuckoo,
data/cub/silhouette/Black_Billed_Cuckoo_0042_795308.png,Black Billed Cuckoo,
data/cub/silhouette/Black_Billed_Cuckoo_0043_795324.png,Black Billed Cuckoo,
data/cub/silhouette/Black_Billed_Cuckoo_0044_26243.png,Black Billed Cuckoo,
data/cub/silhouette/Black_Billed_Cuckoo_0045_26194.png,Black Billed Cuckoo,
data/cub/silhouette/Black_Billed_Cuckoo_0046_795328.png,Black Billed Cuckoo,
data/cub/silhouette/Black_Billed_Cuckoo_0047_26176.png,Black Billed Cuckoo,
data/cub/silhouette/Black_Billed_Cuckoo_0051_795318.png,Black Billed Cuckoo,
data/cub/silhouette/Black_Billed_Cuckoo_0052_26232.png,Black Billed Cuckoo,
data/cub/silhouette/Black_Billed_Cuckoo_0053_795321.png,Black Billed Cuckoo,
data/cub/silhouette/Black_Billed_Cuckoo_0054_26313.png,Black Billed Cuckoo,
data/cub/silhouette/Black_Billed_Cuckoo_0055_26223.png,Black Billed Cuckoo,
data/cub/silhouette/Black_Billed_Cuckoo_0057_795323.png,Black Billed Cuckoo,
data/cub/silhouette/Black_Billed_Cuckoo_0058_795292.png,Black Billed Cuckoo,
data/cub/silhouette/Black_Billed_Cuckoo_0061_795327.png,Black Billed Cuckoo,
data/cub/silhouette/Black_Billed_Cuckoo_0062_795309.png,Black Billed Cuckoo,
data/cub/silhouette/Black_Billed_Cuckoo_0065_26203.png,Black Billed Cuckoo,
data/cub/silhouette/Black_Billed_Cuckoo_0066_26303.png,Black Billed Cuckoo,
data/cub/silhouette/Black_Billed_Cuckoo_0069_795326.png,Black Billed Cuckoo,
data/cub/silhouette/Black_Billed_Cuckoo_0070_795310.png,Black Billed Cuckoo,
data/cub/silhouette/Black_Billed_Cuckoo_0071_26288.png,Black Billed Cuckoo,
data/cub/silhouette/Black_Billed_Cuckoo_0073_795304.png,Black Billed Cuckoo,
data/cub/silhouette/Black_Billed_Cuckoo_0074_795286.png,Black Billed Cuckoo,
data/cub/silhouette/Black_Billed_Cuckoo_0075_795298.png,Black Billed Cuckoo,
data/cub/silhouette/Black_Billed_Cuckoo_0076_26177.png,Black Billed Cuckoo,
data/cub/silhouette/Black_Billed_Cuckoo_0077_26222.png,Black Billed Cuckoo,
data/cub/silhouette/Black_Billed_Cuckoo_0079_26180.png,Black Billed Cuckoo,
data/cub/silhouette/Black_Billed_Cuckoo_0081_26209.png,Black Billed Cuckoo,
data/cub/silhouette/Black_Billed_Cuckoo_0082_26241.png,Black Billed Cuckoo,
data/cub/silhouette/Black_Billed_Cuckoo_0083_795315.png,Black Billed Cuckoo,
data/cub/silhouette/Black_Billed_Cuckoo_0084_26175.png,Black Billed Cuckoo,
data/cub/silhouette/Black_Billed_Cuckoo_0085_795294.png,Black Billed Cuckoo,
data/cub/silhouette/Black_Billed_Cuckoo_0086_26188.png,Black Billed Cuckoo,
data/cub/silhouette/Black_Billed_Cuckoo_0087_795300.png,Black Billed Cuckoo,
data/cub/silhouette/Black_Billed_Cuckoo_0088_26217.png,Black Billed Cuckoo,
data/cub/silhouette/Black_Billed_Cuckoo_0089_795322.png,Black Billed Cuckoo,
data/cub/silhouette/Black_Billed_Cuckoo_0090_26311.png,Black Billed Cuckoo,
data/cub/silhouette/Black_Billed_Cuckoo_0091_26246.png,Black Billed Cuckoo,
data/cub/silhouette/Black_Billed_Cuckoo_0092_795313.png,Black Billed Cuckoo,
data/cub/silhouette/Black_Billed_Cuckoo_0093_795316.png,Black Billed Cuckoo,
data/cub/silhouette/Black_Billed_Cuckoo_0095_795307.png,Black Billed Cuckoo,
data/cub/silhouette/Black_Billed_Cuckoo_0096_26204.png,Black Billed Cuckoo,
data/cub/silhouette/Mangrove_Cuckoo_0001_794601.png,Mangrove Cuckoo,
data/cub/silhouette/Mangrove_Cuckoo_0002_26410.png,Mangrove Cuckoo,
data/cub/silhouette/Mangrove_Cuckoo_0003_794619.png,Mangrove Cuckoo,
data/cub/silhouette/Mangrove_Cuckoo_0004_794614.png,Mangrove Cuckoo,
data/cub/silhouette/Mangrove_Cuckoo_0005_794599.png,Mangrove Cuckoo,
data/cub/silhouette/Mangrove_Cuckoo_0006_794626.png,Mangrove Cuckoo,
data/cub/silhouette/Mangrove_Cuckoo_0007_794610.png,Mangrove Cuckoo,
data/cub/silhouette/Mangrove_Cuckoo_0008_26357.png,Mangrove Cuckoo,
data/cub/silhouette/Mangrove_Cuckoo_0009_26354.png,Mangrove Cuckoo,
data/cub/silhouette/Mangrove_Cuckoo_0010_26399.png,Mangrove Cuckoo,
data/cub/silhouette/Mangrove_Cuckoo_0011_26406.png,Mangrove Cuckoo,
data/cub/silhouette/Mangrove_Cuckoo_0012_26382.png,Mangrove Cuckoo,
data/cub/silhouette/Mangrove_Cuckoo_0013_794620.png,Mangrove Cuckoo,
data/cub/silhouette/Mangrove_Cuckoo_0014_26388.png,Mangrove Cuckoo,
data/cub/silhouette/Mangrove_Cuckoo_0015_26380.png,Mangrove Cuckoo,
data/cub/silhouette/Mangrove_Cuckoo_0016_794607.png,Mangrove Cuckoo,
data/cub/silhouette/Mangrove_Cuckoo_0017_794623.png,Mangrove Cuckoo,
data/cub/silhouette/Mangrove_Cuckoo_0018_794593.png,Mangrove Cuckoo,
data/cub/silhouette/Mangrove_Cuckoo_0019_794621.png,Mangrove Cuckoo,
data/cub/silhouette/Mangrove_Cuckoo_0020_794629.png,Mangrove Cuckoo,
data/cub/silhouette/Mangrove_Cuckoo_0021_794602.png,Mangrove Cuckoo,
data/cub/silhouette/Mangrove_Cuckoo_0022_794625.png,Mangrove Cuckoo,
data/cub/silhouette/Mangrove_Cuckoo_0023_26409.png,Mangrove Cuckoo,The answer is Red faced Cormorant
data/cub/silhouette/Mangrove_Cuckoo_0024_794630.png,Mangrove Cuckoo,
data/cub/silhouette/Mangrove_Cuckoo_0025_26375.png,Mangrove Cuckoo,
data/cub/silhouette/Mangrove_Cuckoo_0026_794609.png,Mangrove Cuckoo,
data/cub/silhouette/Mangrove_Cuckoo_0027_26360.png,Mangrove Cuckoo,
data/cub/silhouette/Mangrove_Cuckoo_0028_26358.png,Mangrove Cuckoo,
data/cub/silhouette/Mangrove_Cuckoo_0029_794624.png,Mangrove Cuckoo,
data/cub/silhouette/Mangrove_Cuckoo_0030_26350.png,Mangrove Cuckoo,
data/cub/silhouette/Mangrove_Cuckoo_0031_26401.png,Mangrove Cuckoo,
data/cub/silhouette/Mangrove_Cuckoo_0032_794603.png,Mangrove Cuckoo,
data/cub/silhouette/Mangrove_Cuckoo_0033_26359.png,Mangrove Cuckoo,
data/cub/silhouette/Mangrove_Cuckoo_0034_26415.png,Mangrove Cuckoo,
data/cub/silhouette/Mangrove_Cuckoo_0035_794595.png,Mangrove Cuckoo,The answer is Red faced Cormorant
data/cub/silhouette/Mangrove_Cuckoo_0036_794606.png,Mangrove Cuckoo,
data/cub/silhouette/Mangrove_Cuckoo_0037_26389.png,Mangrove Cuckoo,
data/cub/silhouette/Mangrove_Cuckoo_0038_794600.png,Mangrove Cuckoo,
data/cub/silhouette/Mangrove_Cuckoo_0039_26348.png,Mangrove Cuckoo,
data/cub/silhouette/Mangrove_Cuckoo_0040_26378.png,Mangrove Cuckoo,
data/cub/silhouette/Mangrove_Cuckoo_0041_26370.png,Mangrove Cuckoo,The answer is Red faced Cormorant
data/cub/silhouette/Mangrove_Cuckoo_0042_794628.png,Mangrove Cuckoo,The answer is Red faced Cormorant
data/cub/silhouette/Mangrove_Cuckoo_0043_794605.png,Mangrove Cuckoo,
data/cub/silhouette/Mangrove_Cuckoo_0044_26393.png,Mangrove Cuckoo,
data/cub/silhouette/Mangrove_Cuckoo_0045_794612.png,Mangrove Cuckoo,
data/cub/silhouette/Mangrove_Cuckoo_0046_794616.png,Mangrove Cuckoo,The answer is Red faced Cormorant
data/cub/silhouette/Mangrove_Cuckoo_0047_794604.png,Mangrove Cuckoo,
data/cub/silhouette/Mangrove_Cuckoo_0048_26351.png,Mangrove Cuckoo,
data/cub/silhouette/Mangrove_Cuckoo_0049_794631.png,Mangrove Cuckoo,
data/cub/silhouette/Mangrove_Cuckoo_0050_794594.png,Mangrove Cuckoo,
data/cub/silhouette/Mangrove_Cuckoo_0051_794627.png,Mangrove Cuckoo,
data/cub/silhouette/Mangrove_Cuckoo_0052_794608.png,Mangrove Cuckoo,
data/cub/silhouette/Mangrove_Cuckoo_0053_26390.png,Mangrove Cuckoo,
data/cub/silhouette/Yellow_Billed_Cuckoo_0002_26715.png,Yellow Billed Cuckoo,
data/cub/silhouette/Yellow_Billed_Cuckoo_0003_26797.png,Yellow Billed Cuckoo,
data/cub/silhouette/Yellow_Billed_Cuckoo_0004_26790.png,Yellow Billed Cuckoo,
data/cub/silhouette/Yellow_Billed_Cuckoo_0005_26684.png,Yellow Billed Cuckoo,
data/cub/silhouette/Yellow_Billed_Cuckoo_0006_26578.png,Yellow Billed Cuckoo,
data/cub/silhouette/Yellow_Billed_Cuckoo_0007_26687.png,Yellow Billed Cuckoo,
data/cub/silhouette/Yellow_Billed_Cuckoo_0009_26656.png,Yellow Billed Cuckoo,
data/cub/silhouette/Yellow_Billed_Cuckoo_0010_26795.png,Yellow Billed Cuckoo,
data/cub/silhouette/Yellow_Billed_Cuckoo_0012_26712.png,Yellow Billed Cuckoo,
data/cub/silhouette/Yellow_Billed_Cuckoo_0014_26754.png,Yellow Billed Cuckoo,
data/cub/silhouette/Yellow_Billed_Cuckoo_0018_26535.png,Yellow Billed Cuckoo,
data/cub/silhouette/Yellow_Billed_Cuckoo_0019_26803.png,Yellow Billed Cuckoo,
data/cub/silhouette/Yellow_Billed_Cuckoo_0022_26423.png,Yellow Billed Cuckoo,
data/cub/silhouette/Yellow_Billed_Cuckoo_0023_26637.png,Yellow Billed Cuckoo,
data/cub/silhouette/Yellow_Billed_Cuckoo_0024_26832.png,Yellow Billed Cuckoo,
data/cub/silhouette/Yellow_Billed_Cuckoo_0026_26794.png,Yellow Billed Cuckoo,
data/cub/silhouette/Yellow_Billed_Cuckoo_0027_26844.png,Yellow Billed Cuckoo,
data/cub/silhouette/Yellow_Billed_Cuckoo_0028_26446.png,Yellow Billed Cuckoo,
data/cub/silhouette/Yellow_Billed_Cuckoo_0029_26865.png,Yellow Billed Cuckoo,The answer is Red faced Cormorant
data/cub/silhouette/Yellow_Billed_Cuckoo_0032_26616.png,Yellow Billed Cuckoo,
data/cub/silhouette/Yellow_Billed_Cuckoo_0033_26521.png,Yellow Billed Cuckoo,
data/cub/silhouette/Yellow_Billed_Cuckoo_0034_26694.png,Yellow Billed Cuckoo,
data/cub/silhouette/Yellow_Billed_Cuckoo_0036_26682.png,Yellow Billed Cuckoo,
data/cub/silhouette/Yellow_Billed_Cuckoo_0038_26912.png,Yellow Billed Cuckoo,
data/cub/silhouette/Yellow_Billed_Cuckoo_0039_26510.png,Yellow Billed Cuckoo,
data/cub/silhouette/Yellow_Billed_Cuckoo_0042_26479.png,Yellow Billed Cuckoo,
data/cub/silhouette/Yellow_Billed_Cuckoo_0043_26492.png,Yellow Billed Cuckoo,
data/cub/silhouette/Yellow_Billed_Cuckoo_0045_26685.png,Yellow Billed Cuckoo,
data/cub/silhouette/Yellow_Billed_Cuckoo_0048_26632.png,Yellow Billed Cuckoo,
data/cub/silhouette/Yellow_Billed_Cuckoo_0049_26766.png,Yellow Billed Cuckoo,
data/cub/silhouette/Yellow_Billed_Cuckoo_0050_26424.png,Yellow Billed Cuckoo,
data/cub/silhouette/Yellow_Billed_Cuckoo_0053_26738.png,Yellow Billed Cuckoo,
data/cub/silhouette/Yellow_Billed_Cuckoo_0059_26828.png,Yellow Billed Cuckoo,
data/cub/silhouette/Yellow_Billed_Cuckoo_0060_26686.png,Yellow Billed Cuckoo,
data/cub/silhouette/Yellow_Billed_Cuckoo_0061_26692.png,Yellow Billed Cuckoo,
data/cub/silhouette/Yellow_Billed_Cuckoo_0066_26600.png,Yellow Billed Cuckoo,
data/cub/silhouette/Yellow_Billed_Cuckoo_0067_26878.png,Yellow Billed Cuckoo,
data/cub/silhouette/Yellow_Billed_Cuckoo_0069_26597.png,Yellow Billed Cuckoo,
data/cub/silhouette/Yellow_Billed_Cuckoo_0073_26744.png,Yellow Billed Cuckoo,
data/cub/silhouette/Yellow_Billed_Cuckoo_0074_26466.png,Yellow Billed Cuckoo,
data/cub/silhouette/Yellow_Billed_Cuckoo_0077_26431.png,Yellow Billed Cuckoo,
data/cub/silhouette/Yellow_Billed_Cuckoo_0078_26888.png,Yellow Billed Cuckoo,
data/cub/silhouette/Yellow_Billed_Cuckoo_0081_26429.png,Yellow Billed Cuckoo,
data/cub/silhouette/Yellow_Billed_Cuckoo_0082_26655.png,Yellow Billed Cuckoo,
data/cub/silhouette/Yellow_Billed_Cuckoo_0084_26761.png,Yellow Billed Cuckoo,
data/cub/silhouette/Yellow_Billed_Cuckoo_0088_26812.png,Yellow Billed Cuckoo,
data/cub/silhouette/Yellow_Billed_Cuckoo_0090_26714.png,Yellow Billed Cuckoo,
data/cub/silhouette/Yellow_Billed_Cuckoo_0091_26428.png,Yellow Billed Cuckoo,
data/cub/silhouette/Yellow_Billed_Cuckoo_0092_26859.png,Yellow Billed Cuckoo,
data/cub/silhouette/Yellow_Billed_Cuckoo_0093_26432.png,Yellow Billed Cuckoo,
data/cub/silhouette/Yellow_Billed_Cuckoo_0094_26643.png,Yellow Billed Cuckoo,
data/cub/silhouette/Yellow_Billed_Cuckoo_0097_26713.png,Yellow Billed Cuckoo,
data/cub/silhouette/Yellow_Billed_Cuckoo_0098_26501.png,Yellow Billed Cuckoo,
data/cub/silhouette/Yellow_Billed_Cuckoo_0104_26814.png,Yellow Billed Cuckoo,The answer is Red faced Cormorant
data/cub/silhouette/Yellow_Billed_Cuckoo_0107_26838.png,Yellow Billed Cuckoo,
data/cub/silhouette/Yellow_Billed_Cuckoo_0116_26544.png,Yellow Billed Cuckoo,
data/cub/silhouette/Yellow_Billed_Cuckoo_0117_26651.png,Yellow Billed Cuckoo,
data/cub/silhouette/Yellow_Billed_Cuckoo_0119_26550.png,Yellow Billed Cuckoo,
data/cub/silhouette/Yellow_Billed_Cuckoo_0121_26807.png,Yellow Billed Cuckoo,
data/cub/silhouette/Gray_Crowned_Rosy_Finch_0001_27211.png,Gray Crowned Rosy Finch,
data/cub/silhouette/Gray_Crowned_Rosy_Finch_0004_797272.png,Gray Crowned Rosy Finch,
data/cub/silhouette/Gray_Crowned_Rosy_Finch_0006_797284.png,Gray Crowned Rosy Finch,
data/cub/silhouette/Gray_Crowned_Rosy_Finch_0007_797278.png,Gray Crowned Rosy Finch,
data/cub/silhouette/Gray_Crowned_Rosy_Finch_0009_26977.png,Gray Crowned Rosy Finch,
data/cub/silhouette/Gray_Crowned_Rosy_Finch_0010_27039.png,Gray Crowned Rosy Finch,
data/cub/silhouette/Gray_Crowned_Rosy_Finch_0012_27062.png,Gray Crowned Rosy Finch,
data/cub/silhouette/Gray_Crowned_Rosy_Finch_0013_27110.png,Gray Crowned Rosy Finch,
data/cub/silhouette/Gray_Crowned_Rosy_Finch_0015_797291.png,Gray Crowned Rosy Finch,The answer is Red faced Cormorant
data/cub/silhouette/Gray_Crowned_Rosy_Finch_0016_27181.png,Gray Crowned Rosy Finch,The answer is Red faced Cormorant
data/cub/silhouette/Gray_Crowned_Rosy_Finch_0018_26978.png,Gray Crowned Rosy Finch,
data/cub/silhouette/Gray_Crowned_Rosy_Finch_0019_27192.png,Gray Crowned Rosy Finch,The answer is Red faced Cormorant
data/cub/silhouette/Gray_Crowned_Rosy_Finch_0021_797286.png,Gray Crowned Rosy Finch,
data/cub/silhouette/Gray_Crowned_Rosy_Finch_0022_27028.png,Gray Crowned Rosy Finch,
data/cub/silhouette/Gray_Crowned_Rosy_Finch_0023_797288.png,Gray Crowned Rosy Finch,
data/cub/silhouette/Gray_Crowned_Rosy_Finch_0024_27057.png,Gray Crowned Rosy Finch,
data/cub/silhouette/Gray_Crowned_Rosy_Finch_0025_797274.png,Gray Crowned Rosy Finch,
data/cub/silhouette/Gray_Crowned_Rosy_Finch_0026_27160.png,Gray Crowned Rosy Finch,The answer is Red faced Cormorant
data/cub/silhouette/Gray_Crowned_Rosy_Finch_0027_27153.png,Gray Crowned Rosy Finch,
data/cub/silhouette/Gray_Crowned_Rosy_Finch_0028_27114.png,Gray Crowned Rosy Finch,
data/cub/silhouette/Gray_Crowned_Rosy_Finch_0029_797300.png,Gray Crowned Rosy Finch,
data/cub/silhouette/Gray_Crowned_Rosy_Finch_0030_27068.png,Gray Crowned Rosy Finch,
data/cub/silhouette/Gray_Crowned_Rosy_Finch_0031_797299.png,Gray Crowned Rosy Finch,The answer is Red faced Cormorant
data/cub/silhouette/Gray_Crowned_Rosy_Finch_0034_797305.png,Gray Crowned Rosy Finch,
data/cub/silhouette/Gray_Crowned_Rosy_Finch_0036_797287.png,Gray Crowned Rosy Finch,
data/cub/silhouette/Gray_Crowned_Rosy_Finch_0037_27088.png,Gray Crowned Rosy Finch,
data/cub/silhouette/Gray_Crowned_Rosy_Finch_0038_797309.png,Gray Crowned Rosy Finch,
data/cub/silhouette/Gray_Crowned_Rosy_Finch_0040_26985.png,Gray Crowned Rosy Finch,
data/cub/silhouette/Gray_Crowned_Rosy_Finch_0041_27105.png,Gray Crowned Rosy Finch,
data/cub/silhouette/Gray_Crowned_Rosy_Finch_0042_27143.png,Gray Crowned Rosy Finch,
data/cub/silhouette/Gray_Crowned_Rosy_Finch_0043_26990.png,Gray Crowned Rosy Finch,
data/cub/silhouette/Gray_Crowned_Rosy_Finch_0044_26976.png,Gray Crowned Rosy Finch,
data/cub/silhouette/Gray_Crowned_Rosy_Finch_0046_797295.png,Gray Crowned Rosy Finch,
data/cub/silhouette/Gray_Crowned_Rosy_Finch_0047_797303.png,Gray Crowned Rosy Finch,
data/cub/silhouette/Gray_Crowned_Rosy_Finch_0048_27236.png,Gray Crowned Rosy Finch,
data/cub/silhouette/Gray_Crowned_Rosy_Finch_0051_26988.png,Gray Crowned Rosy Finch,
data/cub/silhouette/Gray_Crowned_Rosy_Finch_0052_27032.png,Gray Crowned Rosy Finch,
data/cub/silhouette/Gray_Crowned_Rosy_Finch_0053_797276.png,Gray Crowned Rosy Finch,
data/cub/silhouette/Gray_Crowned_Rosy_Finch_0055_27112.png,Gray Crowned Rosy Finch,
data/cub/silhouette/Gray_Crowned_Rosy_Finch_0056_797293.png,Gray Crowned Rosy Finch,
data/cub/silhouette/Gray_Crowned_Rosy_Finch_0057_27107.png,Gray Crowned Rosy Finch,
data/cub/silhouette/Gray_Crowned_Rosy_Finch_0061_26979.png,Gray Crowned Rosy Finch,The answer is Red faced Cormorant
data/cub/silhouette/Gray_Crowned_Rosy_Finch_0063_27123.png,Gray Crowned Rosy Finch,
data/cub/silhouette/Gray_Crowned_Rosy_Finch_0064_27007.png,Gray Crowned Rosy Finch,
data/cub/silhouette/Gray_Crowned_Rosy_Finch_0065_797301.png,Gray Crowned Rosy Finch,
data/cub/silhouette/Gray_Crowned_Rosy_Finch_0066_797298.png,Gray Crowned Rosy Finch,
data/cub/silhouette/Gray_Crowned_Rosy_Finch_0067_797289.png,Gray Crowned Rosy Finch,
data/cub/silhouette/Gray_Crowned_Rosy_Finch_0068_27196.png,Gray Crowned Rosy Finch,
data/cub/silhouette/Gray_Crowned_Rosy_Finch_0071_797285.png,Gray Crowned Rosy Finch,
data/cub/silhouette/Gray_Crowned_Rosy_Finch_0072_26993.png,Gray Crowned Rosy Finch,
data/cub/silhouette/Gray_Crowned_Rosy_Finch_0073_27104.png,Gray Crowned Rosy Finch,
data/cub/silhouette/Gray_Crowned_Rosy_Finch_0074_27156.png,Gray Crowned Rosy Finch,
data/cub/silhouette/Gray_Crowned_Rosy_Finch_0075_27165.png,Gray Crowned Rosy Finch,
data/cub/silhouette/Gray_Crowned_Rosy_Finch_0076_27200.png,Gray Crowned Rosy Finch,
data/cub/silhouette/Gray_Crowned_Rosy_Finch_0078_27136.png,Gray Crowned Rosy Finch,
data/cub/silhouette/Gray_Crowned_Rosy_Finch_0079_797294.png,Gray Crowned Rosy Finch,
data/cub/silhouette/Gray_Crowned_Rosy_Finch_0080_27108.png,Gray Crowned Rosy Finch,
data/cub/silhouette/Gray_Crowned_Rosy_Finch_0083_797281.png,Gray Crowned Rosy Finch,
data/cub/silhouette/Gray_Crowned_Rosy_Finch_0084_27034.png,Gray Crowned Rosy Finch,
data/cub/silhouette/Purple_Finch_0001_27571.png,Purple Finch,
data/cub/silhouette/Purple_Finch_0002_27266.png,Purple Finch,
data/cub/silhouette/Purple_Finch_0004_27565.png,Purple Finch,
data/cub/silhouette/Purple_Finch_0005_27512.png,Purple Finch,
data/cub/silhouette/Purple_Finch_0006_27950.png,Purple Finch,The answer is Red faced Cormorant
data/cub/silhouette/Purple_Finch_0008_27455.png,Purple Finch,
data/cub/silhouette/Purple_Finch_0011_27633.png,Purple Finch,
data/cub/silhouette/Purple_Finch_0013_27506.png,Purple Finch,
data/cub/silhouette/Purple_Finch_0014_27322.png,Purple Finch,
data/cub/silhouette/Purple_Finch_0020_27961.png,Purple Finch,
data/cub/silhouette/Purple_Finch_0021_28235.png,Purple Finch,
data/cub/silhouette/Purple_Finch_0023_27986.png,Purple Finch,
data/cub/silhouette/Purple_Finch_0025_28174.png,Purple Finch,
data/cub/silhouette/Purple_Finch_0030_27255.png,Purple Finch,The answer is Red faced Cormorant
data/cub/silhouette/Purple_Finch_0031_28175.png,Purple Finch,
data/cub/silhouette/Purple_Finch_0032_27305.png,Purple Finch,
data/cub/silhouette/Purple_Finch_0033_27926.png,Purple Finch,
data/cub/silhouette/Purple_Finch_0035_27972.png,Purple Finch,
data/cub/silhouette/Purple_Finch_0036_27641.png,Purple Finch,
data/cub/silhouette/Purple_Finch_0043_28117.png,Purple Finch,
data/cub/silhouette/Purple_Finch_0046_27295.png,Purple Finch,
data/cub/silhouette/Purple_Finch_0048_27670.png,Purple Finch,
data/cub/silhouette/Purple_Finch_0049_27507.png,Purple Finch,
data/cub/silhouette/Purple_Finch_0050_27702.png,Purple Finch,
data/cub/silhouette/Purple_Finch_0053_27543.png,Purple Finch,
data/cub/silhouette/Purple_Finch_0059_27966.png,Purple Finch,
data/cub/silhouette/Purple_Finch_0065_27473.png,Purple Finch,
data/cub/silhouette/Purple_Finch_0067_27431.png,Purple Finch,
data/cub/silhouette/Purple_Finch_0071_27443.png,Purple Finch,
data/cub/silhouette/Purple_Finch_0074_28101.png,Purple Finch,
data/cub/silhouette/Purple_Finch_0076_27441.png,Purple Finch,
data/cub/silhouette/Purple_Finch_0079_27258.png,Purple Finch,
data/cub/silhouette/Purple_Finch_0081_27913.png,Purple Finch,
data/cub/silhouette/Purple_Finch_0082_27639.png,Purple Finch,
data/cub/silhouette/Purple_Finch_0086_27637.png,Purple Finch,
data/cub/silhouette/Purple_Finch_0088_28076.png,Purple Finch,
data/cub/silhouette/Purple_Finch_0091_27425.png,Purple Finch,
data/cub/silhouette/Purple_Finch_0092_27264.png,Purple Finch,
data/cub/silhouette/Purple_Finch_0094_27323.png,Purple Finch,
data/cub/silhouette/Purple_Finch_0096_27688.png,Purple Finch,
data/cub/silhouette/Purple_Finch_0097_27288.png,Purple Finch,
data/cub/silhouette/Purple_Finch_0098_27280.png,Purple Finch,
data/cub/silhouette/Purple_Finch_0102_27308.png,Purple Finch,
data/cub/silhouette/Purple_Finch_0103_27461.png,Purple Finch,The answer is Red throated Grosbeak
data/cub/silhouette/Purple_Finch_0104_28088.png,Purple Finch,
data/cub/silhouette/Purple_Finch_0106_27607.png,Purple Finch,
data/cub/silhouette/Purple_Finch_0108_28143.png,Purple Finch,
data/cub/silhouette/Purple_Finch_0110_27750.png,Purple Finch,
data/cub/silhouette/Purple_Finch_0111_27293.png,Purple Finch,
data/cub/silhouette/Purple_Finch_0113_27547.png,Purple Finch,
data/cub/silhouette/Purple_Finch_0114_27837.png,Purple Finch,
data/cub/silhouette/Purple_Finch_0115_28190.png,Purple Finch,
data/cub/silhouette/Purple_Finch_0117_27427.png,Purple Finch,
data/cub/silhouette/Purple_Finch_0118_27604.png,Purple Finch,
data/cub/silhouette/Purple_Finch_0119_27260.png,Purple Finch,
data/cub/silhouette/Purple_Finch_0120_27597.png,Purple Finch,
data/cub/silhouette/Purple_Finch_0124_27567.png,Purple Finch,
data/cub/silhouette/Purple_Finch_0130_27555.png,Purple Finch,
data/cub/silhouette/Purple_Finch_0133_27928.png,Purple Finch,
data/cub/silhouette/Purple_Finch_0134_27526.png,Purple Finch,The answer is Red faced Cormorant
data/cub/silhouette/Northern_Flicker_0004_28854.png,Northern Flicker,
data/cub/silhouette/Northern_Flicker_0006_28290.png,Northern Flicker,
data/cub/silhouette/Northern_Flicker_0008_28591.png,Northern Flicker,
data/cub/silhouette/Northern_Flicker_0011_28466.png,Northern Flicker,
data/cub/silhouette/Northern_Flicker_0016_28603.png,Northern Flicker,
data/cub/silhouette/Northern_Flicker_0021_28741.png,Northern Flicker,
data/cub/silhouette/Northern_Flicker_0022_28952.png,Northern Flicker,
data/cub/silhouette/Northern_Flicker_0024_29041.png,Northern Flicker,The answer is Red faced Cormorant
data/cub/silhouette/Northern_Flicker_0034_28740.png,Northern Flicker,
data/cub/silhouette/Northern_Flicker_0035_28332.png,Northern Flicker,
data/cub/silhouette/Northern_Flicker_0036_28681.png,Northern Flicker,The answer is Red faced Cormorant
data/cub/silhouette/Northern_Flicker_0037_28751.png,Northern Flicker,
data/cub/silhouette/Northern_Flicker_0041_28697.png,Northern Flicker,
data/cub/silhouette/Northern_Flicker_0044_28592.png,Northern Flicker,
data/cub/silhouette/Northern_Flicker_0045_28805.png,Northern Flicker,
data/cub/silhouette/Northern_Flicker_0046_28391.png,Northern Flicker,
data/cub/silhouette/Northern_Flicker_0050_28284.png,Northern Flicker,The answer is Red faced Cormorant
data/cub/silhouette/Northern_Flicker_0051_28650.png,Northern Flicker,
data/cub/silhouette/Northern_Flicker_0053_28445.png,Northern Flicker,
data/cub/silhouette/Northern_Flicker_0054_28913.png,Northern Flicker,
data/cub/silhouette/Northern_Flicker_0055_28344.png,Northern Flicker,
data/cub/silhouette/Northern_Flicker_0057_28606.png,Northern Flicker,
data/cub/silhouette/Northern_Flicker_0059_28488.png,Northern Flicker,
data/cub/silhouette/Northern_Flicker_0068_28330.png,Northern Flicker,
data/cub/silhouette/Northern_Flicker_0069_28924.png,Northern Flicker,
data/cub/silhouette/Northern_Flicker_0072_28678.png,Northern Flicker,
data/cub/silhouette/Northern_Flicker_0075_28729.png,Northern Flicker,The answer is Red faced Cormorant
data/cub/silhouette/Northern_Flicker_0077_28341.png,Northern Flicker,
data/cub/silhouette/Northern_Flicker_0078_28338.png,Northern Flicker,
data/cub/silhouette/Northern_Flicker_0079_28630.png,Northern Flicker,
data/cub/silhouette/Northern_Flicker_0084_28318.png,Northern Flicker,
data/cub/silhouette/Northern_Flicker_0085_28378.png,Northern Flicker,
data/cub/silhouette/Northern_Flicker_0086_28360.png,Northern Flicker,
data/cub/silhouette/Northern_Flicker_0090_28491.png,Northern Flicker,
data/cub/silhouette/Northern_Flicker_0091_28799.png,Northern Flicker,
data/cub/silhouette/Northern_Flicker_0093_28700.png,Northern Flicker,
data/cub/silhouette/Northern_Flicker_0094_28726.png,Northern Flicker,
data/cub/silhouette/Northern_Flicker_0095_28938.png,Northern Flicker,
data/cub/silhouette/Northern_Flicker_0096_28623.png,Northern Flicker,
data/cub/silhouette/Northern_Flicker_0099_28312.png,Northern Flicker,
data/cub/silhouette/Northern_Flicker_0100_28898.png,Northern Flicker,
data/cub/silhouette/Northern_Flicker_0104_28371.png,Northern Flicker,
data/cub/silhouette/Northern_Flicker_0105_28836.png,Northern Flicker,
data/cub/silhouette/Northern_Flicker_0106_28441.png,Northern Flicker,
data/cub/silhouette/Northern_Flicker_0107_28667.png,Northern Flicker,
data/cub/silhouette/Northern_Flicker_0108_28502.png,Northern Flicker,
data/cub/silhouette/Northern_Flicker_0110_28602.png,Northern Flicker,
data/cub/silhouette/Northern_Flicker_0111_28402.png,Northern Flicker,
data/cub/silhouette/Northern_Flicker_0118_28500.png,Northern Flicker,
data/cub/silhouette/Northern_Flicker_0123_28381.png,Northern Flicker,
data/cub/silhouette/Northern_Flicker_0124_28966.png,Northern Flicker,
data/cub/silhouette/Northern_Flicker_0125_28485.png,Northern Flicker,
data/cub/silhouette/Northern_Flicker_0127_28411.png,Northern Flicker,
data/cub/silhouette/Northern_Flicker_0129_29022.png,Northern Flicker,
data/cub/silhouette/Northern_Flicker_0131_28962.png,Northern Flicker,
data/cub/silhouette/Northern_Flicker_0132_28313.png,Northern Flicker,The answer is Red faced Cormorant
data/cub/silhouette/Northern_Flicker_0135_28291.png,Northern Flicker,
data/cub/silhouette/Northern_Flicker_0136_28918.png,Northern Flicker,
data/cub/silhouette/Northern_Flicker_0138_28476.png,Northern Flicker,
data/cub/silhouette/Northern_Flicker_0139_28419.png,Northern Flicker,
data/cub/silhouette/Acadian_Flycatcher_0003_29094.png,Acadian Flycatcher,
data/cub/silhouette/Acadian_Flycatcher_0004_795623.png,Acadian Flycatcher,
data/cub/silhouette/Acadian_Flycatcher_0005_29157.png,Acadian Flycatcher,
data/cub/silhouette/Acadian_Flycatcher_0006_795595.png,Acadian Flycatcher,The answer is Red faced Cormorant
data/cub/silhouette/Acadian_Flycatcher_0007_795600.png,Acadian Flycatcher,
data/cub/silhouette/Acadian_Flycatcher_0008_795599.png,Acadian Flycatcher,
data/cub/silhouette/Acadian_Flycatcher_0009_29155.png,Acadian Flycatcher,
data/cub/silhouette/Acadian_Flycatcher_0010_29199.png,Acadian Flycatcher,
data/cub/silhouette/Acadian_Flycatcher_0012_795612.png,Acadian Flycatcher,
data/cub/silhouette/Acadian_Flycatcher_0013_29232.png,Acadian Flycatcher,
data/cub/silhouette/Acadian_Flycatcher_0014_795607.png,Acadian Flycatcher,
data/cub/silhouette/Acadian_Flycatcher_0015_795578.png,Acadian Flycatcher,
data/cub/silhouette/Acadian_Flycatcher_0016_29217.png,Acadian Flycatcher,
data/cub/silhouette/Acadian_Flycatcher_0017_795598.png,Acadian Flycatcher,
data/cub/silhouette/Acadian_Flycatcher_0019_795592.png,Acadian Flycatcher,
data/cub/silhouette/Acadian_Flycatcher_0020_29069.png,Acadian Flycatcher,
data/cub/silhouette/Acadian_Flycatcher_0021_795594.png,Acadian Flycatcher,
data/cub/silhouette/Acadian_Flycatcher_0022_29145.png,Acadian Flycatcher,
data/cub/silhouette/Acadian_Flycatcher_0024_29173.png,Acadian Flycatcher,
data/cub/silhouette/Acadian_Flycatcher_0028_795611.png,Acadian Flycatcher,
data/cub/silhouette/Acadian_Flycatcher_0030_795591.png,Acadian Flycatcher,
data/cub/silhouette/Acadian_Flycatcher_0031_795582.png,Acadian Flycatcher,
data/cub/silhouette/Acadian_Flycatcher_0032_795622.png,Acadian Flycatcher,
data/cub/silhouette/Acadian_Flycatcher_0033_29195.png,Acadian Flycatcher,
data/cub/silhouette/Acadian_Flycatcher_0034_795583.png,Acadian Flycatcher,
data/cub/silhouette/Acadian_Flycatcher_0035_795618.png,Acadian Flycatcher,
data/cub/silhouette/Acadian_Flycatcher_0036_795577.png,Acadian Flycatcher,
data/cub/silhouette/Acadian_Flycatcher_0038_795616.png,Acadian Flycatcher,
data/cub/silhouette/Acadian_Flycatcher_0039_795606.png,Acadian Flycatcher,
data/cub/silhouette/Acadian_Flycatcher_0040_795629.png,Acadian Flycatcher,
data/cub/silhouette/Acadian_Flycatcher_0041_795605.png,Acadian Flycatcher,
data/cub/silhouette/Acadian_Flycatcher_0042_29127.png,Acadian Flycatcher,
data/cub/silhouette/Acadian_Flycatcher_0043_29115.png,Acadian Flycatcher,
data/cub/silhouette/Acadian_Flycatcher_0044_795624.png,Acadian Flycatcher,
data/cub/silhouette/Acadian_Flycatcher_0045_795587.png,Acadian Flycatcher,
data/cub/silhouette/Acadian_Flycatcher_0046_795596.png,Acadian Flycatcher,
data/cub/silhouette/Acadian_Flycatcher_0047_795593.png,Acadian Flycatcher,
data/cub/silhouette/Acadian_Flycatcher_0049_795580.png,Acadian Flycatcher,
data/cub/silhouette/Acadian_Flycatcher_0050_795608.png,Acadian Flycatcher,The answer is Red faced Cormorant
data/cub/silhouette/Acadian_Flycatcher_0051_29077.png,Acadian Flycatcher,
data/cub/silhouette/Acadian_Flycatcher_0052_795610.png,Acadian Flycatcher,
data/cub/silhouette/Acadian_Flycatcher_0053_795620.png,Acadian Flycatcher,
data/cub/silhouette/Acadian_Flycatcher_0054_29113.png,Acadian Flycatcher,
data/cub/silhouette/Acadian_Flycatcher_0055_795609.png,Acadian Flycatcher,
data/cub/silhouette/Acadian_Flycatcher_0056_29086.png,Acadian Flycatcher,
data/cub/silhouette/Acadian_Flycatcher_0058_795602.png,Acadian Flycatcher,
data/cub/silhouette/Acadian_Flycatcher_0059_29102.png,Acadian Flycatcher,
data/cub/silhouette/Acadian_Flycatcher_0060_795604.png,Acadian Flycatcher,
data/cub/silhouette/Acadian_Flycatcher_0063_795585.png,Acadian Flycatcher,
data/cub/silhouette/Acadian_Flycatcher_0064_795584.png,Acadian Flycatcher,
data/cub/silhouette/Acadian_Flycatcher_0065_29070.png,Acadian Flycatcher,
data/cub/silhouette/Acadian_Flycatcher_0066_29190.png,Acadian Flycatcher,
data/cub/silhouette/Acadian_Flycatcher_0067_29197.png,Acadian Flycatcher,
data/cub/silhouette/Acadian_Flycatcher_0068_795590.png,Acadian Flycatcher,
data/cub/silhouette/Acadian_Flycatcher_0069_795579.png,Acadian Flycatcher,
data/cub/silhouette/Acadian_Flycatcher_0070_29150.png,Acadian Flycatcher,
data/cub/silhouette/Acadian_Flycatcher_0071_795627.png,Acadian Flycatcher,
data/cub/silhouette/Acadian_Flycatcher_0072_795603.png,Acadian Flycatcher,
data/cub/silhouette/Acadian_Flycatcher_0073_795628.png,Acadian Flycatcher,The answer is Red faced Cormorant
data/cub/silhouette/Great_Crested_Flycatcher_0004_29701.png,Great Crested Flycatcher,
data/cub/silhouette/Great_Crested_Flycatcher_0006_29362.png,Great Crested Flycatcher,
data/cub/silhouette/Great_Crested_Flycatcher_0007_29280.png,Great Crested Flycatcher,The answer is Red faced Cormorant
data/cub/silhouette/Great_Crested_Flycatcher_0009_29831.png,Great Crested Flycatcher,The answer is Red faced Cormorant
data/cub/silhouette/Great_Crested_Flycatcher_0010_29396.png,Great Crested Flycatcher,
data/cub/silhouette/Great_Crested_Flycatcher_0012_29264.png,Great Crested Flycatcher,
data/cub/silhouette/Great_Crested_Flycatcher_0013_29496.png,Great Crested Flycatcher,
data/cub/silhouette/Great_Crested_Flycatcher_0016_29406.png,Great Crested Flycatcher,
data/cub/silhouette/Great_Crested_Flycatcher_0019_29801.png,Great Crested Flycatcher,The answer is Red faced Cormorant
data/cub/silhouette/Great_Crested_Flycatcher_0021_29929.png,Great Crested Flycatcher,
data/cub/silhouette/Great_Crested_Flycatcher_0023_29481.png,Great Crested Flycatcher,
data/cub/silhouette/Great_Crested_Flycatcher_0024_29516.png,Great Crested Flycatcher,
data/cub/silhouette/Great_Crested_Flycatcher_0027_29532.png,Great Crested Flycatcher,
data/cub/silhouette/Great_Crested_Flycatcher_0028_29696.png,Great Crested Flycatcher,
data/cub/silhouette/Great_Crested_Flycatcher_0030_29645.png,Great Crested Flycatcher,
data/cub/silhouette/Great_Crested_Flycatcher_0031_29825.png,Great Crested Flycatcher,
data/cub/silhouette/Great_Crested_Flycatcher_0033_29959.png,Great Crested Flycatcher,
data/cub/silhouette/Great_Crested_Flycatcher_0036_29693.png,Great Crested Flycatcher,
data/cub/silhouette/Great_Crested_Flycatcher_0038_29533.png,Great Crested Flycatcher,
data/cub/silhouette/Great_Crested_Flycatcher_0040_29447.png,Great Crested Flycatcher,
data/cub/silhouette/Great_Crested_Flycatcher_0041_29521.png,Great Crested Flycatcher,The answer is Red faced Cormorant
data/cub/silhouette/Great_Crested_Flycatcher_0042_29438.png,Great Crested Flycatcher,
data/cub/silhouette/Great_Crested_Flycatcher_0044_29995.png,Great Crested Flycatcher,
data/cub/silhouette/Great_Crested_Flycatcher_0048_29586.png,Great Crested Flycatcher,
data/cub/silhouette/Great_Crested_Flycatcher_0049_29474.png,Great Crested Flycatcher,
data/cub/silhouette/Great_Crested_Flycatcher_0050_29786.png,Great Crested Flycatcher,
data/cub/silhouette/Great_Crested_Flycatcher_0051_29530.png,Great Crested Flycatcher,
data/cub/silhouette/Great_Crested_Flycatcher_0058_29523.png,Great Crested Flycatcher,
data/cub/silhouette/Great_Crested_Flycatcher_0061_29807.png,Great Crested Flycatcher,
data/cub/silhouette/Great_Crested_Flycatcher_0063_29507.png,Great Crested Flycatcher,
data/cub/silhouette/Great_Crested_Flycatcher_0064_29546.png,Great Crested Flycatcher,
data/cub/silhouette/Great_Crested_Flycatcher_0066_29488.png,Great Crested Flycatcher,
data/cub/silhouette/Great_Crested_Flycatcher_0067_29384.png,Great Crested Flycatcher,
data/cub/silhouette/Great_Crested_Flycatcher_0068_29416.png,Great Crested Flycatcher,
data/cub/silhouette/Great_Crested_Flycatcher_0069_29603.png,Great Crested Flycatcher,The answer is Red faced Cormorant
data/cub/silhouette/Great_Crested_Flycatcher_0070_29455.png,Great Crested Flycatcher,
data/cub/silhouette/Great_Crested_Flycatcher_0073_29330.png,Great Crested Flycatcher,
data/cub/silhouette/Great_Crested_Flycatcher_0074_29553.png,Great Crested Flycatcher,
data/cub/silhouette/Great_Crested_Flycatcher_0082_29445.png,Great Crested Flycatcher,
data/cub/silhouette/Great_Crested_Flycatcher_0084_29716.png,Great Crested Flycatcher,
data/cub/silhouette/Great_Crested_Flycatcher_0085_29812.png,Great Crested Flycatcher,
data/cub/silhouette/Great_Crested_Flycatcher_0086_29518.png,Great Crested Flycatcher,
data/cub/silhouette/Great_Crested_Flycatcher_0087_29252.png,Great Crested Flycatcher,
data/cub/silhouette/Great_Crested_Flycatcher_0089_29592.png,Great Crested Flycatcher,
data/cub/silhouette/Great_Crested_Flycatcher_0092_29583.png,Great Crested Flycatcher,
data/cub/silhouette/Great_Crested_Flycatcher_0097_29398.png,Great Crested Flycatcher,
data/cub/silhouette/Great_Crested_Flycatcher_0099_29305.png,Great Crested Flycatcher,
data/cub/silhouette/Great_Crested_Flycatcher_0105_29456.png,Great Crested Flycatcher,
data/cub/silhouette/Great_Crested_Flycatcher_0107_29501.png,Great Crested Flycatcher,
data/cub/silhouette/Great_Crested_Flycatcher_0108_29712.png,Great Crested Flycatcher,The answer is Red faced Cormorant
data/cub/silhouette/Great_Crested_Flycatcher_0111_29543.png,Great Crested Flycatcher,
data/cub/silhouette/Great_Crested_Flycatcher_0119_29778.png,Great Crested Flycatcher,
data/cub/silhouette/Great_Crested_Flycatcher_0120_29472.png,Great Crested Flycatcher,
data/cub/silhouette/Great_Crested_Flycatcher_0124_29294.png,Great Crested Flycatcher,
data/cub/silhouette/Great_Crested_Flycatcher_0125_29593.png,Great Crested Flycatcher,
data/cub/silhouette/Great_Crested_Flycatcher_0131_29329.png,Great Crested Flycatcher,
data/cub/silhouette/Great_Crested_Flycatcher_0132_29300.png,Great Crested Flycatcher,
data/cub/silhouette/Great_Crested_Flycatcher_0133_29314.png,Great Crested Flycatcher,The answer is Red faced Cormorant
data/cub/silhouette/Great_Crested_Flycatcher_0136_29490.png,Great Crested Flycatcher,
data/cub/silhouette/Great_Crested_Flycatcher_0139_29302.png,Great Crested Flycatcher,The answer is Red faced Cormorant
data/cub/silhouette/Least_Flycatcher_0001_30221.png,Least Flycatcher,
data/cub/silhouette/Least_Flycatcher_0004_30140.png,Least Flycatcher,
data/cub/silhouette/Least_Flycatcher_0005_30142.png,Least Flycatcher,
data/cub/silhouette/Least_Flycatcher_0006_30262.png,Least Flycatcher,The answer is Red faced Cormorant
data/cub/silhouette/Least_Flycatcher_0007_30339.png,Least Flycatcher,
data/cub/silhouette/Least_Flycatcher_0009_30303.png,Least Flycatcher,
data/cub/silhouette/Least_Flycatcher_0010_30149.png,Least Flycatcher,
data/cub/silhouette/Least_Flycatcher_0011_30222.png,Least Flycatcher,
data/cub/silhouette/Least_Flycatcher_0013_30240.png,Least Flycatcher,
data/cub/silhouette/Least_Flycatcher_0015_30280.png,Least Flycatcher,
data/cub/silhouette/Least_Flycatcher_0017_30460.png,Least Flycatcher,The answer is Red faced Cormorant
data/cub/silhouette/Least_Flycatcher_0018_30462.png,Least Flycatcher,
data/cub/silhouette/Least_Flycatcher_0019_30358.png,Least Flycatcher,
data/cub/silhouette/Least_Flycatcher_0021_30355.png,Least Flycatcher,The answer is Red faced Cormorant
data/cub/silhouette/Least_Flycatcher_0023_30352.png,Least Flycatcher,
data/cub/silhouette/Least_Flycatcher_0024_30230.png,Least Flycatcher,
data/cub/silhouette/Least_Flycatcher_0026_30434.png,Least Flycatcher,The answer is Red faced Cormorant
data/cub/silhouette/Least_Flycatcher_0029_30362.png,Least Flycatcher,
data/cub/silhouette/Least_Flycatcher_0032_30146.png,Least Flycatcher,
data/cub/silhouette/Least_Flycatcher_0033_30449.png,Least Flycatcher,The answer is Red faced Cormorant
data/cub/silhouette/Least_Flycatcher_0034_30151.png,Least Flycatcher,
data/cub/silhouette/Least_Flycatcher_0036_30213.png,Least Flycatcher,
data/cub/silhouette/Least_Flycatcher_0038_30127.png,Least Flycatcher,
data/cub/silhouette/Least_Flycatcher_0040_30366.png,Least Flycatcher,
data/cub/silhouette/Least_Flycatcher_0044_30349.png,Least Flycatcher,
data/cub/silhouette/Least_Flycatcher_0045_30174.png,Least Flycatcher,
data/cub/silhouette/Least_Flycatcher_0046_30316.png,Least Flycatcher,
data/cub/silhouette/Least_Flycatcher_0047_30393.png,Least Flycatcher,
data/cub/silhouette/Least_Flycatcher_0049_30361.png,Least Flycatcher,
data/cub/silhouette/Least_Flycatcher_0050_30189.png,Least Flycatcher,
data/cub/silhouette/Least_Flycatcher_0052_30321.png,Least Flycatcher,
data/cub/silhouette/Least_Flycatcher_0054_30450.png,Least Flycatcher,
data/cub/silhouette/Least_Flycatcher_0057_30282.png,Least Flycatcher,
data/cub/silhouette/Least_Flycatcher_0058_30143.png,Least Flycatcher,
data/cub/silhouette/Least_Flycatcher_0059_30152.png,Least Flycatcher,
data/cub/silhouette/Least_Flycatcher_0060_30214.png,Least Flycatcher,
data/cub/silhouette/Least_Flycatcher_0061_30429.png,Least Flycatcher,The answer is Red faced Cormorant
data/cub/silhouette/Least_Flycatcher_0062_30131.png,Least Flycatcher,
data/cub/silhouette/Least_Flycatcher_0063_30190.png,Least Flycatcher,The answer is Red faced Cormorant
data/cub/silhouette/Least_Flycatcher_0064_30328.png,Least Flycatcher,
data/cub/silhouette/Least_Flycatcher_0065_30357.png,Least Flycatcher,
data/cub/silhouette/Least_Flycatcher_0067_30397.png,Least Flycatcher,
data/cub/silhouette/Least_Flycatcher_0070_30147.png,Least Flycatcher,
data/cub/silhouette/Least_Flycatcher_0075_30441.png,Least Flycatcher,
data/cub/silhouette/Least_Flycatcher_0076_30117.png,Least Flycatcher,
data/cub/silhouette/Least_Flycatcher_0077_30296.png,Least Flycatcher,
data/cub/silhouette/Least_Flycatcher_0079_30256.png,Least Flycatcher,
data/cub/silhouette/Least_Flycatcher_0080_30457.png,Least Flycatcher,
data/cub/silhouette/Least_Flycatcher_0081_30380.png,Least Flycatcher,
data/cub/silhouette/Least_Flycatcher_0082_30132.png,Least Flycatcher,
data/cub/silhouette/Least_Flycatcher_0085_30318.png,Least Flycatcher,
data/cub/silhouette/Least_Flycatcher_0087_30123.png,Least Flycatcher,
data/cub/silhouette/Least_Flycatcher_0092_30154.png,Least Flycatcher,
data/cub/silhouette/Least_Flycatcher_0093_30435.png,Least Flycatcher,The answer is Red faced Cormorant
data/cub/silhouette/Least_Flycatcher_0095_30277.png,Least Flycatcher,
data/cub/silhouette/Least_Flycatcher_0096_30233.png,Least Flycatcher,
data/cub/silhouette/Least_Flycatcher_0097_30122.png,Least Flycatcher,
data/cub/silhouette/Least_Flycatcher_0099_30200.png,Least Flycatcher,
data/cub/silhouette/Least_Flycatcher_0100_30338.png,Least Flycatcher,
data/cub/silhouette/Olive_Sided_Flycatcher_0001_30669.png,Olive Sided Flycatcher,
data/cub/silhouette/Olive_Sided_Flycatcher_0002_30776.png,Olive Sided Flycatcher,The answer is Red faced Cormorant
data/cub/silhouette/Olive_Sided_Flycatcher_0005_30734.png,Olive Sided Flycatcher,
data/cub/silhouette/Olive_Sided_Flycatcher_0006_30824.png,Olive Sided Flycatcher,
data/cub/silhouette/Olive_Sided_Flycatcher_0008_30686.png,Olive Sided Flycatcher,
data/cub/silhouette/Olive_Sided_Flycatcher_0009_796885.png,Olive Sided Flycatcher,
data/cub/silhouette/Olive_Sided_Flycatcher_0012_796876.png,Olive Sided Flycatcher,
data/cub/silhouette/Olive_Sided_Flycatcher_0013_30550.png,Olive Sided Flycatcher,
data/cub/silhouette/Olive_Sided_Flycatcher_0014_30651.png,Olive Sided Flycatcher,
data/cub/silhouette/Olive_Sided_Flycatcher_0016_30717.png,Olive Sided Flycatcher,
data/cub/silhouette/Olive_Sided_Flycatcher_0017_30704.png,Olive Sided Flycatcher,
data/cub/silhouette/Olive_Sided_Flycatcher_0018_796882.png,Olive Sided Flycatcher,
data/cub/silhouette/Olive_Sided_Flycatcher_0020_796881.png,Olive Sided Flycatcher,
data/cub/silhouette/Olive_Sided_Flycatcher_0021_796880.png,Olive Sided Flycatcher,The answer is Red faced Cormorant
data/cub/silhouette/Olive_Sided_Flycatcher_0022_30551.png,Olive Sided Flycatcher,
data/cub/silhouette/Olive_Sided_Flycatcher_0023_796887.png,Olive Sided Flycatcher,
data/cub/silhouette/Olive_Sided_Flycatcher_0025_30486.png,Olive Sided Flycatcher,The answer is Red faced Cormorant
data/cub/silhouette/Olive_Sided_Flycatcher_0026_30525.png,Olive Sided Flycatcher,
data/cub/silhouette/Olive_Sided_Flycatcher_0027_30549.png,Olive Sided Flycatcher,
data/cub/silhouette/Olive_Sided_Flycatcher_0030_796896.png,Olive Sided Flycatcher,
data/cub/silhouette/Olive_Sided_Flycatcher_0031_30502.png,Olive Sided Flycatcher,
data/cub/silhouette/Olive_Sided_Flycatcher_0032_30713.png,Olive Sided Flycatcher,
data/cub/silhouette/Olive_Sided_Flycatcher_0033_30532.png,Olive Sided Flycatcher,
data/cub/silhouette/Olive_Sided_Flycatcher_0034_30672.png,Olive Sided Flycatcher,
data/cub/silhouette/Olive_Sided_Flycatcher_0035_30799.png,Olive Sided Flycatcher,
data/cub/silhouette/Olive_Sided_Flycatcher_0037_30784.png,Olive Sided Flycatcher,
data/cub/silhouette/Olive_Sided_Flycatcher_0038_796884.png,Olive Sided Flycatcher,The class is Anatidae.
data/cub/silhouette/Olive_Sided_Flycatcher_0040_30620.png,Olive Sided Flycatcher,
data/cub/silhouette/Olive_Sided_Flycatcher_0041_30470.png,Olive Sided Flycatcher,
data/cub/silhouette/Olive_Sided_Flycatcher_0042_796886.png,Olive Sided Flycatcher,
data/cub/silhouette/Olive_Sided_Flycatcher_0043_30632.png,Olive Sided Flycatcher,
data/cub/silhouette/Olive_Sided_Flycatcher_0045_796888.png,Olive Sided Flycatcher,
data/cub/silhouette/Olive_Sided_Flycatcher_0046_30529.png,Olive Sided Flycatcher,
data/cub/silhouette/Olive_Sided_Flycatcher_0048_30656.png,Olive Sided Flycatcher,
data/cub/silhouette/Olive_Sided_Flycatcher_0049_796889.png,Olive Sided Flycatcher,
data/cub/silhouette/Olive_Sided_Flycatcher_0050_796878.png,Olive Sided Flycatcher,
data/cub/silhouette/Olive_Sided_Flycatcher_0052_30639.png,Olive Sided Flycatcher,
data/cub/silhouette/Olive_Sided_Flycatcher_0054_30732.png,Olive Sided Flycatcher,
data/cub/silhouette/Olive_Sided_Flycatcher_0055_796879.png,Olive Sided Flycatcher,
data/cub/silhouette/Olive_Sided_Flycatcher_0056_30570.png,Olive Sided Flycatcher,
data/cub/silhouette/Olive_Sided_Flycatcher_0057_796898.png,Olive Sided Flycatcher,
data/cub/silhouette/Olive_Sided_Flycatcher_0058_796883.png,Olive Sided Flycatcher,
data/cub/silhouette/Olive_Sided_Flycatcher_0059_30536.png,Olive Sided Flycatcher,
data/cub/silhouette/Olive_Sided_Flycatcher_0061_30540.png,Olive Sided Flycatcher,
data/cub/silhouette/Olive_Sided_Flycatcher_0064_30485.png,Olive Sided Flycatcher,
data/cub/silhouette/Olive_Sided_Flycatcher_0067_30749.png,Olive Sided Flycatcher,
data/cub/silhouette/Olive_Sided_Flycatcher_0069_30544.png,Olive Sided Flycatcher,
data/cub/silhouette/Olive_Sided_Flycatcher_0070_30490.png,Olive Sided Flycatcher,
data/cub/silhouette/Olive_Sided_Flycatcher_0071_30647.png,Olive Sided Flycatcher,
data/cub/silhouette/Olive_Sided_Flycatcher_0072_796877.png,Olive Sided Flycatcher,
data/cub/silhouette/Olive_Sided_Flycatcher_0074_30816.png,Olive Sided Flycatcher,
data/cub/silhouette/Olive_Sided_Flycatcher_0075_30712.png,Olive Sided Flycatcher,
data/cub/silhouette/Olive_Sided_Flycatcher_0076_30555.png,Olive Sided Flycatcher,
data/cub/silhouette/Olive_Sided_Flycatcher_0077_30492.png,Olive Sided Flycatcher,
data/cub/silhouette/Olive_Sided_Flycatcher_0078_30752.png,Olive Sided Flycatcher,
data/cub/silhouette/Olive_Sided_Flycatcher_0079_30662.png,Olive Sided Flycatcher,
data/cub/silhouette/Olive_Sided_Flycatcher_0080_30515.png,Olive Sided Flycatcher,
data/cub/silhouette/Olive_Sided_Flycatcher_0081_796895.png,Olive Sided Flycatcher,
data/cub/silhouette/Olive_Sided_Flycatcher_0082_796893.png,Olive Sided Flycatcher,The answer is Red faced Cormorant
data/cub/silhouette/Olive_Sided_Flycatcher_0086_30553.png,Olive Sided Flycatcher,
data/cub/silhouette/Scissor_Tailed_Flycatcher_0002_41762.png,Scissor Tailed Flycatcher,
data/cub/silhouette/Scissor_Tailed_Flycatcher_0003_41849.png,Scissor Tailed Flycatcher,
data/cub/silhouette/Scissor_Tailed_Flycatcher_0004_41643.png,Scissor Tailed Flycatcher,
data/cub/silhouette/Scissor_Tailed_Flycatcher_0005_41727.png,Scissor Tailed Flycatcher,The answer is Red faced Cormorant
data/cub/silhouette/Scissor_Tailed_Flycatcher_0006_41601.png,Scissor Tailed Flycatcher,
data/cub/silhouette/Scissor_Tailed_Flycatcher_0007_41917.png,Scissor Tailed Flycatcher,
data/cub/silhouette/Scissor_Tailed_Flycatcher_0008_41670.png,Scissor Tailed Flycatcher,
data/cub/silhouette/Scissor_Tailed_Flycatcher_0012_41853.png,Scissor Tailed Flycatcher,
data/cub/silhouette/Scissor_Tailed_Flycatcher_0013_42024.png,Scissor Tailed Flycatcher,
data/cub/silhouette/Scissor_Tailed_Flycatcher_0016_42111.png,Scissor Tailed Flycatcher,
data/cub/silhouette/Scissor_Tailed_Flycatcher_0019_41936.png,Scissor Tailed Flycatcher,
data/cub/silhouette/Scissor_Tailed_Flycatcher_0020_41680.png,Scissor Tailed Flycatcher,
data/cub/silhouette/Scissor_Tailed_Flycatcher_0021_41931.png,Scissor Tailed Flycatcher,
data/cub/silhouette/Scissor_Tailed_Flycatcher_0023_42117.png,Scissor Tailed Flycatcher,
data/cub/silhouette/Scissor_Tailed_Flycatcher_0025_42032.png,Scissor Tailed Flycatcher,
data/cub/silhouette/Scissor_Tailed_Flycatcher_0026_41774.png,Scissor Tailed Flycatcher,
data/cub/silhouette/Scissor_Tailed_Flycatcher_0028_42010.png,Scissor Tailed Flycatcher,
data/cub/silhouette/Scissor_Tailed_Flycatcher_0031_41836.png,Scissor Tailed Flycatcher,
data/cub/silhouette/Scissor_Tailed_Flycatcher_0033_41782.png,Scissor Tailed Flycatcher,
data/cub/silhouette/Scissor_Tailed_Flycatcher_0035_42025.png,Scissor Tailed Flycatcher,
data/cub/silhouette/Scissor_Tailed_Flycatcher_0038_41649.png,Scissor Tailed Flycatcher,
data/cub/silhouette/Scissor_Tailed_Flycatcher_0042_41990.png,Scissor Tailed Flycatcher,
data/cub/silhouette/Scissor_Tailed_Flycatcher_0044_42002.png,Scissor Tailed Flycatcher,
data/cub/silhouette/Scissor_Tailed_Flycatcher_0048_41646.png,Scissor Tailed Flycatcher,
data/cub/silhouette/Scissor_Tailed_Flycatcher_0055_42051.png,Scissor Tailed Flycatcher,
data/cub/silhouette/Scissor_Tailed_Flycatcher_0058_41948.png,Scissor Tailed Flycatcher,
data/cub/silhouette/Scissor_Tailed_Flycatcher_0059_41998.png,Scissor Tailed Flycatcher,
data/cub/silhouette/Scissor_Tailed_Flycatcher_0060_41655.png,Scissor Tailed Flycatcher,
data/cub/silhouette/Scissor_Tailed_Flycatcher_0062_41952.png,Scissor Tailed Flycatcher,
data/cub/silhouette/Scissor_Tailed_Flycatcher_0068_41835.png,Scissor Tailed Flycatcher,
data/cub/silhouette/Scissor_Tailed_Flycatcher_0069_41827.png,Scissor Tailed Flycatcher,
data/cub/silhouette/Scissor_Tailed_Flycatcher_0072_42085.png,Scissor Tailed Flycatcher,
data/cub/silhouette/Scissor_Tailed_Flycatcher_0076_41597.png,Scissor Tailed Flycatcher,
data/cub/silhouette/Scissor_Tailed_Flycatcher_0077_41688.png,Scissor Tailed Flycatcher,
data/cub/silhouette/Scissor_Tailed_Flycatcher_0082_41852.png,Scissor Tailed Flycatcher,
data/cub/silhouette/Scissor_Tailed_Flycatcher_0085_41830.png,Scissor Tailed Flycatcher,
data/cub/silhouette/Scissor_Tailed_Flycatcher_0088_41700.png,Scissor Tailed Flycatcher,
data/cub/silhouette/Scissor_Tailed_Flycatcher_0089_41810.png,Scissor Tailed Flycatcher,
data/cub/silhouette/Scissor_Tailed_Flycatcher_0092_41767.png,Scissor Tailed Flycatcher,
data/cub/silhouette/Scissor_Tailed_Flycatcher_0094_42018.png,Scissor Tailed Flycatcher,
data/cub/silhouette/Scissor_Tailed_Flycatcher_0096_41733.png,Scissor Tailed Flycatcher,
data/cub/silhouette/Scissor_Tailed_Flycatcher_0097_41701.png,Scissor Tailed Flycatcher,
data/cub/silhouette/Scissor_Tailed_Flycatcher_0098_41731.png,Scissor Tailed Flycatcher,
data/cub/silhouette/Scissor_Tailed_Flycatcher_0100_41796.png,Scissor Tailed Flycatcher,
data/cub/silhouette/Scissor_Tailed_Flycatcher_0103_41938.png,Scissor Tailed Flycatcher,
data/cub/silhouette/Scissor_Tailed_Flycatcher_0106_41684.png,Scissor Tailed Flycatcher,
data/cub/silhouette/Scissor_Tailed_Flycatcher_0108_42013.png,Scissor Tailed Flycatcher,
data/cub/silhouette/Scissor_Tailed_Flycatcher_0109_41720.png,Scissor Tailed Flycatcher,
data/cub/silhouette/Scissor_Tailed_Flycatcher_0110_42136.png,Scissor Tailed Flycatcher,
data/cub/silhouette/Scissor_Tailed_Flycatcher_0111_42118.png,Scissor Tailed Flycatcher,
data/cub/silhouette/Scissor_Tailed_Flycatcher_0114_41704.png,Scissor Tailed Flycatcher,
data/cub/silhouette/Scissor_Tailed_Flycatcher_0115_42137.png,Scissor Tailed Flycatcher,
data/cub/silhouette/Scissor_Tailed_Flycatcher_0117_42026.png,Scissor Tailed Flycatcher,
data/cub/silhouette/Scissor_Tailed_Flycatcher_0118_42067.png,Scissor Tailed Flycatcher,
data/cub/silhouette/Scissor_Tailed_Flycatcher_0119_41879.png,Scissor Tailed Flycatcher,
data/cub/silhouette/Scissor_Tailed_Flycatcher_0121_41843.png,Scissor Tailed Flycatcher,
data/cub/silhouette/Scissor_Tailed_Flycatcher_0122_41679.png,Scissor Tailed Flycatcher,The answer is Red faced Cormorant
data/cub/silhouette/Scissor_Tailed_Flycatcher_0123_41638.png,Scissor Tailed Flycatcher,
data/cub/silhouette/Scissor_Tailed_Flycatcher_0125_41906.png,Scissor Tailed Flycatcher,
data/cub/silhouette/Scissor_Tailed_Flycatcher_0126_41905.png,Scissor Tailed Flycatcher,
data/cub/silhouette/Vermilion_Flycatcher_0002_42390.png,Vermilion Flycatcher,
data/cub/silhouette/Vermilion_Flycatcher_0003_42316.png,Vermilion Flycatcher,
data/cub/silhouette/Vermilion_Flycatcher_0004_42395.png,Vermilion Flycatcher,
data/cub/silhouette/Vermilion_Flycatcher_0005_42478.png,Vermilion Flycatcher,
data/cub/silhouette/Vermilion_Flycatcher_0006_42564.png,Vermilion Flycatcher,
data/cub/silhouette/Vermilion_Flycatcher_0007_42214.png,Vermilion Flycatcher,
data/cub/silhouette/Vermilion_Flycatcher_0009_42234.png,Vermilion Flycatcher,
data/cub/silhouette/Vermilion_Flycatcher_0011_42554.png,Vermilion Flycatcher,
data/cub/silhouette/Vermilion_Flycatcher_0012_42253.png,Vermilion Flycatcher,
data/cub/silhouette/Vermilion_Flycatcher_0014_42533.png,Vermilion Flycatcher,
data/cub/silhouette/Vermilion_Flycatcher_0016_42196.png,Vermilion Flycatcher,
data/cub/silhouette/Vermilion_Flycatcher_0017_42407.png,Vermilion Flycatcher,
data/cub/silhouette/Vermilion_Flycatcher_0018_42474.png,Vermilion Flycatcher,
data/cub/silhouette/Vermilion_Flycatcher_0019_42241.png,Vermilion Flycatcher,
data/cub/silhouette/Vermilion_Flycatcher_0020_42498.png,Vermilion Flycatcher,
data/cub/silhouette/Vermilion_Flycatcher_0021_42378.png,Vermilion Flycatcher,
data/cub/silhouette/Vermilion_Flycatcher_0022_42559.png,Vermilion Flycatcher,
data/cub/silhouette/Vermilion_Flycatcher_0023_42565.png,Vermilion Flycatcher,
data/cub/silhouette/Vermilion_Flycatcher_0024_42506.png,Vermilion Flycatcher,
data/cub/silhouette/Vermilion_Flycatcher_0025_42248.png,Vermilion Flycatcher,
data/cub/silhouette/Vermilion_Flycatcher_0026_42375.png,Vermilion Flycatcher,
data/cub/silhouette/Vermilion_Flycatcher_0027_42388.png,Vermilion Flycatcher,
data/cub/silhouette/Vermilion_Flycatcher_0028_42197.png,Vermilion Flycatcher,
data/cub/silhouette/Vermilion_Flycatcher_0030_42523.png,Vermilion Flycatcher,
data/cub/silhouette/Vermilion_Flycatcher_0031_42201.png,Vermilion Flycatcher,
data/cub/silhouette/Vermilion_Flycatcher_0032_42216.png,Vermilion Flycatcher,The answer is Red faced Cormorant
data/cub/silhouette/Vermilion_Flycatcher_0033_42522.png,Vermilion Flycatcher,
data/cub/silhouette/Vermilion_Flycatcher_0034_42356.png,Vermilion Flycatcher,
data/cub/silhouette/Vermilion_Flycatcher_0035_42282.png,Vermilion Flycatcher,
data/cub/silhouette/Vermilion_Flycatcher_0036_42389.png,Vermilion Flycatcher,
data/cub/silhouette/Vermilion_Flycatcher_0038_42262.png,Vermilion Flycatcher,The answer is Red faced Cormorant
data/cub/silhouette/Vermilion_Flycatcher_0039_42423.png,Vermilion Flycatcher,
data/cub/silhouette/Vermilion_Flycatcher_0040_42398.png,Vermilion Flycatcher,
data/cub/silhouette/Vermilion_Flycatcher_0042_42266.png,Vermilion Flycatcher,
data/cub/silhouette/Vermilion_Flycatcher_0043_42182.png,Vermilion Flycatcher,
data/cub/silhouette/Vermilion_Flycatcher_0044_42305.png,Vermilion Flycatcher,
data/cub/silhouette/Vermilion_Flycatcher_0045_42219.png,Vermilion Flycatcher,
data/cub/silhouette/Vermilion_Flycatcher_0047_42488.png,Vermilion Flycatcher,
data/cub/silhouette/Vermilion_Flycatcher_0048_42298.png,Vermilion Flycatcher,
data/cub/silhouette/Vermilion_Flycatcher_0049_42380.png,Vermilion Flycatcher,
data/cub/silhouette/Vermilion_Flycatcher_0050_42479.png,Vermilion Flycatcher,
data/cub/silhouette/Vermilion_Flycatcher_0052_42551.png,Vermilion Flycatcher,
data/cub/silhouette/Vermilion_Flycatcher_0053_42184.png,Vermilion Flycatcher,
data/cub/silhouette/Vermilion_Flycatcher_0054_42210.png,Vermilion Flycatcher,
data/cub/silhouette/Vermilion_Flycatcher_0055_42442.png,Vermilion Flycatcher,
data/cub/silhouette/Vermilion_Flycatcher_0057_42562.png,Vermilion Flycatcher,
data/cub/silhouette/Vermilion_Flycatcher_0058_42311.png,Vermilion Flycatcher,
data/cub/silhouette/Vermilion_Flycatcher_0059_42261.png,Vermilion Flycatcher,
data/cub/silhouette/Vermilion_Flycatcher_0060_42293.png,Vermilion Flycatcher,
data/cub/silhouette/Vermilion_Flycatcher_0061_42397.png,Vermilion Flycatcher,
data/cub/silhouette/Vermilion_Flycatcher_0062_42552.png,Vermilion Flycatcher,
data/cub/silhouette/Vermilion_Flycatcher_0063_42179.png,Vermilion Flycatcher,
data/cub/silhouette/Vermilion_Flycatcher_0065_42467.png,Vermilion Flycatcher,
data/cub/silhouette/Vermilion_Flycatcher_0067_42185.png,Vermilion Flycatcher,
data/cub/silhouette/Vermilion_Flycatcher_0068_42535.png,Vermilion Flycatcher,
data/cub/silhouette/Vermilion_Flycatcher_0069_42502.png,Vermilion Flycatcher,
data/cub/silhouette/Vermilion_Flycatcher_0070_42250.png,Vermilion Flycatcher,
data/cub/silhouette/Vermilion_Flycatcher_0071_42429.png,Vermilion Flycatcher,
data/cub/silhouette/Vermilion_Flycatcher_0072_42218.png,Vermilion Flycatcher,
data/cub/silhouette/Vermilion_Flycatcher_0073_42573.png,Vermilion Flycatcher,
data/cub/silhouette/Yellow_Bellied_Flycatcher_0001_795488.png,Yellow Bellied Flycatcher,
data/cub/silhouette/Yellow_Bellied_Flycatcher_0003_795487.png,Yellow Bellied Flycatcher,
data/cub/silhouette/Yellow_Bellied_Flycatcher_0004_795513.png,Yellow Bellied Flycatcher,
data/cub/silhouette/Yellow_Bellied_Flycatcher_0005_42627.png,Yellow Bellied Flycatcher,
data/cub/silhouette/Yellow_Bellied_Flycatcher_0006_795473.png,Yellow Bellied Flycatcher,
data/cub/silhouette/Yellow_Bellied_Flycatcher_0007_795491.png,Yellow Bellied Flycatcher,
data/cub/silhouette/Yellow_Bellied_Flycatcher_0008_42703.png,Yellow Bellied Flycatcher,
data/cub/silhouette/Yellow_Bellied_Flycatcher_0009_795510.png,Yellow Bellied Flycatcher,
data/cub/silhouette/Yellow_Bellied_Flycatcher_0010_795498.png,Yellow Bellied Flycatcher,
data/cub/silhouette/Yellow_Bellied_Flycatcher_0011_42734.png,Yellow Bellied Flycatcher,
data/cub/silhouette/Yellow_Bellied_Flycatcher_0012_795469.png,Yellow Bellied Flycatcher,
data/cub/silhouette/Yellow_Bellied_Flycatcher_0013_42769.png,Yellow Bellied Flycatcher,
data/cub/silhouette/Yellow_Bellied_Flycatcher_0014_42608.png,Yellow Bellied Flycatcher,
data/cub/silhouette/Yellow_Bellied_Flycatcher_0015_795504.png,Yellow Bellied Flycatcher,
data/cub/silhouette/Yellow_Bellied_Flycatcher_0016_795476.png,Yellow Bellied Flycatcher,
data/cub/silhouette/Yellow_Bellied_Flycatcher_0017_795490.png,Yellow Bellied Flycatcher,
data/cub/silhouette/Yellow_Bellied_Flycatcher_0018_795494.png,Yellow Bellied Flycatcher,
data/cub/silhouette/Yellow_Bellied_Flycatcher_0019_795512.png,Yellow Bellied Flycatcher,
data/cub/silhouette/Yellow_Bellied_Flycatcher_0020_795482.png,Yellow Bellied Flycatcher,
data/cub/silhouette/Yellow_Bellied_Flycatcher_0021_795472.png,Yellow Bellied Flycatcher,
data/cub/silhouette/Yellow_Bellied_Flycatcher_0023_795478.png,Yellow Bellied Flycatcher,The answer is Red faced Cormorant
data/cub/silhouette/Yellow_Bellied_Flycatcher_0024_42616.png,Yellow Bellied Flycatcher,
data/cub/silhouette/Yellow_Bellied_Flycatcher_0025_795484.png,Yellow Bellied Flycatcher,
data/cub/silhouette/Yellow_Bellied_Flycatcher_0026_795489.png,Yellow Bellied Flycatcher,
data/cub/silhouette/Yellow_Bellied_Flycatcher_0027_42649.png,Yellow Bellied Flycatcher,
data/cub/silhouette/Yellow_Bellied_Flycatcher_0028_42639.png,Yellow Bellied Flycatcher,The answer is Red faced Cormorant
data/cub/silhouette/Yellow_Bellied_Flycatcher_0029_795483.png,Yellow Bellied Flycatcher,
data/cub/silhouette/Yellow_Bellied_Flycatcher_0031_42580.png,Yellow Bellied Flycatcher,
data/cub/silhouette/Yellow_Bellied_Flycatcher_0032_42578.png,Yellow Bellied Flycatcher,
data/cub/silhouette/Yellow_Bellied_Flycatcher_0033_42695.png,Yellow Bellied Flycatcher,
data/cub/silhouette/Yellow_Bellied_Flycatcher_0034_795511.png,Yellow Bellied Flycatcher,
data/cub/silhouette/Yellow_Bellied_Flycatcher_0035_795464.png,Yellow Bellied Flycatcher,
data/cub/silhouette/Yellow_Bellied_Flycatcher_0036_42591.png,Yellow Bellied Flycatcher,The answer is Red faced Cormorant
data/cub/silhouette/Yellow_Bellied_Flycatcher_0037_795500.png,Yellow Bellied Flycatcher,
data/cub/silhouette/Yellow_Bellied_Flycatcher_0038_795477.png,Yellow Bellied Flycatcher,
data/cub/silhouette/Yellow_Bellied_Flycatcher_0039_795471.png,Yellow Bellied Flycatcher,
data/cub/silhouette/Yellow_Bellied_Flycatcher_0040_795465.png,Yellow Bellied Flycatcher,
data/cub/silhouette/Yellow_Bellied_Flycatcher_0041_42719.png,Yellow Bellied Flycatcher,
data/cub/silhouette/Yellow_Bellied_Flycatcher_0044_795480.png,Yellow Bellied Flycatcher,
data/cub/silhouette/Yellow_Bellied_Flycatcher_0045_42575.png,Yellow Bellied Flycatcher,
data/cub/silhouette/Yellow_Bellied_Flycatcher_0046_795508.png,Yellow Bellied Flycatcher,
data/cub/silhouette/Yellow_Bellied_Flycatcher_0047_795468.png,Yellow Bellied Flycatcher,
data/cub/silhouette/Yellow_Bellied_Flycatcher_0048_795505.png,Yellow Bellied Flycatcher,
data/cub/silhouette/Yellow_Bellied_Flycatcher_0049_42593.png,Yellow Bellied Flycatcher,
data/cub/silhouette/Yellow_Bellied_Flycatcher_0050_42598.png,Yellow Bellied Flycatcher,
data/cub/silhouette/Yellow_Bellied_Flycatcher_0051_795470.png,Yellow Bellied Flycatcher,
data/cub/silhouette/Yellow_Bellied_Flycatcher_0052_42621.png,Yellow Bellied Flycatcher,The answer is Red faced Cormorant
data/cub/silhouette/Yellow_Bellied_Flycatcher_0053_795493.png,Yellow Bellied Flycatcher,
data/cub/silhouette/Yellow_Bellied_Flycatcher_0054_42709.png,Yellow Bellied Flycatcher,
data/cub/silhouette/Yellow_Bellied_Flycatcher_0055_795507.png,Yellow Bellied Flycatcher,
data/cub/silhouette/Yellow_Bellied_Flycatcher_0057_795485.png,Yellow Bellied Flycatcher,
data/cub/silhouette/Yellow_Bellied_Flycatcher_0060_42595.png,Yellow Bellied Flycatcher,
data/cub/silhouette/Yellow_Bellied_Flycatcher_0061_795479.png,Yellow Bellied Flycatcher,
data/cub/silhouette/Yellow_Bellied_Flycatcher_0062_42693.png,Yellow Bellied Flycatcher,
data/cub/silhouette/Yellow_Bellied_Flycatcher_0063_42704.png,Yellow Bellied Flycatcher,
data/cub/silhouette/Yellow_Bellied_Flycatcher_0064_795466.png,Yellow Bellied Flycatcher,The answer is Red faced Cormorant
data/cub/silhouette/Yellow_Bellied_Flycatcher_0065_42635.png,Yellow Bellied Flycatcher,
data/cub/silhouette/Yellow_Bellied_Flycatcher_0066_795514.png,Yellow Bellied Flycatcher,
data/cub/silhouette/Yellow_Bellied_Flycatcher_0068_42701.png,Yellow Bellied Flycatcher,
data/cub/silhouette/Frigatebird_0001_43101.png,Frigatebird,
data/cub/silhouette/Frigatebird_0004_43221.png,Frigatebird,
data/cub/silhouette/Frigatebird_0005_42828.png,Frigatebird,
data/cub/silhouette/Frigatebird_0006_43381.png,Frigatebird,
data/cub/silhouette/Frigatebird_0008_43058.png,Frigatebird,
data/cub/silhouette/Frigatebird_0011_43213.png,Frigatebird,
data/cub/silhouette/Frigatebird_0012_43062.png,Frigatebird,
data/cub/silhouette/Frigatebird_0015_43132.png,Frigatebird,
data/cub/silhouette/Frigatebird_0016_43159.png,Frigatebird,
data/cub/silhouette/Frigatebird_0019_43348.png,Frigatebird,
data/cub/silhouette/Frigatebird_0021_42913.png,Frigatebird,
data/cub/silhouette/Frigatebird_0022_43457.png,Frigatebird,
data/cub/silhouette/Frigatebird_0023_43110.png,Frigatebird,
data/cub/silhouette/Frigatebird_0031_42979.png,Frigatebird,
data/cub/silhouette/Frigatebird_0034_43053.png,Frigatebird,
data/cub/silhouette/Frigatebird_0035_43420.png,Frigatebird,
data/cub/silhouette/Frigatebird_0040_42860.png,Frigatebird,
data/cub/silhouette/Frigatebird_0045_42823.png,Frigatebird,
data/cub/silhouette/Frigatebird_0047_43039.png,Frigatebird,
data/cub/silhouette/Frigatebird_0049_43044.png,Frigatebird,
data/cub/silhouette/Frigatebird_0050_43084.png,Frigatebird,
data/cub/silhouette/Frigatebird_0051_43043.png,Frigatebird,
data/cub/silhouette/Frigatebird_0052_43411.png,Frigatebird,
data/cub/silhouette/Frigatebird_0053_43220.png,Frigatebird,
data/cub/silhouette/Frigatebird_0054_43019.png,Frigatebird,The answer is Red faced Cormorant
data/cub/silhouette/Frigatebird_0057_43016.png,Frigatebird,
data/cub/silhouette/Frigatebird_0058_43251.png,Frigatebird,
data/cub/silhouette/Frigatebird_0059_42838.png,Frigatebird,
data/cub/silhouette/Frigatebird_0060_43054.png,Frigatebird,
data/cub/silhouette/Frigatebird_0062_43193.png,Frigatebird,
data/cub/silhouette/Frigatebird_0063_42812.png,Frigatebird,
data/cub/silhouette/Frigatebird_0068_42795.png,Frigatebird,
data/cub/silhouette/Frigatebird_0069_43541.png,Frigatebird,
data/cub/silhouette/Frigatebird_0070_43516.png,Frigatebird,
data/cub/silhouette/Frigatebird_0073_43038.png,Frigatebird,
data/cub/silhouette/Frigatebird_0074_43035.png,Frigatebird,
data/cub/silhouette/Frigatebird_0080_43064.png,Frigatebird,
data/cub/silhouette/Frigatebird_0081_42779.png,Frigatebird,
data/cub/silhouette/Frigatebird_0082_42989.png,Frigatebird,The answer is Red faced Cormorant
data/cub/silhouette/Frigatebird_0084_43006.png,Frigatebird,
data/cub/silhouette/Frigatebird_0088_43201.png,Frigatebird,
data/cub/silhouette/Frigatebird_0089_43013.png,Frigatebird,
data/cub/silhouette/Frigatebird_0090_43511.png,Frigatebird,
data/cub/silhouette/Frigatebird_0091_43066.png,Frigatebird,
data/cub/silhouette/Frigatebird_0092_43206.png,Frigatebird,
data/cub/silhouette/Frigatebird_0095_42785.png,Frigatebird,
data/cub/silhouette/Frigatebird_0096_43571.png,Frigatebird,
data/cub/silhouette/Frigatebird_0097_43567.png,Frigatebird,
data/cub/silhouette/Frigatebird_0098_43207.png,Frigatebird,
data/cub/silhouette/Frigatebird_0107_42773.png,Frigatebird,
data/cub/silhouette/Frigatebird_0112_43394.png,Frigatebird,
data/cub/silhouette/Frigatebird_0114_42807.png,Frigatebird,
data/cub/silhouette/Frigatebird_0115_42973.png,Frigatebird,
data/cub/silhouette/Frigatebird_0116_43410.png,Frigatebird,
data/cub/silhouette/Frigatebird_0118_43189.png,Frigatebird,
data/cub/silhouette/Frigatebird_0119_43042.png,Frigatebird,
data/cub/silhouette/Frigatebird_0120_43300.png,Frigatebird,
data/cub/silhouette/Frigatebird_0121_42791.png,Frigatebird,
data/cub/silhouette/Frigatebird_0122_43549.png,Frigatebird,
data/cub/silhouette/Frigatebird_0129_43183.png,Frigatebird,
data/cub/silhouette/Northern_Fulmar_0001_43749.png,Northern Fulmar,
data/cub/silhouette/Northern_Fulmar_0004_43755.png,Northern Fulmar,
data/cub/silhouette/Northern_Fulmar_0006_43753.png,Northern Fulmar,
data/cub/silhouette/Northern_Fulmar_0008_43647.png,Northern Fulmar,
data/cub/silhouette/Northern_Fulmar_0010_44112.png,Northern Fulmar,
data/cub/silhouette/Northern_Fulmar_0011_43769.png,Northern Fulmar,
data/cub/silhouette/Northern_Fulmar_0012_44131.png,Northern Fulmar,
data/cub/silhouette/Northern_Fulmar_0014_43895.png,Northern Fulmar,
data/cub/silhouette/Northern_Fulmar_0015_43658.png,Northern Fulmar,
data/cub/silhouette/Northern_Fulmar_0016_43958.png,Northern Fulmar,
data/cub/silhouette/Northern_Fulmar_0018_43771.png,Northern Fulmar,
data/cub/silhouette/Northern_Fulmar_0019_43853.png,Northern Fulmar,
data/cub/silhouette/Northern_Fulmar_0021_43743.png,Northern Fulmar,
data/cub/silhouette/Northern_Fulmar_0023_43809.png,Northern Fulmar,
data/cub/silhouette/Northern_Fulmar_0027_43705.png,Northern Fulmar,
data/cub/silhouette/Northern_Fulmar_0028_43752.png,Northern Fulmar,
data/cub/silhouette/Northern_Fulmar_0029_44049.png,Northern Fulmar,
data/cub/silhouette/Northern_Fulmar_0031_43750.png,Northern Fulmar,
data/cub/silhouette/Northern_Fulmar_0033_43794.png,Northern Fulmar,
data/cub/silhouette/Northern_Fulmar_0036_43718.png,Northern Fulmar,
data/cub/silhouette/Northern_Fulmar_0037_43712.png,Northern Fulmar,
data/cub/silhouette/Northern_Fulmar_0038_43846.png,Northern Fulmar,
data/cub/silhouette/Northern_Fulmar_0039_43689.png,Northern Fulmar,
data/cub/silhouette/Northern_Fulmar_0041_44013.png,Northern Fulmar,
data/cub/silhouette/Northern_Fulmar_0042_43739.png,Northern Fulmar,
data/cub/silhouette/Northern_Fulmar_0043_43685.png,Northern Fulmar,
data/cub/silhouette/Northern_Fulmar_0045_43581.png,Northern Fulmar,
data/cub/silhouette/Northern_Fulmar_0046_43760.png,Northern Fulmar,
data/cub/silhouette/Northern_Fulmar_0047_43698.png,Northern Fulmar,
data/cub/silhouette/Northern_Fulmar_0048_43672.png,Northern Fulmar,
data/cub/silhouette/Northern_Fulmar_0049_43906.png,Northern Fulmar,
data/cub/silhouette/Northern_Fulmar_0050_43839.png,Northern Fulmar,
data/cub/silhouette/Northern_Fulmar_0052_43857.png,Northern Fulmar,
data/cub/silhouette/Northern_Fulmar_0053_43843.png,Northern Fulmar,
data/cub/silhouette/Northern_Fulmar_0056_43880.png,Northern Fulmar,
data/cub/silhouette/Northern_Fulmar_0058_44114.png,Northern Fulmar,
data/cub/silhouette/Northern_Fulmar_0060_43813.png,Northern Fulmar,
data/cub/silhouette/Northern_Fulmar_0061_43653.png,Northern Fulmar,
data/cub/silhouette/Northern_Fulmar_0063_43631.png,Northern Fulmar,
data/cub/silhouette/Northern_Fulmar_0064_43710.png,Northern Fulmar,
data/cub/silhouette/Northern_Fulmar_0065_44081.png,Northern Fulmar,
data/cub/silhouette/Northern_Fulmar_0066_43714.png,Northern Fulmar,
data/cub/silhouette/Northern_Fulmar_0070_43916.png,Northern Fulmar,
data/cub/silhouette/Northern_Fulmar_0071_44146.png,Northern Fulmar,
data/cub/silhouette/Northern_Fulmar_0074_43955.png,Northern Fulmar,
data/cub/silhouette/Northern_Fulmar_0076_43893.png,Northern Fulmar,
data/cub/silhouette/Northern_Fulmar_0077_43730.png,Northern Fulmar,The answer is Red faced Cormorant
data/cub/silhouette/Northern_Fulmar_0078_43985.png,Northern Fulmar,
data/cub/silhouette/Northern_Fulmar_0079_43599.png,Northern Fulmar,
data/cub/silhouette/Northern_Fulmar_0081_43912.png,Northern Fulmar,
data/cub/silhouette/Northern_Fulmar_0083_43618.png,Northern Fulmar,
data/cub/silhouette/Northern_Fulmar_0090_43867.png,Northern Fulmar,
data/cub/silhouette/Northern_Fulmar_0091_44120.png,Northern Fulmar,
data/cub/silhouette/Northern_Fulmar_0095_43860.png,Northern Fulmar,
data/cub/silhouette/Northern_Fulmar_0096_43654.png,Northern Fulmar,
data/cub/silhouette/Northern_Fulmar_0097_43865.png,Northern Fulmar,
data/cub/silhouette/Northern_Fulmar_0098_43578.png,Northern Fulmar,
data/cub/silhouette/Northern_Fulmar_0099_44015.png,Northern Fulmar,
data/cub/silhouette/Northern_Fulmar_0100_43732.png,Northern Fulmar,
data/cub/silhouette/Northern_Fulmar_0103_44062.png,Northern Fulmar,
data/cub/silhouette/Gadwall_0001_31235.png,Gadwall,
data/cub/silhouette/Gadwall_0004_31669.png,Gadwall,
data/cub/silhouette/Gadwall_0005_30924.png,Gadwall,
data/cub/silhouette/Gadwall_0007_31537.png,Gadwall,
data/cub/silhouette/Gadwall_0009_31847.png,Gadwall,
data/cub/silhouette/Gadwall_0010_31158.png,Gadwall,
data/cub/silhouette/Gadwall_0012_30920.png,Gadwall,
data/cub/silhouette/Gadwall_0013_31020.png,Gadwall,
data/cub/silhouette/Gadwall_0014_31570.png,Gadwall,
data/cub/silhouette/Gadwall_0017_30979.png,Gadwall,
data/cub/silhouette/Gadwall_0019_30984.png,Gadwall,
data/cub/silhouette/Gadwall_0022_31616.png,Gadwall,
data/cub/silhouette/Gadwall_0024_30942.png,Gadwall,
data/cub/silhouette/Gadwall_0025_30933.png,Gadwall,
data/cub/silhouette/Gadwall_0027_30966.png,Gadwall,
data/cub/silhouette/Gadwall_0028_31623.png,Gadwall,
data/cub/silhouette/Gadwall_0029_31637.png,Gadwall,
data/cub/silhouette/Gadwall_0030_31855.png,Gadwall,
data/cub/silhouette/Gadwall_0031_30935.png,Gadwall,
data/cub/silhouette/Gadwall_0034_31212.png,Gadwall,
data/cub/silhouette/Gadwall_0035_30985.png,Gadwall,The answer is Red faced Cormorant
data/cub/silhouette/Gadwall_0036_31760.png,Gadwall,
data/cub/silhouette/Gadwall_0039_31013.png,Gadwall,
data/cub/silhouette/Gadwall_0040_31788.png,Gadwall,
data/cub/silhouette/Gadwall_0041_31064.png,Gadwall,
data/cub/silhouette/Gadwall_0042_31411.png,Gadwall,
data/cub/silhouette/Gadwall_0047_31360.png,Gadwall,
data/cub/silhouette/Gadwall_0048_31312.png,Gadwall,
data/cub/silhouette/Gadwall_0049_30936.png,Gadwall,
data/cub/silhouette/Gadwall_0050_31223.png,Gadwall,The answer is Red faced Cormorant
data/cub/silhouette/Gadwall_0052_30915.png,Gadwall,
data/cub/silhouette/Gadwall_0055_30912.png,Gadwall,
data/cub/silhouette/Gadwall_0058_31660.png,Gadwall,
data/cub/silhouette/Gadwall_0059_31646.png,Gadwall,
data/cub/silhouette/Gadwall_0060_31686.png,Gadwall,
data/cub/silhouette/Gadwall_0064_31504.png,Gadwall,
data/cub/silhouette/Gadwall_0065_31659.png,Gadwall,
data/cub/silhouette/Gadwall_0066_31557.png,Gadwall,
data/cub/silhouette/Gadwall_0068_30886.png,Gadwall,
data/cub/silhouette/Gadwall_0069_31291.png,Gadwall,
data/cub/silhouette/Gadwall_0070_31187.png,Gadwall,
data/cub/silhouette/Gadwall_0071_31655.png,Gadwall,
data/cub/silhouette/Gadwall_0075_30892.png,Gadwall,
data/cub/silhouette/Gadwall_0076_31639.png,Gadwall,
data/cub/silhouette/Gadwall_0077_30929.png,Gadwall,
data/cub/silhouette/Gadwall_0079_31052.png,Gadwall,
data/cub/silhouette/Gadwall_0080_31747.png,Gadwall,
data/cub/silhouette/Gadwall_0082_31301.png,Gadwall,
data/cub/silhouette/Gadwall_0083_30959.png,Gadwall,
data/cub/silhouette/Gadwall_0084_31135.png,Gadwall,
data/cub/silhouette/Gadwall_0085_31171.png,Gadwall,
data/cub/silhouette/Gadwall_0086_31346.png,Gadwall,
data/cub/silhouette/Gadwall_0087_31821.png,Gadwall,
data/cub/silhouette/Gadwall_0088_31854.png,Gadwall,
data/cub/silhouette/Gadwall_0091_30941.png,Gadwall,
data/cub/silhouette/Gadwall_0092_31162.png,Gadwall,
data/cub/silhouette/Gadwall_0093_30898.png,Gadwall,
data/cub/silhouette/Gadwall_0095_30911.png,Gadwall,
data/cub/silhouette/Gadwall_0096_31560.png,Gadwall,
data/cub/silhouette/Gadwall_0097_30893.png,Gadwall,
data/cub/silhouette/American_Goldfinch_0001_32306.png,American Goldfinch,
data/cub/silhouette/American_Goldfinch_0003_32236.png,American Goldfinch,
data/cub/silhouette/American_Goldfinch_0004_31903.png,American Goldfinch,
data/cub/silhouette/American_Goldfinch_0012_32338.png,American Goldfinch,
data/cub/silhouette/American_Goldfinch_0014_32154.png,American Goldfinch,
data/cub/silhouette/American_Goldfinch_0017_32272.png,American Goldfinch,
data/cub/silhouette/American_Goldfinch_0018_32324.png,American Goldfinch,
data/cub/silhouette/American_Goldfinch_0022_32111.png,American Goldfinch,
data/cub/silhouette/American_Goldfinch_0026_32222.png,American Goldfinch,
data/cub/silhouette/American_Goldfinch_0029_32218.png,American Goldfinch,
data/cub/silhouette/American_Goldfinch_0032_31922.png,American Goldfinch,
data/cub/silhouette/American_Goldfinch_0034_32371.png,American Goldfinch,
data/cub/silhouette/American_Goldfinch_0036_31910.png,American Goldfinch,
data/cub/silhouette/American_Goldfinch_0037_32071.png,American Goldfinch,
data/cub/silhouette/American_Goldfinch_0040_32323.png,American Goldfinch,
data/cub/silhouette/American_Goldfinch_0041_31969.png,American Goldfinch,
data/cub/silhouette/American_Goldfinch_0042_31979.png,American Goldfinch,
data/cub/silhouette/American_Goldfinch_0043_31993.png,American Goldfinch,
data/cub/silhouette/American_Goldfinch_0045_31974.png,American Goldfinch,
data/cub/silhouette/American_Goldfinch_0046_32105.png,American Goldfinch,
data/cub/silhouette/American_Goldfinch_0048_32885.png,American Goldfinch,
data/cub/silhouette/American_Goldfinch_0049_31889.png,American Goldfinch,
data/cub/silhouette/American_Goldfinch_0050_31913.png,American Goldfinch,
data/cub/silhouette/American_Goldfinch_0053_32359.png,American Goldfinch,
data/cub/silhouette/American_Goldfinch_0056_32169.png,American Goldfinch,
data/cub/silhouette/American_Goldfinch_0061_32281.png,American Goldfinch,
data/cub/silhouette/American_Goldfinch_0062_31921.png,American Goldfinch,
data/cub/silhouette/American_Goldfinch_0064_32142.png,American Goldfinch,
data/cub/silhouette/American_Goldfinch_0074_32265.png,American Goldfinch,
data/cub/silhouette/American_Goldfinch_0082_31890.png,American Goldfinch,The answer is Red faced Cormorant
data/cub/silhouette/American_Goldfinch_0084_32295.png,American Goldfinch,
data/cub/silhouette/American_Goldfinch_0086_31887.png,American Goldfinch,
data/cub/silhouette/American_Goldfinch_0087_32363.png,American Goldfinch,The answer is Red faced Cormorant
data/cub/silhouette/American_Goldfinch_0089_32152.png,American Goldfinch,
data/cub/silhouette/American_Goldfinch_0090_31893.png,American Goldfinch,
data/cub/silhouette/American_Goldfinch_0091_31938.png,American Goldfinch,
data/cub/silhouette/American_Goldfinch_0092_32910.png,American Goldfinch,
data/cub/silhouette/American_Goldfinch_0096_31876.png,American Goldfinch,
data/cub/silhouette/American_Goldfinch_0100_32183.png,American Goldfinch,
data/cub/silhouette/American_Goldfinch_0103_32225.png,American Goldfinch,
data/cub/silhouette/American_Goldfinch_0104_32540.png,American Goldfinch,
data/cub/silhouette/American_Goldfinch_0105_32238.png,American Goldfinch,
data/cub/silhouette/American_Goldfinch_0106_32182.png,American Goldfinch,The answer is Red faced Cormorant
data/cub/silhouette/American_Goldfinch_0107_32618.png,American Goldfinch,
data/cub/silhouette/American_Goldfinch_0108_32974.png,American Goldfinch,
data/cub/silhouette/American_Goldfinch_0111_32022.png,American Goldfinch,
data/cub/silhouette/American_Goldfinch_0115_32362.png,American Goldfinch,
data/cub/silhouette/American_Goldfinch_0116_31943.png,American Goldfinch,
data/cub/silhouette/American_Goldfinch_0118_32210.png,American Goldfinch,
data/cub/silhouette/American_Goldfinch_0121_32725.png,American Goldfinch,
data/cub/silhouette/American_Goldfinch_0122_32186.png,American Goldfinch,
data/cub/silhouette/American_Goldfinch_0123_32505.png,American Goldfinch,
data/cub/silhouette/American_Goldfinch_0126_32480.png,American Goldfinch,
data/cub/silhouette/American_Goldfinch_0128_32333.png,American Goldfinch,
data/cub/silhouette/American_Goldfinch_0129_32625.png,American Goldfinch,
data/cub/silhouette/American_Goldfinch_0131_32911.png,American Goldfinch,
data/cub/silhouette/American_Goldfinch_0133_32802.png,American Goldfinch,
data/cub/silhouette/American_Goldfinch_0134_32409.png,American Goldfinch,
data/cub/silhouette/American_Goldfinch_0135_32107.png,American Goldfinch,The answer is Red faced Cormorant
data/cub/silhouette/American_Goldfinch_0136_32277.png,American Goldfinch,
data/cub/silhouette/European_Goldfinch_0003_33066.png,European Goldfinch,
data/cub/silhouette/European_Goldfinch_0004_33313.png,European Goldfinch,
data/cub/silhouette/European_Goldfinch_0005_33263.png,European Goldfinch,
data/cub/silhouette/European_Goldfinch_0006_794661.png,European Goldfinch,
data/cub/silhouette/European_Goldfinch_0008_33153.png,European Goldfinch,
data/cub/silhouette/European_Goldfinch_0011_794676.png,European Goldfinch,
data/cub/silhouette/European_Goldfinch_0012_794646.png,European Goldfinch,
data/cub/silhouette/European_Goldfinch_0013_794687.png,European Goldfinch,
data/cub/silhouette/European_Goldfinch_0014_794672.png,European Goldfinch,
data/cub/silhouette/European_Goldfinch_0017_794638.png,European Goldfinch,
data/cub/silhouette/European_Goldfinch_0020_794644.png,European Goldfinch,
data/cub/silhouette/European_Goldfinch_0022_794674.png,European Goldfinch,
data/cub/silhouette/European_Goldfinch_0025_794647.png,European Goldfinch,
data/cub/silhouette/European_Goldfinch_0030_33357.png,European Goldfinch,
data/cub/silhouette/European_Goldfinch_0032_794679.png,European Goldfinch,
data/cub/silhouette/European_Goldfinch_0034_33256.png,European Goldfinch,
data/cub/silhouette/European_Goldfinch_0036_794642.png,European Goldfinch,The answer is Red faced Cormorant
data/cub/silhouette/European_Goldfinch_0037_33149.png,European Goldfinch,
data/cub/silhouette/European_Goldfinch_0038_794675.png,European Goldfinch,
data/cub/silhouette/European_Goldfinch_0040_794643.png,European Goldfinch,
data/cub/silhouette/European_Goldfinch_0041_794645.png,European Goldfinch,
data/cub/silhouette/European_Goldfinch_0045_794690.png,European Goldfinch,
data/cub/silhouette/European_Goldfinch_0046_33307.png,European Goldfinch,
data/cub/silhouette/European_Goldfinch_0047_33332.png,European Goldfinch,The answer is Red faced Cormorant
data/cub/silhouette/European_Goldfinch_0048_794656.png,European Goldfinch,
data/cub/silhouette/European_Goldfinch_0052_33082.png,European Goldfinch,
data/cub/silhouette/European_Goldfinch_0053_794639.png,European Goldfinch,
data/cub/silhouette/European_Goldfinch_0054_33169.png,European Goldfinch,
data/cub/silhouette/European_Goldfinch_0058_794665.png,European Goldfinch,The answer is Red faced Cormorant
data/cub/silhouette/European_Goldfinch_0062_794657.png,European Goldfinch,
data/cub/silhouette/European_Goldfinch_0064_794670.png,European Goldfinch,
data/cub/silhouette/European_Goldfinch_0067_794637.png,European Goldfinch,
data/cub/silhouette/European_Goldfinch_0068_33359.png,European Goldfinch,
data/cub/silhouette/European_Goldfinch_0070_33084.png,European Goldfinch,
data/cub/silhouette/European_Goldfinch_0073_794633.png,European Goldfinch,
data/cub/silhouette/European_Goldfinch_0074_33348.png,European Goldfinch,
data/cub/silhouette/European_Goldfinch_0075_794660.png,European Goldfinch,
data/cub/silhouette/European_Goldfinch_0076_33173.png,European Goldfinch,
data/cub/silhouette/European_Goldfinch_0077_33346.png,European Goldfinch,
data/cub/silhouette/European_Goldfinch_0078_33170.png,European Goldfinch,
data/cub/silhouette/European_Goldfinch_0080_33322.png,European Goldfinch,
data/cub/silhouette/European_Goldfinch_0081_33259.png,European Goldfinch,
data/cub/silhouette/European_Goldfinch_0084_33147.png,European Goldfinch,
data/cub/silhouette/European_Goldfinch_0085_794682.png,European Goldfinch,
data/cub/silhouette/European_Goldfinch_0087_794693.png,European Goldfinch,
data/cub/silhouette/European_Goldfinch_0088_794651.png,European Goldfinch,
data/cub/silhouette/European_Goldfinch_0089_33279.png,European Goldfinch,
data/cub/silhouette/European_Goldfinch_0090_794648.png,European Goldfinch,
data/cub/silhouette/European_Goldfinch_0092_794671.png,European Goldfinch,
data/cub/silhouette/European_Goldfinch_0093_794653.png,European Goldfinch,
data/cub/silhouette/European_Goldfinch_0094_794673.png,European Goldfinch,
data/cub/silhouette/European_Goldfinch_0097_794688.png,European Goldfinch,
data/cub/silhouette/European_Goldfinch_0098_33152.png,European Goldfinch,
data/cub/silhouette/European_Goldfinch_0100_794685.png,European Goldfinch,
data/cub/silhouette/European_Goldfinch_0101_33127.png,European Goldfinch,
data/cub/silhouette/European_Goldfinch_0103_794664.png,European Goldfinch,
data/cub/silhouette/European_Goldfinch_0104_794634.png,European Goldfinch,
data/cub/silhouette/European_Goldfinch_0106_33298.png,European Goldfinch,
data/cub/silhouette/European_Goldfinch_0107_794655.png,European Goldfinch,
data/cub/silhouette/European_Goldfinch_0108_33176.png,European Goldfinch,
data/cub/silhouette/Boat_Tailed_Grackle_0004_33858.png,Boat Tailed Grackle,
data/cub/silhouette/Boat_Tailed_Grackle_0009_33373.png,Boat Tailed Grackle,The answer is Red faced Cormorant
data/cub/silhouette/Boat_Tailed_Grackle_0011_34020.png,Boat Tailed Grackle,
data/cub/silhouette/Boat_Tailed_Grackle_0012_33998.png,Boat Tailed Grackle,
data/cub/silhouette/Boat_Tailed_Grackle_0014_33485.png,Boat Tailed Grackle,
data/cub/silhouette/Boat_Tailed_Grackle_0016_33770.png,Boat Tailed Grackle,
data/cub/silhouette/Boat_Tailed_Grackle_0017_33480.png,Boat Tailed Grackle,
data/cub/silhouette/Boat_Tailed_Grackle_0019_33687.png,Boat Tailed Grackle,
data/cub/silhouette/Boat_Tailed_Grackle_0024_33393.png,Boat Tailed Grackle,
data/cub/silhouette/Boat_Tailed_Grackle_0027_33743.png,Boat Tailed Grackle,
data/cub/silhouette/Boat_Tailed_Grackle_0028_33777.png,Boat Tailed Grackle,
data/cub/silhouette/Boat_Tailed_Grackle_0030_33615.png,Boat Tailed Grackle,
data/cub/silhouette/Boat_Tailed_Grackle_0033_33524.png,Boat Tailed Grackle,
data/cub/silhouette/Boat_Tailed_Grackle_0035_33750.png,Boat Tailed Grackle,
data/cub/silhouette/Boat_Tailed_Grackle_0040_33417.png,Boat Tailed Grackle,
data/cub/silhouette/Boat_Tailed_Grackle_0041_33396.png,Boat Tailed Grackle,
data/cub/silhouette/Boat_Tailed_Grackle_0043_33595.png,Boat Tailed Grackle,
data/cub/silhouette/Boat_Tailed_Grackle_0047_33500.png,Boat Tailed Grackle,
data/cub/silhouette/Boat_Tailed_Grackle_0049_33422.png,Boat Tailed Grackle,
data/cub/silhouette/Boat_Tailed_Grackle_0050_33501.png,Boat Tailed Grackle,
data/cub/silhouette/Boat_Tailed_Grackle_0051_33600.png,Boat Tailed Grackle,
data/cub/silhouette/Boat_Tailed_Grackle_0052_33676.png,Boat Tailed Grackle,
data/cub/silhouette/Boat_Tailed_Grackle_0054_33633.png,Boat Tailed Grackle,
data/cub/silhouette/Boat_Tailed_Grackle_0055_33774.png,Boat Tailed Grackle,
data/cub/silhouette/Boat_Tailed_Grackle_0056_33649.png,Boat Tailed Grackle,
data/cub/silhouette/Boat_Tailed_Grackle_0060_33589.png,Boat Tailed Grackle,
data/cub/silhouette/Boat_Tailed_Grackle_0062_33650.png,Boat Tailed Grackle,
data/cub/silhouette/Boat_Tailed_Grackle_0063_33492.png,Boat Tailed Grackle,
data/cub/silhouette/Boat_Tailed_Grackle_0065_33423.png,Boat Tailed Grackle,
data/cub/silhouette/Boat_Tailed_Grackle_0066_33368.png,Boat Tailed Grackle,
data/cub/silhouette/Boat_Tailed_Grackle_0067_34032.png,Boat Tailed Grackle,
data/cub/silhouette/Boat_Tailed_Grackle_0068_33387.png,Boat Tailed Grackle,
data/cub/silhouette/Boat_Tailed_Grackle_0069_33685.png,Boat Tailed Grackle,
data/cub/silhouette/Boat_Tailed_Grackle_0070_33612.png,Boat Tailed Grackle,
data/cub/silhouette/Boat_Tailed_Grackle_0073_33723.png,Boat Tailed Grackle,
data/cub/silhouette/Boat_Tailed_Grackle_0075_33839.png,Boat Tailed Grackle,
data/cub/silhouette/Boat_Tailed_Grackle_0082_33488.png,Boat Tailed Grackle,
data/cub/silhouette/Boat_Tailed_Grackle_0083_33590.png,Boat Tailed Grackle,
data/cub/silhouette/Boat_Tailed_Grackle_0085_33384.png,Boat Tailed Grackle,
data/cub/silhouette/Boat_Tailed_Grackle_0086_33818.png,Boat Tailed Grackle,
data/cub/silhouette/Boat_Tailed_Grackle_0087_33369.png,Boat Tailed Grackle,
data/cub/silhouette/Boat_Tailed_Grackle_0088_33448.png,Boat Tailed Grackle,
data/cub/silhouette/Boat_Tailed_Grackle_0089_33807.png,Boat Tailed Grackle,
data/cub/silhouette/Boat_Tailed_Grackle_0091_33504.png,Boat Tailed Grackle,
data/cub/silhouette/Boat_Tailed_Grackle_0095_33568.png,Boat Tailed Grackle,
data/cub/silhouette/Boat_Tailed_Grackle_0096_33801.png,Boat Tailed Grackle,
data/cub/silhouette/Boat_Tailed_Grackle_0097_33759.png,Boat Tailed Grackle,
data/cub/silhouette/Boat_Tailed_Grackle_0099_33455.png,Boat Tailed Grackle,
data/cub/silhouette/Boat_Tailed_Grackle_0100_33985.png,Boat Tailed Grackle,
data/cub/silhouette/Boat_Tailed_Grackle_0101_33611.png,Boat Tailed Grackle,
data/cub/silhouette/Boat_Tailed_Grackle_0105_33663.png,Boat Tailed Grackle,
data/cub/silhouette/Boat_Tailed_Grackle_0108_33398.png,Boat Tailed Grackle,
data/cub/silhouette/Boat_Tailed_Grackle_0112_33841.png,Boat Tailed Grackle,
data/cub/silhouette/Boat_Tailed_Grackle_0113_33490.png,Boat Tailed Grackle,
data/cub/silhouette/Boat_Tailed_Grackle_0116_33808.png,Boat Tailed Grackle,
data/cub/silhouette/Boat_Tailed_Grackle_0117_33576.png,Boat Tailed Grackle,
data/cub/silhouette/Boat_Tailed_Grackle_0122_34023.png,Boat Tailed Grackle,
data/cub/silhouette/Boat_Tailed_Grackle_0123_33695.png,Boat Tailed Grackle,
data/cub/silhouette/Boat_Tailed_Grackle_0125_33867.png,Boat Tailed Grackle,
data/cub/silhouette/Boat_Tailed_Grackle_0126_33593.png,Boat Tailed Grackle,
data/cub/silhouette/Eared_Grebe_0001_34433.png,Eared Grebe,
data/cub/silhouette/Eared_Grebe_0004_34277.png,Eared Grebe,
data/cub/silhouette/Eared_Grebe_0006_34347.png,Eared Grebe,
data/cub/silhouette/Eared_Grebe_0007_34236.png,Eared Grebe,
data/cub/silhouette/Eared_Grebe_0009_34244.png,Eared Grebe,
data/cub/silhouette/Eared_Grebe_0010_34151.png,Eared Grebe,
data/cub/silhouette/Eared_Grebe_0013_34150.png,Eared Grebe,
data/cub/silhouette/Eared_Grebe_0015_34231.png,Eared Grebe,The answer is Red faced Cormorant
data/cub/silhouette/Eared_Grebe_0016_34334.png,Eared Grebe,
data/cub/silhouette/Eared_Grebe_0017_34139.png,Eared Grebe,
data/cub/silhouette/Eared_Grebe_0018_34357.png,Eared Grebe,
data/cub/silhouette/Eared_Grebe_0020_34131.png,Eared Grebe,
data/cub/silhouette/Eared_Grebe_0023_34309.png,Eared Grebe,
data/cub/silhouette/Eared_Grebe_0025_34344.png,Eared Grebe,
data/cub/silhouette/Eared_Grebe_0026_34383.png,Eared Grebe,
data/cub/silhouette/Eared_Grebe_0027_34341.png,Eared Grebe,
data/cub/silhouette/Eared_Grebe_0029_34258.png,Eared Grebe,
data/cub/silhouette/Eared_Grebe_0031_34262.png,Eared Grebe,
data/cub/silhouette/Eared_Grebe_0032_34078.png,Eared Grebe,
data/cub/silhouette/Eared_Grebe_0034_34142.png,Eared Grebe,
data/cub/silhouette/Eared_Grebe_0035_34137.png,Eared Grebe,
data/cub/silhouette/Eared_Grebe_0036_34048.png,Eared Grebe,
data/cub/silhouette/Eared_Grebe_0037_34169.png,Eared Grebe,
data/cub/silhouette/Eared_Grebe_0038_34321.png,Eared Grebe,
data/cub/silhouette/Eared_Grebe_0039_34257.png,Eared Grebe,
data/cub/silhouette/Eared_Grebe_0040_34340.png,Eared Grebe,
data/cub/silhouette/Eared_Grebe_0041_34157.png,Eared Grebe,
data/cub/silhouette/Eared_Grebe_0042_34132.png,Eared Grebe,
data/cub/silhouette/Eared_Grebe_0043_34427.png,Eared Grebe,
data/cub/silhouette/Eared_Grebe_0045_34212.png,Eared Grebe,
data/cub/silhouette/Eared_Grebe_0047_34204.png,Eared Grebe,
data/cub/silhouette/Eared_Grebe_0048_34175.png,Eared Grebe,
data/cub/silhouette/Eared_Grebe_0049_34100.png,Eared Grebe,
data/cub/silhouette/Eared_Grebe_0051_34209.png,Eared Grebe,
data/cub/silhouette/Eared_Grebe_0052_34205.png,Eared Grebe,
data/cub/silhouette/Eared_Grebe_0053_34084.png,Eared Grebe,
data/cub/silhouette/Eared_Grebe_0054_34289.png,Eared Grebe,
data/cub/silhouette/Eared_Grebe_0056_34098.png,Eared Grebe,
data/cub/silhouette/Eared_Grebe_0057_34274.png,Eared Grebe,
data/cub/silhouette/Eared_Grebe_0058_34174.png,Eared Grebe,
data/cub/silhouette/Eared_Grebe_0060_34133.png,Eared Grebe,
data/cub/silhouette/Eared_Grebe_0061_34407.png,Eared Grebe,The answer is Red faced Cormorant
data/cub/silhouette/Eared_Grebe_0062_34249.png,Eared Grebe,
data/cub/silhouette/Eared_Grebe_0063_34054.png,Eared Grebe,
data/cub/silhouette/Eared_Grebe_0064_34251.png,Eared Grebe,
data/cub/silhouette/Eared_Grebe_0065_34049.png,Eared Grebe,
data/cub/silhouette/Eared_Grebe_0067_34416.png,Eared Grebe,
data/cub/silhouette/Eared_Grebe_0068_34052.png,Eared Grebe,
data/cub/silhouette/Eared_Grebe_0069_34199.png,Eared Grebe,
data/cub/silhouette/Eared_Grebe_0071_34311.png,Eared Grebe,
data/cub/silhouette/Eared_Grebe_0073_34172.png,Eared Grebe,
data/cub/silhouette/Eared_Grebe_0074_34238.png,Eared Grebe,
data/cub/silhouette/Eared_Grebe_0075_34115.png,Eared Grebe,The answer is Red faced Cormorant
data/cub/silhouette/Eared_Grebe_0079_34342.png,Eared Grebe,
data/cub/silhouette/Eared_Grebe_0080_34223.png,Eared Grebe,
data/cub/silhouette/Eared_Grebe_0081_34153.png,Eared Grebe,
data/cub/silhouette/Eared_Grebe_0082_34227.png,Eared Grebe,
data/cub/silhouette/Eared_Grebe_0084_34364.png,Eared Grebe,
data/cub/silhouette/Eared_Grebe_0085_34063.png,Eared Grebe,
data/cub/silhouette/Eared_Grebe_0086_34064.png,Eared Grebe,
data/cub/silhouette/Horned_Grebe_0001_34723.png,Horned Grebe,
data/cub/silhouette/Horned_Grebe_0002_34577.png,Horned Grebe,
data/cub/silhouette/Horned_Grebe_0003_34983.png,Horned Grebe,
data/cub/silhouette/Horned_Grebe_0005_34657.png,Horned Grebe,
data/cub/silhouette/Horned_Grebe_0006_34718.png,Horned Grebe,
data/cub/silhouette/Horned_Grebe_0008_34515.png,Horned Grebe,
data/cub/silhouette/Horned_Grebe_0009_34952.png,Horned Grebe,
data/cub/silhouette/Horned_Grebe_0010_34716.png,Horned Grebe,
data/cub/silhouette/Horned_Grebe_0011_34687.png,Horned Grebe,
data/cub/silhouette/Horned_Grebe_0014_34968.png,Horned Grebe,
data/cub/silhouette/Horned_Grebe_0017_35073.png,Horned Grebe,
data/cub/silhouette/Horned_Grebe_0019_34811.png,Horned Grebe,
data/cub/silhouette/Horned_Grebe_0029_34557.png,Horned Grebe,
data/cub/silhouette/Horned_Grebe_0031_34626.png,Horned Grebe,
data/cub/silhouette/Horned_Grebe_0033_34736.png,Horned Grebe,
data/cub/silhouette/Horned_Grebe_0039_34848.png,Horned Grebe,
data/cub/silhouette/Horned_Grebe_0040_34548.png,Horned Grebe,
data/cub/silhouette/Horned_Grebe_0041_34535.png,Horned Grebe,
data/cub/silhouette/Horned_Grebe_0045_34859.png,Horned Grebe,
data/cub/silhouette/Horned_Grebe_0046_34926.png,Horned Grebe,
data/cub/silhouette/Horned_Grebe_0049_34779.png,Horned Grebe,
data/cub/silhouette/Horned_Grebe_0050_34561.png,Horned Grebe,
data/cub/silhouette/Horned_Grebe_0051_35143.png,Horned Grebe,
data/cub/silhouette/Horned_Grebe_0053_34512.png,Horned Grebe,
data/cub/silhouette/Horned_Grebe_0055_35104.png,Horned Grebe,
data/cub/silhouette/Horned_Grebe_0057_34590.png,Horned Grebe,
data/cub/silhouette/Horned_Grebe_0058_34568.png,Horned Grebe,
data/cub/silhouette/Horned_Grebe_0061_34613.png,Horned Grebe,
data/cub/silhouette/Horned_Grebe_0062_34523.png,Horned Grebe,
data/cub/silhouette/Horned_Grebe_0063_34966.png,Horned Grebe,
data/cub/silhouette/Horned_Grebe_0064_35015.png,Horned Grebe,
data/cub/silhouette/Horned_Grebe_0066_34738.png,Horned Grebe,
data/cub/silhouette/Horned_Grebe_0067_34654.png,Horned Grebe,
data/cub/silhouette/Horned_Grebe_0068_35111.png,Horned Grebe,
data/cub/silhouette/Horned_Grebe_0069_34990.png,Horned Grebe,
data/cub/silhouette/Horned_Grebe_0070_34514.png,Horned Grebe,
data/cub/silhouette/Horned_Grebe_0071_35078.png,Horned Grebe,
data/cub/silhouette/Horned_Grebe_0072_34497.png,Horned Grebe,
data/cub/silhouette/Horned_Grebe_0076_34841.png,Horned Grebe,
data/cub/silhouette/Horned_Grebe_0077_34587.png,Horned Grebe,
data/cub/silhouette/Horned_Grebe_0078_34799.png,Horned Grebe,
data/cub/silhouette/Horned_Grebe_0082_34725.png,Horned Grebe,
data/cub/silhouette/Horned_Grebe_0084_34936.png,Horned Grebe,
data/cub/silhouette/Horned_Grebe_0085_34713.png,Horned Grebe,
data/cub/silhouette/Horned_Grebe_0086_34749.png,Horned Grebe,
data/cub/silhouette/Horned_Grebe_0088_35023.png,Horned Grebe,
data/cub/silhouette/Horned_Grebe_0090_34640.png,Horned Grebe,
data/cub/silhouette/Horned_Grebe_0093_34720.png,Horned Grebe,
data/cub/silhouette/Horned_Grebe_0095_34491.png,Horned Grebe,
data/cub/silhouette/Horned_Grebe_0096_34452.png,Horned Grebe,
data/cub/silhouette/Horned_Grebe_0098_34662.png,Horned Grebe,
data/cub/silhouette/Horned_Grebe_0099_34989.png,Horned Grebe,
data/cub/silhouette/Horned_Grebe_0100_34462.png,Horned Grebe,
data/cub/silhouette/Horned_Grebe_0101_35203.png,Horned Grebe,
data/cub/silhouette/Horned_Grebe_0102_34448.png,Horned Grebe,
data/cub/silhouette/Horned_Grebe_0103_34822.png,Horned Grebe,
data/cub/silhouette/Horned_Grebe_0106_35112.png,Horned Grebe,
data/cub/silhouette/Horned_Grebe_0110_35012.png,Horned Grebe,
data/cub/silhouette/Horned_Grebe_0112_34864.png,Horned Grebe,
data/cub/silhouette/Horned_Grebe_0114_34517.png,Horned Grebe,
data/cub/silhouette/Pied_Billed_Grebe_0004_35808.png,Pied Billed Grebe,
data/cub/silhouette/Pied_Billed_Grebe_0005_35437.png,Pied Billed Grebe,
data/cub/silhouette/Pied_Billed_Grebe_0007_35399.png,Pied Billed Grebe,
data/cub/silhouette/Pied_Billed_Grebe_0013_35882.png,Pied Billed Grebe,
data/cub/silhouette/Pied_Billed_Grebe_0014_35424.png,Pied Billed Grebe,
data/cub/silhouette/Pied_Billed_Grebe_0015_35289.png,Pied Billed Grebe,
data/cub/silhouette/Pied_Billed_Grebe_0020_35958.png,Pied Billed Grebe,
data/cub/silhouette/Pied_Billed_Grebe_0023_35687.png,Pied Billed Grebe,
data/cub/silhouette/Pied_Billed_Grebe_0024_35949.png,Pied Billed Grebe,
data/cub/silhouette/Pied_Billed_Grebe_0029_35551.png,Pied Billed Grebe,
data/cub/silhouette/Pied_Billed_Grebe_0030_35498.png,Pied Billed Grebe,
data/cub/silhouette/Pied_Billed_Grebe_0032_35931.png,Pied Billed Grebe,
data/cub/silhouette/Pied_Billed_Grebe_0033_35379.png,Pied Billed Grebe,
data/cub/silhouette/Pied_Billed_Grebe_0035_35518.png,Pied Billed Grebe,
data/cub/silhouette/Pied_Billed_Grebe_0037_35598.png,Pied Billed Grebe,
data/cub/silhouette/Pied_Billed_Grebe_0038_35798.png,Pied Billed Grebe,
data/cub/silhouette/Pied_Billed_Grebe_0040_35981.png,Pied Billed Grebe,
data/cub/silhouette/Pied_Billed_Grebe_0041_35224.png,Pied Billed Grebe,
data/cub/silhouette/Pied_Billed_Grebe_0044_35425.png,Pied Billed Grebe,
data/cub/silhouette/Pied_Billed_Grebe_0045_35962.png,Pied Billed Grebe,
data/cub/silhouette/Pied_Billed_Grebe_0048_35670.png,Pied Billed Grebe,
data/cub/silhouette/Pied_Billed_Grebe_0049_35980.png,Pied Billed Grebe,
data/cub/silhouette/Pied_Billed_Grebe_0050_35530.png,Pied Billed Grebe,
data/cub/silhouette/Pied_Billed_Grebe_0052_35937.png,Pied Billed Grebe,
data/cub/silhouette/Pied_Billed_Grebe_0053_35262.png,Pied Billed Grebe,The answer is Red faced Cormorant
data/cub/silhouette/Pied_Billed_Grebe_0055_35502.png,Pied Billed Grebe,
data/cub/silhouette/Pied_Billed_Grebe_0056_35623.png,Pied Billed Grebe,
data/cub/silhouette/Pied_Billed_Grebe_0058_35503.png,Pied Billed Grebe,
data/cub/silhouette/Pied_Billed_Grebe_0059_35507.png,Pied Billed Grebe,
data/cub/silhouette/Pied_Billed_Grebe_0062_35955.png,Pied Billed Grebe,
data/cub/silhouette/Pied_Billed_Grebe_0063_35529.png,Pied Billed Grebe,
data/cub/silhouette/Pied_Billed_Grebe_0064_35843.png,Pied Billed Grebe,
data/cub/silhouette/Pied_Billed_Grebe_0065_35713.png,Pied Billed Grebe,
data/cub/silhouette/Pied_Billed_Grebe_0067_35465.png,Pied Billed Grebe,
data/cub/silhouette/Pied_Billed_Grebe_0068_35963.png,Pied Billed Grebe,
data/cub/silhouette/Pied_Billed_Grebe_0070_35472.png,Pied Billed Grebe,
data/cub/silhouette/Pied_Billed_Grebe_0071_35386.png,Pied Billed Grebe,
data/cub/silhouette/Pied_Billed_Grebe_0072_35939.png,Pied Billed Grebe,
data/cub/silhouette/Pied_Billed_Grebe_0073_35553.png,Pied Billed Grebe,
data/cub/silhouette/Pied_Billed_Grebe_0076_35432.png,Pied Billed Grebe,
data/cub/silhouette/Pied_Billed_Grebe_0078_35410.png,Pied Billed Grebe,
data/cub/silhouette/Pied_Billed_Grebe_0081_35409.png,Pied Billed Grebe,
data/cub/silhouette/Pied_Billed_Grebe_0082_35356.png,Pied Billed Grebe,
data/cub/silhouette/Pied_Billed_Grebe_0084_35863.png,Pied Billed Grebe,
data/cub/silhouette/Pied_Billed_Grebe_0086_35483.png,Pied Billed Grebe,
data/cub/silhouette/Pied_Billed_Grebe_0091_35276.png,Pied Billed Grebe,
data/cub/silhouette/Pied_Billed_Grebe_0095_35496.png,Pied Billed Grebe,The answer is Red faced Cormorant
data/cub/silhouette/Pied_Billed_Grebe_0096_35579.png,Pied Billed Grebe,
data/cub/silhouette/Pied_Billed_Grebe_0099_35872.png,Pied Billed Grebe,
data/cub/silhouette/Pied_Billed_Grebe_0100_35310.png,Pied Billed Grebe,
data/cub/silhouette/Pied_Billed_Grebe_0101_35464.png,Pied Billed Grebe,
data/cub/silhouette/Pied_Billed_Grebe_0106_35418.png,Pied Billed Grebe,
data/cub/silhouette/Pied_Billed_Grebe_0113_35703.png,Pied Billed Grebe,
data/cub/silhouette/Pied_Billed_Grebe_0114_35493.png,Pied Billed Grebe,
data/cub/silhouette/Pied_Billed_Grebe_0115_35362.png,Pied Billed Grebe,
data/cub/silhouette/Pied_Billed_Grebe_0119_35377.png,Pied Billed Grebe,
data/cub/silhouette/Pied_Billed_Grebe_0120_35764.png,Pied Billed Grebe,
data/cub/silhouette/Pied_Billed_Grebe_0122_35970.png,Pied Billed Grebe,
data/cub/silhouette/Pied_Billed_Grebe_0123_35469.png,Pied Billed Grebe,
data/cub/silhouette/Pied_Billed_Grebe_0125_35322.png,Pied Billed Grebe,
data/cub/silhouette/Western_Grebe_0001_36481.png,Western Grebe,
data/cub/silhouette/Western_Grebe_0002_36518.png,Western Grebe,
data/cub/silhouette/Western_Grebe_0004_36130.png,Western Grebe,
data/cub/silhouette/Western_Grebe_0007_36074.png,Western Grebe,
data/cub/silhouette/Western_Grebe_0009_36477.png,Western Grebe,
data/cub/silhouette/Western_Grebe_0011_36522.png,Western Grebe,
data/cub/silhouette/Western_Grebe_0013_36383.png,Western Grebe,
data/cub/silhouette/Western_Grebe_0014_36185.png,Western Grebe,
data/cub/silhouette/Western_Grebe_0017_36218.png,Western Grebe,
data/cub/silhouette/Western_Grebe_0020_36241.png,Western Grebe,
data/cub/silhouette/Western_Grebe_0021_36282.png,Western Grebe,
data/cub/silhouette/Western_Grebe_0022_36148.png,Western Grebe,
data/cub/silhouette/Western_Grebe_0025_36251.png,Western Grebe,
data/cub/silhouette/Western_Grebe_0028_36196.png,Western Grebe,The answer is Red faced Cormorant
data/cub/silhouette/Western_Grebe_0029_36379.png,Western Grebe,
data/cub/silhouette/Western_Grebe_0032_36439.png,Western Grebe,
data/cub/silhouette/Western_Grebe_0033_36395.png,Western Grebe,
data/cub/silhouette/Western_Grebe_0034_36149.png,Western Grebe,
data/cub/silhouette/Western_Grebe_0036_36521.png,Western Grebe,The answer is Red faced Cormorant
data/cub/silhouette/Western_Grebe_0037_36469.png,Western Grebe,
data/cub/silhouette/Western_Grebe_0038_36363.png,Western Grebe,
data/cub/silhouette/Western_Grebe_0042_36035.png,Western Grebe,
data/cub/silhouette/Western_Grebe_0043_36183.png,Western Grebe,
data/cub/silhouette/Western_Grebe_0044_36188.png,Western Grebe,
data/cub/silhouette/Western_Grebe_0045_36425.png,Western Grebe,
data/cub/silhouette/Western_Grebe_0046_36118.png,Western Grebe,
data/cub/silhouette/Western_Grebe_0047_36203.png,Western Grebe,
data/cub/silhouette/Western_Grebe_0048_36399.png,Western Grebe,
data/cub/silhouette/Western_Grebe_0049_36219.png,Western Grebe,
data/cub/silhouette/Western_Grebe_0050_36163.png,Western Grebe,
data/cub/silhouette/Western_Grebe_0051_36249.png,Western Grebe,
data/cub/silhouette/Western_Grebe_0056_36216.png,Western Grebe,
data/cub/silhouette/Western_Grebe_0057_36157.png,Western Grebe,
data/cub/silhouette/Western_Grebe_0058_36403.png,Western Grebe,
data/cub/silhouette/Western_Grebe_0061_36181.png,Western Grebe,
data/cub/silhouette/Western_Grebe_0064_36613.png,Western Grebe,
data/cub/silhouette/Western_Grebe_0067_36610.png,Western Grebe,
data/cub/silhouette/Western_Grebe_0069_36486.png,Western Grebe,
data/cub/silhouette/Western_Grebe_0070_36162.png,Western Grebe,
data/cub/silhouette/Western_Grebe_0071_36536.png,Western Grebe,
data/cub/silhouette/Western_Grebe_0075_36435.png,Western Grebe,
data/cub/silhouette/Western_Grebe_0077_36355.png,Western Grebe,
data/cub/silhouette/Western_Grebe_0080_36310.png,Western Grebe,
data/cub/silhouette/Western_Grebe_0081_36578.png,Western Grebe,
data/cub/silhouette/Western_Grebe_0083_36033.png,Western Grebe,
data/cub/silhouette/Western_Grebe_0085_36224.png,Western Grebe,
data/cub/silhouette/Western_Grebe_0086_36478.png,Western Grebe,
data/cub/silhouette/Western_Grebe_0087_36570.png,Western Grebe,
data/cub/silhouette/Western_Grebe_0088_36428.png,Western Grebe,
data/cub/silhouette/Western_Grebe_0089_36154.png,Western Grebe,
data/cub/silhouette/Western_Grebe_0090_36182.png,Western Grebe,
data/cub/silhouette/Western_Grebe_0091_36194.png,Western Grebe,
data/cub/silhouette/Western_Grebe_0092_36121.png,Western Grebe,
data/cub/silhouette/Western_Grebe_0093_36193.png,Western Grebe,
data/cub/silhouette/Western_Grebe_0099_36112.png,Western Grebe,
data/cub/silhouette/Western_Grebe_0102_36116.png,Western Grebe,
data/cub/silhouette/Western_Grebe_0103_36515.png,Western Grebe,
data/cub/silhouette/Western_Grebe_0104_36164.png,Western Grebe,
data/cub/silhouette/Western_Grebe_0105_36542.png,Western Grebe,
data/cub/silhouette/Western_Grebe_0106_36509.png,Western Grebe,
data/cub/silhouette/Blue_Grosbeak_0002_36648.png,Blue Grosbeak,
data/cub/silhouette/Blue_Grosbeak_0004_14988.png,Blue Grosbeak,
data/cub/silhouette/Blue_Grosbeak_0009_36992.png,Blue Grosbeak,The answer is Red faced Cormorant
data/cub/silhouette/Blue_Grosbeak_0010_37108.png,Blue Grosbeak,
data/cub/silhouette/Blue_Grosbeak_0014_36708.png,Blue Grosbeak,
data/cub/silhouette/Blue_Grosbeak_0015_36985.png,Blue Grosbeak,
data/cub/silhouette/Blue_Grosbeak_0016_36862.png,Blue Grosbeak,
data/cub/silhouette/Blue_Grosbeak_0019_37205.png,Blue Grosbeak,
data/cub/silhouette/Blue_Grosbeak_0020_36967.png,Blue Grosbeak,
data/cub/silhouette/Blue_Grosbeak_0022_37082.png,Blue Grosbeak,
data/cub/silhouette/Blue_Grosbeak_0023_37069.png,Blue Grosbeak,
data/cub/silhouette/Blue_Grosbeak_0024_36680.png,Blue Grosbeak,
data/cub/silhouette/Blue_Grosbeak_0025_36646.png,Blue Grosbeak,
data/cub/silhouette/Blue_Grosbeak_0027_36703.png,Blue Grosbeak,
data/cub/silhouette/Blue_Grosbeak_0029_37197.png,Blue Grosbeak,
data/cub/silhouette/Blue_Grosbeak_0031_37173.png,Blue Grosbeak,
data/cub/silhouette/Blue_Grosbeak_0033_36980.png,Blue Grosbeak,
data/cub/silhouette/Blue_Grosbeak_0036_37048.png,Blue Grosbeak,
data/cub/silhouette/Blue_Grosbeak_0037_36794.png,Blue Grosbeak,The answer is Red faced Cormorant
data/cub/silhouette/Blue_Grosbeak_0038_37095.png,Blue Grosbeak,
data/cub/silhouette/Blue_Grosbeak_0041_37174.png,Blue Grosbeak,
data/cub/silhouette/Blue_Grosbeak_0042_36742.png,Blue Grosbeak,
data/cub/silhouette/Blue_Grosbeak_0043_37200.png,Blue Grosbeak,
data/cub/silhouette/Blue_Grosbeak_0045_36672.png,Blue Grosbeak,
data/cub/silhouette/Blue_Grosbeak_0046_37119.png,Blue Grosbeak,
data/cub/silhouette/Blue_Grosbeak_0048_36809.png,Blue Grosbeak,
data/cub/silhouette/Blue_Grosbeak_0049_37180.png,Blue Grosbeak,
data/cub/silhouette/Blue_Grosbeak_0051_37065.png,Blue Grosbeak,
data/cub/silhouette/Blue_Grosbeak_0053_36709.png,Blue Grosbeak,
data/cub/silhouette/Blue_Grosbeak_0057_37116.png,Blue Grosbeak,
data/cub/silhouette/Blue_Grosbeak_0061_36633.png,Blue Grosbeak,
data/cub/silhouette/Blue_Grosbeak_0065_36847.png,Blue Grosbeak,
data/cub/silhouette/Blue_Grosbeak_0066_36632.png,Blue Grosbeak,
data/cub/silhouette/Blue_Grosbeak_0067_36965.png,Blue Grosbeak,
data/cub/silhouette/Blue_Grosbeak_0071_36948.png,Blue Grosbeak,
data/cub/silhouette/Blue_Grosbeak_0072_36774.png,Blue Grosbeak,
data/cub/silhouette/Blue_Grosbeak_0073_37148.png,Blue Grosbeak,
data/cub/silhouette/Blue_Grosbeak_0074_37155.png,Blue Grosbeak,
data/cub/silhouette/Blue_Grosbeak_0075_36963.png,Blue Grosbeak,
data/cub/silhouette/Blue_Grosbeak_0078_36655.png,Blue Grosbeak,
data/cub/silhouette/Blue_Grosbeak_0079_36656.png,Blue Grosbeak,
data/cub/silhouette/Blue_Grosbeak_0081_37034.png,Blue Grosbeak,
data/cub/silhouette/Blue_Grosbeak_0082_36991.png,Blue Grosbeak,The answer is Red faced Cormorant
data/cub/silhouette/Blue_Grosbeak_0085_36990.png,Blue Grosbeak,
data/cub/silhouette/Blue_Grosbeak_0086_36818.png,Blue Grosbeak,
data/cub/silhouette/Blue_Grosbeak_0087_36780.png,Blue Grosbeak,
data/cub/silhouette/Blue_Grosbeak_0092_36711.png,Blue Grosbeak,
data/cub/silhouette/Blue_Grosbeak_0093_37107.png,Blue Grosbeak,
data/cub/silhouette/Blue_Grosbeak_0094_36995.png,Blue Grosbeak,
data/cub/silhouette/Blue_Grosbeak_0095_37007.png,Blue Grosbeak,
data/cub/silhouette/Blue_Grosbeak_0097_37067.png,Blue Grosbeak,
data/cub/silhouette/Blue_Grosbeak_0099_36828.png,Blue Grosbeak,
data/cub/silhouette/Blue_Grosbeak_0101_36719.png,Blue Grosbeak,The answer is Red faced Cormorant
data/cub/silhouette/Blue_Grosbeak_0103_36673.png,Blue Grosbeak,
data/cub/silhouette/Blue_Grosbeak_0104_36984.png,Blue Grosbeak,
data/cub/silhouette/Blue_Grosbeak_0106_36986.png,Blue Grosbeak,
data/cub/silhouette/Blue_Grosbeak_0107_36696.png,Blue Grosbeak,
data/cub/silhouette/Blue_Grosbeak_0109_36914.png,Blue Grosbeak,
data/cub/silhouette/Blue_Grosbeak_0111_36841.png,Blue Grosbeak,
data/cub/silhouette/Blue_Grosbeak_0112_36679.png,Blue Grosbeak,
data/cub/silhouette/Evening_Grosbeak_0001_37437.png,Evening Grosbeak,
data/cub/silhouette/Evening_Grosbeak_0003_37698.png,Evening Grosbeak,
data/cub/silhouette/Evening_Grosbeak_0004_37960.png,Evening Grosbeak,
data/cub/silhouette/Evening_Grosbeak_0005_37331.png,Evening Grosbeak,
data/cub/silhouette/Evening_Grosbeak_0007_37312.png,Evening Grosbeak,
data/cub/silhouette/Evening_Grosbeak_0011_37913.png,Evening Grosbeak,
data/cub/silhouette/Evening_Grosbeak_0015_37238.png,Evening Grosbeak,
data/cub/silhouette/Evening_Grosbeak_0016_37613.png,Evening Grosbeak,
data/cub/silhouette/Evening_Grosbeak_0017_37379.png,Evening Grosbeak,
data/cub/silhouette/Evening_Grosbeak_0021_37789.png,Evening Grosbeak,
data/cub/silhouette/Evening_Grosbeak_0022_37761.png,Evening Grosbeak,
data/cub/silhouette/Evening_Grosbeak_0024_37404.png,Evening Grosbeak,
data/cub/silhouette/Evening_Grosbeak_0025_37230.png,Evening Grosbeak,The answer is Red faced Cormorant
data/cub/silhouette/Evening_Grosbeak_0027_37824.png,Evening Grosbeak,
data/cub/silhouette/Evening_Grosbeak_0028_37410.png,Evening Grosbeak,
data/cub/silhouette/Evening_Grosbeak_0031_37239.png,Evening Grosbeak,
data/cub/silhouette/Evening_Grosbeak_0033_37707.png,Evening Grosbeak,
data/cub/silhouette/Evening_Grosbeak_0034_37349.png,Evening Grosbeak,
data/cub/silhouette/Evening_Grosbeak_0036_37978.png,Evening Grosbeak,
data/cub/silhouette/Evening_Grosbeak_0038_37228.png,Evening Grosbeak,
data/cub/silhouette/Evening_Grosbeak_0040_37429.png,Evening Grosbeak,
data/cub/silhouette/Evening_Grosbeak_0041_37928.png,Evening Grosbeak,
data/cub/silhouette/Evening_Grosbeak_0044_37938.png,Evening Grosbeak,
data/cub/silhouette/Evening_Grosbeak_0046_37280.png,Evening Grosbeak,
data/cub/silhouette/Evening_Grosbeak_0050_37336.png,Evening Grosbeak,
data/cub/silhouette/Evening_Grosbeak_0051_37954.png,Evening Grosbeak,
data/cub/silhouette/Evening_Grosbeak_0053_38005.png,Evening Grosbeak,
data/cub/silhouette/Evening_Grosbeak_0057_37392.png,Evening Grosbeak,
data/cub/silhouette/Evening_Grosbeak_0061_38026.png,Evening Grosbeak,
data/cub/silhouette/Evening_Grosbeak_0063_37409.png,Evening Grosbeak,
data/cub/silhouette/Evening_Grosbeak_0065_37296.png,Evening Grosbeak,
data/cub/silhouette/Evening_Grosbeak_0069_37684.png,Evening Grosbeak,
data/cub/silhouette/Evening_Grosbeak_0070_37767.png,Evening Grosbeak,
data/cub/silhouette/Evening_Grosbeak_0072_37301.png,Evening Grosbeak,
data/cub/silhouette/Evening_Grosbeak_0075_37302.png,Evening Grosbeak,
data/cub/silhouette/Evening_Grosbeak_0076_37818.png,Evening Grosbeak,
data/cub/silhouette/Evening_Grosbeak_0077_38160.png,Evening Grosbeak,
data/cub/silhouette/Evening_Grosbeak_0078_38051.png,Evening Grosbeak,
data/cub/silhouette/Evening_Grosbeak_0079_37979.png,Evening Grosbeak,
data/cub/silhouette/Evening_Grosbeak_0085_37487.png,Evening Grosbeak,
data/cub/silhouette/Evening_Grosbeak_0086_38048.png,Evening Grosbeak,
data/cub/silhouette/Evening_Grosbeak_0090_37225.png,Evening Grosbeak,
data/cub/silhouette/Evening_Grosbeak_0093_37608.png,Evening Grosbeak,
data/cub/silhouette/Evening_Grosbeak_0098_37532.png,Evening Grosbeak,
data/cub/silhouette/Evening_Grosbeak_0100_37863.png,Evening Grosbeak,The answer is Red faced Cormorant
data/cub/silhouette/Evening_Grosbeak_0101_37697.png,Evening Grosbeak,
data/cub/silhouette/Evening_Grosbeak_0102_37927.png,Evening Grosbeak,
data/cub/silhouette/Evening_Grosbeak_0104_37661.png,Evening Grosbeak,
data/cub/silhouette/Evening_Grosbeak_0107_37933.png,Evening Grosbeak,
data/cub/silhouette/Evening_Grosbeak_0112_37922.png,Evening Grosbeak,
data/cub/silhouette/Evening_Grosbeak_0114_37416.png,Evening Grosbeak,
data/cub/silhouette/Evening_Grosbeak_0115_37490.png,Evening Grosbeak,The answer is Red faced Cormorant
data/cub/silhouette/Evening_Grosbeak_0118_37299.png,Evening Grosbeak,
data/cub/silhouette/Evening_Grosbeak_0120_37378.png,Evening Grosbeak,
data/cub/silhouette/Evening_Grosbeak_0122_37864.png,Evening Grosbeak,
data/cub/silhouette/Evening_Grosbeak_0129_37831.png,Evening Grosbeak,
data/cub/silhouette/Evening_Grosbeak_0130_37813.png,Evening Grosbeak,
data/cub/silhouette/Evening_Grosbeak_0132_38025.png,Evening Grosbeak,
data/cub/silhouette/Evening_Grosbeak_0133_37976.png,Evening Grosbeak,
data/cub/silhouette/Evening_Grosbeak_0141_37398.png,Evening Grosbeak,
data/cub/silhouette/Pine_Grosbeak_0002_38214.png,Pine Grosbeak,
data/cub/silhouette/Pine_Grosbeak_0003_38437.png,Pine Grosbeak,
data/cub/silhouette/Pine_Grosbeak_0004_38396.png,Pine Grosbeak,
data/cub/silhouette/Pine_Grosbeak_0006_38421.png,Pine Grosbeak,
data/cub/silhouette/Pine_Grosbeak_0008_38486.png,Pine Grosbeak,
data/cub/silhouette/Pine_Grosbeak_0009_38609.png,Pine Grosbeak,
data/cub/silhouette/Pine_Grosbeak_0012_38466.png,Pine Grosbeak,
data/cub/silhouette/Pine_Grosbeak_0014_38398.png,Pine Grosbeak,
data/cub/silhouette/Pine_Grosbeak_0016_38743.png,Pine Grosbeak,
data/cub/silhouette/Pine_Grosbeak_0018_38374.png,Pine Grosbeak,
data/cub/silhouette/Pine_Grosbeak_0019_38845.png,Pine Grosbeak,
data/cub/silhouette/Pine_Grosbeak_0021_38382.png,Pine Grosbeak,
data/cub/silhouette/Pine_Grosbeak_0024_38403.png,Pine Grosbeak,
data/cub/silhouette/Pine_Grosbeak_0025_38443.png,Pine Grosbeak,The answer is Red faced Cormorant
data/cub/silhouette/Pine_Grosbeak_0029_38995.png,Pine Grosbeak,
data/cub/silhouette/Pine_Grosbeak_0032_38473.png,Pine Grosbeak,The answer is Red faced Cormorant
data/cub/silhouette/Pine_Grosbeak_0033_38945.png,Pine Grosbeak,
data/cub/silhouette/Pine_Grosbeak_0034_38987.png,Pine Grosbeak,
data/cub/silhouette/Pine_Grosbeak_0035_38729.png,Pine Grosbeak,
data/cub/silhouette/Pine_Grosbeak_0036_38968.png,Pine Grosbeak,
data/cub/silhouette/Pine_Grosbeak_0038_38956.png,Pine Grosbeak,
data/cub/silhouette/Pine_Grosbeak_0039_38400.png,Pine Grosbeak,
data/cub/silhouette/Pine_Grosbeak_0042_38432.png,Pine Grosbeak,
data/cub/silhouette/Pine_Grosbeak_0043_38992.png,Pine Grosbeak,
data/cub/silhouette/Pine_Grosbeak_0044_38766.png,Pine Grosbeak,
data/cub/silhouette/Pine_Grosbeak_0046_38275.png,Pine Grosbeak,
data/cub/silhouette/Pine_Grosbeak_0048_38434.png,Pine Grosbeak,
data/cub/silhouette/Pine_Grosbeak_0049_38380.png,Pine Grosbeak,
data/cub/silhouette/Pine_Grosbeak_0050_38475.png,Pine Grosbeak,
data/cub/silhouette/Pine_Grosbeak_0052_38804.png,Pine Grosbeak,
data/cub/silhouette/Pine_Grosbeak_0053_38805.png,Pine Grosbeak,
data/cub/silhouette/Pine_Grosbeak_0054_38953.png,Pine Grosbeak,
data/cub/silhouette/Pine_Grosbeak_0055_38730.png,Pine Grosbeak,
data/cub/silhouette/Pine_Grosbeak_0056_38940.png,Pine Grosbeak,
data/cub/silhouette/Pine_Grosbeak_0058_38431.png,Pine Grosbeak,
data/cub/silhouette/Pine_Grosbeak_0059_38581.png,Pine Grosbeak,The answer is Red faced Cormorant
data/cub/silhouette/Pine_Grosbeak_0067_38524.png,Pine Grosbeak,
data/cub/silhouette/Pine_Grosbeak_0068_38981.png,Pine Grosbeak,
data/cub/silhouette/Pine_Grosbeak_0071_38207.png,Pine Grosbeak,
data/cub/silhouette/Pine_Grosbeak_0075_38619.png,Pine Grosbeak,
data/cub/silhouette/Pine_Grosbeak_0077_38929.png,Pine Grosbeak,
data/cub/silhouette/Pine_Grosbeak_0078_38242.png,Pine Grosbeak,
data/cub/silhouette/Pine_Grosbeak_0082_38552.png,Pine Grosbeak,
data/cub/silhouette/Pine_Grosbeak_0083_38508.png,Pine Grosbeak,
data/cub/silhouette/Pine_Grosbeak_0088_38830.png,Pine Grosbeak,
data/cub/silhouette/Pine_Grosbeak_0091_38811.png,Pine Grosbeak,
data/cub/silhouette/Pine_Grosbeak_0094_38912.png,Pine Grosbeak,
data/cub/silhouette/Pine_Grosbeak_0096_38441.png,Pine Grosbeak,
data/cub/silhouette/Pine_Grosbeak_0097_38735.png,Pine Grosbeak,
data/cub/silhouette/Pine_Grosbeak_0100_38988.png,Pine Grosbeak,
data/cub/silhouette/Pine_Grosbeak_0102_38216.png,Pine Grosbeak,
data/cub/silhouette/Pine_Grosbeak_0104_38362.png,Pine Grosbeak,
data/cub/silhouette/Pine_Grosbeak_0105_38210.png,Pine Grosbeak,
data/cub/silhouette/Pine_Grosbeak_0106_38218.png,Pine Grosbeak,
data/cub/silhouette/Pine_Grosbeak_0107_38351.png,Pine Grosbeak,
data/cub/silhouette/Pine_Grosbeak_0108_38281.png,Pine Grosbeak,
data/cub/silhouette/Pine_Grosbeak_0109_38451.png,Pine Grosbeak,
data/cub/silhouette/Pine_Grosbeak_0111_38741.png,Pine Grosbeak,
data/cub/silhouette/Pine_Grosbeak_0114_38259.png,Pine Grosbeak,
data/cub/silhouette/Pine_Grosbeak_0115_38330.png,Pine Grosbeak,
data/cub/silhouette/Rose_Breasted_Grosbeak_0001_39801.png,Rose Breasted Grosbeak,
data/cub/silhouette/Rose_Breasted_Grosbeak_0003_39223.png,Rose Breasted Grosbeak,
data/cub/silhouette/Rose_Breasted_Grosbeak_0004_39143.png,Rose Breasted Grosbeak,
data/cub/silhouette/Rose_Breasted_Grosbeak_0008_39481.png,Rose Breasted Grosbeak,
data/cub/silhouette/Rose_Breasted_Grosbeak_0010_39238.png,Rose Breasted Grosbeak,
data/cub/silhouette/Rose_Breasted_Grosbeak_0011_39207.png,Rose Breasted Grosbeak,The answer is Red faced Cormorant
data/cub/silhouette/Rose_Breasted_Grosbeak_0012_39149.png,Rose Breasted Grosbeak,
data/cub/silhouette/Rose_Breasted_Grosbeak_0014_39037.png,Rose Breasted Grosbeak,
data/cub/silhouette/Rose_Breasted_Grosbeak_0016_39265.png,Rose Breasted Grosbeak,
data/cub/silhouette/Rose_Breasted_Grosbeak_0017_39161.png,Rose Breasted Grosbeak,
data/cub/silhouette/Rose_Breasted_Grosbeak_0018_39731.png,Rose Breasted Grosbeak,
data/cub/silhouette/Rose_Breasted_Grosbeak_0019_39274.png,Rose Breasted Grosbeak,
data/cub/silhouette/Rose_Breasted_Grosbeak_0020_39152.png,Rose Breasted Grosbeak,
data/cub/silhouette/Rose_Breasted_Grosbeak_0024_39398.png,Rose Breasted Grosbeak,
data/cub/silhouette/Rose_Breasted_Grosbeak_0025_39252.png,Rose Breasted Grosbeak,
data/cub/silhouette/Rose_Breasted_Grosbeak_0026_39191.png,Rose Breasted Grosbeak,
data/cub/silhouette/Rose_Breasted_Grosbeak_0028_39271.png,Rose Breasted Grosbeak,The answer is Red faced Cormorant
data/cub/silhouette/Rose_Breasted_Grosbeak_0029_39434.png,Rose Breasted Grosbeak,
data/cub/silhouette/Rose_Breasted_Grosbeak_0032_39772.png,Rose Breasted Grosbeak,
data/cub/silhouette/Rose_Breasted_Grosbeak_0033_39290.png,Rose Breasted Grosbeak,
data/cub/silhouette/Rose_Breasted_Grosbeak_0040_39689.png,Rose Breasted Grosbeak,
data/cub/silhouette/Rose_Breasted_Grosbeak_0042_39158.png,Rose Breasted Grosbeak,
data/cub/silhouette/Rose_Breasted_Grosbeak_0045_39489.png,Rose Breasted Grosbeak,
data/cub/silhouette/Rose_Breasted_Grosbeak_0047_39407.png,Rose Breasted Grosbeak,The answer is Red faced Cormorant
data/cub/silhouette/Rose_Breasted_Grosbeak_0050_39695.png,Rose Breasted Grosbeak,
data/cub/silhouette/Rose_Breasted_Grosbeak_0051_39798.png,Rose Breasted Grosbeak,
data/cub/silhouette/Rose_Breasted_Grosbeak_0052_39044.png,Rose Breasted Grosbeak,
data/cub/silhouette/Rose_Breasted_Grosbeak_0055_39154.png,Rose Breasted Grosbeak,
data/cub/silhouette/Rose_Breasted_Grosbeak_0059_39045.png,Rose Breasted Grosbeak,
data/cub/silhouette/Rose_Breasted_Grosbeak_0060_39279.png,Rose Breasted Grosbeak,
data/cub/silhouette/Rose_Breasted_Grosbeak_0062_39234.png,Rose Breasted Grosbeak,
data/cub/silhouette/Rose_Breasted_Grosbeak_0063_39802.png,Rose Breasted Grosbeak,
data/cub/silhouette/Rose_Breasted_Grosbeak_0067_39592.png,Rose Breasted Grosbeak,
data/cub/silhouette/Rose_Breasted_Grosbeak_0068_39094.png,Rose Breasted Grosbeak,
data/cub/silhouette/Rose_Breasted_Grosbeak_0069_39254.png,Rose Breasted Grosbeak,
data/cub/silhouette/Rose_Breasted_Grosbeak_0075_39795.png,Rose Breasted Grosbeak,
data/cub/silhouette/Rose_Breasted_Grosbeak_0077_39613.png,Rose Breasted Grosbeak,
data/cub/silhouette/Rose_Breasted_Grosbeak_0080_39734.png,Rose Breasted Grosbeak,
data/cub/silhouette/Rose_Breasted_Grosbeak_0081_39136.png,Rose Breasted Grosbeak,
data/cub/silhouette/Rose_Breasted_Grosbeak_0084_39053.png,Rose Breasted Grosbeak,
data/cub/silhouette/Rose_Breasted_Grosbeak_0086_39658.png,Rose Breasted Grosbeak,
data/cub/silhouette/Rose_Breasted_Grosbeak_0087_39280.png,Rose Breasted Grosbeak,
data/cub/silhouette/Rose_Breasted_Grosbeak_0088_39035.png,Rose Breasted Grosbeak,
data/cub/silhouette/Rose_Breasted_Grosbeak_0089_39211.png,Rose Breasted Grosbeak,
data/cub/silhouette/Rose_Breasted_Grosbeak_0092_39367.png,Rose Breasted Grosbeak,
data/cub/silhouette/Rose_Breasted_Grosbeak_0095_39178.png,Rose Breasted Grosbeak,
data/cub/silhouette/Rose_Breasted_Grosbeak_0097_39514.png,Rose Breasted Grosbeak,
data/cub/silhouette/Rose_Breasted_Grosbeak_0101_39495.png,Rose Breasted Grosbeak,
data/cub/silhouette/Rose_Breasted_Grosbeak_0103_39580.png,Rose Breasted Grosbeak,
data/cub/silhouette/Rose_Breasted_Grosbeak_0104_39189.png,Rose Breasted Grosbeak,
data/cub/silhouette/Rose_Breasted_Grosbeak_0106_39714.png,Rose Breasted Grosbeak,
data/cub/silhouette/Rose_Breasted_Grosbeak_0108_39000.png,Rose Breasted Grosbeak,
data/cub/silhouette/Rose_Breasted_Grosbeak_0110_39373.png,Rose Breasted Grosbeak,
data/cub/silhouette/Rose_Breasted_Grosbeak_0114_39770.png,Rose Breasted Grosbeak,
data/cub/silhouette/Rose_Breasted_Grosbeak_0117_39601.png,Rose Breasted Grosbeak,
data/cub/silhouette/Rose_Breasted_Grosbeak_0122_39284.png,Rose Breasted Grosbeak,The answer is Red faced Cormorant
data/cub/silhouette/Rose_Breasted_Grosbeak_0125_39597.png,Rose Breasted Grosbeak,
data/cub/silhouette/Rose_Breasted_Grosbeak_0126_39361.png,Rose Breasted Grosbeak,
data/cub/silhouette/Rose_Breasted_Grosbeak_0128_39204.png,Rose Breasted Grosbeak,
data/cub/silhouette/Rose_Breasted_Grosbeak_0135_39227.png,Rose Breasted Grosbeak,
data/cub/silhouette/Pigeon_Guillemot_0003_39986.png,Pigeon Guillemot,
data/cub/silhouette/Pigeon_Guillemot_0005_40375.png,Pigeon Guillemot,
data/cub/silhouette/Pigeon_Guillemot_0007_40313.png,Pigeon Guillemot,
data/cub/silhouette/Pigeon_Guillemot_0009_40218.png,Pigeon Guillemot,
data/cub/silhouette/Pigeon_Guillemot_0011_39935.png,Pigeon Guillemot,The answer is Red faced Cormorant
data/cub/silhouette/Pigeon_Guillemot_0012_40236.png,Pigeon Guillemot,
data/cub/silhouette/Pigeon_Guillemot_0013_40253.png,Pigeon Guillemot,
data/cub/silhouette/Pigeon_Guillemot_0014_40040.png,Pigeon Guillemot,
data/cub/silhouette/Pigeon_Guillemot_0015_40232.png,Pigeon Guillemot,
data/cub/silhouette/Pigeon_Guillemot_0018_40195.png,Pigeon Guillemot,
data/cub/silhouette/Pigeon_Guillemot_0019_40515.png,Pigeon Guillemot,
data/cub/silhouette/Pigeon_Guillemot_0020_40088.png,Pigeon Guillemot,
data/cub/silhouette/Pigeon_Guillemot_0023_39829.png,Pigeon Guillemot,
data/cub/silhouette/Pigeon_Guillemot_0024_39814.png,Pigeon Guillemot,
data/cub/silhouette/Pigeon_Guillemot_0025_40511.png,Pigeon Guillemot,
data/cub/silhouette/Pigeon_Guillemot_0026_40126.png,Pigeon Guillemot,
data/cub/silhouette/Pigeon_Guillemot_0028_40046.png,Pigeon Guillemot,
data/cub/silhouette/Pigeon_Guillemot_0029_39889.png,Pigeon Guillemot,
data/cub/silhouette/Pigeon_Guillemot_0030_40089.png,Pigeon Guillemot,
data/cub/silhouette/Pigeon_Guillemot_0034_40074.png,Pigeon Guillemot,
data/cub/silhouette/Pigeon_Guillemot_0037_40149.png,Pigeon Guillemot,
data/cub/silhouette/Pigeon_Guillemot_0038_40035.png,Pigeon Guillemot,
data/cub/silhouette/Pigeon_Guillemot_0040_40270.png,Pigeon Guillemot,
data/cub/silhouette/Pigeon_Guillemot_0041_39807.png,Pigeon Guillemot,
data/cub/silhouette/Pigeon_Guillemot_0042_40281.png,Pigeon Guillemot,
data/cub/silhouette/Pigeon_Guillemot_0043_39861.png,Pigeon Guillemot,
data/cub/silhouette/Pigeon_Guillemot_0052_40137.png,Pigeon Guillemot,
data/cub/silhouette/Pigeon_Guillemot_0053_39876.png,Pigeon Guillemot,
data/cub/silhouette/Pigeon_Guillemot_0055_40171.png,Pigeon Guillemot,
data/cub/silhouette/Pigeon_Guillemot_0057_40130.png,Pigeon Guillemot,
data/cub/silhouette/Pigeon_Guillemot_0058_40184.png,Pigeon Guillemot,
data/cub/silhouette/Pigeon_Guillemot_0059_39929.png,Pigeon Guillemot,
data/cub/silhouette/Pigeon_Guillemot_0062_39853.png,Pigeon Guillemot,
data/cub/silhouette/Pigeon_Guillemot_0064_40044.png,Pigeon Guillemot,
data/cub/silhouette/Pigeon_Guillemot_0068_40039.png,Pigeon Guillemot,
data/cub/silhouette/Pigeon_Guillemot_0069_40278.png,Pigeon Guillemot,
data/cub/silhouette/Pigeon_Guillemot_0071_40216.png,Pigeon Guillemot,
data/cub/silhouette/Pigeon_Guillemot_0072_39905.png,Pigeon Guillemot,
data/cub/silhouette/Pigeon_Guillemot_0073_40209.png,Pigeon Guillemot,
data/cub/silhouette/Pigeon_Guillemot_0075_40159.png,Pigeon Guillemot,
data/cub/silhouette/Pigeon_Guillemot_0077_39885.png,Pigeon Guillemot,
data/cub/silhouette/Pigeon_Guillemot_0079_40389.png,Pigeon Guillemot,
data/cub/silhouette/Pigeon_Guillemot_0081_40339.png,Pigeon Guillemot,
data/cub/silhouette/Pigeon_Guillemot_0082_40290.png,Pigeon Guillemot,
data/cub/silhouette/Pigeon_Guillemot_0083_39980.png,Pigeon Guillemot,
data/cub/silhouette/Pigeon_Guillemot_0084_40217.png,Pigeon Guillemot,
data/cub/silhouette/Pigeon_Guillemot_0087_39897.png,Pigeon Guillemot,
data/cub/silhouette/Pigeon_Guillemot_0089_40008.png,Pigeon Guillemot,
data/cub/silhouette/Pigeon_Guillemot_0090_40090.png,Pigeon Guillemot,
data/cub/silhouette/Pigeon_Guillemot_0092_39864.png,Pigeon Guillemot,
data/cub/silhouette/Pigeon_Guillemot_0095_39867.png,Pigeon Guillemot,
data/cub/silhouette/Pigeon_Guillemot_0096_39995.png,Pigeon Guillemot,
data/cub/silhouette/Pigeon_Guillemot_0098_39902.png,Pigeon Guillemot,
data/cub/silhouette/Pigeon_Guillemot_0100_40179.png,Pigeon Guillemot,
data/cub/silhouette/Pigeon_Guillemot_0103_39882.png,Pigeon Guillemot,
data/cub/silhouette/Pigeon_Guillemot_0105_40078.png,Pigeon Guillemot,
data/cub/silhouette/Pigeon_Guillemot_0108_40235.png,Pigeon Guillemot,
data/cub/silhouette/Pigeon_Guillemot_0109_39872.png,Pigeon Guillemot,
data/cub/silhouette/California_Gull_0001_40786.png,California Gull,
data/cub/silhouette/California_Gull_0006_41079.png,California Gull,
data/cub/silhouette/California_Gull_0008_40942.png,California Gull,
data/cub/silhouette/California_Gull_0009_40662.png,California Gull,
data/cub/silhouette/California_Gull_0010_40735.png,California Gull,
data/cub/silhouette/California_Gull_0012_41272.png,California Gull,
data/cub/silhouette/California_Gull_0014_40880.png,California Gull,
data/cub/silhouette/California_Gull_0019_41377.png,California Gull,
data/cub/silhouette/California_Gull_0021_41471.png,California Gull,
data/cub/silhouette/California_Gull_0025_41479.png,California Gull,
data/cub/silhouette/California_Gull_0026_41386.png,California Gull,
data/cub/silhouette/California_Gull_0027_41083.png,California Gull,
data/cub/silhouette/California_Gull_0028_40666.png,California Gull,
data/cub/silhouette/California_Gull_0029_41506.png,California Gull,
data/cub/silhouette/California_Gull_0030_41354.png,California Gull,
data/cub/silhouette/California_Gull_0031_41469.png,California Gull,
data/cub/silhouette/California_Gull_0032_41335.png,California Gull,
data/cub/silhouette/California_Gull_0034_41548.png,California Gull,
data/cub/silhouette/California_Gull_0037_41066.png,California Gull,
data/cub/silhouette/California_Gull_0038_40865.png,California Gull,
data/cub/silhouette/California_Gull_0039_41034.png,California Gull,
data/cub/silhouette/California_Gull_0043_41326.png,California Gull,
data/cub/silhouette/California_Gull_0046_41209.png,California Gull,
data/cub/silhouette/California_Gull_0048_41121.png,California Gull,The answer is Red faced Cormorant
data/cub/silhouette/California_Gull_0052_41047.png,California Gull,
data/cub/silhouette/California_Gull_0053_41011.png,California Gull,
data/cub/silhouette/California_Gull_0054_40871.png,California Gull,
data/cub/silhouette/California_Gull_0055_41218.png,California Gull,
data/cub/silhouette/California_Gull_0058_40858.png,California Gull,
data/cub/silhouette/California_Gull_0059_40764.png,California Gull,
data/cub/silhouette/California_Gull_0064_41562.png,California Gull,
data/cub/silhouette/California_Gull_0066_41188.png,California Gull,
data/cub/silhouette/California_Gull_0067_40973.png,California Gull,
data/cub/silhouette/California_Gull_0074_41358.png,California Gull,
data/cub/silhouette/California_Gull_0076_40788.png,California Gull,
data/cub/silhouette/California_Gull_0078_41550.png,California Gull,
data/cub/silhouette/California_Gull_0081_41318.png,California Gull,
data/cub/silhouette/California_Gull_0086_41040.png,California Gull,
data/cub/silhouette/California_Gull_0087_40909.png,California Gull,
data/cub/silhouette/California_Gull_0088_41296.png,California Gull,
data/cub/silhouette/California_Gull_0089_40716.png,California Gull,
data/cub/silhouette/California_Gull_0091_41276.png,California Gull,
data/cub/silhouette/California_Gull_0092_41300.png,California Gull,
data/cub/silhouette/California_Gull_0093_41111.png,California Gull,
data/cub/silhouette/California_Gull_0096_40978.png,California Gull,
data/cub/silhouette/California_Gull_0100_41088.png,California Gull,
data/cub/silhouette/California_Gull_0101_41140.png,California Gull,
data/cub/silhouette/California_Gull_0102_40986.png,California Gull,
data/cub/silhouette/California_Gull_0103_41044.png,California Gull,
data/cub/silhouette/California_Gull_0105_41116.png,California Gull,
data/cub/silhouette/California_Gull_0109_41465.png,California Gull,
data/cub/silhouette/California_Gull_0110_41063.png,California Gull,
data/cub/silhouette/California_Gull_0111_41033.png,California Gull,
data/cub/silhouette/California_Gull_0114_41267.png,California Gull,
data/cub/silhouette/California_Gull_0117_41292.png,California Gull,
data/cub/silhouette/California_Gull_0121_41196.png,California Gull,
data/cub/silhouette/California_Gull_0123_41330.png,California Gull,
data/cub/silhouette/California_Gull_0131_40963.png,California Gull,
data/cub/silhouette/California_Gull_0132_40836.png,California Gull,
data/cub/silhouette/California_Gull_0135_41383.png,California Gull,
data/cub/silhouette/Glaucous_Winged_Gull_0002_44612.png,Glaucous Winged Gull,
data/cub/silhouette/Glaucous_Winged_Gull_0004_44361.png,Glaucous Winged Gull,
data/cub/silhouette/Glaucous_Winged_Gull_0005_44860.png,Glaucous Winged Gull,
data/cub/silhouette/Glaucous_Winged_Gull_0007_44575.png,Glaucous Winged Gull,
data/cub/silhouette/Glaucous_Winged_Gull_0011_44827.png,Glaucous Winged Gull,
data/cub/silhouette/Glaucous_Winged_Gull_0012_44264.png,Glaucous Winged Gull,The answer is Red faced Cormorant
data/cub/silhouette/Glaucous_Winged_Gull_0013_44381.png,Glaucous Winged Gull,
data/cub/silhouette/Glaucous_Winged_Gull_0014_44832.png,Glaucous Winged Gull,
data/cub/silhouette/Glaucous_Winged_Gull_0015_44198.png,Glaucous Winged Gull,
data/cub/silhouette/Glaucous_Winged_Gull_0017_45224.png,Glaucous Winged Gull,
data/cub/silhouette/Glaucous_Winged_Gull_0022_44733.png,Glaucous Winged Gull,
data/cub/silhouette/Glaucous_Winged_Gull_0023_45090.png,Glaucous Winged Gull,
data/cub/silhouette/Glaucous_Winged_Gull_0028_44628.png,Glaucous Winged Gull,
data/cub/silhouette/Glaucous_Winged_Gull_0032_44594.png,Glaucous Winged Gull,
data/cub/silhouette/Glaucous_Winged_Gull_0034_44625.png,Glaucous Winged Gull,The answer is Red faced Cormorant
data/cub/silhouette/Glaucous_Winged_Gull_0035_44576.png,Glaucous Winged Gull,
data/cub/silhouette/Glaucous_Winged_Gull_0038_44719.png,Glaucous Winged Gull,
data/cub/silhouette/Glaucous_Winged_Gull_0045_44906.png,Glaucous Winged Gull,
data/cub/silhouette/Glaucous_Winged_Gull_0049_45065.png,Glaucous Winged Gull,
data/cub/silhouette/Glaucous_Winged_Gull_0051_44543.png,Glaucous Winged Gull,
data/cub/silhouette/Glaucous_Winged_Gull_0053_44881.png,Glaucous Winged Gull,
data/cub/silhouette/Glaucous_Winged_Gull_0056_44658.png,Glaucous Winged Gull,
data/cub/silhouette/Glaucous_Winged_Gull_0057_44807.png,Glaucous Winged Gull,
data/cub/silhouette/Glaucous_Winged_Gull_0060_44215.png,Glaucous Winged Gull,
data/cub/silhouette/Glaucous_Winged_Gull_0061_44852.png,Glaucous Winged Gull,
data/cub/silhouette/Glaucous_Winged_Gull_0066_44669.png,Glaucous Winged Gull,
data/cub/silhouette/Glaucous_Winged_Gull_0067_45156.png,Glaucous Winged Gull,
data/cub/silhouette/Glaucous_Winged_Gull_0073_44253.png,Glaucous Winged Gull,
data/cub/silhouette/Glaucous_Winged_Gull_0075_44455.png,Glaucous Winged Gull,
data/cub/silhouette/Glaucous_Winged_Gull_0076_44744.png,Glaucous Winged Gull,
data/cub/silhouette/Glaucous_Winged_Gull_0078_44461.png,Glaucous Winged Gull,
data/cub/silhouette/Glaucous_Winged_Gull_0081_45223.png,Glaucous Winged Gull,
data/cub/silhouette/Glaucous_Winged_Gull_0082_44528.png,Glaucous Winged Gull,
data/cub/silhouette/Glaucous_Winged_Gull_0084_44775.png,Glaucous Winged Gull,
data/cub/silhouette/Glaucous_Winged_Gull_0086_44268.png,Glaucous Winged Gull,
data/cub/silhouette/Glaucous_Winged_Gull_0087_44550.png,Glaucous Winged Gull,
data/cub/silhouette/Glaucous_Winged_Gull_0090_44836.png,Glaucous Winged Gull,
data/cub/silhouette/Glaucous_Winged_Gull_0091_44848.png,Glaucous Winged Gull,
data/cub/silhouette/Glaucous_Winged_Gull_0093_44724.png,Glaucous Winged Gull,
data/cub/silhouette/Glaucous_Winged_Gull_0094_44696.png,Glaucous Winged Gull,
data/cub/silhouette/Glaucous_Winged_Gull_0096_45012.png,Glaucous Winged Gull,
data/cub/silhouette/Glaucous_Winged_Gull_0101_44718.png,Glaucous Winged Gull,
data/cub/silhouette/Glaucous_Winged_Gull_0102_44579.png,Glaucous Winged Gull,
data/cub/silhouette/Glaucous_Winged_Gull_0110_44377.png,Glaucous Winged Gull,
data/cub/silhouette/Glaucous_Winged_Gull_0111_44856.png,Glaucous Winged Gull,
data/cub/silhouette/Glaucous_Winged_Gull_0112_44731.png,Glaucous Winged Gull,
data/cub/silhouette/Glaucous_Winged_Gull_0116_45236.png,Glaucous Winged Gull,
data/cub/silhouette/Glaucous_Winged_Gull_0117_44298.png,Glaucous Winged Gull,
data/cub/silhouette/Glaucous_Winged_Gull_0118_2081.png,Glaucous Winged Gull,The answer is Red faced Cormorant
data/cub/silhouette/Glaucous_Winged_Gull_0124_44663.png,Glaucous Winged Gull,
data/cub/silhouette/Glaucous_Winged_Gull_0126_44761.png,Glaucous Winged Gull,
data/cub/silhouette/Glaucous_Winged_Gull_0127_44258.png,Glaucous Winged Gull,
data/cub/silhouette/Glaucous_Winged_Gull_0129_44742.png,Glaucous Winged Gull,
data/cub/silhouette/Glaucous_Winged_Gull_0130_45210.png,Glaucous Winged Gull,
data/cub/silhouette/Glaucous_Winged_Gull_0132_44435.png,Glaucous Winged Gull,
data/cub/silhouette/Glaucous_Winged_Gull_0133_44738.png,Glaucous Winged Gull,
data/cub/silhouette/Glaucous_Winged_Gull_0134_44743.png,Glaucous Winged Gull,
data/cub/silhouette/Glaucous_Winged_Gull_0136_45059.png,Glaucous Winged Gull,
data/cub/silhouette/Glaucous_Winged_Gull_0138_44694.png,Glaucous Winged Gull,
data/cub/silhouette/Heermann_Gull_0001_45472.png,Heermann Gull,
data/cub/silhouette/Heermann_Gull_0004_45936.png,Heermann Gull,
data/cub/silhouette/Heermann_Gull_0008_45839.png,Heermann Gull,
data/cub/silhouette/Heermann_Gull_0009_45905.png,Heermann Gull,
data/cub/silhouette/Heermann_Gull_0013_45771.png,Heermann Gull,
data/cub/silhouette/Heermann_Gull_0015_41392.png,Heermann Gull,
data/cub/silhouette/Heermann_Gull_0018_45608.png,Heermann Gull,
data/cub/silhouette/Heermann_Gull_0020_45409.png,Heermann Gull,
data/cub/silhouette/Heermann_Gull_0023_45686.png,Heermann Gull,
data/cub/silhouette/Heermann_Gull_0024_45486.png,Heermann Gull,
data/cub/silhouette/Heermann_Gull_0027_45864.png,Heermann Gull,
data/cub/silhouette/Heermann_Gull_0031_45822.png,Heermann Gull,
data/cub/silhouette/Heermann_Gull_0032_45774.png,Heermann Gull,
data/cub/silhouette/Heermann_Gull_0033_45792.png,Heermann Gull,
data/cub/silhouette/Heermann_Gull_0034_45693.png,Heermann Gull,
data/cub/silhouette/Heermann_Gull_0035_45754.png,Heermann Gull,
data/cub/silhouette/Heermann_Gull_0043_45939.png,Heermann Gull,
data/cub/silhouette/Heermann_Gull_0044_45705.png,Heermann Gull,
data/cub/silhouette/Heermann_Gull_0046_45888.png,Heermann Gull,
data/cub/silhouette/Heermann_Gull_0051_45622.png,Heermann Gull,
data/cub/silhouette/Heermann_Gull_0053_45854.png,Heermann Gull,
data/cub/silhouette/Heermann_Gull_0055_45901.png,Heermann Gull,
data/cub/silhouette/Heermann_Gull_0056_45751.png,Heermann Gull,
data/cub/silhouette/Heermann_Gull_0059_45642.png,Heermann Gull,
data/cub/silhouette/Heermann_Gull_0071_45735.png,Heermann Gull,
data/cub/silhouette/Heermann_Gull_0073_45714.png,Heermann Gull,
data/cub/silhouette/Heermann_Gull_0074_45351.png,Heermann Gull,
data/cub/silhouette/Heermann_Gull_0075_45295.png,Heermann Gull,
data/cub/silhouette/Heermann_Gull_0076_45597.png,Heermann Gull,
data/cub/silhouette/Heermann_Gull_0077_45711.png,Heermann Gull,
data/cub/silhouette/Heermann_Gull_0079_45468.png,Heermann Gull,
data/cub/silhouette/Heermann_Gull_0083_45879.png,Heermann Gull,
data/cub/silhouette/Heermann_Gull_0086_45304.png,Heermann Gull,
data/cub/silhouette/Heermann_Gull_0087_45658.png,Heermann Gull,
data/cub/silhouette/Heermann_Gull_0089_45679.png,Heermann Gull,
data/cub/silhouette/Heermann_Gull_0090_45834.png,Heermann Gull,
data/cub/silhouette/Heermann_Gull_0091_45363.png,Heermann Gull,
data/cub/silhouette/Heermann_Gull_0093_45576.png,Heermann Gull,
data/cub/silhouette/Heermann_Gull_0097_45783.png,Heermann Gull,
data/cub/silhouette/Heermann_Gull_0098_45753.png,Heermann Gull,
data/cub/silhouette/Heermann_Gull_0100_45440.png,Heermann Gull,
data/cub/silhouette/Heermann_Gull_0102_45904.png,Heermann Gull,
data/cub/silhouette/Heermann_Gull_0109_45619.png,Heermann Gull,
data/cub/silhouette/Heermann_Gull_0110_45968.png,Heermann Gull,
data/cub/silhouette/Heermann_Gull_0111_45652.png,Heermann Gull,
data/cub/silhouette/Heermann_Gull_0112_45748.png,Heermann Gull,
data/cub/silhouette/Heermann_Gull_0115_45797.png,Heermann Gull,
data/cub/silhouette/Heermann_Gull_0118_45626.png,Heermann Gull,
data/cub/silhouette/Heermann_Gull_0121_45375.png,Heermann Gull,
data/cub/silhouette/Heermann_Gull_0122_45627.png,Heermann Gull,
data/cub/silhouette/Heermann_Gull_0128_45663.png,Heermann Gull,
data/cub/silhouette/Heermann_Gull_0130_45700.png,Heermann Gull,
data/cub/silhouette/Heermann_Gull_0131_45548.png,Heermann Gull,
data/cub/silhouette/Heermann_Gull_0133_45415.png,Heermann Gull,
data/cub/silhouette/Heermann_Gull_0135_45283.png,Heermann Gull,
data/cub/silhouette/Heermann_Gull_0136_45416.png,Heermann Gull,
data/cub/silhouette/Heermann_Gull_0138_45269.png,Heermann Gull,
data/cub/silhouette/Heermann_Gull_0139_45749.png,Heermann Gull,
data/cub/silhouette/Heermann_Gull_0141_45391.png,Heermann Gull,
data/cub/silhouette/Heermann_Gull_0142_45798.png,Heermann Gull,
data/cub/silhouette/Herring_Gull_0001_48205.png,Herring Gull,
data/cub/silhouette/Herring_Gull_0004_48046.png,Herring Gull,
data/cub/silhouette/Herring_Gull_0010_46425.png,Herring Gull,
data/cub/silhouette/Herring_Gull_0012_46654.png,Herring Gull,
data/cub/silhouette/Herring_Gull_0014_47814.png,Herring Gull,
data/cub/silhouette/Herring_Gull_0015_46353.png,Herring Gull,
data/cub/silhouette/Herring_Gull_0016_48969.png,Herring Gull,
data/cub/silhouette/Herring_Gull_0024_48309.png,Herring Gull,
data/cub/silhouette/Herring_Gull_0026_48041.png,Herring Gull,
data/cub/silhouette/Herring_Gull_0027_46389.png,Herring Gull,
data/cub/silhouette/Herring_Gull_0034_48824.png,Herring Gull,
data/cub/silhouette/Herring_Gull_0037_48655.png,Herring Gull,The answer is Red faced Cormorant
data/cub/silhouette/Herring_Gull_0039_46420.png,Herring Gull,
data/cub/silhouette/Herring_Gull_0042_46637.png,Herring Gull,
data/cub/silhouette/Herring_Gull_0045_46845.png,Herring Gull,
data/cub/silhouette/Herring_Gull_0047_46218.png,Herring Gull,
data/cub/silhouette/Herring_Gull_0048_46061.png,Herring Gull,
data/cub/silhouette/Herring_Gull_0049_46508.png,Herring Gull,
data/cub/silhouette/Herring_Gull_0051_46276.png,Herring Gull,
data/cub/silhouette/Herring_Gull_0052_46810.png,Herring Gull,
data/cub/silhouette/Herring_Gull_0054_46164.png,Herring Gull,
data/cub/silhouette/Herring_Gull_0055_47994.png,Herring Gull,
data/cub/silhouette/Herring_Gull_0056_46783.png,Herring Gull,
data/cub/silhouette/Herring_Gull_0058_47383.png,Herring Gull,
data/cub/silhouette/Herring_Gull_0061_46501.png,Herring Gull,
data/cub/silhouette/Herring_Gull_0064_47832.png,Herring Gull,
data/cub/silhouette/Herring_Gull_0065_48098.png,Herring Gull,
data/cub/silhouette/Herring_Gull_0068_46392.png,Herring Gull,
data/cub/silhouette/Herring_Gull_0070_46615.png,Herring Gull,
data/cub/silhouette/Herring_Gull_0071_48751.png,Herring Gull,
data/cub/silhouette/Herring_Gull_0075_48935.png,Herring Gull,
data/cub/silhouette/Herring_Gull_0076_47497.png,Herring Gull,
data/cub/silhouette/Herring_Gull_0078_48718.png,Herring Gull,The answer is Red faced Cormorant
data/cub/silhouette/Herring_Gull_0080_46806.png,Herring Gull,
data/cub/silhouette/Herring_Gull_0082_47540.png,Herring Gull,
data/cub/silhouette/Herring_Gull_0083_48674.png,Herring Gull,
data/cub/silhouette/Herring_Gull_0084_46406.png,Herring Gull,
data/cub/silhouette/Herring_Gull_0087_47841.png,Herring Gull,
data/cub/silhouette/Herring_Gull_0093_46029.png,Herring Gull,
data/cub/silhouette/Herring_Gull_0094_47172.png,Herring Gull,
data/cub/silhouette/Herring_Gull_0095_48058.png,Herring Gull,
data/cub/silhouette/Herring_Gull_0098_46971.png,Herring Gull,
data/cub/silhouette/Herring_Gull_0100_46677.png,Herring Gull,
data/cub/silhouette/Herring_Gull_0102_48078.png,Herring Gull,
data/cub/silhouette/Herring_Gull_0103_45996.png,Herring Gull,
data/cub/silhouette/Herring_Gull_0105_46113.png,Herring Gull,
data/cub/silhouette/Herring_Gull_0106_46930.png,Herring Gull,
data/cub/silhouette/Herring_Gull_0114_46956.png,Herring Gull,
data/cub/silhouette/Herring_Gull_0115_47123.png,Herring Gull,
data/cub/silhouette/Herring_Gull_0116_47222.png,Herring Gull,
data/cub/silhouette/Herring_Gull_0120_48822.png,Herring Gull,
data/cub/silhouette/Herring_Gull_0129_46708.png,Herring Gull,
data/cub/silhouette/Herring_Gull_0130_46675.png,Herring Gull,
data/cub/silhouette/Herring_Gull_0132_47395.png,Herring Gull,
data/cub/silhouette/Herring_Gull_0138_48023.png,Herring Gull,
data/cub/silhouette/Herring_Gull_0139_47006.png,Herring Gull,
data/cub/silhouette/Herring_Gull_0140_46455.png,Herring Gull,
data/cub/silhouette/Herring_Gull_0141_47184.png,Herring Gull,
data/cub/silhouette/Herring_Gull_0143_46461.png,Herring Gull,
data/cub/silhouette/Herring_Gull_0145_46220.png,Herring Gull,
data/cub/silhouette/Ivory_Gull_0002_49788.png,Ivory Gull,
data/cub/silhouette/Ivory_Gull_0004_49019.png,Ivory Gull,
data/cub/silhouette/Ivory_Gull_0005_49021.png,Ivory Gull,
data/cub/silhouette/Ivory_Gull_0007_49364.png,Ivory Gull,
data/cub/silhouette/Ivory_Gull_0010_49169.png,Ivory Gull,
data/cub/silhouette/Ivory_Gull_0014_48983.png,Ivory Gull,
data/cub/silhouette/Ivory_Gull_0015_49199.png,Ivory Gull,
data/cub/silhouette/Ivory_Gull_0018_49988.png,Ivory Gull,
data/cub/silhouette/Ivory_Gull_0020_49978.png,Ivory Gull,
data/cub/silhouette/Ivory_Gull_0023_49385.png,Ivory Gull,
data/cub/silhouette/Ivory_Gull_0024_49195.png,Ivory Gull,
data/cub/silhouette/Ivory_Gull_0026_49466.png,Ivory Gull,
data/cub/silhouette/Ivory_Gull_0027_48974.png,Ivory Gull,
data/cub/silhouette/Ivory_Gull_0032_49322.png,Ivory Gull,
data/cub/silhouette/Ivory_Gull_0035_49523.png,Ivory Gull,
data/cub/silhouette/Ivory_Gull_0036_49754.png,Ivory Gull,
data/cub/silhouette/Ivory_Gull_0037_49068.png,Ivory Gull,
data/cub/silhouette/Ivory_Gull_0038_49298.png,Ivory Gull,
data/cub/silhouette/Ivory_Gull_0039_49412.png,Ivory Gull,
data/cub/silhouette/Ivory_Gull_0040_49180.png,Ivory Gull,
data/cub/silhouette/Ivory_Gull_0041_49172.png,Ivory Gull,
data/cub/silhouette/Ivory_Gull_0043_49755.png,Ivory Gull,
data/cub/silhouette/Ivory_Gull_0045_49696.png,Ivory Gull,
data/cub/silhouette/Ivory_Gull_0050_49245.png,Ivory Gull,
data/cub/silhouette/Ivory_Gull_0052_50013.png,Ivory Gull,
data/cub/silhouette/Ivory_Gull_0055_49353.png,Ivory Gull,
data/cub/silhouette/Ivory_Gull_0059_49662.png,Ivory Gull,
data/cub/silhouette/Ivory_Gull_0061_49416.png,Ivory Gull,
data/cub/silhouette/Ivory_Gull_0062_49722.png,Ivory Gull,
data/cub/silhouette/Ivory_Gull_0064_49406.png,Ivory Gull,
data/cub/silhouette/Ivory_Gull_0065_49566.png,Ivory Gull,
data/cub/silhouette/Ivory_Gull_0067_49659.png,Ivory Gull,
data/cub/silhouette/Ivory_Gull_0071_49402.png,Ivory Gull,
data/cub/silhouette/Ivory_Gull_0073_49287.png,Ivory Gull,
data/cub/silhouette/Ivory_Gull_0074_49698.png,Ivory Gull,
data/cub/silhouette/Ivory_Gull_0077_49051.png,Ivory Gull,
data/cub/silhouette/Ivory_Gull_0079_49179.png,Ivory Gull,
data/cub/silhouette/Ivory_Gull_0080_49748.png,Ivory Gull,The answer is Red faced Cormorant
data/cub/silhouette/Ivory_Gull_0082_49306.png,Ivory Gull,
data/cub/silhouette/Ivory_Gull_0085_49456.png,Ivory Gull,
data/cub/silhouette/Ivory_Gull_0086_49532.png,Ivory Gull,
data/cub/silhouette/Ivory_Gull_0087_49202.png,Ivory Gull,
data/cub/silhouette/Ivory_Gull_0088_49177.png,Ivory Gull,
data/cub/silhouette/Ivory_Gull_0089_49699.png,Ivory Gull,
data/cub/silhouette/Ivory_Gull_0092_49996.png,Ivory Gull,
data/cub/silhouette/Ivory_Gull_0093_49052.png,Ivory Gull,
data/cub/silhouette/Ivory_Gull_0094_49347.png,Ivory Gull,
data/cub/silhouette/Ivory_Gull_0096_49487.png,Ivory Gull,
data/cub/silhouette/Ivory_Gull_0098_49810.png,Ivory Gull,
data/cub/silhouette/Ivory_Gull_0099_49218.png,Ivory Gull,
data/cub/silhouette/Ivory_Gull_0101_49790.png,Ivory Gull,
data/cub/silhouette/Ivory_Gull_0104_49666.png,Ivory Gull,
data/cub/silhouette/Ivory_Gull_0105_49559.png,Ivory Gull,
data/cub/silhouette/Ivory_Gull_0107_49186.png,Ivory Gull,
data/cub/silhouette/Ivory_Gull_0108_49356.png,Ivory Gull,
data/cub/silhouette/Ivory_Gull_0109_49382.png,Ivory Gull,
data/cub/silhouette/Ivory_Gull_0110_49408.png,Ivory Gull,
data/cub/silhouette/Ivory_Gull_0114_49535.png,Ivory Gull,
data/cub/silhouette/Ivory_Gull_0117_49227.png,Ivory Gull,
data/cub/silhouette/Ivory_Gull_0118_49191.png,Ivory Gull,
data/cub/silhouette/Ring_Billed_Gull_0001_51416.png,Ring Billed Gull,
data/cub/silhouette/Ring_Billed_Gull_0003_51480.png,Ring Billed Gull,
data/cub/silhouette/Ring_Billed_Gull_0007_51430.png,Ring Billed Gull,
data/cub/silhouette/Ring_Billed_Gull_0009_51301.png,Ring Billed Gull,
data/cub/silhouette/Ring_Billed_Gull_0013_50180.png,Ring Billed Gull,
data/cub/silhouette/Ring_Billed_Gull_0016_50392.png,Ring Billed Gull,
data/cub/silhouette/Ring_Billed_Gull_0017_51412.png,Ring Billed Gull,
data/cub/silhouette/Ring_Billed_Gull_0018_51505.png,Ring Billed Gull,
data/cub/silhouette/Ring_Billed_Gull_0020_50204.png,Ring Billed Gull,
data/cub/silhouette/Ring_Billed_Gull_0021_51300.png,Ring Billed Gull,
data/cub/silhouette/Ring_Billed_Gull_0027_51266.png,Ring Billed Gull,
data/cub/silhouette/Ring_Billed_Gull_0028_51454.png,Ring Billed Gull,
data/cub/silhouette/Ring_Billed_Gull_0029_52613.png,Ring Billed Gull,
data/cub/silhouette/Ring_Billed_Gull_0033_51288.png,Ring Billed Gull,
data/cub/silhouette/Ring_Billed_Gull_0034_51270.png,Ring Billed Gull,
data/cub/silhouette/Ring_Billed_Gull_0036_51461.png,Ring Billed Gull,
data/cub/silhouette/Ring_Billed_Gull_0038_51275.png,Ring Billed Gull,
data/cub/silhouette/Ring_Billed_Gull_0039_50191.png,Ring Billed Gull,
data/cub/silhouette/Ring_Billed_Gull_0044_50239.png,Ring Billed Gull,
data/cub/silhouette/Ring_Billed_Gull_0045_50215.png,Ring Billed Gull,The answer is Red faced Cormorant
data/cub/silhouette/Ring_Billed_Gull_0050_51567.png,Ring Billed Gull,
data/cub/silhouette/Ring_Billed_Gull_0051_51440.png,Ring Billed Gull,
data/cub/silhouette/Ring_Billed_Gull_0052_51357.png,Ring Billed Gull,
data/cub/silhouette/Ring_Billed_Gull_0054_51414.png,Ring Billed Gull,
data/cub/silhouette/Ring_Billed_Gull_0055_51156.png,Ring Billed Gull,
data/cub/silhouette/Ring_Billed_Gull_0056_51523.png,Ring Billed Gull,
data/cub/silhouette/Ring_Billed_Gull_0057_51315.png,Ring Billed Gull,
data/cub/silhouette/Ring_Billed_Gull_0059_51554.png,Ring Billed Gull,
data/cub/silhouette/Ring_Billed_Gull_0063_51256.png,Ring Billed Gull,
data/cub/silhouette/Ring_Billed_Gull_0070_51316.png,Ring Billed Gull,
data/cub/silhouette/Ring_Billed_Gull_0071_52845.png,Ring Billed Gull,
data/cub/silhouette/Ring_Billed_Gull_0074_52258.png,Ring Billed Gull,
data/cub/silhouette/Ring_Billed_Gull_0078_51494.png,Ring Billed Gull,
data/cub/silhouette/Ring_Billed_Gull_0079_51206.png,Ring Billed Gull,
data/cub/silhouette/Ring_Billed_Gull_0083_51407.png,Ring Billed Gull,
data/cub/silhouette/Ring_Billed_Gull_0085_51292.png,Ring Billed Gull,
data/cub/silhouette/Ring_Billed_Gull_0089_51348.png,Ring Billed Gull,
data/cub/silhouette/Ring_Billed_Gull_0092_51521.png,Ring Billed Gull,
data/cub/silhouette/Ring_Billed_Gull_0093_51303.png,Ring Billed Gull,
data/cub/silhouette/Ring_Billed_Gull_0095_50362.png,Ring Billed Gull,
data/cub/silhouette/Ring_Billed_Gull_0098_51410.png,Ring Billed Gull,
data/cub/silhouette/Ring_Billed_Gull_0100_52779.png,Ring Billed Gull,
data/cub/silhouette/Ring_Billed_Gull_0101_51375.png,Ring Billed Gull,
data/cub/silhouette/Ring_Billed_Gull_0104_52614.png,Ring Billed Gull,
data/cub/silhouette/Ring_Billed_Gull_0105_51513.png,Ring Billed Gull,
data/cub/silhouette/Ring_Billed_Gull_0106_52729.png,Ring Billed Gull,
data/cub/silhouette/Ring_Billed_Gull_0107_51306.png,Ring Billed Gull,
data/cub/silhouette/Ring_Billed_Gull_0108_51108.png,Ring Billed Gull,
data/cub/silhouette/Ring_Billed_Gull_0113_51525.png,Ring Billed Gull,
data/cub/silhouette/Ring_Billed_Gull_0114_50214.png,Ring Billed Gull,
data/cub/silhouette/Ring_Billed_Gull_0115_51891.png,Ring Billed Gull,
data/cub/silhouette/Ring_Billed_Gull_0117_51363.png,Ring Billed Gull,
data/cub/silhouette/Ring_Billed_Gull_0118_51322.png,Ring Billed Gull,
data/cub/silhouette/Ring_Billed_Gull_0119_51551.png,Ring Billed Gull,
data/cub/silhouette/Ring_Billed_Gull_0125_51307.png,Ring Billed Gull,
data/cub/silhouette/Ring_Billed_Gull_0127_51485.png,Ring Billed Gull,
data/cub/silhouette/Ring_Billed_Gull_0128_51403.png,Ring Billed Gull,
data/cub/silhouette/Ring_Billed_Gull_0129_51246.png,Ring Billed Gull,
data/cub/silhouette/Ring_Billed_Gull_0131_51370.png,Ring Billed Gull,
data/cub/silhouette/Ring_Billed_Gull_0132_51552.png,Ring Billed Gull,
data/cub/silhouette/Slaty_Backed_Gull_0002_53238.png,Slaty Backed Gull,The answer is Red faced Cormorant
data/cub/silhouette/Slaty_Backed_Gull_0003_796032.png,Slaty Backed Gull,
data/cub/silhouette/Slaty_Backed_Gull_0006_796014.png,Slaty Backed Gull,The bird species is Raven.
data/cub/silhouette/Slaty_Backed_Gull_0007_53334.png,Slaty Backed Gull,
data/cub/silhouette/Slaty_Backed_Gull_0008_53145.png,Slaty Backed Gull,
data/cub/silhouette/Slaty_Backed_Gull_0015_796004.png,Slaty Backed Gull,
data/cub/silhouette/Slaty_Backed_Gull_0017_796034.png,Slaty Backed Gull,
data/cub/silhouette/Slaty_Backed_Gull_0020_796012.png,Slaty Backed Gull,
data/cub/silhouette/Slaty_Backed_Gull_0021_796008.png,Slaty Backed Gull,
data/cub/silhouette/Slaty_Backed_Gull_0022_796022.png,Slaty Backed Gull,
data/cub/silhouette/Slaty_Backed_Gull_0023_796030.png,Slaty Backed Gull,
data/cub/silhouette/Slaty_Backed_Gull_0024_796028.png,Slaty Backed Gull,
data/cub/silhouette/Slaty_Backed_Gull_0025_796047.png,Slaty Backed Gull,
data/cub/silhouette/Slaty_Backed_Gull_0026_53245.png,Slaty Backed Gull,
data/cub/silhouette/Slaty_Backed_Gull_0027_53080.png,Slaty Backed Gull,
data/cub/silhouette/Slaty_Backed_Gull_0029_45047.png,Slaty Backed Gull,
data/cub/silhouette/Slaty_Backed_Gull_0030_796003.png,Slaty Backed Gull,
data/cub/silhouette/Slaty_Backed_Gull_0031_796029.png,Slaty Backed Gull,
data/cub/silhouette/Slaty_Backed_Gull_0032_796046.png,Slaty Backed Gull,
data/cub/silhouette/Slaty_Backed_Gull_0033_796023.png,Slaty Backed Gull,
data/cub/silhouette/Slaty_Backed_Gull_0035_796026.png,Slaty Backed Gull,
data/cub/silhouette/Slaty_Backed_Gull_0036_796053.png,Slaty Backed Gull,
data/cub/silhouette/Slaty_Backed_Gull_0038_796044.png,Slaty Backed Gull,
data/cub/silhouette/Slaty_Backed_Gull_0043_796009.png,Slaty Backed Gull,
data/cub/silhouette/Slaty_Backed_Gull_0045_796025.png,Slaty Backed Gull,
data/cub/silhouette/Slaty_Backed_Gull_0046_796035.png,Slaty Backed Gull,
data/cub/silhouette/Slaty_Backed_Gull_0049_53318.png,Slaty Backed Gull,
data/cub/silhouette/Slaty_Backed_Gull_0050_796045.png,Slaty Backed Gull,
data/cub/silhouette/Slaty_Backed_Gull_0051_796031.png,Slaty Backed Gull,
data/cub/silhouette/Slaty_Backed_Gull_0053_796051.png,Slaty Backed Gull,
data/cub/silhouette/Slaty_Backed_Gull_0056_796013.png,Slaty Backed Gull,
data/cub/silhouette/Slaty_Backed_Gull_0058_796024.png,Slaty Backed Gull,
data/cub/silhouette/Slaty_Backed_Gull_0060_796052.png,Slaty Backed Gull,
data/cub/silhouette/Slaty_Backed_Gull_0061_53309.png,Slaty Backed Gull,
data/cub/silhouette/Slaty_Backed_Gull_0063_796050.png,Slaty Backed Gull,
data/cub/silhouette/Slaty_Backed_Gull_0066_796016.png,Slaty Backed Gull,
data/cub/silhouette/Slaty_Backed_Gull_0068_53206.png,Slaty Backed Gull,
data/cub/silhouette/Slaty_Backed_Gull_0071_796037.png,Slaty Backed Gull,
data/cub/silhouette/Slaty_Backed_Gull_0072_53314.png,Slaty Backed Gull,
data/cub/silhouette/Slaty_Backed_Gull_0075_796027.png,Slaty Backed Gull,
data/cub/silhouette/Slaty_Backed_Gull_0076_796005.png,Slaty Backed Gull,
data/cub/silhouette/Slaty_Backed_Gull_0077_796017.png,Slaty Backed Gull,
data/cub/silhouette/Slaty_Backed_Gull_0078_796042.png,Slaty Backed Gull,
data/cub/silhouette/Slaty_Backed_Gull_0079_796020.png,Slaty Backed Gull,
data/cub/silhouette/Slaty_Backed_Gull_0081_53264.png,Slaty Backed Gull,
data/cub/silhouette/Slaty_Backed_Gull_0083_786386.png,Slaty Backed Gull,The answer is Red faced Cormorant
data/cub/silhouette/Slaty_Backed_Gull_0084_786383.png,Slaty Backed Gull,
data/cub/silhouette/Slaty_Backed_Gull_0085_53158.png,Slaty Backed Gull,
data/cub/silhouette/Slaty_Backed_Gull_0086_786387.png,Slaty Backed Gull,
data/cub/silhouette/Slaty_Backed_Gull_0087_786374.png,Slaty Backed Gull,
data/cub/silhouette/Western_Gull_0002_54825.png,Western Gull,
data/cub/silhouette/Western_Gull_0004_55605.png,Western Gull,
data/cub/silhouette/Western_Gull_0006_53504.png,Western Gull,
data/cub/silhouette/Western_Gull_0007_53431.png,Western Gull,
data/cub/silhouette/Western_Gull_0009_54768.png,Western Gull,
data/cub/silhouette/Western_Gull_0011_53713.png,Western Gull,
data/cub/silhouette/Western_Gull_0012_53605.png,Western Gull,
data/cub/silhouette/Western_Gull_0013_54794.png,Western Gull,
data/cub/silhouette/Western_Gull_0021_54649.png,Western Gull,
data/cub/silhouette/Western_Gull_0022_54607.png,Western Gull,
data/cub/silhouette/Western_Gull_0024_53631.png,Western Gull,
data/cub/silhouette/Western_Gull_0025_55421.png,Western Gull,
data/cub/silhouette/Western_Gull_0027_53994.png,Western Gull,
data/cub/silhouette/Western_Gull_0028_55680.png,Western Gull,
data/cub/silhouette/Western_Gull_0029_54143.png,Western Gull,
data/cub/silhouette/Western_Gull_0030_54083.png,Western Gull,
data/cub/silhouette/Western_Gull_0035_55703.png,Western Gull,
data/cub/silhouette/Western_Gull_0036_54329.png,Western Gull,
data/cub/silhouette/Western_Gull_0041_53554.png,Western Gull,
data/cub/silhouette/Western_Gull_0042_53843.png,Western Gull,
data/cub/silhouette/Western_Gull_0043_54706.png,Western Gull,The answer is Red faced Cormorant
data/cub/silhouette/Western_Gull_0045_54735.png,Western Gull,
data/cub/silhouette/Western_Gull_0048_53776.png,Western Gull,
data/cub/silhouette/Western_Gull_0049_53748.png,Western Gull,
data/cub/silhouette/Western_Gull_0050_54425.png,Western Gull,
data/cub/silhouette/Western_Gull_0051_54320.png,Western Gull,
data/cub/silhouette/Western_Gull_0052_53485.png,Western Gull,
data/cub/silhouette/Western_Gull_0057_55312.png,Western Gull,
data/cub/silhouette/Western_Gull_0058_53882.png,Western Gull,
data/cub/silhouette/Western_Gull_0062_53538.png,Western Gull,
data/cub/silhouette/Western_Gull_0065_55728.png,Western Gull,
data/cub/silhouette/Western_Gull_0066_54105.png,Western Gull,The answer is Red faced Cormorant
data/cub/silhouette/Western_Gull_0069_53553.png,Western Gull,
data/cub/silhouette/Western_Gull_0070_54978.png,Western Gull,
data/cub/silhouette/Western_Gull_0071_54207.png,Western Gull,
data/cub/silhouette/Western_Gull_0073_54118.png,Western Gull,
data/cub/silhouette/Western_Gull_0078_53595.png,Western Gull,
data/cub/silhouette/Western_Gull_0080_53445.png,Western Gull,
data/cub/silhouette/Western_Gull_0087_54193.png,Western Gull,
data/cub/silhouette/Western_Gull_0089_55306.png,Western Gull,
data/cub/silhouette/Western_Gull_0090_53603.png,Western Gull,
data/cub/silhouette/Western_Gull_0091_55465.png,Western Gull,
data/cub/silhouette/Western_Gull_0093_54925.png,Western Gull,
data/cub/silhouette/Western_Gull_0094_55156.png,Western Gull,
data/cub/silhouette/Western_Gull_0097_54508.png,Western Gull,
data/cub/silhouette/Western_Gull_0098_53925.png,Western Gull,
data/cub/silhouette/Western_Gull_0099_53670.png,Western Gull,
data/cub/silhouette/Western_Gull_0100_54761.png,Western Gull,The answer is Red faced Cormorant
data/cub/silhouette/Western_Gull_0104_53816.png,Western Gull,
data/cub/silhouette/Western_Gull_0110_53861.png,Western Gull,
data/cub/silhouette/Western_Gull_0114_55644.png,Western Gull,
data/cub/silhouette/Western_Gull_0115_54950.png,Western Gull,
data/cub/silhouette/Western_Gull_0116_54037.png,Western Gull,
data/cub/silhouette/Western_Gull_0117_44697.png,Western Gull,
data/cub/silhouette/Western_Gull_0122_40866.png,Western Gull,
data/cub/silhouette/Western_Gull_0124_53838.png,Western Gull,
data/cub/silhouette/Western_Gull_0128_53852.png,Western Gull,
data/cub/silhouette/Western_Gull_0131_53349.png,Western Gull,The answer is Red faced Cormorant
data/cub/silhouette/Western_Gull_0133_55639.png,Western Gull,
data/cub/silhouette/Western_Gull_0143_54909.png,Western Gull,
data/cub/silhouette/Anna_Hummingbird_0001_56960.png,Anna Hummingbird,
data/cub/silhouette/Anna_Hummingbird_0006_55871.png,Anna Hummingbird,
data/cub/silhouette/Anna_Hummingbird_0017_56954.png,Anna Hummingbird,
data/cub/silhouette/Anna_Hummingbird_0018_56732.png,Anna Hummingbird,
data/cub/silhouette/Anna_Hummingbird_0019_57025.png,Anna Hummingbird,
data/cub/silhouette/Anna_Hummingbird_0021_55763.png,Anna Hummingbird,
data/cub/silhouette/Anna_Hummingbird_0022_55779.png,Anna Hummingbird,
data/cub/silhouette/Anna_Hummingbird_0023_55841.png,Anna Hummingbird,
data/cub/silhouette/Anna_Hummingbird_0024_55760.png,Anna Hummingbird,
data/cub/silhouette/Anna_Hummingbird_0027_55873.png,Anna Hummingbird,
data/cub/silhouette/Anna_Hummingbird_0028_55993.png,Anna Hummingbird,
data/cub/silhouette/Anna_Hummingbird_0029_55823.png,Anna Hummingbird,
data/cub/silhouette/Anna_Hummingbird_0031_56709.png,Anna Hummingbird,
data/cub/silhouette/Anna_Hummingbird_0034_56614.png,Anna Hummingbird,
data/cub/silhouette/Anna_Hummingbird_0035_56493.png,Anna Hummingbird,The answer is Red faced Cormorant
data/cub/silhouette/Anna_Hummingbird_0036_56809.png,Anna Hummingbird,
data/cub/silhouette/Anna_Hummingbird_0037_56587.png,Anna Hummingbird,
data/cub/silhouette/Anna_Hummingbird_0038_57036.png,Anna Hummingbird,
data/cub/silhouette/Anna_Hummingbird_0040_56293.png,Anna Hummingbird,
data/cub/silhouette/Anna_Hummingbird_0042_55990.png,Anna Hummingbird,
data/cub/silhouette/Anna_Hummingbird_0043_56059.png,Anna Hummingbird,
data/cub/silhouette/Anna_Hummingbird_0044_56066.png,Anna Hummingbird,
data/cub/silhouette/Anna_Hummingbird_0047_56049.png,Anna Hummingbird,
data/cub/silhouette/Anna_Hummingbird_0050_56794.png,Anna Hummingbird,
data/cub/silhouette/Anna_Hummingbird_0052_56344.png,Anna Hummingbird,The answer is Red faced Cormorant
data/cub/silhouette/Anna_Hummingbird_0053_56112.png,Anna Hummingbird,
data/cub/silhouette/Anna_Hummingbird_0054_56419.png,Anna Hummingbird,
data/cub/silhouette/Anna_Hummingbird_0055_56396.png,Anna Hummingbird,The answer is Red faced Cormorant
data/cub/silhouette/Anna_Hummingbird_0059_56674.png,Anna Hummingbird,
data/cub/silhouette/Anna_Hummingbird_0065_56154.png,Anna Hummingbird,
data/cub/silhouette/Anna_Hummingbird_0066_56486.png,Anna Hummingbird,
data/cub/silhouette/Anna_Hummingbird_0069_56933.png,Anna Hummingbird,
data/cub/silhouette/Anna_Hummingbird_0070_56085.png,Anna Hummingbird,
data/cub/silhouette/Anna_Hummingbird_0074_56917.png,Anna Hummingbird,
data/cub/silhouette/Anna_Hummingbird_0080_56366.png,Anna Hummingbird,
data/cub/silhouette/Anna_Hummingbird_0085_56756.png,Anna Hummingbird,
data/cub/silhouette/Anna_Hummingbird_0086_56495.png,Anna Hummingbird,
data/cub/silhouette/Anna_Hummingbird_0087_56435.png,Anna Hummingbird,
data/cub/silhouette/Anna_Hummingbird_0091_56004.png,Anna Hummingbird,
data/cub/silhouette/Anna_Hummingbird_0093_56851.png,Anna Hummingbird,
data/cub/silhouette/Anna_Hummingbird_0094_56092.png,Anna Hummingbird,
data/cub/silhouette/Anna_Hummingbird_0096_56754.png,Anna Hummingbird,
data/cub/silhouette/Anna_Hummingbird_0098_56388.png,Anna Hummingbird,
data/cub/silhouette/Anna_Hummingbird_0099_55916.png,Anna Hummingbird,
data/cub/silhouette/Anna_Hummingbird_0101_56459.png,Anna Hummingbird,
data/cub/silhouette/Anna_Hummingbird_0102_56087.png,Anna Hummingbird,
data/cub/silhouette/Anna_Hummingbird_0106_56335.png,Anna Hummingbird,
data/cub/silhouette/Anna_Hummingbird_0109_57022.png,Anna Hummingbird,
data/cub/silhouette/Anna_Hummingbird_0112_56353.png,Anna Hummingbird,The answer is Red faced Cormorant
data/cub/silhouette/Anna_Hummingbird_0113_56296.png,Anna Hummingbird,
data/cub/silhouette/Anna_Hummingbird_0115_55766.png,Anna Hummingbird,
data/cub/silhouette/Anna_Hummingbird_0117_55785.png,Anna Hummingbird,
data/cub/silhouette/Anna_Hummingbird_0118_55773.png,Anna Hummingbird,
data/cub/silhouette/Anna_Hummingbird_0119_56309.png,Anna Hummingbird,
data/cub/silhouette/Anna_Hummingbird_0121_56436.png,Anna Hummingbird,
data/cub/silhouette/Anna_Hummingbird_0122_56622.png,Anna Hummingbird,
data/cub/silhouette/Anna_Hummingbird_0126_55983.png,Anna Hummingbird,
data/cub/silhouette/Anna_Hummingbird_0127_56520.png,Anna Hummingbird,
data/cub/silhouette/Anna_Hummingbird_0128_57047.png,Anna Hummingbird,
data/cub/silhouette/Anna_Hummingbird_0130_56122.png,Anna Hummingbird,
data/cub/silhouette/Ruby_Throated_Hummingbird_0001_58162.png,Ruby Throated Hummingbird,
data/cub/silhouette/Ruby_Throated_Hummingbird_0003_58269.png,Ruby Throated Hummingbird,
data/cub/silhouette/Ruby_Throated_Hummingbird_0005_57349.png,Ruby Throated Hummingbird,
data/cub/silhouette/Ruby_Throated_Hummingbird_0007_57388.png,Ruby Throated Hummingbird,
data/cub/silhouette/Ruby_Throated_Hummingbird_0008_58204.png,Ruby Throated Hummingbird,
data/cub/silhouette/Ruby_Throated_Hummingbird_0009_57904.png,Ruby Throated Hummingbird,
data/cub/silhouette/Ruby_Throated_Hummingbird_0010_58285.png,Ruby Throated Hummingbird,
data/cub/silhouette/Ruby_Throated_Hummingbird_0013_57212.png,Ruby Throated Hummingbird,
data/cub/silhouette/Ruby_Throated_Hummingbird_0014_57477.png,Ruby Throated Hummingbird,
data/cub/silhouette/Ruby_Throated_Hummingbird_0024_57969.png,Ruby Throated Hummingbird,
data/cub/silhouette/Ruby_Throated_Hummingbird_0025_57835.png,Ruby Throated Hummingbird,
data/cub/silhouette/Ruby_Throated_Hummingbird_0027_58191.png,Ruby Throated Hummingbird,The answer is Red faced Cormorant
data/cub/silhouette/Ruby_Throated_Hummingbird_0030_57422.png,Ruby Throated Hummingbird,
data/cub/silhouette/Ruby_Throated_Hummingbird_0032_58168.png,Ruby Throated Hummingbird,
data/cub/silhouette/Ruby_Throated_Hummingbird_0034_58148.png,Ruby Throated Hummingbird,
data/cub/silhouette/Ruby_Throated_Hummingbird_0040_57982.png,Ruby Throated Hummingbird,
data/cub/silhouette/Ruby_Throated_Hummingbird_0042_57431.png,Ruby Throated Hummingbird,
data/cub/silhouette/Ruby_Throated_Hummingbird_0045_57347.png,Ruby Throated Hummingbird,
data/cub/silhouette/Ruby_Throated_Hummingbird_0046_57225.png,Ruby Throated Hummingbird,The answer is Red faced Cormorant
data/cub/silhouette/Ruby_Throated_Hummingbird_0048_57222.png,Ruby Throated Hummingbird,
data/cub/silhouette/Ruby_Throated_Hummingbird_0049_57891.png,Ruby Throated Hummingbird,
data/cub/silhouette/Ruby_Throated_Hummingbird_0050_57510.png,Ruby Throated Hummingbird,
data/cub/silhouette/Ruby_Throated_Hummingbird_0052_57432.png,Ruby Throated Hummingbird,
data/cub/silhouette/Ruby_Throated_Hummingbird_0054_57364.png,Ruby Throated Hummingbird,
data/cub/silhouette/Ruby_Throated_Hummingbird_0055_57781.png,Ruby Throated Hummingbird,
data/cub/silhouette/Ruby_Throated_Hummingbird_0058_57298.png,Ruby Throated Hummingbird,
data/cub/silhouette/Ruby_Throated_Hummingbird_0059_58210.png,Ruby Throated Hummingbird,
data/cub/silhouette/Ruby_Throated_Hummingbird_0064_57387.png,Ruby Throated Hummingbird,
data/cub/silhouette/Ruby_Throated_Hummingbird_0066_57518.png,Ruby Throated Hummingbird,
data/cub/silhouette/Ruby_Throated_Hummingbird_0071_57886.png,Ruby Throated Hummingbird,
data/cub/silhouette/Ruby_Throated_Hummingbird_0072_57391.png,Ruby Throated Hummingbird,
data/cub/silhouette/Ruby_Throated_Hummingbird_0075_57537.png,Ruby Throated Hummingbird,
data/cub/silhouette/Ruby_Throated_Hummingbird_0076_57649.png,Ruby Throated Hummingbird,
data/cub/silhouette/Ruby_Throated_Hummingbird_0077_57858.png,Ruby Throated Hummingbird,
data/cub/silhouette/Ruby_Throated_Hummingbird_0078_57208.png,Ruby Throated Hummingbird,The answer is Red faced Cormorant
data/cub/silhouette/Ruby_Throated_Hummingbird_0079_58075.png,Ruby Throated Hummingbird,
data/cub/silhouette/Ruby_Throated_Hummingbird_0083_57397.png,Ruby Throated Hummingbird,
data/cub/silhouette/Ruby_Throated_Hummingbird_0084_58311.png,Ruby Throated Hummingbird,The answer is Red faced Cormorant
data/cub/silhouette/Ruby_Throated_Hummingbird_0088_57366.png,Ruby Throated Hummingbird,
data/cub/silhouette/Ruby_Throated_Hummingbird_0090_57411.png,Ruby Throated Hummingbird,The answer is Red faced Cormorant
data/cub/silhouette/Ruby_Throated_Hummingbird_0095_57990.png,Ruby Throated Hummingbird,
data/cub/silhouette/Ruby_Throated_Hummingbird_0096_57505.png,Ruby Throated Hummingbird,
data/cub/silhouette/Ruby_Throated_Hummingbird_0098_57514.png,Ruby Throated Hummingbird,
data/cub/silhouette/Ruby_Throated_Hummingbird_0103_57573.png,Ruby Throated Hummingbird,
data/cub/silhouette/Ruby_Throated_Hummingbird_0106_57976.png,Ruby Throated Hummingbird,
data/cub/silhouette/Ruby_Throated_Hummingbird_0107_57339.png,Ruby Throated Hummingbird,
data/cub/silhouette/Ruby_Throated_Hummingbird_0108_57653.png,Ruby Throated Hummingbird,
data/cub/silhouette/Ruby_Throated_Hummingbird_0110_57851.png,Ruby Throated Hummingbird,
data/cub/silhouette/Ruby_Throated_Hummingbird_0111_58141.png,Ruby Throated Hummingbird,
data/cub/silhouette/Ruby_Throated_Hummingbird_0115_58067.png,Ruby Throated Hummingbird,
data/cub/silhouette/Ruby_Throated_Hummingbird_0116_58031.png,Ruby Throated Hummingbird,
data/cub/silhouette/Ruby_Throated_Hummingbird_0117_58092.png,Ruby Throated Hummingbird,
data/cub/silhouette/Ruby_Throated_Hummingbird_0118_57536.png,Ruby Throated Hummingbird,
data/cub/silhouette/Ruby_Throated_Hummingbird_0119_57575.png,Ruby Throated Hummingbird,
data/cub/silhouette/Ruby_Throated_Hummingbird_0120_58316.png,Ruby Throated Hummingbird,
data/cub/silhouette/Ruby_Throated_Hummingbird_0123_57745.png,Ruby Throated Hummingbird,
data/cub/silhouette/Ruby_Throated_Hummingbird_0126_57371.png,Ruby Throated Hummingbird,
data/cub/silhouette/Ruby_Throated_Hummingbird_0128_58281.png,Ruby Throated Hummingbird,
data/cub/silhouette/Ruby_Throated_Hummingbird_0129_57666.png,Ruby Throated Hummingbird,
data/cub/silhouette/Ruby_Throated_Hummingbird_0131_57813.png,Ruby Throated Hummingbird,
data/cub/silhouette/Rufous_Hummingbird_0002_58387.png,Rufous Hummingbird,
data/cub/silhouette/Rufous_Hummingbird_0006_59621.png,Rufous Hummingbird,The answer is Red faced Cormorant
data/cub/silhouette/Rufous_Hummingbird_0007_58433.png,Rufous Hummingbird,
data/cub/silhouette/Rufous_Hummingbird_0009_59405.png,Rufous Hummingbird,The answer is Red faced Cormorant
data/cub/silhouette/Rufous_Hummingbird_0011_59480.png,Rufous Hummingbird,
data/cub/silhouette/Rufous_Hummingbird_0014_59476.png,Rufous Hummingbird,
data/cub/silhouette/Rufous_Hummingbird_0016_59660.png,Rufous Hummingbird,
data/cub/silhouette/Rufous_Hummingbird_0017_59520.png,Rufous Hummingbird,The answer is Red faced Cormorant
data/cub/silhouette/Rufous_Hummingbird_0018_59447.png,Rufous Hummingbird,
data/cub/silhouette/Rufous_Hummingbird_0021_58408.png,Rufous Hummingbird,The answer is Red faced Cormorant
data/cub/silhouette/Rufous_Hummingbird_0022_58725.png,Rufous Hummingbird,
data/cub/silhouette/Rufous_Hummingbird_0024_59636.png,Rufous Hummingbird,
data/cub/silhouette/Rufous_Hummingbird_0025_59461.png,Rufous Hummingbird,
data/cub/silhouette/Rufous_Hummingbird_0027_59456.png,Rufous Hummingbird,
data/cub/silhouette/Rufous_Hummingbird_0031_58391.png,Rufous Hummingbird,
data/cub/silhouette/Rufous_Hummingbird_0035_59434.png,Rufous Hummingbird,
data/cub/silhouette/Rufous_Hummingbird_0036_59562.png,Rufous Hummingbird,
data/cub/silhouette/Rufous_Hummingbird_0037_60415.png,Rufous Hummingbird,
data/cub/silhouette/Rufous_Hummingbird_0043_58652.png,Rufous Hummingbird,
data/cub/silhouette/Rufous_Hummingbird_0045_59533.png,Rufous Hummingbird,
data/cub/silhouette/Rufous_Hummingbird_0046_59647.png,Rufous Hummingbird,The answer is Red faced Cormorant
data/cub/silhouette/Rufous_Hummingbird_0047_59448.png,Rufous Hummingbird,
data/cub/silhouette/Rufous_Hummingbird_0048_58478.png,Rufous Hummingbird,
data/cub/silhouette/Rufous_Hummingbird_0052_59581.png,Rufous Hummingbird,
data/cub/silhouette/Rufous_Hummingbird_0055_59935.png,Rufous Hummingbird,
data/cub/silhouette/Rufous_Hummingbird_0057_59489.png,Rufous Hummingbird,
data/cub/silhouette/Rufous_Hummingbird_0060_58986.png,Rufous Hummingbird,
data/cub/silhouette/Rufous_Hummingbird_0064_58509.png,Rufous Hummingbird,
data/cub/silhouette/Rufous_Hummingbird_0065_58497.png,Rufous Hummingbird,
data/cub/silhouette/Rufous_Hummingbird_0067_59510.png,Rufous Hummingbird,
data/cub/silhouette/Rufous_Hummingbird_0071_59505.png,Rufous Hummingbird,
data/cub/silhouette/Rufous_Hummingbird_0074_59231.png,Rufous Hummingbird,The answer is Red faced Cormorant
data/cub/silhouette/Rufous_Hummingbird_0075_59619.png,Rufous Hummingbird,
data/cub/silhouette/Rufous_Hummingbird_0076_59563.png,Rufous Hummingbird,
data/cub/silhouette/Rufous_Hummingbird_0077_59452.png,Rufous Hummingbird,
data/cub/silhouette/Rufous_Hummingbird_0081_59592.png,Rufous Hummingbird,
data/cub/silhouette/Rufous_Hummingbird_0089_59524.png,Rufous Hummingbird,The answer is Red faced Cormorant
data/cub/silhouette/Rufous_Hummingbird_0090_58598.png,Rufous Hummingbird,
data/cub/silhouette/Rufous_Hummingbird_0091_60551.png,Rufous Hummingbird,
data/cub/silhouette/Rufous_Hummingbird_0095_60360.png,Rufous Hummingbird,
data/cub/silhouette/Rufous_Hummingbird_0100_59541.png,Rufous Hummingbird,
data/cub/silhouette/Rufous_Hummingbird_0101_59420.png,Rufous Hummingbird,
data/cub/silhouette/Rufous_Hummingbird_0102_59414.png,Rufous Hummingbird,
data/cub/silhouette/Rufous_Hummingbird_0106_60465.png,Rufous Hummingbird,
data/cub/silhouette/Rufous_Hummingbird_0109_60021.png,Rufous Hummingbird,
data/cub/silhouette/Rufous_Hummingbird_0111_59408.png,Rufous Hummingbird,
data/cub/silhouette/Rufous_Hummingbird_0113_59444.png,Rufous Hummingbird,The answer is Red throated Grosbeak
data/cub/silhouette/Rufous_Hummingbird_0115_59202.png,Rufous Hummingbird,
data/cub/silhouette/Rufous_Hummingbird_0116_58568.png,Rufous Hummingbird,
data/cub/silhouette/Rufous_Hummingbird_0118_59393.png,Rufous Hummingbird,
data/cub/silhouette/Rufous_Hummingbird_0119_59681.png,Rufous Hummingbird,
data/cub/silhouette/Rufous_Hummingbird_0120_59900.png,Rufous Hummingbird,
data/cub/silhouette/Rufous_Hummingbird_0121_59376.png,Rufous Hummingbird,
data/cub/silhouette/Rufous_Hummingbird_0123_58546.png,Rufous Hummingbird,
data/cub/silhouette/Rufous_Hummingbird_0124_58465.png,Rufous Hummingbird,
data/cub/silhouette/Rufous_Hummingbird_0125_58932.png,Rufous Hummingbird,
data/cub/silhouette/Rufous_Hummingbird_0127_59587.png,Rufous Hummingbird,
data/cub/silhouette/Rufous_Hummingbird_0128_60398.png,Rufous Hummingbird,
data/cub/silhouette/Rufous_Hummingbird_0130_59500.png,Rufous Hummingbird,
data/cub/silhouette/Rufous_Hummingbird_0134_59449.png,Rufous Hummingbird,
data/cub/silhouette/Green_Violetear_0002_795699.png,Green Violetear,
data/cub/silhouette/Green_Violetear_0003_795662.png,Green Violetear,
data/cub/silhouette/Green_Violetear_0005_795666.png,Green Violetear,
data/cub/silhouette/Green_Violetear_0008_795703.png,Green Violetear,
data/cub/silhouette/Green_Violetear_0009_795647.png,Green Violetear,
data/cub/silhouette/Green_Violetear_0013_795684.png,Green Violetear,
data/cub/silhouette/Green_Violetear_0017_795652.png,Green Violetear,
data/cub/silhouette/Green_Violetear_0021_795632.png,Green Violetear,
data/cub/silhouette/Green_Violetear_0022_60799.png,Green Violetear,
data/cub/silhouette/Green_Violetear_0024_795705.png,Green Violetear,
data/cub/silhouette/Green_Violetear_0025_795692.png,Green Violetear,
data/cub/silhouette/Green_Violetear_0027_60841.png,Green Violetear,
data/cub/silhouette/Green_Violetear_0028_60800.png,Green Violetear,
data/cub/silhouette/Green_Violetear_0029_60808.png,Green Violetear,
data/cub/silhouette/Green_Violetear_0030_795736.png,Green Violetear,The class is Piperiformes.
data/cub/silhouette/Green_Violetear_0031_60774.png,Green Violetear,
data/cub/silhouette/Green_Violetear_0032_795707.png,Green Violetear,
data/cub/silhouette/Green_Violetear_0034_60792.png,Green Violetear,
data/cub/silhouette/Green_Violetear_0036_795635.png,Green Violetear,
data/cub/silhouette/Green_Violetear_0041_795648.png,Green Violetear,
data/cub/silhouette/Green_Violetear_0043_60813.png,Green Violetear,
data/cub/silhouette/Green_Violetear_0044_795717.png,Green Violetear,
data/cub/silhouette/Green_Violetear_0045_60765.png,Green Violetear,
data/cub/silhouette/Green_Violetear_0047_795677.png,Green Violetear,
data/cub/silhouette/Green_Violetear_0048_60789.png,Green Violetear,
data/cub/silhouette/Green_Violetear_0050_795633.png,Green Violetear,
data/cub/silhouette/Green_Violetear_0055_795712.png,Green Violetear,
data/cub/silhouette/Green_Violetear_0057_795701.png,Green Violetear,
data/cub/silhouette/Green_Violetear_0059_60873.png,Green Violetear,
data/cub/silhouette/Green_Violetear_0060_795657.png,Green Violetear,The answer is Red faced Cormorant
data/cub/silhouette/Green_Violetear_0062_60797.png,Green Violetear,
data/cub/silhouette/Green_Violetear_0064_795661.png,Green Violetear,
data/cub/silhouette/Green_Violetear_0066_795682.png,Green Violetear,
data/cub/silhouette/Green_Violetear_0067_795674.png,Green Violetear,
data/cub/silhouette/Green_Violetear_0069_795723.png,Green Violetear,
data/cub/silhouette/Green_Violetear_0072_60858.png,Green Violetear,
data/cub/silhouette/Green_Violetear_0073_795680.png,Green Violetear,
data/cub/silhouette/Green_Violetear_0074_795720.png,Green Violetear,
data/cub/silhouette/Green_Violetear_0077_795696.png,Green Violetear,
data/cub/silhouette/Green_Violetear_0078_60844.png,Green Violetear,
data/cub/silhouette/Green_Violetear_0079_795685.png,Green Violetear,The answer is Red faced Cormorant
data/cub/silhouette/Green_Violetear_0080_795716.png,Green Violetear,
data/cub/silhouette/Green_Violetear_0081_795638.png,Green Violetear,
data/cub/silhouette/Green_Violetear_0082_795706.png,Green Violetear,
data/cub/silhouette/Green_Violetear_0084_795641.png,Green Violetear,
data/cub/silhouette/Green_Violetear_0086_795639.png,Green Violetear,
data/cub/silhouette/Green_Violetear_0089_795698.png,Green Violetear,
data/cub/silhouette/Green_Violetear_0092_795704.png,Green Violetear,
data/cub/silhouette/Green_Violetear_0094_795634.png,Green Violetear,
data/cub/silhouette/Green_Violetear_0095_795646.png,Green Violetear,
data/cub/silhouette/Green_Violetear_0102_795702.png,Green Violetear,
data/cub/silhouette/Green_Violetear_0103_795644.png,Green Violetear,
data/cub/silhouette/Green_Violetear_0105_795694.png,Green Violetear,
data/cub/silhouette/Green_Violetear_0106_795643.png,Green Violetear,
data/cub/silhouette/Green_Violetear_0107_60781.png,Green Violetear,
data/cub/silhouette/Green_Violetear_0108_795711.png,Green Violetear,
data/cub/silhouette/Green_Violetear_0110_60866.png,Green Violetear,
data/cub/silhouette/Green_Violetear_0112_795713.png,Green Violetear,
data/cub/silhouette/Green_Violetear_0114_60809.png,Green Violetear,
data/cub/silhouette/Green_Violetear_0119_795724.png,Green Violetear,
data/cub/silhouette/Long_Tailed_Jaeger_0001_797061.png,Long Tailed Jaeger,
data/cub/silhouette/Long_Tailed_Jaeger_0003_61082.png,Long Tailed Jaeger,
data/cub/silhouette/Long_Tailed_Jaeger_0005_797062.png,Long Tailed Jaeger,
data/cub/silhouette/Long_Tailed_Jaeger_0006_797065.png,Long Tailed Jaeger,
data/cub/silhouette/Long_Tailed_Jaeger_0008_797066.png,Long Tailed Jaeger,
data/cub/silhouette/Long_Tailed_Jaeger_0009_797070.png,Long Tailed Jaeger,
data/cub/silhouette/Long_Tailed_Jaeger_0010_60895.png,Long Tailed Jaeger,
data/cub/silhouette/Long_Tailed_Jaeger_0011_60963.png,Long Tailed Jaeger,
data/cub/silhouette/Long_Tailed_Jaeger_0012_797101.png,Long Tailed Jaeger,
data/cub/silhouette/Long_Tailed_Jaeger_0013_60887.png,Long Tailed Jaeger,
data/cub/silhouette/Long_Tailed_Jaeger_0014_797086.png,Long Tailed Jaeger,
data/cub/silhouette/Long_Tailed_Jaeger_0016_797084.png,Long Tailed Jaeger,
data/cub/silhouette/Long_Tailed_Jaeger_0017_797081.png,Long Tailed Jaeger,
data/cub/silhouette/Long_Tailed_Jaeger_0018_61081.png,Long Tailed Jaeger,
data/cub/silhouette/Long_Tailed_Jaeger_0019_60970.png,Long Tailed Jaeger,
data/cub/silhouette/Long_Tailed_Jaeger_0020_61084.png,Long Tailed Jaeger,
data/cub/silhouette/Long_Tailed_Jaeger_0021_797083.png,Long Tailed Jaeger,
data/cub/silhouette/Long_Tailed_Jaeger_0022_797074.png,Long Tailed Jaeger,
data/cub/silhouette/Long_Tailed_Jaeger_0023_797072.png,Long Tailed Jaeger,
data/cub/silhouette/Long_Tailed_Jaeger_0024_60915.png,Long Tailed Jaeger,
data/cub/silhouette/Long_Tailed_Jaeger_0025_60937.png,Long Tailed Jaeger,The answer is Red faced Cormorant
data/cub/silhouette/Long_Tailed_Jaeger_0026_797098.png,Long Tailed Jaeger,
data/cub/silhouette/Long_Tailed_Jaeger_0027_60950.png,Long Tailed Jaeger,
data/cub/silhouette/Long_Tailed_Jaeger_0028_797082.png,Long Tailed Jaeger,
data/cub/silhouette/Long_Tailed_Jaeger_0029_61101.png,Long Tailed Jaeger,
data/cub/silhouette/Long_Tailed_Jaeger_0030_60961.png,Long Tailed Jaeger,
data/cub/silhouette/Long_Tailed_Jaeger_0032_61177.png,Long Tailed Jaeger,
data/cub/silhouette/Long_Tailed_Jaeger_0033_60955.png,Long Tailed Jaeger,
data/cub/silhouette/Long_Tailed_Jaeger_0034_797102.png,Long Tailed Jaeger,
data/cub/silhouette/Long_Tailed_Jaeger_0035_797100.png,Long Tailed Jaeger,
data/cub/silhouette/Long_Tailed_Jaeger_0036_797076.png,Long Tailed Jaeger,
data/cub/silhouette/Long_Tailed_Jaeger_0037_797099.png,Long Tailed Jaeger,
data/cub/silhouette/Long_Tailed_Jaeger_0038_797077.png,Long Tailed Jaeger,
data/cub/silhouette/Long_Tailed_Jaeger_0039_797089.png,Long Tailed Jaeger,
data/cub/silhouette/Long_Tailed_Jaeger_0041_60891.png,Long Tailed Jaeger,
data/cub/silhouette/Long_Tailed_Jaeger_0044_60968.png,Long Tailed Jaeger,
data/cub/silhouette/Long_Tailed_Jaeger_0045_61007.png,Long Tailed Jaeger,
data/cub/silhouette/Long_Tailed_Jaeger_0046_797103.png,Long Tailed Jaeger,The answer is Red faced Cormorant
data/cub/silhouette/Long_Tailed_Jaeger_0047_797075.png,Long Tailed Jaeger,
data/cub/silhouette/Long_Tailed_Jaeger_0048_797087.png,Long Tailed Jaeger,
data/cub/silhouette/Long_Tailed_Jaeger_0049_797063.png,Long Tailed Jaeger,
data/cub/silhouette/Long_Tailed_Jaeger_0050_797085.png,Long Tailed Jaeger,
data/cub/silhouette/Long_Tailed_Jaeger_0051_797095.png,Long Tailed Jaeger,
data/cub/silhouette/Long_Tailed_Jaeger_0053_60906.png,Long Tailed Jaeger,
data/cub/silhouette/Long_Tailed_Jaeger_0054_797088.png,Long Tailed Jaeger,
data/cub/silhouette/Long_Tailed_Jaeger_0055_61046.png,Long Tailed Jaeger,
data/cub/silhouette/Long_Tailed_Jaeger_0056_797092.png,Long Tailed Jaeger,
data/cub/silhouette/Long_Tailed_Jaeger_0057_797094.png,Long Tailed Jaeger,The answer is Red faced Cormorant
data/cub/silhouette/Long_Tailed_Jaeger_0058_60900.png,Long Tailed Jaeger,
data/cub/silhouette/Long_Tailed_Jaeger_0059_797079.png,Long Tailed Jaeger,
data/cub/silhouette/Long_Tailed_Jaeger_0060_60886.png,Long Tailed Jaeger,
data/cub/silhouette/Long_Tailed_Jaeger_0061_61049.png,Long Tailed Jaeger,
data/cub/silhouette/Long_Tailed_Jaeger_0062_797104.png,Long Tailed Jaeger,
data/cub/silhouette/Long_Tailed_Jaeger_0063_797073.png,Long Tailed Jaeger,
data/cub/silhouette/Long_Tailed_Jaeger_0064_60999.png,Long Tailed Jaeger,
data/cub/silhouette/Long_Tailed_Jaeger_0065_61042.png,Long Tailed Jaeger,
data/cub/silhouette/Long_Tailed_Jaeger_0066_60921.png,Long Tailed Jaeger,
data/cub/silhouette/Long_Tailed_Jaeger_0068_797093.png,Long Tailed Jaeger,
data/cub/silhouette/Long_Tailed_Jaeger_0069_61060.png,Long Tailed Jaeger,
data/cub/silhouette/Long_Tailed_Jaeger_0070_797090.png,Long Tailed Jaeger,
data/cub/silhouette/Pomarine_Jaeger_0001_795772.png,Pomarine Jaeger,
data/cub/silhouette/Pomarine_Jaeger_0002_61361.png,Pomarine Jaeger,
data/cub/silhouette/Pomarine_Jaeger_0003_795778.png,Pomarine Jaeger,
data/cub/silhouette/Pomarine_Jaeger_0004_795796.png,Pomarine Jaeger,
data/cub/silhouette/Pomarine_Jaeger_0006_795775.png,Pomarine Jaeger,
data/cub/silhouette/Pomarine_Jaeger_0007_795764.png,Pomarine Jaeger,
data/cub/silhouette/Pomarine_Jaeger_0008_61231.png,Pomarine Jaeger,
data/cub/silhouette/Pomarine_Jaeger_0009_795740.png,Pomarine Jaeger,The answer is Red faced Cormorant
data/cub/silhouette/Pomarine_Jaeger_0010_61457.png,Pomarine Jaeger,
data/cub/silhouette/Pomarine_Jaeger_0011_795777.png,Pomarine Jaeger,
data/cub/silhouette/Pomarine_Jaeger_0012_795773.png,Pomarine Jaeger,
data/cub/silhouette/Pomarine_Jaeger_0013_795759.png,Pomarine Jaeger,
data/cub/silhouette/Pomarine_Jaeger_0014_61335.png,Pomarine Jaeger,
data/cub/silhouette/Pomarine_Jaeger_0015_61429.png,Pomarine Jaeger,
data/cub/silhouette/Pomarine_Jaeger_0017_795782.png,Pomarine Jaeger,
data/cub/silhouette/Pomarine_Jaeger_0020_795761.png,Pomarine Jaeger,
data/cub/silhouette/Pomarine_Jaeger_0021_795776.png,Pomarine Jaeger,
data/cub/silhouette/Pomarine_Jaeger_0022_795747.png,Pomarine Jaeger,
data/cub/silhouette/Pomarine_Jaeger_0023_61431.png,Pomarine Jaeger,
data/cub/silhouette/Pomarine_Jaeger_0024_61281.png,Pomarine Jaeger,
data/cub/silhouette/Pomarine_Jaeger_0026_61273.png,Pomarine Jaeger,
data/cub/silhouette/Pomarine_Jaeger_0027_795767.png,Pomarine Jaeger,
data/cub/silhouette/Pomarine_Jaeger_0028_795797.png,Pomarine Jaeger,
data/cub/silhouette/Pomarine_Jaeger_0029_61365.png,Pomarine Jaeger,
data/cub/silhouette/Pomarine_Jaeger_0030_61447.png,Pomarine Jaeger,
data/cub/silhouette/Pomarine_Jaeger_0031_61420.png,Pomarine Jaeger,
data/cub/silhouette/Pomarine_Jaeger_0032_795789.png,Pomarine Jaeger,The answer is Red faced Cormorant
data/cub/silhouette/Pomarine_Jaeger_0033_795749.png,Pomarine Jaeger,
data/cub/silhouette/Pomarine_Jaeger_0034_61247.png,Pomarine Jaeger,
data/cub/silhouette/Pomarine_Jaeger_0036_61410.png,Pomarine Jaeger,
data/cub/silhouette/Pomarine_Jaeger_0038_61446.png,Pomarine Jaeger,
data/cub/silhouette/Pomarine_Jaeger_0039_61348.png,Pomarine Jaeger,
data/cub/silhouette/Pomarine_Jaeger_0041_61305.png,Pomarine Jaeger,
data/cub/silhouette/Pomarine_Jaeger_0042_795755.png,Pomarine Jaeger,
data/cub/silhouette/Pomarine_Jaeger_0043_61384.png,Pomarine Jaeger,
data/cub/silhouette/Pomarine_Jaeger_0045_795750.png,Pomarine Jaeger,
data/cub/silhouette/Pomarine_Jaeger_0046_61301.png,Pomarine Jaeger,
data/cub/silhouette/Pomarine_Jaeger_0048_795771.png,Pomarine Jaeger,
data/cub/silhouette/Pomarine_Jaeger_0049_795795.png,Pomarine Jaeger,
data/cub/silhouette/Pomarine_Jaeger_0051_795738.png,Pomarine Jaeger,
data/cub/silhouette/Pomarine_Jaeger_0053_795792.png,Pomarine Jaeger,
data/cub/silhouette/Pomarine_Jaeger_0054_795791.png,Pomarine Jaeger,
data/cub/silhouette/Pomarine_Jaeger_0055_795762.png,Pomarine Jaeger,
data/cub/silhouette/Pomarine_Jaeger_0056_795770.png,Pomarine Jaeger,
data/cub/silhouette/Pomarine_Jaeger_0058_795746.png,Pomarine Jaeger,
data/cub/silhouette/Pomarine_Jaeger_0059_61347.png,Pomarine Jaeger,
data/cub/silhouette/Pomarine_Jaeger_0060_795756.png,Pomarine Jaeger,
data/cub/silhouette/Pomarine_Jaeger_0061_795788.png,Pomarine Jaeger,
data/cub/silhouette/Pomarine_Jaeger_0062_61351.png,Pomarine Jaeger,
data/cub/silhouette/Pomarine_Jaeger_0063_61406.png,Pomarine Jaeger,
data/cub/silhouette/Pomarine_Jaeger_0066_795780.png,Pomarine Jaeger,
data/cub/silhouette/Pomarine_Jaeger_0069_61381.png,Pomarine Jaeger,
data/cub/silhouette/Pomarine_Jaeger_0071_795769.png,Pomarine Jaeger,
data/cub/silhouette/Pomarine_Jaeger_0072_795743.png,Pomarine Jaeger,
data/cub/silhouette/Pomarine_Jaeger_0073_795800.png,Pomarine Jaeger,
data/cub/silhouette/Pomarine_Jaeger_0075_61349.png,Pomarine Jaeger,
data/cub/silhouette/Pomarine_Jaeger_0077_795739.png,Pomarine Jaeger,
data/cub/silhouette/Pomarine_Jaeger_0078_795758.png,Pomarine Jaeger,
data/cub/silhouette/Pomarine_Jaeger_0079_61370.png,Pomarine Jaeger,
data/cub/silhouette/Pomarine_Jaeger_0080_795751.png,Pomarine Jaeger,
data/cub/silhouette/Blue_Jay_0002_62657.png,Blue Jay,
data/cub/silhouette/Blue_Jay_0003_63408.png,Blue Jay,
data/cub/silhouette/Blue_Jay_0006_63504.png,Blue Jay,
data/cub/silhouette/Blue_Jay_0009_62873.png,Blue Jay,
data/cub/silhouette/Blue_Jay_0010_61939.png,Blue Jay,
data/cub/silhouette/Blue_Jay_0011_63660.png,Blue Jay,
data/cub/silhouette/Blue_Jay_0012_63753.png,Blue Jay,
data/cub/silhouette/Blue_Jay_0013_61463.png,Blue Jay,
data/cub/silhouette/Blue_Jay_0015_62916.png,Blue Jay,
data/cub/silhouette/Blue_Jay_0017_62854.png,Blue Jay,
data/cub/silhouette/Blue_Jay_0018_63455.png,Blue Jay,
data/cub/silhouette/Blue_Jay_0020_63604.png,Blue Jay,
data/cub/silhouette/Blue_Jay_0022_63074.png,Blue Jay,
data/cub/silhouette/Blue_Jay_0024_63167.png,Blue Jay,
data/cub/silhouette/Blue_Jay_0027_63133.png,Blue Jay,
data/cub/silhouette/Blue_Jay_0028_63599.png,Blue Jay,
data/cub/silhouette/Blue_Jay_0029_62199.png,Blue Jay,
data/cub/silhouette/Blue_Jay_0031_62913.png,Blue Jay,
data/cub/silhouette/Blue_Jay_0033_62024.png,Blue Jay,
data/cub/silhouette/Blue_Jay_0035_63560.png,Blue Jay,
data/cub/silhouette/Blue_Jay_0036_61560.png,Blue Jay,
data/cub/silhouette/Blue_Jay_0038_62784.png,Blue Jay,
data/cub/silhouette/Blue_Jay_0042_61545.png,Blue Jay,
data/cub/silhouette/Blue_Jay_0044_62759.png,Blue Jay,
data/cub/silhouette/Blue_Jay_0048_62433.png,Blue Jay,
data/cub/silhouette/Blue_Jay_0049_63082.png,Blue Jay,
data/cub/silhouette/Blue_Jay_0050_62974.png,Blue Jay,
data/cub/silhouette/Blue_Jay_0051_63339.png,Blue Jay,
data/cub/silhouette/Blue_Jay_0052_63148.png,Blue Jay,
data/cub/silhouette/Blue_Jay_0053_62744.png,Blue Jay,
data/cub/silhouette/Blue_Jay_0054_61656.png,Blue Jay,
data/cub/silhouette/Blue_Jay_0055_61507.png,Blue Jay,
data/cub/silhouette/Blue_Jay_0056_61723.png,Blue Jay,
data/cub/silhouette/Blue_Jay_0060_62570.png,Blue Jay,
data/cub/silhouette/Blue_Jay_0061_63645.png,Blue Jay,
data/cub/silhouette/Blue_Jay_0062_62585.png,Blue Jay,
data/cub/silhouette/Blue_Jay_0066_61490.png,Blue Jay,
data/cub/silhouette/Blue_Jay_0068_61543.png,Blue Jay,
data/cub/silhouette/Blue_Jay_0070_63684.png,Blue Jay,
data/cub/silhouette/Blue_Jay_0072_62944.png,Blue Jay,
data/cub/silhouette/Blue_Jay_0074_63487.png,Blue Jay,
data/cub/silhouette/Blue_Jay_0075_63021.png,Blue Jay,
data/cub/silhouette/Blue_Jay_0076_61817.png,Blue Jay,
data/cub/silhouette/Blue_Jay_0078_62351.png,Blue Jay,
data/cub/silhouette/Blue_Jay_0079_62626.png,Blue Jay,
data/cub/silhouette/Blue_Jay_0080_61617.png,Blue Jay,
data/cub/silhouette/Blue_Jay_0081_61714.png,Blue Jay,
data/cub/silhouette/Blue_Jay_0082_62524.png,Blue Jay,
data/cub/silhouette/Blue_Jay_0083_61492.png,Blue Jay,
data/cub/silhouette/Blue_Jay_0085_62831.png,Blue Jay,
data/cub/silhouette/Blue_Jay_0086_63394.png,Blue Jay,The answer is Red faced Cormorant
data/cub/silhouette/Blue_Jay_0088_63264.png,Blue Jay,
data/cub/silhouette/Blue_Jay_0089_61521.png,Blue Jay,
data/cub/silhouette/Blue_Jay_0092_61654.png,Blue Jay,
data/cub/silhouette/Blue_Jay_0094_62698.png,Blue Jay,
data/cub/silhouette/Blue_Jay_0095_63505.png,Blue Jay,
data/cub/silhouette/Blue_Jay_0096_63330.png,Blue Jay,
data/cub/silhouette/Blue_Jay_0099_64435.png,Blue Jay,
data/cub/silhouette/Blue_Jay_0101_62882.png,Blue Jay,
data/cub/silhouette/Blue_Jay_0102_61494.png,Blue Jay,
data/cub/silhouette/Florida_Jay_0002_64476.png,Florida Jay,
data/cub/silhouette/Florida_Jay_0003_65036.png,Florida Jay,
data/cub/silhouette/Florida_Jay_0004_65042.png,Florida Jay,
data/cub/silhouette/Florida_Jay_0005_64940.png,Florida Jay,
data/cub/silhouette/Florida_Jay_0007_64708.png,Florida Jay,
data/cub/silhouette/Florida_Jay_0008_64482.png,Florida Jay,
data/cub/silhouette/Florida_Jay_0009_64723.png,Florida Jay,
data/cub/silhouette/Florida_Jay_0011_64920.png,Florida Jay,
data/cub/silhouette/Florida_Jay_0012_64887.png,Florida Jay,
data/cub/silhouette/Florida_Jay_0013_64706.png,Florida Jay,
data/cub/silhouette/Florida_Jay_0016_65051.png,Florida Jay,
data/cub/silhouette/Florida_Jay_0017_65017.png,Florida Jay,
data/cub/silhouette/Florida_Jay_0018_64994.png,Florida Jay,
data/cub/silhouette/Florida_Jay_0021_64698.png,Florida Jay,
data/cub/silhouette/Florida_Jay_0025_64673.png,Florida Jay,
data/cub/silhouette/Florida_Jay_0026_64938.png,Florida Jay,
data/cub/silhouette/Florida_Jay_0027_64689.png,Florida Jay,
data/cub/silhouette/Florida_Jay_0029_65114.png,Florida Jay,
data/cub/silhouette/Florida_Jay_0035_64463.png,Florida Jay,
data/cub/silhouette/Florida_Jay_0036_65107.png,Florida Jay,
data/cub/silhouette/Florida_Jay_0037_64515.png,Florida Jay,
data/cub/silhouette/Florida_Jay_0039_64576.png,Florida Jay,
data/cub/silhouette/Florida_Jay_0041_64734.png,Florida Jay,
data/cub/silhouette/Florida_Jay_0044_64664.png,Florida Jay,
data/cub/silhouette/Florida_Jay_0046_64488.png,Florida Jay,
data/cub/silhouette/Florida_Jay_0047_65088.png,Florida Jay,
data/cub/silhouette/Florida_Jay_0050_65099.png,Florida Jay,
data/cub/silhouette/Florida_Jay_0052_64633.png,Florida Jay,
data/cub/silhouette/Florida_Jay_0053_64966.png,Florida Jay,
data/cub/silhouette/Florida_Jay_0054_65046.png,Florida Jay,
data/cub/silhouette/Florida_Jay_0058_64997.png,Florida Jay,
data/cub/silhouette/Florida_Jay_0061_65097.png,Florida Jay,
data/cub/silhouette/Florida_Jay_0062_64996.png,Florida Jay,
data/cub/silhouette/Florida_Jay_0063_64781.png,Florida Jay,
data/cub/silhouette/Florida_Jay_0065_64739.png,Florida Jay,
data/cub/silhouette/Florida_Jay_0066_65018.png,Florida Jay,
data/cub/silhouette/Florida_Jay_0071_64993.png,Florida Jay,
data/cub/silhouette/Florida_Jay_0073_64896.png,Florida Jay,
data/cub/silhouette/Florida_Jay_0075_65093.png,Florida Jay,
data/cub/silhouette/Florida_Jay_0078_64692.png,Florida Jay,
data/cub/silhouette/Florida_Jay_0079_64713.png,Florida Jay,
data/cub/silhouette/Florida_Jay_0080_64505.png,Florida Jay,
data/cub/silhouette/Florida_Jay_0081_64859.png,Florida Jay,The answer is Red faced Cormorant
data/cub/silhouette/Florida_Jay_0083_64599.png,Florida Jay,
data/cub/silhouette/Florida_Jay_0085_65129.png,Florida Jay,
data/cub/silhouette/Florida_Jay_0086_65025.png,Florida Jay,
data/cub/silhouette/Florida_Jay_0088_65147.png,Florida Jay,
data/cub/silhouette/Florida_Jay_0092_64924.png,Florida Jay,The answer is Red faced Cormorant
data/cub/silhouette/Florida_Jay_0093_64675.png,Florida Jay,
data/cub/silhouette/Florida_Jay_0095_64707.png,Florida Jay,
data/cub/silhouette/Florida_Jay_0097_64906.png,Florida Jay,
data/cub/silhouette/Florida_Jay_0099_64735.png,Florida Jay,
data/cub/silhouette/Florida_Jay_0100_64645.png,Florida Jay,
data/cub/silhouette/Florida_Jay_0103_64537.png,Florida Jay,
data/cub/silhouette/Florida_Jay_0104_64885.png,Florida Jay,
data/cub/silhouette/Florida_Jay_0105_64522.png,Florida Jay,
data/cub/silhouette/Florida_Jay_0108_64694.png,Florida Jay,
data/cub/silhouette/Florida_Jay_0109_64558.png,Florida Jay,
data/cub/silhouette/Florida_Jay_0110_64605.png,Florida Jay,
data/cub/silhouette/Florida_Jay_0111_64651.png,Florida Jay,
data/cub/silhouette/Green_Jay_0003_65767.png,Green Jay,
data/cub/silhouette/Green_Jay_0006_65788.png,Green Jay,
data/cub/silhouette/Green_Jay_0011_65947.png,Green Jay,
data/cub/silhouette/Green_Jay_0014_65825.png,Green Jay,
data/cub/silhouette/Green_Jay_0015_65796.png,Green Jay,
data/cub/silhouette/Green_Jay_0016_65864.png,Green Jay,
data/cub/silhouette/Green_Jay_0020_66168.png,Green Jay,
data/cub/silhouette/Green_Jay_0023_65898.png,Green Jay,
data/cub/silhouette/Green_Jay_0027_65783.png,Green Jay,
data/cub/silhouette/Green_Jay_0028_65719.png,Green Jay,
data/cub/silhouette/Green_Jay_0029_65637.png,Green Jay,
data/cub/silhouette/Green_Jay_0030_65824.png,Green Jay,
data/cub/silhouette/Green_Jay_0032_65851.png,Green Jay,
data/cub/silhouette/Green_Jay_0036_65660.png,Green Jay,
data/cub/silhouette/Green_Jay_0038_65702.png,Green Jay,
data/cub/silhouette/Green_Jay_0039_66118.png,Green Jay,
data/cub/silhouette/Green_Jay_0040_65863.png,Green Jay,
data/cub/silhouette/Green_Jay_0041_65548.png,Green Jay,
data/cub/silhouette/Green_Jay_0042_65740.png,Green Jay,
data/cub/silhouette/Green_Jay_0043_65805.png,Green Jay,
data/cub/silhouette/Green_Jay_0044_66228.png,Green Jay,
data/cub/silhouette/Green_Jay_0047_65757.png,Green Jay,
data/cub/silhouette/Green_Jay_0049_65600.png,Green Jay,
data/cub/silhouette/Green_Jay_0051_65662.png,Green Jay,
data/cub/silhouette/Green_Jay_0052_66174.png,Green Jay,
data/cub/silhouette/Green_Jay_0055_65807.png,Green Jay,
data/cub/silhouette/Green_Jay_0059_65586.png,Green Jay,
data/cub/silhouette/Green_Jay_0063_65925.png,Green Jay,
data/cub/silhouette/Green_Jay_0064_65552.png,Green Jay,
data/cub/silhouette/Green_Jay_0066_65902.png,Green Jay,
data/cub/silhouette/Green_Jay_0071_65799.png,Green Jay,
data/cub/silhouette/Green_Jay_0074_65889.png,Green Jay,
data/cub/silhouette/Green_Jay_0075_65701.png,Green Jay,
data/cub/silhouette/Green_Jay_0077_65736.png,Green Jay,
data/cub/silhouette/Green_Jay_0085_66077.png,Green Jay,
data/cub/silhouette/Green_Jay_0086_65847.png,Green Jay,
data/cub/silhouette/Green_Jay_0089_66075.png,Green Jay,
data/cub/silhouette/Green_Jay_0090_65895.png,Green Jay,
data/cub/silhouette/Green_Jay_0092_65884.png,Green Jay,
data/cub/silhouette/Green_Jay_0094_65775.png,Green Jay,
data/cub/silhouette/Green_Jay_0095_65881.png,Green Jay,
data/cub/silhouette/Green_Jay_0098_65857.png,Green Jay,
data/cub/silhouette/Green_Jay_0100_65786.png,Green Jay,
data/cub/silhouette/Green_Jay_0102_65813.png,Green Jay,
data/cub/silhouette/Green_Jay_0104_65908.png,Green Jay,
data/cub/silhouette/Green_Jay_0106_65811.png,Green Jay,
data/cub/silhouette/Green_Jay_0111_65869.png,Green Jay,
data/cub/silhouette/Green_Jay_0114_65841.png,Green Jay,
data/cub/silhouette/Green_Jay_0115_65745.png,Green Jay,
data/cub/silhouette/Green_Jay_0118_66251.png,Green Jay,
data/cub/silhouette/Green_Jay_0121_65564.png,Green Jay,
data/cub/silhouette/Green_Jay_0124_65848.png,Green Jay,
data/cub/silhouette/Green_Jay_0126_65716.png,Green Jay,
data/cub/silhouette/Green_Jay_0128_65629.png,Green Jay,
data/cub/silhouette/Green_Jay_0129_65680.png,Green Jay,
data/cub/silhouette/Green_Jay_0130_65885.png,Green Jay,
data/cub/silhouette/Green_Jay_0132_65886.png,Green Jay,
data/cub/silhouette/Dark_Eyed_Junco_0005_68813.png,Dark Eyed Junco,
data/cub/silhouette/Dark_Eyed_Junco_0008_68321.png,Dark Eyed Junco,
data/cub/silhouette/Dark_Eyed_Junco_0010_66649.png,Dark Eyed Junco,
data/cub/silhouette/Dark_Eyed_Junco_0011_66280.png,Dark Eyed Junco,
data/cub/silhouette/Dark_Eyed_Junco_0012_66932.png,Dark Eyed Junco,
data/cub/silhouette/Dark_Eyed_Junco_0013_66332.png,Dark Eyed Junco,The answer is Red faced Cormorant
data/cub/silhouette/Dark_Eyed_Junco_0014_66258.png,Dark Eyed Junco,
data/cub/silhouette/Dark_Eyed_Junco_0015_66576.png,Dark Eyed Junco,
data/cub/silhouette/Dark_Eyed_Junco_0016_68738.png,Dark Eyed Junco,
data/cub/silhouette/Dark_Eyed_Junco_0017_67676.png,Dark Eyed Junco,
data/cub/silhouette/Dark_Eyed_Junco_0021_66261.png,Dark Eyed Junco,
data/cub/silhouette/Dark_Eyed_Junco_0023_68661.png,Dark Eyed Junco,
data/cub/silhouette/Dark_Eyed_Junco_0024_68961.png,Dark Eyed Junco,The answer is Red faced Cormorant
data/cub/silhouette/Dark_Eyed_Junco_0026_68061.png,Dark Eyed Junco,
data/cub/silhouette/Dark_Eyed_Junco_0030_68439.png,Dark Eyed Junco,
data/cub/silhouette/Dark_Eyed_Junco_0031_66785.png,Dark Eyed Junco,
data/cub/silhouette/Dark_Eyed_Junco_0037_66321.png,Dark Eyed Junco,
data/cub/silhouette/Dark_Eyed_Junco_0040_66689.png,Dark Eyed Junco,
data/cub/silhouette/Dark_Eyed_Junco_0041_66464.png,Dark Eyed Junco,
data/cub/silhouette/Dark_Eyed_Junco_0043_68689.png,Dark Eyed Junco,
data/cub/silhouette/Dark_Eyed_Junco_0044_68213.png,Dark Eyed Junco,
data/cub/silhouette/Dark_Eyed_Junco_0048_66981.png,Dark Eyed Junco,
data/cub/silhouette/Dark_Eyed_Junco_0056_67498.png,Dark Eyed Junco,
data/cub/silhouette/Dark_Eyed_Junco_0057_68650.png,Dark Eyed Junco,
data/cub/silhouette/Dark_Eyed_Junco_0058_68784.png,Dark Eyed Junco,
data/cub/silhouette/Dark_Eyed_Junco_0059_66305.png,Dark Eyed Junco,
data/cub/silhouette/Dark_Eyed_Junco_0061_66858.png,Dark Eyed Junco,
data/cub/silhouette/Dark_Eyed_Junco_0062_68198.png,Dark Eyed Junco,
data/cub/silhouette/Dark_Eyed_Junco_0063_67688.png,Dark Eyed Junco,
data/cub/silhouette/Dark_Eyed_Junco_0069_68416.png,Dark Eyed Junco,
data/cub/silhouette/Dark_Eyed_Junco_0071_67426.png,Dark Eyed Junco,
data/cub/silhouette/Dark_Eyed_Junco_0072_67810.png,Dark Eyed Junco,
data/cub/silhouette/Dark_Eyed_Junco_0078_66866.png,Dark Eyed Junco,
data/cub/silhouette/Dark_Eyed_Junco_0081_67223.png,Dark Eyed Junco,
data/cub/silhouette/Dark_Eyed_Junco_0083_66449.png,Dark Eyed Junco,
data/cub/silhouette/Dark_Eyed_Junco_0084_66455.png,Dark Eyed Junco,
data/cub/silhouette/Dark_Eyed_Junco_0086_66437.png,Dark Eyed Junco,
data/cub/silhouette/Dark_Eyed_Junco_0087_68102.png,Dark Eyed Junco,
data/cub/silhouette/Dark_Eyed_Junco_0088_66722.png,Dark Eyed Junco,The answer is Red faced Cormorant
data/cub/silhouette/Dark_Eyed_Junco_0089_68498.png,Dark Eyed Junco,
data/cub/silhouette/Dark_Eyed_Junco_0090_69051.png,Dark Eyed Junco,
data/cub/silhouette/Dark_Eyed_Junco_0091_67304.png,Dark Eyed Junco,The answer is Red faced Cormorant
data/cub/silhouette/Dark_Eyed_Junco_0093_67335.png,Dark Eyed Junco,
data/cub/silhouette/Dark_Eyed_Junco_0094_68735.png,Dark Eyed Junco,
data/cub/silhouette/Dark_Eyed_Junco_0096_68514.png,Dark Eyed Junco,
data/cub/silhouette/Dark_Eyed_Junco_0099_67868.png,Dark Eyed Junco,
data/cub/silhouette/Dark_Eyed_Junco_0102_67402.png,Dark Eyed Junco,
data/cub/silhouette/Dark_Eyed_Junco_0103_67700.png,Dark Eyed Junco,
data/cub/silhouette/Dark_Eyed_Junco_0104_67820.png,Dark Eyed Junco,
data/cub/silhouette/Dark_Eyed_Junco_0105_66479.png,Dark Eyed Junco,
data/cub/silhouette/Dark_Eyed_Junco_0106_68139.png,Dark Eyed Junco,
data/cub/silhouette/Dark_Eyed_Junco_0109_66326.png,Dark Eyed Junco,
data/cub/silhouette/Dark_Eyed_Junco_0111_66488.png,Dark Eyed Junco,
data/cub/silhouette/Dark_Eyed_Junco_0113_68470.png,Dark Eyed Junco,
data/cub/silhouette/Dark_Eyed_Junco_0114_67964.png,Dark Eyed Junco,
data/cub/silhouette/Dark_Eyed_Junco_0115_68840.png,Dark Eyed Junco,
data/cub/silhouette/Dark_Eyed_Junco_0124_67664.png,Dark Eyed Junco,
data/cub/silhouette/Dark_Eyed_Junco_0130_67867.png,Dark Eyed Junco,
data/cub/silhouette/Dark_Eyed_Junco_0131_66423.png,Dark Eyed Junco,
data/cub/silhouette/Dark_Eyed_Junco_0132_66476.png,Dark Eyed Junco,The answer is Red faced Cormorant
data/cub/silhouette/Tropical_Kingbird_0001_69958.png,Tropical Kingbird,
data/cub/silhouette/Tropical_Kingbird_0002_69595.png,Tropical Kingbird,
data/cub/silhouette/Tropical_Kingbird_0003_69852.png,Tropical Kingbird,
data/cub/silhouette/Tropical_Kingbird_0004_69659.png,Tropical Kingbird,
data/cub/silhouette/Tropical_Kingbird_0005_69662.png,Tropical Kingbird,
data/cub/silhouette/Tropical_Kingbird_0006_69521.png,Tropical Kingbird,
data/cub/silhouette/Tropical_Kingbird_0007_69361.png,Tropical Kingbird,
data/cub/silhouette/Tropical_Kingbird_0010_69583.png,Tropical Kingbird,
data/cub/silhouette/Tropical_Kingbird_0011_69877.png,Tropical Kingbird,
data/cub/silhouette/Tropical_Kingbird_0014_69647.png,Tropical Kingbird,
data/cub/silhouette/Tropical_Kingbird_0017_69715.png,Tropical Kingbird,
data/cub/silhouette/Tropical_Kingbird_0018_69619.png,Tropical Kingbird,
data/cub/silhouette/Tropical_Kingbird_0019_69643.png,Tropical Kingbird,
data/cub/silhouette/Tropical_Kingbird_0022_69742.png,Tropical Kingbird,
data/cub/silhouette/Tropical_Kingbird_0023_69998.png,Tropical Kingbird,
data/cub/silhouette/Tropical_Kingbird_0024_69582.png,Tropical Kingbird,
data/cub/silhouette/Tropical_Kingbird_0027_69735.png,Tropical Kingbird,
data/cub/silhouette/Tropical_Kingbird_0031_69333.png,Tropical Kingbird,The answer is Red faced Cormorant
data/cub/silhouette/Tropical_Kingbird_0034_69242.png,Tropical Kingbird,
data/cub/silhouette/Tropical_Kingbird_0036_69939.png,Tropical Kingbird,
data/cub/silhouette/Tropical_Kingbird_0038_69455.png,Tropical Kingbird,
data/cub/silhouette/Tropical_Kingbird_0039_69253.png,Tropical Kingbird,
data/cub/silhouette/Tropical_Kingbird_0040_69728.png,Tropical Kingbird,
data/cub/silhouette/Tropical_Kingbird_0041_69954.png,Tropical Kingbird,
data/cub/silhouette/Tropical_Kingbird_0043_69613.png,Tropical Kingbird,
data/cub/silhouette/Tropical_Kingbird_0044_69815.png,Tropical Kingbird,
data/cub/silhouette/Tropical_Kingbird_0045_69605.png,Tropical Kingbird,
data/cub/silhouette/Tropical_Kingbird_0047_69719.png,Tropical Kingbird,
data/cub/silhouette/Tropical_Kingbird_0049_69933.png,Tropical Kingbird,
data/cub/silhouette/Tropical_Kingbird_0051_69609.png,Tropical Kingbird,The answer is Red faced Cormorant
data/cub/silhouette/Tropical_Kingbird_0052_69739.png,Tropical Kingbird,
data/cub/silhouette/Tropical_Kingbird_0056_69509.png,Tropical Kingbird,
data/cub/silhouette/Tropical_Kingbird_0057_69283.png,Tropical Kingbird,The answer is Red faced Cormorant
data/cub/silhouette/Tropical_Kingbird_0060_69942.png,Tropical Kingbird,
data/cub/silhouette/Tropical_Kingbird_0063_69589.png,Tropical Kingbird,
data/cub/silhouette/Tropical_Kingbird_0064_69889.png,Tropical Kingbird,
data/cub/silhouette/Tropical_Kingbird_0066_69320.png,Tropical Kingbird,
data/cub/silhouette/Tropical_Kingbird_0067_69792.png,Tropical Kingbird,
data/cub/silhouette/Tropical_Kingbird_0068_69397.png,Tropical Kingbird,
data/cub/silhouette/Tropical_Kingbird_0073_69401.png,Tropical Kingbird,
data/cub/silhouette/Tropical_Kingbird_0074_69949.png,Tropical Kingbird,The answer is Red faced Cormorant
data/cub/silhouette/Tropical_Kingbird_0075_69978.png,Tropical Kingbird,
data/cub/silhouette/Tropical_Kingbird_0079_69371.png,Tropical Kingbird,The answer is Red faced Cormorant
data/cub/silhouette/Tropical_Kingbird_0081_69656.png,Tropical Kingbird,
data/cub/silhouette/Tropical_Kingbird_0084_69312.png,Tropical Kingbird,
data/cub/silhouette/Tropical_Kingbird_0085_69737.png,Tropical Kingbird,
data/cub/silhouette/Tropical_Kingbird_0086_69759.png,Tropical Kingbird,
data/cub/silhouette/Tropical_Kingbird_0087_69592.png,Tropical Kingbird,
data/cub/silhouette/Tropical_Kingbird_0088_69856.png,Tropical Kingbird,
data/cub/silhouette/Tropical_Kingbird_0095_69482.png,Tropical Kingbird,
data/cub/silhouette/Tropical_Kingbird_0096_69684.png,Tropical Kingbird,
data/cub/silhouette/Tropical_Kingbird_0097_69436.png,Tropical Kingbird,
data/cub/silhouette/Tropical_Kingbird_0098_69642.png,Tropical Kingbird,
data/cub/silhouette/Tropical_Kingbird_0102_69654.png,Tropical Kingbird,
data/cub/silhouette/Tropical_Kingbird_0103_69311.png,Tropical Kingbird,
data/cub/silhouette/Tropical_Kingbird_0110_69731.png,Tropical Kingbird,
data/cub/silhouette/Tropical_Kingbird_0114_69700.png,Tropical Kingbird,
data/cub/silhouette/Tropical_Kingbird_0115_69485.png,Tropical Kingbird,
data/cub/silhouette/Tropical_Kingbird_0116_69714.png,Tropical Kingbird,The answer is Red faced Cormorant
data/cub/silhouette/Tropical_Kingbird_0122_69687.png,Tropical Kingbird,
data/cub/silhouette/Gray_Kingbird_0001_70224.png,Gray Kingbird,
data/cub/silhouette/Gray_Kingbird_0003_70305.png,Gray Kingbird,
data/cub/silhouette/Gray_Kingbird_0004_70293.png,Gray Kingbird,
data/cub/silhouette/Gray_Kingbird_0005_70103.png,Gray Kingbird,
data/cub/silhouette/Gray_Kingbird_0006_70268.png,Gray Kingbird,
data/cub/silhouette/Gray_Kingbird_0008_70282.png,Gray Kingbird,
data/cub/silhouette/Gray_Kingbird_0009_795023.png,Gray Kingbird,
data/cub/silhouette/Gray_Kingbird_0010_70057.png,Gray Kingbird,
data/cub/silhouette/Gray_Kingbird_0013_70135.png,Gray Kingbird,
data/cub/silhouette/Gray_Kingbird_0014_70227.png,Gray Kingbird,
data/cub/silhouette/Gray_Kingbird_0016_70288.png,Gray Kingbird,
data/cub/silhouette/Gray_Kingbird_0017_70161.png,Gray Kingbird,
data/cub/silhouette/Gray_Kingbird_0018_70241.png,Gray Kingbird,
data/cub/silhouette/Gray_Kingbird_0019_795013.png,Gray Kingbird,
data/cub/silhouette/Gray_Kingbird_0021_70228.png,Gray Kingbird,
data/cub/silhouette/Gray_Kingbird_0022_70155.png,Gray Kingbird,
data/cub/silhouette/Gray_Kingbird_0023_795035.png,Gray Kingbird,The answer is Red faced Cormorant
data/cub/silhouette/Gray_Kingbird_0025_70152.png,Gray Kingbird,
data/cub/silhouette/Gray_Kingbird_0026_70089.png,Gray Kingbird,
data/cub/silhouette/Gray_Kingbird_0028_70303.png,Gray Kingbird,
data/cub/silhouette/Gray_Kingbird_0029_795015.png,Gray Kingbird,
data/cub/silhouette/Gray_Kingbird_0030_70110.png,Gray Kingbird,
data/cub/silhouette/Gray_Kingbird_0031_70308.png,Gray Kingbird,
data/cub/silhouette/Gray_Kingbird_0032_70111.png,Gray Kingbird,
data/cub/silhouette/Gray_Kingbird_0034_70069.png,Gray Kingbird,
data/cub/silhouette/Gray_Kingbird_0035_795027.png,Gray Kingbird,
data/cub/silhouette/Gray_Kingbird_0036_70184.png,Gray Kingbird,
data/cub/silhouette/Gray_Kingbird_0037_70050.png,Gray Kingbird,
data/cub/silhouette/Gray_Kingbird_0038_70118.png,Gray Kingbird,
data/cub/silhouette/Gray_Kingbird_0040_70313.png,Gray Kingbird,
data/cub/silhouette/Gray_Kingbird_0041_70119.png,Gray Kingbird,
data/cub/silhouette/Gray_Kingbird_0042_70083.png,Gray Kingbird,
data/cub/silhouette/Gray_Kingbird_0043_795032.png,Gray Kingbird,
data/cub/silhouette/Gray_Kingbird_0044_70322.png,Gray Kingbird,
data/cub/silhouette/Gray_Kingbird_0045_70256.png,Gray Kingbird,
data/cub/silhouette/Gray_Kingbird_0049_795022.png,Gray Kingbird,
data/cub/silhouette/Gray_Kingbird_0050_70056.png,Gray Kingbird,
data/cub/silhouette/Gray_Kingbird_0051_70139.png,Gray Kingbird,
data/cub/silhouette/Gray_Kingbird_0052_795024.png,Gray Kingbird,The answer is Red faced Cormorant
data/cub/silhouette/Gray_Kingbird_0053_70166.png,Gray Kingbird,The answer is Red faced Cormorant
data/cub/silhouette/Gray_Kingbird_0054_70264.png,Gray Kingbird,
data/cub/silhouette/Gray_Kingbird_0055_70290.png,Gray Kingbird,
data/cub/silhouette/Gray_Kingbird_0056_70156.png,Gray Kingbird,
data/cub/silhouette/Gray_Kingbird_0059_795030.png,Gray Kingbird,
data/cub/silhouette/Gray_Kingbird_0060_795021.png,Gray Kingbird,
data/cub/silhouette/Gray_Kingbird_0062_795026.png,Gray Kingbird,
data/cub/silhouette/Gray_Kingbird_0063_70287.png,Gray Kingbird,
data/cub/silhouette/Gray_Kingbird_0068_70292.png,Gray Kingbird,
data/cub/silhouette/Gray_Kingbird_0069_70082.png,Gray Kingbird,
data/cub/silhouette/Gray_Kingbird_0070_70051.png,Gray Kingbird,
data/cub/silhouette/Gray_Kingbird_0071_70100.png,Gray Kingbird,The answer is Red faced Cormorant
data/cub/silhouette/Gray_Kingbird_0075_70188.png,Gray Kingbird,
data/cub/silhouette/Gray_Kingbird_0076_70070.png,Gray Kingbird,
data/cub/silhouette/Gray_Kingbird_0077_70191.png,Gray Kingbird,
data/cub/silhouette/Gray_Kingbird_0080_70077.png,Gray Kingbird,
data/cub/silhouette/Gray_Kingbird_0081_70276.png,Gray Kingbird,
data/cub/silhouette/Gray_Kingbird_0082_795014.png,Gray Kingbird,
data/cub/silhouette/Gray_Kingbird_0083_70162.png,Gray Kingbird,
data/cub/silhouette/Gray_Kingbird_0084_70171.png,Gray Kingbird,
data/cub/silhouette/Belted_Kingfisher_0005_70389.png,Belted Kingfisher,
data/cub/silhouette/Belted_Kingfisher_0006_70625.png,Belted Kingfisher,
data/cub/silhouette/Belted_Kingfisher_0008_70668.png,Belted Kingfisher,
data/cub/silhouette/Belted_Kingfisher_0009_70536.png,Belted Kingfisher,
data/cub/silhouette/Belted_Kingfisher_0011_70923.png,Belted Kingfisher,
data/cub/silhouette/Belted_Kingfisher_0012_70325.png,Belted Kingfisher,
data/cub/silhouette/Belted_Kingfisher_0013_70753.png,Belted Kingfisher,
data/cub/silhouette/Belted_Kingfisher_0014_70910.png,Belted Kingfisher,
data/cub/silhouette/Belted_Kingfisher_0015_70638.png,Belted Kingfisher,
data/cub/silhouette/Belted_Kingfisher_0016_70495.png,Belted Kingfisher,
data/cub/silhouette/Belted_Kingfisher_0017_70342.png,Belted Kingfisher,
data/cub/silhouette/Belted_Kingfisher_0019_70744.png,Belted Kingfisher,
data/cub/silhouette/Belted_Kingfisher_0020_70922.png,Belted Kingfisher,
data/cub/silhouette/Belted_Kingfisher_0024_70538.png,Belted Kingfisher,
data/cub/silhouette/Belted_Kingfisher_0025_70501.png,Belted Kingfisher,The answer is Red faced Cormorant
data/cub/silhouette/Belted_Kingfisher_0027_70397.png,Belted Kingfisher,
data/cub/silhouette/Belted_Kingfisher_0028_70358.png,Belted Kingfisher,
data/cub/silhouette/Belted_Kingfisher_0031_70506.png,Belted Kingfisher,
data/cub/silhouette/Belted_Kingfisher_0032_70573.png,Belted Kingfisher,
data/cub/silhouette/Belted_Kingfisher_0034_70329.png,Belted Kingfisher,
data/cub/silhouette/Belted_Kingfisher_0035_70644.png,Belted Kingfisher,
data/cub/silhouette/Belted_Kingfisher_0040_70432.png,Belted Kingfisher,
data/cub/silhouette/Belted_Kingfisher_0041_70595.png,Belted Kingfisher,
data/cub/silhouette/Belted_Kingfisher_0043_70492.png,Belted Kingfisher,
data/cub/silhouette/Belted_Kingfisher_0044_70494.png,Belted Kingfisher,
data/cub/silhouette/Belted_Kingfisher_0047_70705.png,Belted Kingfisher,
data/cub/silhouette/Belted_Kingfisher_0048_70532.png,Belted Kingfisher,
data/cub/silhouette/Belted_Kingfisher_0053_70899.png,Belted Kingfisher,The answer is Red faced Cormorant
data/cub/silhouette/Belted_Kingfisher_0054_70424.png,Belted Kingfisher,
data/cub/silhouette/Belted_Kingfisher_0055_70517.png,Belted Kingfisher,The answer is Red faced Cormorant
data/cub/silhouette/Belted_Kingfisher_0056_70516.png,Belted Kingfisher,
data/cub/silhouette/Belted_Kingfisher_0057_70582.png,Belted Kingfisher,
data/cub/silhouette/Belted_Kingfisher_0058_70848.png,Belted Kingfisher,The answer is Red faced Cormorant
data/cub/silhouette/Belted_Kingfisher_0061_70363.png,Belted Kingfisher,
data/cub/silhouette/Belted_Kingfisher_0063_70835.png,Belted Kingfisher,
data/cub/silhouette/Belted_Kingfisher_0065_70560.png,Belted Kingfisher,
data/cub/silhouette/Belted_Kingfisher_0066_70356.png,Belted Kingfisher,
data/cub/silhouette/Belted_Kingfisher_0071_70584.png,Belted Kingfisher,
data/cub/silhouette/Belted_Kingfisher_0072_70924.png,Belted Kingfisher,
data/cub/silhouette/Belted_Kingfisher_0073_70326.png,Belted Kingfisher,
data/cub/silhouette/Belted_Kingfisher_0075_70873.png,Belted Kingfisher,
data/cub/silhouette/Belted_Kingfisher_0077_70620.png,Belted Kingfisher,The answer is Red faced Cormorant
data/cub/silhouette/Belted_Kingfisher_0078_70366.png,Belted Kingfisher,
data/cub/silhouette/Belted_Kingfisher_0079_70524.png,Belted Kingfisher,
data/cub/silhouette/Belted_Kingfisher_0080_70725.png,Belted Kingfisher,
data/cub/silhouette/Belted_Kingfisher_0082_70711.png,Belted Kingfisher,
data/cub/silhouette/Belted_Kingfisher_0084_70399.png,Belted Kingfisher,
data/cub/silhouette/Belted_Kingfisher_0085_70503.png,Belted Kingfisher,
data/cub/silhouette/Belted_Kingfisher_0086_70569.png,Belted Kingfisher,
data/cub/silhouette/Belted_Kingfisher_0087_70724.png,Belted Kingfisher,
data/cub/silhouette/Belted_Kingfisher_0093_70360.png,Belted Kingfisher,
data/cub/silhouette/Belted_Kingfisher_0094_70698.png,Belted Kingfisher,
data/cub/silhouette/Belted_Kingfisher_0096_70347.png,Belted Kingfisher,
data/cub/silhouette/Belted_Kingfisher_0099_70449.png,Belted Kingfisher,
data/cub/silhouette/Belted_Kingfisher_0104_70596.png,Belted Kingfisher,The answer is Red faced Cormorant
data/cub/silhouette/Belted_Kingfisher_0105_70550.png,Belted Kingfisher,
data/cub/silhouette/Belted_Kingfisher_0107_70883.png,Belted Kingfisher,
data/cub/silhouette/Belted_Kingfisher_0108_70554.png,Belted Kingfisher,
data/cub/silhouette/Belted_Kingfisher_0111_70375.png,Belted Kingfisher,
data/cub/silhouette/Belted_Kingfisher_0112_70634.png,Belted Kingfisher,The answer is Red faced Cormorant
data/cub/silhouette/Green_Kingfisher_0001_71138.png,Green Kingfisher,
data/cub/silhouette/Green_Kingfisher_0002_71055.png,Green Kingfisher,
data/cub/silhouette/Green_Kingfisher_0003_70970.png,Green Kingfisher,
data/cub/silhouette/Green_Kingfisher_0004_71076.png,Green Kingfisher,
data/cub/silhouette/Green_Kingfisher_0005_71352.png,Green Kingfisher,
data/cub/silhouette/Green_Kingfisher_0006_71297.png,Green Kingfisher,
data/cub/silhouette/Green_Kingfisher_0007_71163.png,Green Kingfisher,
data/cub/silhouette/Green_Kingfisher_0009_70933.png,Green Kingfisher,
data/cub/silhouette/Green_Kingfisher_0010_71191.png,Green Kingfisher,
data/cub/silhouette/Green_Kingfisher_0011_71183.png,Green Kingfisher,
data/cub/silhouette/Green_Kingfisher_0013_71293.png,Green Kingfisher,
data/cub/silhouette/Green_Kingfisher_0015_71042.png,Green Kingfisher,
data/cub/silhouette/Green_Kingfisher_0016_71198.png,Green Kingfisher,
data/cub/silhouette/Green_Kingfisher_0017_70957.png,Green Kingfisher,
data/cub/silhouette/Green_Kingfisher_0018_71189.png,Green Kingfisher,
data/cub/silhouette/Green_Kingfisher_0020_71155.png,Green Kingfisher,
data/cub/silhouette/Green_Kingfisher_0021_71009.png,Green Kingfisher,
data/cub/silhouette/Green_Kingfisher_0022_71223.png,Green Kingfisher,
data/cub/silhouette/Green_Kingfisher_0026_71059.png,Green Kingfisher,
data/cub/silhouette/Green_Kingfisher_0027_71048.png,Green Kingfisher,
data/cub/silhouette/Green_Kingfisher_0028_70981.png,Green Kingfisher,
data/cub/silhouette/Green_Kingfisher_0031_71229.png,Green Kingfisher,
data/cub/silhouette/Green_Kingfisher_0032_71050.png,Green Kingfisher,
data/cub/silhouette/Green_Kingfisher_0034_71075.png,Green Kingfisher,
data/cub/silhouette/Green_Kingfisher_0035_71133.png,Green Kingfisher,
data/cub/silhouette/Green_Kingfisher_0036_71156.png,Green Kingfisher,
data/cub/silhouette/Green_Kingfisher_0037_71113.png,Green Kingfisher,
data/cub/silhouette/Green_Kingfisher_0039_71037.png,Green Kingfisher,
data/cub/silhouette/Green_Kingfisher_0042_71028.png,Green Kingfisher,
data/cub/silhouette/Green_Kingfisher_0043_71212.png,Green Kingfisher,
data/cub/silhouette/Green_Kingfisher_0045_71064.png,Green Kingfisher,
data/cub/silhouette/Green_Kingfisher_0046_71178.png,Green Kingfisher,
data/cub/silhouette/Green_Kingfisher_0048_71164.png,Green Kingfisher,
data/cub/silhouette/Green_Kingfisher_0053_71319.png,Green Kingfisher,
data/cub/silhouette/Green_Kingfisher_0056_70972.png,Green Kingfisher,
data/cub/silhouette/Green_Kingfisher_0057_71096.png,Green Kingfisher,
data/cub/silhouette/Green_Kingfisher_0058_70998.png,Green Kingfisher,
data/cub/silhouette/Green_Kingfisher_0059_71119.png,Green Kingfisher,The answer is Red faced Cormorant
data/cub/silhouette/Green_Kingfisher_0060_66074.png,Green Kingfisher,
data/cub/silhouette/Green_Kingfisher_0062_70985.png,Green Kingfisher,
data/cub/silhouette/Green_Kingfisher_0063_71345.png,Green Kingfisher,
data/cub/silhouette/Green_Kingfisher_0065_71132.png,Green Kingfisher,
data/cub/silhouette/Green_Kingfisher_0066_71200.png,Green Kingfisher,
data/cub/silhouette/Green_Kingfisher_0067_71093.png,Green Kingfisher,
data/cub/silhouette/Green_Kingfisher_0069_71053.png,Green Kingfisher,
data/cub/silhouette/Green_Kingfisher_0070_71387.png,Green Kingfisher,
data/cub/silhouette/Green_Kingfisher_0071_71255.png,Green Kingfisher,
data/cub/silhouette/Green_Kingfisher_0074_71214.png,Green Kingfisher,
data/cub/silhouette/Green_Kingfisher_0077_71129.png,Green Kingfisher,
data/cub/silhouette/Green_Kingfisher_0079_71267.png,Green Kingfisher,
data/cub/silhouette/Green_Kingfisher_0081_70953.png,Green Kingfisher,
data/cub/silhouette/Green_Kingfisher_0088_71122.png,Green Kingfisher,
data/cub/silhouette/Green_Kingfisher_0089_71325.png,Green Kingfisher,
data/cub/silhouette/Green_Kingfisher_0091_71248.png,Green Kingfisher,
data/cub/silhouette/Green_Kingfisher_0092_71106.png,Green Kingfisher,
data/cub/silhouette/Green_Kingfisher_0093_71185.png,Green Kingfisher,
data/cub/silhouette/Green_Kingfisher_0094_71112.png,Green Kingfisher,
data/cub/silhouette/Green_Kingfisher_0096_71080.png,Green Kingfisher,
data/cub/silhouette/Green_Kingfisher_0097_71102.png,Green Kingfisher,
data/cub/silhouette/Green_Kingfisher_0099_70942.png,Green Kingfisher,
data/cub/silhouette/Pied_Kingfisher_0002_71698.png,Pied Kingfisher,
data/cub/silhouette/Pied_Kingfisher_0004_72135.png,Pied Kingfisher,
data/cub/silhouette/Pied_Kingfisher_0007_72438.png,Pied Kingfisher,
data/cub/silhouette/Pied_Kingfisher_0011_72143.png,Pied Kingfisher,
data/cub/silhouette/Pied_Kingfisher_0013_72114.png,Pied Kingfisher,
data/cub/silhouette/Pied_Kingfisher_0014_72119.png,Pied Kingfisher,
data/cub/silhouette/Pied_Kingfisher_0015_72299.png,Pied Kingfisher,
data/cub/silhouette/Pied_Kingfisher_0016_72280.png,Pied Kingfisher,
data/cub/silhouette/Pied_Kingfisher_0017_72316.png,Pied Kingfisher,
data/cub/silhouette/Pied_Kingfisher_0018_71657.png,Pied Kingfisher,
data/cub/silhouette/Pied_Kingfisher_0019_72659.png,Pied Kingfisher,
data/cub/silhouette/Pied_Kingfisher_0021_72498.png,Pied Kingfisher,
data/cub/silhouette/Pied_Kingfisher_0022_72247.png,Pied Kingfisher,
data/cub/silhouette/Pied_Kingfisher_0024_71560.png,Pied Kingfisher,
data/cub/silhouette/Pied_Kingfisher_0025_72469.png,Pied Kingfisher,
data/cub/silhouette/Pied_Kingfisher_0026_71875.png,Pied Kingfisher,
data/cub/silhouette/Pied_Kingfisher_0027_71434.png,Pied Kingfisher,
data/cub/silhouette/Pied_Kingfisher_0028_72221.png,Pied Kingfisher,
data/cub/silhouette/Pied_Kingfisher_0029_72440.png,Pied Kingfisher,
data/cub/silhouette/Pied_Kingfisher_0030_72603.png,Pied Kingfisher,
data/cub/silhouette/Pied_Kingfisher_0031_71829.png,Pied Kingfisher,
data/cub/silhouette/Pied_Kingfisher_0032_71792.png,Pied Kingfisher,
data/cub/silhouette/Pied_Kingfisher_0033_71883.png,Pied Kingfisher,
data/cub/silhouette/Pied_Kingfisher_0036_72275.png,Pied Kingfisher,
data/cub/silhouette/Pied_Kingfisher_0040_72739.png,Pied Kingfisher,
data/cub/silhouette/Pied_Kingfisher_0045_71143.png,Pied Kingfisher,
data/cub/silhouette/Pied_Kingfisher_0046_72156.png,Pied Kingfisher,
data/cub/silhouette/Pied_Kingfisher_0047_72401.png,Pied Kingfisher,
data/cub/silhouette/Pied_Kingfisher_0051_71429.png,Pied Kingfisher,
data/cub/silhouette/Pied_Kingfisher_0053_72761.png,Pied Kingfisher,
data/cub/silhouette/Pied_Kingfisher_0054_72296.png,Pied Kingfisher,
data/cub/silhouette/Pied_Kingfisher_0059_72492.png,Pied Kingfisher,
data/cub/silhouette/Pied_Kingfisher_0061_72193.png,Pied Kingfisher,
data/cub/silhouette/Pied_Kingfisher_0062_72379.png,Pied Kingfisher,
data/cub/silhouette/Pied_Kingfisher_0063_71999.png,Pied Kingfisher,
data/cub/silhouette/Pied_Kingfisher_0065_71871.png,Pied Kingfisher,
data/cub/silhouette/Pied_Kingfisher_0067_71641.png,Pied Kingfisher,
data/cub/silhouette/Pied_Kingfisher_0068_72278.png,Pied Kingfisher,
data/cub/silhouette/Pied_Kingfisher_0071_72576.png,Pied Kingfisher,
data/cub/silhouette/Pied_Kingfisher_0073_72508.png,Pied Kingfisher,
data/cub/silhouette/Pied_Kingfisher_0074_71830.png,Pied Kingfisher,
data/cub/silhouette/Pied_Kingfisher_0075_72581.png,Pied Kingfisher,
data/cub/silhouette/Pied_Kingfisher_0078_71985.png,Pied Kingfisher,
data/cub/silhouette/Pied_Kingfisher_0080_72199.png,Pied Kingfisher,
data/cub/silhouette/Pied_Kingfisher_0083_72430.png,Pied Kingfisher,
data/cub/silhouette/Pied_Kingfisher_0085_71557.png,Pied Kingfisher,
data/cub/silhouette/Pied_Kingfisher_0093_72465.png,Pied Kingfisher,
data/cub/silhouette/Pied_Kingfisher_0095_72008.png,Pied Kingfisher,
data/cub/silhouette/Pied_Kingfisher_0097_71895.png,Pied Kingfisher,
data/cub/silhouette/Pied_Kingfisher_0102_72349.png,Pied Kingfisher,
data/cub/silhouette/Pied_Kingfisher_0106_71404.png,Pied Kingfisher,
data/cub/silhouette/Pied_Kingfisher_0107_71987.png,Pied Kingfisher,
data/cub/silhouette/Pied_Kingfisher_0109_72082.png,Pied Kingfisher,
data/cub/silhouette/Pied_Kingfisher_0116_71900.png,Pied Kingfisher,
data/cub/silhouette/Pied_Kingfisher_0117_71947.png,Pied Kingfisher,
data/cub/silhouette/Pied_Kingfisher_0118_72115.png,Pied Kingfisher,
data/cub/silhouette/Pied_Kingfisher_0121_72378.png,Pied Kingfisher,
data/cub/silhouette/Pied_Kingfisher_0122_71789.png,Pied Kingfisher,
data/cub/silhouette/Pied_Kingfisher_0128_72775.png,Pied Kingfisher,
data/cub/silhouette/Pied_Kingfisher_0132_72706.png,Pied Kingfisher,
data/cub/silhouette/Ringed_Kingfisher_0001_73048.png,Ringed Kingfisher,The answer is Red faced Cormorant
data/cub/silhouette/Ringed_Kingfisher_0003_72994.png,Ringed Kingfisher,
data/cub/silhouette/Ringed_Kingfisher_0004_72966.png,Ringed Kingfisher,
data/cub/silhouette/Ringed_Kingfisher_0005_73086.png,Ringed Kingfisher,
data/cub/silhouette/Ringed_Kingfisher_0008_72943.png,Ringed Kingfisher,
data/cub/silhouette/Ringed_Kingfisher_0009_72786.png,Ringed Kingfisher,
data/cub/silhouette/Ringed_Kingfisher_0011_72982.png,Ringed Kingfisher,
data/cub/silhouette/Ringed_Kingfisher_0012_72974.png,Ringed Kingfisher,The answer is Red faced Cormorant
data/cub/silhouette/Ringed_Kingfisher_0014_72798.png,Ringed Kingfisher,
data/cub/silhouette/Ringed_Kingfisher_0015_72835.png,Ringed Kingfisher,
data/cub/silhouette/Ringed_Kingfisher_0016_73029.png,Ringed Kingfisher,
data/cub/silhouette/Ringed_Kingfisher_0017_73145.png,Ringed Kingfisher,
data/cub/silhouette/Ringed_Kingfisher_0018_72957.png,Ringed Kingfisher,
data/cub/silhouette/Ringed_Kingfisher_0020_72888.png,Ringed Kingfisher,
data/cub/silhouette/Ringed_Kingfisher_0021_72848.png,Ringed Kingfisher,
data/cub/silhouette/Ringed_Kingfisher_0023_72910.png,Ringed Kingfisher,
data/cub/silhouette/Ringed_Kingfisher_0024_73178.png,Ringed Kingfisher,
data/cub/silhouette/Ringed_Kingfisher_0025_72795.png,Ringed Kingfisher,
data/cub/silhouette/Ringed_Kingfisher_0026_72867.png,Ringed Kingfisher,
data/cub/silhouette/Ringed_Kingfisher_0027_72948.png,Ringed Kingfisher,
data/cub/silhouette/Ringed_Kingfisher_0028_73018.png,Ringed Kingfisher,
data/cub/silhouette/Ringed_Kingfisher_0029_73165.png,Ringed Kingfisher,
data/cub/silhouette/Ringed_Kingfisher_0033_73133.png,Ringed Kingfisher,
data/cub/silhouette/Ringed_Kingfisher_0035_73012.png,Ringed Kingfisher,
data/cub/silhouette/Ringed_Kingfisher_0038_73041.png,Ringed Kingfisher,
data/cub/silhouette/Ringed_Kingfisher_0039_71052.png,Ringed Kingfisher,
data/cub/silhouette/Ringed_Kingfisher_0040_72852.png,Ringed Kingfisher,
data/cub/silhouette/Ringed_Kingfisher_0041_72853.png,Ringed Kingfisher,
data/cub/silhouette/Ringed_Kingfisher_0042_72913.png,Ringed Kingfisher,
data/cub/silhouette/Ringed_Kingfisher_0043_72877.png,Ringed Kingfisher,
data/cub/silhouette/Ringed_Kingfisher_0044_72976.png,Ringed Kingfisher,
data/cub/silhouette/Ringed_Kingfisher_0050_73002.png,Ringed Kingfisher,
data/cub/silhouette/Ringed_Kingfisher_0051_72997.png,Ringed Kingfisher,
data/cub/silhouette/Ringed_Kingfisher_0052_72871.png,Ringed Kingfisher,
data/cub/silhouette/Ringed_Kingfisher_0053_72875.png,Ringed Kingfisher,
data/cub/silhouette/Ringed_Kingfisher_0056_72863.png,Ringed Kingfisher,
data/cub/silhouette/Ringed_Kingfisher_0057_72812.png,Ringed Kingfisher,
data/cub/silhouette/Ringed_Kingfisher_0060_73132.png,Ringed Kingfisher,
data/cub/silhouette/Ringed_Kingfisher_0071_72958.png,Ringed Kingfisher,
data/cub/silhouette/Ringed_Kingfisher_0072_72954.png,Ringed Kingfisher,
data/cub/silhouette/Ringed_Kingfisher_0073_73118.png,Ringed Kingfisher,
data/cub/silhouette/Ringed_Kingfisher_0074_73130.png,Ringed Kingfisher,
data/cub/silhouette/Ringed_Kingfisher_0075_73135.png,Ringed Kingfisher,
data/cub/silhouette/Ringed_Kingfisher_0076_73095.png,Ringed Kingfisher,
data/cub/silhouette/Ringed_Kingfisher_0077_72872.png,Ringed Kingfisher,
data/cub/silhouette/Ringed_Kingfisher_0078_72826.png,Ringed Kingfisher,
data/cub/silhouette/Ringed_Kingfisher_0079_72961.png,Ringed Kingfisher,
data/cub/silhouette/Ringed_Kingfisher_0080_72923.png,Ringed Kingfisher,
data/cub/silhouette/Ringed_Kingfisher_0082_72955.png,Ringed Kingfisher,
data/cub/silhouette/Ringed_Kingfisher_0083_73053.png,Ringed Kingfisher,
data/cub/silhouette/Ringed_Kingfisher_0087_72794.png,Ringed Kingfisher,
data/cub/silhouette/Ringed_Kingfisher_0089_72947.png,Ringed Kingfisher,
data/cub/silhouette/Ringed_Kingfisher_0091_72839.png,Ringed Kingfisher,
data/cub/silhouette/Ringed_Kingfisher_0094_72998.png,Ringed Kingfisher,
data/cub/silhouette/Ringed_Kingfisher_0098_73110.png,Ringed Kingfisher,
data/cub/silhouette/Ringed_Kingfisher_0101_72919.png,Ringed Kingfisher,
data/cub/silhouette/Ringed_Kingfisher_0102_72941.png,Ringed Kingfisher,
data/cub/silhouette/Ringed_Kingfisher_0103_72894.png,Ringed Kingfisher,
data/cub/silhouette/Ringed_Kingfisher_0107_72983.png,Ringed Kingfisher,
data/cub/silhouette/Ringed_Kingfisher_0108_73169.png,Ringed Kingfisher,
data/cub/silhouette/White_Breasted_Kingfisher_0002_73491.png,White Breasted Kingfisher,The answer is Red throated Grosbeak
data/cub/silhouette/White_Breasted_Kingfisher_0003_73195.png,White Breasted Kingfisher,
data/cub/silhouette/White_Breasted_Kingfisher_0004_73741.png,White Breasted Kingfisher,
data/cub/silhouette/White_Breasted_Kingfisher_0011_73267.png,White Breasted Kingfisher,
data/cub/silhouette/White_Breasted_Kingfisher_0012_73367.png,White Breasted Kingfisher,
data/cub/silhouette/White_Breasted_Kingfisher_0015_73192.png,White Breasted Kingfisher,
data/cub/silhouette/White_Breasted_Kingfisher_0017_73355.png,White Breasted Kingfisher,
data/cub/silhouette/White_Breasted_Kingfisher_0018_71137.png,White Breasted Kingfisher,
data/cub/silhouette/White_Breasted_Kingfisher_0019_73306.png,White Breasted Kingfisher,
data/cub/silhouette/White_Breasted_Kingfisher_0022_73459.png,White Breasted Kingfisher,
data/cub/silhouette/White_Breasted_Kingfisher_0023_73230.png,White Breasted Kingfisher,
data/cub/silhouette/White_Breasted_Kingfisher_0024_73736.png,White Breasted Kingfisher,
data/cub/silhouette/White_Breasted_Kingfisher_0026_73201.png,White Breasted Kingfisher,
data/cub/silhouette/White_Breasted_Kingfisher_0029_73233.png,White Breasted Kingfisher,
data/cub/silhouette/White_Breasted_Kingfisher_0030_73335.png,White Breasted Kingfisher,
data/cub/silhouette/White_Breasted_Kingfisher_0032_73248.png,White Breasted Kingfisher,
data/cub/silhouette/White_Breasted_Kingfisher_0035_73290.png,White Breasted Kingfisher,
data/cub/silhouette/White_Breasted_Kingfisher_0036_73403.png,White Breasted Kingfisher,The answer is Red faced Cormorant
data/cub/silhouette/White_Breasted_Kingfisher_0037_73220.png,White Breasted Kingfisher,
data/cub/silhouette/White_Breasted_Kingfisher_0040_73266.png,White Breasted Kingfisher,
data/cub/silhouette/White_Breasted_Kingfisher_0045_73600.png,White Breasted Kingfisher,
data/cub/silhouette/White_Breasted_Kingfisher_0047_73251.png,White Breasted Kingfisher,
data/cub/silhouette/White_Breasted_Kingfisher_0048_73292.png,White Breasted Kingfisher,
data/cub/silhouette/White_Breasted_Kingfisher_0049_73420.png,White Breasted Kingfisher,
data/cub/silhouette/White_Breasted_Kingfisher_0050_73682.png,White Breasted Kingfisher,
data/cub/silhouette/White_Breasted_Kingfisher_0052_73446.png,White Breasted Kingfisher,
data/cub/silhouette/White_Breasted_Kingfisher_0053_73476.png,White Breasted Kingfisher,
data/cub/silhouette/White_Breasted_Kingfisher_0054_73587.png,White Breasted Kingfisher,
data/cub/silhouette/White_Breasted_Kingfisher_0056_73353.png,White Breasted Kingfisher,
data/cub/silhouette/White_Breasted_Kingfisher_0062_73425.png,White Breasted Kingfisher,
data/cub/silhouette/White_Breasted_Kingfisher_0063_73365.png,White Breasted Kingfisher,
data/cub/silhouette/White_Breasted_Kingfisher_0065_73372.png,White Breasted Kingfisher,
data/cub/silhouette/White_Breasted_Kingfisher_0067_73300.png,White Breasted Kingfisher,
data/cub/silhouette/White_Breasted_Kingfisher_0071_73236.png,White Breasted Kingfisher,
data/cub/silhouette/White_Breasted_Kingfisher_0073_73498.png,White Breasted Kingfisher,The answer is Red faced Cormorant
data/cub/silhouette/White_Breasted_Kingfisher_0074_73408.png,White Breasted Kingfisher,
data/cub/silhouette/White_Breasted_Kingfisher_0078_73373.png,White Breasted Kingfisher,
data/cub/silhouette/White_Breasted_Kingfisher_0084_73247.png,White Breasted Kingfisher,
data/cub/silhouette/White_Breasted_Kingfisher_0085_73363.png,White Breasted Kingfisher,
data/cub/silhouette/White_Breasted_Kingfisher_0087_73264.png,White Breasted Kingfisher,
data/cub/silhouette/White_Breasted_Kingfisher_0088_73386.png,White Breasted Kingfisher,
data/cub/silhouette/White_Breasted_Kingfisher_0089_73371.png,White Breasted Kingfisher,
data/cub/silhouette/White_Breasted_Kingfisher_0093_73311.png,White Breasted Kingfisher,
data/cub/silhouette/White_Breasted_Kingfisher_0096_73552.png,White Breasted Kingfisher,
data/cub/silhouette/White_Breasted_Kingfisher_0098_73227.png,White Breasted Kingfisher,
data/cub/silhouette/White_Breasted_Kingfisher_0101_73261.png,White Breasted Kingfisher,
data/cub/silhouette/White_Breasted_Kingfisher_0103_73316.png,White Breasted Kingfisher,
data/cub/silhouette/White_Breasted_Kingfisher_0104_73398.png,White Breasted Kingfisher,
data/cub/silhouette/White_Breasted_Kingfisher_0107_73265.png,White Breasted Kingfisher,
data/cub/silhouette/White_Breasted_Kingfisher_0109_73683.png,White Breasted Kingfisher,
data/cub/silhouette/White_Breasted_Kingfisher_0111_73369.png,White Breasted Kingfisher,
data/cub/silhouette/White_Breasted_Kingfisher_0115_73252.png,White Breasted Kingfisher,
data/cub/silhouette/White_Breasted_Kingfisher_0116_73295.png,White Breasted Kingfisher,
data/cub/silhouette/White_Breasted_Kingfisher_0117_73283.png,White Breasted Kingfisher,
data/cub/silhouette/White_Breasted_Kingfisher_0118_73511.png,White Breasted Kingfisher,
data/cub/silhouette/White_Breasted_Kingfisher_0119_73401.png,White Breasted Kingfisher,
data/cub/silhouette/White_Breasted_Kingfisher_0120_73439.png,White Breasted Kingfisher,
data/cub/silhouette/White_Breasted_Kingfisher_0121_73258.png,White Breasted Kingfisher,
data/cub/silhouette/White_Breasted_Kingfisher_0122_73199.png,White Breasted Kingfisher,
data/cub/silhouette/White_Breasted_Kingfisher_0123_73211.png,White Breasted Kingfisher,
data/cub/silhouette/Red_Legged_Kittiwake_0001_795394.png,Red Legged Kittiwake,
data/cub/silhouette/Red_Legged_Kittiwake_0002_73788.png,Red Legged Kittiwake,
data/cub/silhouette/Red_Legged_Kittiwake_0003_795389.png,Red Legged Kittiwake,
data/cub/silhouette/Red_Legged_Kittiwake_0004_73811.png,Red Legged Kittiwake,
data/cub/silhouette/Red_Legged_Kittiwake_0006_795436.png,Red Legged Kittiwake,
data/cub/silhouette/Red_Legged_Kittiwake_0007_795402.png,Red Legged Kittiwake,
data/cub/silhouette/Red_Legged_Kittiwake_0009_795459.png,Red Legged Kittiwake,The answer is Red faced Cormorant
data/cub/silhouette/Red_Legged_Kittiwake_0010_73789.png,Red Legged Kittiwake,
data/cub/silhouette/Red_Legged_Kittiwake_0013_795413.png,Red Legged Kittiwake,
data/cub/silhouette/Red_Legged_Kittiwake_0014_795432.png,Red Legged Kittiwake,
data/cub/silhouette/Red_Legged_Kittiwake_0015_73792.png,Red Legged Kittiwake,
data/cub/silhouette/Red_Legged_Kittiwake_0016_795460.png,Red Legged Kittiwake,
data/cub/silhouette/Red_Legged_Kittiwake_0017_795451.png,Red Legged Kittiwake,
data/cub/silhouette/Red_Legged_Kittiwake_0019_795398.png,Red Legged Kittiwake,The answer is Red faced Cormorant
data/cub/silhouette/Red_Legged_Kittiwake_0020_795439.png,Red Legged Kittiwake,
data/cub/silhouette/Red_Legged_Kittiwake_0021_73808.png,Red Legged Kittiwake,
data/cub/silhouette/Red_Legged_Kittiwake_0022_795418.png,Red Legged Kittiwake,
data/cub/silhouette/Red_Legged_Kittiwake_0024_795441.png,Red Legged Kittiwake,
data/cub/silhouette/Red_Legged_Kittiwake_0027_795454.png,Red Legged Kittiwake,
data/cub/silhouette/Red_Legged_Kittiwake_0028_795450.png,Red Legged Kittiwake,
data/cub/silhouette/Red_Legged_Kittiwake_0029_795403.png,Red Legged Kittiwake,
data/cub/silhouette/Red_Legged_Kittiwake_0030_73818.png,Red Legged Kittiwake,
data/cub/silhouette/Red_Legged_Kittiwake_0031_795442.png,Red Legged Kittiwake,
data/cub/silhouette/Red_Legged_Kittiwake_0032_795399.png,Red Legged Kittiwake,
data/cub/silhouette/Red_Legged_Kittiwake_0033_795395.png,Red Legged Kittiwake,The answer is Red faced Cormorant
data/cub/silhouette/Red_Legged_Kittiwake_0036_73814.png,Red Legged Kittiwake,
data/cub/silhouette/Red_Legged_Kittiwake_0037_73794.png,Red Legged Kittiwake,
data/cub/silhouette/Red_Legged_Kittiwake_0039_795429.png,Red Legged Kittiwake,
data/cub/silhouette/Red_Legged_Kittiwake_0040_795455.png,Red Legged Kittiwake,
data/cub/silhouette/Red_Legged_Kittiwake_0042_795457.png,Red Legged Kittiwake,
data/cub/silhouette/Red_Legged_Kittiwake_0043_795416.png,Red Legged Kittiwake,
data/cub/silhouette/Red_Legged_Kittiwake_0044_795388.png,Red Legged Kittiwake,
data/cub/silhouette/Red_Legged_Kittiwake_0045_795426.png,Red Legged Kittiwake,
data/cub/silhouette/Red_Legged_Kittiwake_0047_795445.png,Red Legged Kittiwake,
data/cub/silhouette/Red_Legged_Kittiwake_0048_73770.png,Red Legged Kittiwake,
data/cub/silhouette/Red_Legged_Kittiwake_0049_795440.png,Red Legged Kittiwake,
data/cub/silhouette/Red_Legged_Kittiwake_0050_795397.png,Red Legged Kittiwake,
data/cub/silhouette/Red_Legged_Kittiwake_0051_795404.png,Red Legged Kittiwake,
data/cub/silhouette/Red_Legged_Kittiwake_0054_795396.png,Red Legged Kittiwake,
data/cub/silhouette/Red_Legged_Kittiwake_0058_795417.png,Red Legged Kittiwake,
data/cub/silhouette/Red_Legged_Kittiwake_0059_795424.png,Red Legged Kittiwake,
data/cub/silhouette/Red_Legged_Kittiwake_0060_795414.png,Red Legged Kittiwake,
data/cub/silhouette/Red_Legged_Kittiwake_0061_795420.png,Red Legged Kittiwake,
data/cub/silhouette/Red_Legged_Kittiwake_0062_795434.png,Red Legged Kittiwake,
data/cub/silhouette/Red_Legged_Kittiwake_0063_795453.png,Red Legged Kittiwake,
data/cub/silhouette/Red_Legged_Kittiwake_0064_795422.png,Red Legged Kittiwake,
data/cub/silhouette/Red_Legged_Kittiwake_0065_795456.png,Red Legged Kittiwake,
data/cub/silhouette/Red_Legged_Kittiwake_0066_795419.png,Red Legged Kittiwake,The answer is Red faced Cormorant
data/cub/silhouette/Red_Legged_Kittiwake_0067_795401.png,Red Legged Kittiwake,
data/cub/silhouette/Red_Legged_Kittiwake_0068_795430.png,Red Legged Kittiwake,
data/cub/silhouette/Red_Legged_Kittiwake_0069_795435.png,Red Legged Kittiwake,
data/cub/silhouette/Red_Legged_Kittiwake_0071_73800.png,Red Legged Kittiwake,
data/cub/silhouette/Red_Legged_Kittiwake_0072_795438.png,Red Legged Kittiwake,
data/cub/silhouette/Horned_Lark_0001_73835.png,Horned Lark,
data/cub/silhouette/Horned_Lark_0004_73861.png,Horned Lark,
data/cub/silhouette/Horned_Lark_0006_73836.png,Horned Lark,
data/cub/silhouette/Horned_Lark_0009_74646.png,Horned Lark,
data/cub/silhouette/Horned_Lark_0010_75291.png,Horned Lark,
data/cub/silhouette/Horned_Lark_0012_74511.png,Horned Lark,
data/cub/silhouette/Horned_Lark_0013_74374.png,Horned Lark,
data/cub/silhouette/Horned_Lark_0014_74963.png,Horned Lark,
data/cub/silhouette/Horned_Lark_0015_74855.png,Horned Lark,The answer is Red faced Cormorant
data/cub/silhouette/Horned_Lark_0019_73996.png,Horned Lark,
data/cub/silhouette/Horned_Lark_0020_73914.png,Horned Lark,
data/cub/silhouette/Horned_Lark_0025_75003.png,Horned Lark,
data/cub/silhouette/Horned_Lark_0026_74910.png,Horned Lark,
data/cub/silhouette/Horned_Lark_0028_74408.png,Horned Lark,
data/cub/silhouette/Horned_Lark_0033_74344.png,Horned Lark,
data/cub/silhouette/Horned_Lark_0034_73940.png,Horned Lark,
data/cub/silhouette/Horned_Lark_0035_74555.png,Horned Lark,
data/cub/silhouette/Horned_Lark_0037_74696.png,Horned Lark,
data/cub/silhouette/Horned_Lark_0040_74214.png,Horned Lark,
data/cub/silhouette/Horned_Lark_0043_74450.png,Horned Lark,The answer is Red faced Cormorant
data/cub/silhouette/Horned_Lark_0046_73950.png,Horned Lark,
data/cub/silhouette/Horned_Lark_0048_73894.png,Horned Lark,
data/cub/silhouette/Horned_Lark_0049_74574.png,Horned Lark,
data/cub/silhouette/Horned_Lark_0056_74896.png,Horned Lark,
data/cub/silhouette/Horned_Lark_0059_74144.png,Horned Lark,
data/cub/silhouette/Horned_Lark_0064_74864.png,Horned Lark,
data/cub/silhouette/Horned_Lark_0065_74279.png,Horned Lark,
data/cub/silhouette/Horned_Lark_0066_74796.png,Horned Lark,
data/cub/silhouette/Horned_Lark_0067_75266.png,Horned Lark,
data/cub/silhouette/Horned_Lark_0069_74093.png,Horned Lark,
data/cub/silhouette/Horned_Lark_0072_74067.png,Horned Lark,The answer is Red faced Cormorant
data/cub/silhouette/Horned_Lark_0075_74126.png,Horned Lark,
data/cub/silhouette/Horned_Lark_0076_73931.png,Horned Lark,
data/cub/silhouette/Horned_Lark_0079_73958.png,Horned Lark,
data/cub/silhouette/Horned_Lark_0082_73833.png,Horned Lark,
data/cub/silhouette/Horned_Lark_0083_74444.png,Horned Lark,
data/cub/silhouette/Horned_Lark_0087_73989.png,Horned Lark,
data/cub/silhouette/Horned_Lark_0088_74590.png,Horned Lark,
data/cub/silhouette/Horned_Lark_0089_74386.png,Horned Lark,
data/cub/silhouette/Horned_Lark_0091_74087.png,Horned Lark,
data/cub/silhouette/Horned_Lark_0094_74407.png,Horned Lark,
data/cub/silhouette/Horned_Lark_0095_74640.png,Horned Lark,
data/cub/silhouette/Horned_Lark_0096_74075.png,Horned Lark,
data/cub/silhouette/Horned_Lark_0097_74496.png,Horned Lark,
data/cub/silhouette/Horned_Lark_0104_74142.png,Horned Lark,
data/cub/silhouette/Horned_Lark_0108_74193.png,Horned Lark,
data/cub/silhouette/Horned_Lark_0110_73826.png,Horned Lark,
data/cub/silhouette/Horned_Lark_0112_73971.png,Horned Lark,
data/cub/silhouette/Horned_Lark_0113_74613.png,Horned Lark,
data/cub/silhouette/Horned_Lark_0115_74271.png,Horned Lark,
data/cub/silhouette/Horned_Lark_0116_73840.png,Horned Lark,
data/cub/silhouette/Horned_Lark_0125_73910.png,Horned Lark,
data/cub/silhouette/Horned_Lark_0126_74354.png,Horned Lark,
data/cub/silhouette/Horned_Lark_0127_74414.png,Horned Lark,
data/cub/silhouette/Horned_Lark_0130_74001.png,Horned Lark,
data/cub/silhouette/Horned_Lark_0133_73882.png,Horned Lark,
data/cub/silhouette/Horned_Lark_0134_74689.png,Horned Lark,
data/cub/silhouette/Horned_Lark_0138_74083.png,Horned Lark,
data/cub/silhouette/Horned_Lark_0139_74492.png,Horned Lark,
data/cub/silhouette/Horned_Lark_0141_74396.png,Horned Lark,
data/cub/silhouette/Pacific_Loon_0001_75521.png,Pacific Loon,
data/cub/silhouette/Pacific_Loon_0002_75775.png,Pacific Loon,
data/cub/silhouette/Pacific_Loon_0003_75442.png,Pacific Loon,
data/cub/silhouette/Pacific_Loon_0004_75815.png,Pacific Loon,
data/cub/silhouette/Pacific_Loon_0005_75829.png,Pacific Loon,
data/cub/silhouette/Pacific_Loon_0006_75386.png,Pacific Loon,
data/cub/silhouette/Pacific_Loon_0008_75428.png,Pacific Loon,
data/cub/silhouette/Pacific_Loon_0009_75642.png,Pacific Loon,
data/cub/silhouette/Pacific_Loon_0010_75818.png,Pacific Loon,
data/cub/silhouette/Pacific_Loon_0011_75726.png,Pacific Loon,
data/cub/silhouette/Pacific_Loon_0012_75736.png,Pacific Loon,
data/cub/silhouette/Pacific_Loon_0013_75530.png,Pacific Loon,The answer is Red faced Cormorant
data/cub/silhouette/Pacific_Loon_0014_75468.png,Pacific Loon,
data/cub/silhouette/Pacific_Loon_0015_75443.png,Pacific Loon,
data/cub/silhouette/Pacific_Loon_0017_75835.png,Pacific Loon,
data/cub/silhouette/Pacific_Loon_0018_75564.png,Pacific Loon,
data/cub/silhouette/Pacific_Loon_0019_75422.png,Pacific Loon,
data/cub/silhouette/Pacific_Loon_0020_75596.png,Pacific Loon,
data/cub/silhouette/Pacific_Loon_0021_75859.png,Pacific Loon,
data/cub/silhouette/Pacific_Loon_0022_75405.png,Pacific Loon,
data/cub/silhouette/Pacific_Loon_0023_75476.png,Pacific Loon,
data/cub/silhouette/Pacific_Loon_0024_75555.png,Pacific Loon,
data/cub/silhouette/Pacific_Loon_0025_75436.png,Pacific Loon,
data/cub/silhouette/Pacific_Loon_0026_75593.png,Pacific Loon,
data/cub/silhouette/Pacific_Loon_0027_75542.png,Pacific Loon,
data/cub/silhouette/Pacific_Loon_0029_75495.png,Pacific Loon,
data/cub/silhouette/Pacific_Loon_0031_75531.png,Pacific Loon,
data/cub/silhouette/Pacific_Loon_0032_75441.png,Pacific Loon,
data/cub/silhouette/Pacific_Loon_0033_75571.png,Pacific Loon,
data/cub/silhouette/Pacific_Loon_0034_75438.png,Pacific Loon,
data/cub/silhouette/Pacific_Loon_0035_75395.png,Pacific Loon,
data/cub/silhouette/Pacific_Loon_0036_75539.png,Pacific Loon,
data/cub/silhouette/Pacific_Loon_0037_75800.png,Pacific Loon,
data/cub/silhouette/Pacific_Loon_0038_75526.png,Pacific Loon,
data/cub/silhouette/Pacific_Loon_0039_75517.png,Pacific Loon,
data/cub/silhouette/Pacific_Loon_0040_75414.png,Pacific Loon,
data/cub/silhouette/Pacific_Loon_0041_75782.png,Pacific Loon,
data/cub/silhouette/Pacific_Loon_0042_75385.png,Pacific Loon,
data/cub/silhouette/Pacific_Loon_0043_75747.png,Pacific Loon,
data/cub/silhouette/Pacific_Loon_0044_75467.png,Pacific Loon,The answer is Red faced Cormorant
data/cub/silhouette/Pacific_Loon_0045_75589.png,Pacific Loon,
data/cub/silhouette/Pacific_Loon_0046_75439.png,Pacific Loon,
data/cub/silhouette/Pacific_Loon_0047_75393.png,Pacific Loon,
data/cub/silhouette/Pacific_Loon_0048_75524.png,Pacific Loon,
data/cub/silhouette/Pacific_Loon_0049_75780.png,Pacific Loon,
data/cub/silhouette/Pacific_Loon_0050_75388.png,Pacific Loon,
data/cub/silhouette/Pacific_Loon_0051_75514.png,Pacific Loon,
data/cub/silhouette/Pacific_Loon_0052_75451.png,Pacific Loon,
data/cub/silhouette/Pacific_Loon_0053_77673.png,Pacific Loon,
data/cub/silhouette/Pacific_Loon_0054_75543.png,Pacific Loon,
data/cub/silhouette/Pacific_Loon_0057_75854.png,Pacific Loon,
data/cub/silhouette/Pacific_Loon_0059_75706.png,Pacific Loon,
data/cub/silhouette/Pacific_Loon_0062_75587.png,Pacific Loon,
data/cub/silhouette/Pacific_Loon_0063_75865.png,Pacific Loon,
data/cub/silhouette/Pacific_Loon_0064_75532.png,Pacific Loon,
data/cub/silhouette/Pacific_Loon_0065_75588.png,Pacific Loon,
data/cub/silhouette/Pacific_Loon_0066_75547.png,Pacific Loon,
data/cub/silhouette/Pacific_Loon_0067_75423.png,Pacific Loon,
data/cub/silhouette/Pacific_Loon_0068_75836.png,Pacific Loon,
data/cub/silhouette/Pacific_Loon_0069_75446.png,Pacific Loon,
data/cub/silhouette/Mallard_0004_76958.png,Mallard,
data/cub/silhouette/Mallard_0005_76026.png,Mallard,
data/cub/silhouette/Mallard_0006_77171.png,Mallard,
data/cub/silhouette/Mallard_0013_77619.png,Mallard,
data/cub/silhouette/Mallard_0014_76166.png,Mallard,
data/cub/silhouette/Mallard_0016_76315.png,Mallard,
data/cub/silhouette/Mallard_0018_76511.png,Mallard,
data/cub/silhouette/Mallard_0020_76239.png,Mallard,
data/cub/silhouette/Mallard_0022_77166.png,Mallard,
data/cub/silhouette/Mallard_0024_75932.png,Mallard,
data/cub/silhouette/Mallard_0025_76465.png,Mallard,
data/cub/silhouette/Mallard_0026_76725.png,Mallard,
data/cub/silhouette/Mallard_0028_76010.png,Mallard,
data/cub/silhouette/Mallard_0030_77143.png,Mallard,
data/cub/silhouette/Mallard_0033_76565.png,Mallard,
data/cub/silhouette/Mallard_0035_77095.png,Mallard,
data/cub/silhouette/Mallard_0038_76902.png,Mallard,
data/cub/silhouette/Mallard_0043_77038.png,Mallard,
data/cub/silhouette/Mallard_0044_76317.png,Mallard,
data/cub/silhouette/Mallard_0045_77129.png,Mallard,
data/cub/silhouette/Mallard_0046_76165.png,Mallard,
data/cub/silhouette/Mallard_0048_76995.png,Mallard,
data/cub/silhouette/Mallard_0050_76519.png,Mallard,
data/cub/silhouette/Mallard_0052_76946.png,Mallard,
data/cub/silhouette/Mallard_0053_75985.png,Mallard,
data/cub/silhouette/Mallard_0055_77102.png,Mallard,
data/cub/silhouette/Mallard_0061_76378.png,Mallard,
data/cub/silhouette/Mallard_0064_76654.png,Mallard,
data/cub/silhouette/Mallard_0067_77623.png,Mallard,
data/cub/silhouette/Mallard_0069_76926.png,Mallard,
data/cub/silhouette/Mallard_0070_77588.png,Mallard,
data/cub/silhouette/Mallard_0071_76940.png,Mallard,
data/cub/silhouette/Mallard_0077_75911.png,Mallard,
data/cub/silhouette/Mallard_0078_76238.png,Mallard,
data/cub/silhouette/Mallard_0081_76266.png,Mallard,
data/cub/silhouette/Mallard_0082_75954.png,Mallard,
data/cub/silhouette/Mallard_0083_77052.png,Mallard,
data/cub/silhouette/Mallard_0086_76567.png,Mallard,
data/cub/silhouette/Mallard_0087_77499.png,Mallard,
data/cub/silhouette/Mallard_0089_77068.png,Mallard,
data/cub/silhouette/Mallard_0093_77419.png,Mallard,
data/cub/silhouette/Mallard_0095_76080.png,Mallard,
data/cub/silhouette/Mallard_0098_77490.png,Mallard,
data/cub/silhouette/Mallard_0103_77105.png,Mallard,
data/cub/silhouette/Mallard_0106_77568.png,Mallard,
data/cub/silhouette/Mallard_0107_76498.png,Mallard,
data/cub/silhouette/Mallard_0109_76616.png,Mallard,
data/cub/silhouette/Mallard_0111_76722.png,Mallard,
data/cub/silhouette/Mallard_0112_77046.png,Mallard,
data/cub/silhouette/Mallard_0114_76924.png,Mallard,
data/cub/silhouette/Mallard_0115_76840.png,Mallard,
data/cub/silhouette/Mallard_0119_76925.png,Mallard,
data/cub/silhouette/Mallard_0121_77434.png,Mallard,
data/cub/silhouette/Mallard_0123_76653.png,Mallard,
data/cub/silhouette/Mallard_0128_77396.png,Mallard,
data/cub/silhouette/Mallard_0130_76836.png,Mallard,The answer is Red faced Cormorant
data/cub/silhouette/Mallard_0131_76296.png,Mallard,
data/cub/silhouette/Mallard_0136_76593.png,Mallard,
data/cub/silhouette/Mallard_0138_76735.png,Mallard,
data/cub/silhouette/Mallard_0141_76977.png,Mallard,
data/cub/silhouette/Western_Meadowlark_0001_78676.png,Western Meadowlark,
data/cub/silhouette/Western_Meadowlark_0003_78864.png,Western Meadowlark,
data/cub/silhouette/Western_Meadowlark_0013_77712.png,Western Meadowlark,
data/cub/silhouette/Western_Meadowlark_0014_78421.png,Western Meadowlark,
data/cub/silhouette/Western_Meadowlark_0015_78610.png,Western Meadowlark,
data/cub/silhouette/Western_Meadowlark_0017_78940.png,Western Meadowlark,
data/cub/silhouette/Western_Meadowlark_0018_77880.png,Western Meadowlark,The answer is Red throated Vireo
data/cub/silhouette/Western_Meadowlark_0019_77876.png,Western Meadowlark,
data/cub/silhouette/Western_Meadowlark_0021_78841.png,Western Meadowlark,
data/cub/silhouette/Western_Meadowlark_0022_78410.png,Western Meadowlark,
data/cub/silhouette/Western_Meadowlark_0024_78432.png,Western Meadowlark,
data/cub/silhouette/Western_Meadowlark_0026_78438.png,Western Meadowlark,The answer is Red faced Cormorant
data/cub/silhouette/Western_Meadowlark_0028_78487.png,Western Meadowlark,
data/cub/silhouette/Western_Meadowlark_0029_78832.png,Western Meadowlark,
data/cub/silhouette/Western_Meadowlark_0032_78633.png,Western Meadowlark,
data/cub/silhouette/Western_Meadowlark_0033_78312.png,Western Meadowlark,
data/cub/silhouette/Western_Meadowlark_0034_78869.png,Western Meadowlark,
data/cub/silhouette/Western_Meadowlark_0037_77759.png,Western Meadowlark,
data/cub/silhouette/Western_Meadowlark_0038_77785.png,Western Meadowlark,
data/cub/silhouette/Western_Meadowlark_0040_77823.png,Western Meadowlark,
data/cub/silhouette/Western_Meadowlark_0042_78180.png,Western Meadowlark,
data/cub/silhouette/Western_Meadowlark_0044_77758.png,Western Meadowlark,
data/cub/silhouette/Western_Meadowlark_0048_78354.png,Western Meadowlark,
data/cub/silhouette/Western_Meadowlark_0050_77864.png,Western Meadowlark,
data/cub/silhouette/Western_Meadowlark_0052_77781.png,Western Meadowlark,
data/cub/silhouette/Western_Meadowlark_0053_77774.png,Western Meadowlark,
data/cub/silhouette/Western_Meadowlark_0058_78247.png,Western Meadowlark,
data/cub/silhouette/Western_Meadowlark_0060_78368.png,Western Meadowlark,
data/cub/silhouette/Western_Meadowlark_0063_77946.png,Western Meadowlark,
data/cub/silhouette/Western_Meadowlark_0064_78027.png,Western Meadowlark,
data/cub/silhouette/Western_Meadowlark_0067_78529.png,Western Meadowlark,
data/cub/silhouette/Western_Meadowlark_0069_78587.png,Western Meadowlark,
data/cub/silhouette/Western_Meadowlark_0076_77811.png,Western Meadowlark,
data/cub/silhouette/Western_Meadowlark_0077_77814.png,Western Meadowlark,
data/cub/silhouette/Western_Meadowlark_0079_78856.png,Western Meadowlark,
data/cub/silhouette/Western_Meadowlark_0081_77798.png,Western Meadowlark,
data/cub/silhouette/Western_Meadowlark_0083_78197.png,Western Meadowlark,The answer is Red faced Cormorant
data/cub/silhouette/Western_Meadowlark_0085_77745.png,Western Meadowlark,
data/cub/silhouette/Western_Meadowlark_0086_78636.png,Western Meadowlark,
data/cub/silhouette/Western_Meadowlark_0091_78576.png,Western Meadowlark,
data/cub/silhouette/Western_Meadowlark_0095_78568.png,Western Meadowlark,
data/cub/silhouette/Western_Meadowlark_0096_77901.png,Western Meadowlark,
data/cub/silhouette/Western_Meadowlark_0097_78239.png,Western Meadowlark,
data/cub/silhouette/Western_Meadowlark_0098_78382.png,Western Meadowlark,
data/cub/silhouette/Western_Meadowlark_0099_78176.png,Western Meadowlark,
data/cub/silhouette/Western_Meadowlark_0100_78037.png,Western Meadowlark,
data/cub/silhouette/Western_Meadowlark_0101_78899.png,Western Meadowlark,
data/cub/silhouette/Western_Meadowlark_0103_78500.png,Western Meadowlark,
data/cub/silhouette/Western_Meadowlark_0104_78105.png,Western Meadowlark,
data/cub/silhouette/Western_Meadowlark_0107_78608.png,Western Meadowlark,
data/cub/silhouette/Western_Meadowlark_0108_78155.png,Western Meadowlark,
data/cub/silhouette/Western_Meadowlark_0109_77990.png,Western Meadowlark,
data/cub/silhouette/Western_Meadowlark_0111_78674.png,Western Meadowlark,
data/cub/silhouette/Western_Meadowlark_0112_78760.png,Western Meadowlark,
data/cub/silhouette/Western_Meadowlark_0115_77882.png,Western Meadowlark,
data/cub/silhouette/Western_Meadowlark_0116_77862.png,Western Meadowlark,
data/cub/silhouette/Western_Meadowlark_0118_78820.png,Western Meadowlark,
data/cub/silhouette/Western_Meadowlark_0120_77834.png,Western Meadowlark,
data/cub/silhouette/Western_Meadowlark_0121_78402.png,Western Meadowlark,
data/cub/silhouette/Western_Meadowlark_0125_77850.png,Western Meadowlark,
data/cub/silhouette/Hooded_Merganser_0002_796781.png,Hooded Merganser,
data/cub/silhouette/Hooded_Merganser_0006_796778.png,Hooded Merganser,
data/cub/silhouette/Hooded_Merganser_0007_79157.png,Hooded Merganser,
data/cub/silhouette/Hooded_Merganser_0009_79012.png,Hooded Merganser,
data/cub/silhouette/Hooded_Merganser_0010_796785.png,Hooded Merganser,
data/cub/silhouette/Hooded_Merganser_0011_796750.png,Hooded Merganser,
data/cub/silhouette/Hooded_Merganser_0012_796748.png,Hooded Merganser,
data/cub/silhouette/Hooded_Merganser_0013_796754.png,Hooded Merganser,
data/cub/silhouette/Hooded_Merganser_0014_796739.png,Hooded Merganser,The answer is Red throated Grosbeak
data/cub/silhouette/Hooded_Merganser_0015_79132.png,Hooded Merganser,
data/cub/silhouette/Hooded_Merganser_0016_79079.png,Hooded Merganser,
data/cub/silhouette/Hooded_Merganser_0018_78979.png,Hooded Merganser,
data/cub/silhouette/Hooded_Merganser_0020_79046.png,Hooded Merganser,
data/cub/silhouette/Hooded_Merganser_0021_796732.png,Hooded Merganser,
data/cub/silhouette/Hooded_Merganser_0022_79153.png,Hooded Merganser,
data/cub/silhouette/Hooded_Merganser_0023_796784.png,Hooded Merganser,
data/cub/silhouette/Hooded_Merganser_0024_796779.png,Hooded Merganser,
data/cub/silhouette/Hooded_Merganser_0025_78996.png,Hooded Merganser,
data/cub/silhouette/Hooded_Merganser_0026_796782.png,Hooded Merganser,
data/cub/silhouette/Hooded_Merganser_0028_79061.png,Hooded Merganser,
data/cub/silhouette/Hooded_Merganser_0032_79032.png,Hooded Merganser,
data/cub/silhouette/Hooded_Merganser_0034_796762.png,Hooded Merganser,
data/cub/silhouette/Hooded_Merganser_0036_796771.png,Hooded Merganser,
data/cub/silhouette/Hooded_Merganser_0037_796731.png,Hooded Merganser,
data/cub/silhouette/Hooded_Merganser_0040_78984.png,Hooded Merganser,
data/cub/silhouette/Hooded_Merganser_0043_796783.png,Hooded Merganser,
data/cub/silhouette/Hooded_Merganser_0046_796764.png,Hooded Merganser,
data/cub/silhouette/Hooded_Merganser_0047_78962.png,Hooded Merganser,
data/cub/silhouette/Hooded_Merganser_0048_796749.png,Hooded Merganser,
data/cub/silhouette/Hooded_Merganser_0049_79136.png,Hooded Merganser,
data/cub/silhouette/Hooded_Merganser_0053_796728.png,Hooded Merganser,
data/cub/silhouette/Hooded_Merganser_0056_79112.png,Hooded Merganser,
data/cub/silhouette/Hooded_Merganser_0057_796742.png,Hooded Merganser,
data/cub/silhouette/Hooded_Merganser_0058_796770.png,Hooded Merganser,
data/cub/silhouette/Hooded_Merganser_0059_79016.png,Hooded Merganser,
data/cub/silhouette/Hooded_Merganser_0061_796723.png,Hooded Merganser,
data/cub/silhouette/Hooded_Merganser_0062_78998.png,Hooded Merganser,
data/cub/silhouette/Hooded_Merganser_0063_79064.png,Hooded Merganser,
data/cub/silhouette/Hooded_Merganser_0064_79040.png,Hooded Merganser,
data/cub/silhouette/Hooded_Merganser_0066_796755.png,Hooded Merganser,The answer is Red faced Cormorant
data/cub/silhouette/Hooded_Merganser_0068_79057.png,Hooded Merganser,
data/cub/silhouette/Hooded_Merganser_0070_79054.png,Hooded Merganser,
data/cub/silhouette/Hooded_Merganser_0071_796760.png,Hooded Merganser,
data/cub/silhouette/Hooded_Merganser_0072_78973.png,Hooded Merganser,
data/cub/silhouette/Hooded_Merganser_0073_796726.png,Hooded Merganser,
data/cub/silhouette/Hooded_Merganser_0074_796757.png,Hooded Merganser,
data/cub/silhouette/Hooded_Merganser_0075_78977.png,Hooded Merganser,
data/cub/silhouette/Hooded_Merganser_0076_796756.png,Hooded Merganser,
data/cub/silhouette/Hooded_Merganser_0078_78959.png,Hooded Merganser,The answer is Red faced Cormorant
data/cub/silhouette/Hooded_Merganser_0079_796768.png,Hooded Merganser,
data/cub/silhouette/Hooded_Merganser_0083_796773.png,Hooded Merganser,
data/cub/silhouette/Hooded_Merganser_0084_78954.png,Hooded Merganser,
data/cub/silhouette/Hooded_Merganser_0085_79146.png,Hooded Merganser,
data/cub/silhouette/Hooded_Merganser_0086_796780.png,Hooded Merganser,
data/cub/silhouette/Hooded_Merganser_0087_78972.png,Hooded Merganser,
data/cub/silhouette/Hooded_Merganser_0089_796740.png,Hooded Merganser,
data/cub/silhouette/Hooded_Merganser_0090_796774.png,Hooded Merganser,
data/cub/silhouette/Hooded_Merganser_0092_78989.png,Hooded Merganser,
data/cub/silhouette/Hooded_Merganser_0093_79075.png,Hooded Merganser,
data/cub/silhouette/Hooded_Merganser_0094_796786.png,Hooded Merganser,The answer is Red faced Cormorant
data/cub/silhouette/Red_Breasted_Merganser_0001_79199.png,Red Breasted Merganser,
data/cub/silhouette/Red_Breasted_Merganser_0002_79447.png,Red Breasted Merganser,
data/cub/silhouette/Red_Breasted_Merganser_0003_79303.png,Red Breasted Merganser,
data/cub/silhouette/Red_Breasted_Merganser_0004_79232.png,Red Breasted Merganser,
data/cub/silhouette/Red_Breasted_Merganser_0006_79216.png,Red Breasted Merganser,
data/cub/silhouette/Red_Breasted_Merganser_0008_79458.png,Red Breasted Merganser,
data/cub/silhouette/Red_Breasted_Merganser_0009_79576.png,Red Breasted Merganser,
data/cub/silhouette/Red_Breasted_Merganser_0010_79567.png,Red Breasted Merganser,
data/cub/silhouette/Red_Breasted_Merganser_0012_79425.png,Red Breasted Merganser,
data/cub/silhouette/Red_Breasted_Merganser_0013_79301.png,Red Breasted Merganser,
data/cub/silhouette/Red_Breasted_Merganser_0014_79205.png,Red Breasted Merganser,
data/cub/silhouette/Red_Breasted_Merganser_0016_79476.png,Red Breasted Merganser,
data/cub/silhouette/Red_Breasted_Merganser_0017_79224.png,Red Breasted Merganser,
data/cub/silhouette/Red_Breasted_Merganser_0021_79168.png,Red Breasted Merganser,
data/cub/silhouette/Red_Breasted_Merganser_0022_79274.png,Red Breasted Merganser,
data/cub/silhouette/Red_Breasted_Merganser_0023_79477.png,Red Breasted Merganser,The answer is Red faced Cormorant
data/cub/silhouette/Red_Breasted_Merganser_0024_79483.png,Red Breasted Merganser,
data/cub/silhouette/Red_Breasted_Merganser_0027_79284.png,Red Breasted Merganser,
data/cub/silhouette/Red_Breasted_Merganser_0030_79411.png,Red Breasted Merganser,
data/cub/silhouette/Red_Breasted_Merganser_0031_79372.png,Red Breasted Merganser,
data/cub/silhouette/Red_Breasted_Merganser_0032_79280.png,Red Breasted Merganser,
data/cub/silhouette/Red_Breasted_Merganser_0033_79353.png,Red Breasted Merganser,
data/cub/silhouette/Red_Breasted_Merganser_0034_79292.png,Red Breasted Merganser,
data/cub/silhouette/Red_Breasted_Merganser_0035_79200.png,Red Breasted Merganser,
data/cub/silhouette/Red_Breasted_Merganser_0040_79207.png,Red Breasted Merganser,
data/cub/silhouette/Red_Breasted_Merganser_0041_79574.png,Red Breasted Merganser,
data/cub/silhouette/Red_Breasted_Merganser_0042_79202.png,Red Breasted Merganser,
data/cub/silhouette/Red_Breasted_Merganser_0043_79295.png,Red Breasted Merganser,
data/cub/silhouette/Red_Breasted_Merganser_0044_79321.png,Red Breasted Merganser,
data/cub/silhouette/Red_Breasted_Merganser_0045_79358.png,Red Breasted Merganser,
data/cub/silhouette/Red_Breasted_Merganser_0046_79330.png,Red Breasted Merganser,
data/cub/silhouette/Red_Breasted_Merganser_0047_79486.png,Red Breasted Merganser,
data/cub/silhouette/Red_Breasted_Merganser_0048_79323.png,Red Breasted Merganser,
data/cub/silhouette/Red_Breasted_Merganser_0049_79432.png,Red Breasted Merganser,
data/cub/silhouette/Red_Breasted_Merganser_0051_79474.png,Red Breasted Merganser,
data/cub/silhouette/Red_Breasted_Merganser_0052_79178.png,Red Breasted Merganser,
data/cub/silhouette/Red_Breasted_Merganser_0054_79542.png,Red Breasted Merganser,
data/cub/silhouette/Red_Breasted_Merganser_0055_79397.png,Red Breasted Merganser,
data/cub/silhouette/Red_Breasted_Merganser_0056_79348.png,Red Breasted Merganser,
data/cub/silhouette/Red_Breasted_Merganser_0061_79453.png,Red Breasted Merganser,
data/cub/silhouette/Red_Breasted_Merganser_0062_79548.png,Red Breasted Merganser,
data/cub/silhouette/Red_Breasted_Merganser_0063_79238.png,Red Breasted Merganser,
data/cub/silhouette/Red_Breasted_Merganser_0064_79563.png,Red Breasted Merganser,
data/cub/silhouette/Red_Breasted_Merganser_0066_79275.png,Red Breasted Merganser,
data/cub/silhouette/Red_Breasted_Merganser_0067_79167.png,Red Breasted Merganser,
data/cub/silhouette/Red_Breasted_Merganser_0068_79203.png,Red Breasted Merganser,
data/cub/silhouette/Red_Breasted_Merganser_0069_79204.png,Red Breasted Merganser,
data/cub/silhouette/Red_Breasted_Merganser_0070_79570.png,Red Breasted Merganser,
data/cub/silhouette/Red_Breasted_Merganser_0071_79379.png,Red Breasted Merganser,
data/cub/silhouette/Red_Breasted_Merganser_0074_79497.png,Red Breasted Merganser,
data/cub/silhouette/Red_Breasted_Merganser_0075_79169.png,Red Breasted Merganser,
data/cub/silhouette/Red_Breasted_Merganser_0076_79312.png,Red Breasted Merganser,
data/cub/silhouette/Red_Breasted_Merganser_0077_79180.png,Red Breasted Merganser,
data/cub/silhouette/Red_Breasted_Merganser_0078_79393.png,Red Breasted Merganser,
data/cub/silhouette/Red_Breasted_Merganser_0079_79519.png,Red Breasted Merganser,
data/cub/silhouette/Red_Breasted_Merganser_0080_79488.png,Red Breasted Merganser,
data/cub/silhouette/Red_Breasted_Merganser_0081_79396.png,Red Breasted Merganser,
data/cub/silhouette/Red_Breasted_Merganser_0082_79214.png,Red Breasted Merganser,
data/cub/silhouette/Red_Breasted_Merganser_0083_79562.png,Red Breasted Merganser,
data/cub/silhouette/Red_Breasted_Merganser_0085_79285.png,Red Breasted Merganser,
data/cub/silhouette/Mockingbird_0001_79812.png,Mockingbird,
data/cub/silhouette/Mockingbird_0003_80833.png,Mockingbird,
data/cub/silhouette/Mockingbird_0004_81991.png,Mockingbird,
data/cub/silhouette/Mockingbird_0006_79819.png,Mockingbird,
data/cub/silhouette/Mockingbird_0008_81226.png,Mockingbird,The answer is Red faced Cormorant
data/cub/silhouette/Mockingbird_0009_81130.png,Mockingbird,
data/cub/silhouette/Mockingbird_0010_79955.png,Mockingbird,
data/cub/silhouette/Mockingbird_0012_81216.png,Mockingbird,
data/cub/silhouette/Mockingbird_0013_82010.png,Mockingbird,
data/cub/silhouette/Mockingbird_0015_80652.png,Mockingbird,
data/cub/silhouette/Mockingbird_0016_79605.png,Mockingbird,
data/cub/silhouette/Mockingbird_0018_81183.png,Mockingbird,
data/cub/silhouette/Mockingbird_0019_81296.png,Mockingbird,
data/cub/silhouette/Mockingbird_0021_80343.png,Mockingbird,
data/cub/silhouette/Mockingbird_0022_80552.png,Mockingbird,
data/cub/silhouette/Mockingbird_0023_80121.png,Mockingbird,
data/cub/silhouette/Mockingbird_0024_79623.png,Mockingbird,
data/cub/silhouette/Mockingbird_0025_79935.png,Mockingbird,
data/cub/silhouette/Mockingbird_0026_81214.png,Mockingbird,
data/cub/silhouette/Mockingbird_0027_80980.png,Mockingbird,
data/cub/silhouette/Mockingbird_0030_79876.png,Mockingbird,
data/cub/silhouette/Mockingbird_0035_79635.png,Mockingbird,
data/cub/silhouette/Mockingbird_0038_81299.png,Mockingbird,
data/cub/silhouette/Mockingbird_0040_79680.png,Mockingbird,
data/cub/silhouette/Mockingbird_0042_81728.png,Mockingbird,
data/cub/silhouette/Mockingbird_0046_81086.png,Mockingbird,
data/cub/silhouette/Mockingbird_0047_80819.png,Mockingbird,
data/cub/silhouette/Mockingbird_0048_80441.png,Mockingbird,
data/cub/silhouette/Mockingbird_0049_80336.png,Mockingbird,
data/cub/silhouette/Mockingbird_0050_80184.png,Mockingbird,
data/cub/silhouette/Mockingbird_0051_79599.png,Mockingbird,
data/cub/silhouette/Mockingbird_0054_81703.png,Mockingbird,
data/cub/silhouette/Mockingbird_0056_81986.png,Mockingbird,
data/cub/silhouette/Mockingbird_0057_79643.png,Mockingbird,
data/cub/silhouette/Mockingbird_0059_82126.png,Mockingbird,
data/cub/silhouette/Mockingbird_0060_79972.png,Mockingbird,
data/cub/silhouette/Mockingbird_0064_81068.png,Mockingbird,
data/cub/silhouette/Mockingbird_0067_79723.png,Mockingbird,
data/cub/silhouette/Mockingbird_0069_79760.png,Mockingbird,
data/cub/silhouette/Mockingbird_0071_80357.png,Mockingbird,The answer is Red faced Cormorant
data/cub/silhouette/Mockingbird_0072_80789.png,Mockingbird,
data/cub/silhouette/Mockingbird_0076_79934.png,Mockingbird,
data/cub/silhouette/Mockingbird_0077_81470.png,Mockingbird,
data/cub/silhouette/Mockingbird_0078_80426.png,Mockingbird,
data/cub/silhouette/Mockingbird_0082_80570.png,Mockingbird,
data/cub/silhouette/Mockingbird_0083_79862.png,Mockingbird,
data/cub/silhouette/Mockingbird_0084_80670.png,Mockingbird,
data/cub/silhouette/Mockingbird_0085_81417.png,Mockingbird,
data/cub/silhouette/Mockingbird_0086_81868.png,Mockingbird,
data/cub/silhouette/Mockingbird_0087_79600.png,Mockingbird,
data/cub/silhouette/Mockingbird_0089_80601.png,Mockingbird,
data/cub/silhouette/Mockingbird_0094_80232.png,Mockingbird,
data/cub/silhouette/Mockingbird_0095_81177.png,Mockingbird,
data/cub/silhouette/Mockingbird_0096_79878.png,Mockingbird,
data/cub/silhouette/Mockingbird_0097_79951.png,Mockingbird,
data/cub/silhouette/Mockingbird_0098_81117.png,Mockingbird,The answer is Red faced Cormorant
data/cub/silhouette/Mockingbird_0103_79659.png,Mockingbird,
data/cub/silhouette/Mockingbird_0106_81381.png,Mockingbird,
data/cub/silhouette/Mockingbird_0108_81908.png,Mockingbird,
data/cub/silhouette/Mockingbird_0109_79682.png,Mockingbird,
data/cub/silhouette/Nighthawk_0003_82827.png,Nighthawk,
data/cub/silhouette/Nighthawk_0004_84011.png,Nighthawk,
data/cub/silhouette/Nighthawk_0005_84594.png,Nighthawk,
data/cub/silhouette/Nighthawk_0007_83419.png,Nighthawk,
data/cub/silhouette/Nighthawk_0012_84333.png,Nighthawk,
data/cub/silhouette/Nighthawk_0013_83670.png,Nighthawk,
data/cub/silhouette/Nighthawk_0014_82624.png,Nighthawk,
data/cub/silhouette/Nighthawk_0016_84490.png,Nighthawk,
data/cub/silhouette/Nighthawk_0017_84237.png,Nighthawk,
data/cub/silhouette/Nighthawk_0018_83639.png,Nighthawk,
data/cub/silhouette/Nighthawk_0019_83850.png,Nighthawk,
data/cub/silhouette/Nighthawk_0020_83869.png,Nighthawk,
data/cub/silhouette/Nighthawk_0021_82562.png,Nighthawk,
data/cub/silhouette/Nighthawk_0022_84183.png,Nighthawk,
data/cub/silhouette/Nighthawk_0024_83519.png,Nighthawk,
data/cub/silhouette/Nighthawk_0025_82808.png,Nighthawk,
data/cub/silhouette/Nighthawk_0026_83911.png,Nighthawk,
data/cub/silhouette/Nighthawk_0027_84697.png,Nighthawk,
data/cub/silhouette/Nighthawk_0028_82636.png,Nighthawk,
data/cub/silhouette/Nighthawk_0029_83733.png,Nighthawk,
data/cub/silhouette/Nighthawk_0030_795338.png,Nighthawk,
data/cub/silhouette/Nighthawk_0031_83636.png,Nighthawk,
data/cub/silhouette/Nighthawk_0032_795333.png,Nighthawk,
data/cub/silhouette/Nighthawk_0034_82578.png,Nighthawk,
data/cub/silhouette/Nighthawk_0035_84077.png,Nighthawk,
data/cub/silhouette/Nighthawk_0041_82183.png,Nighthawk,
data/cub/silhouette/Nighthawk_0042_83603.png,Nighthawk,
data/cub/silhouette/Nighthawk_0043_84039.png,Nighthawk,
data/cub/silhouette/Nighthawk_0045_82807.png,Nighthawk,
data/cub/silhouette/Nighthawk_0046_82246.png,Nighthawk,
data/cub/silhouette/Nighthawk_0047_82820.png,Nighthawk,
data/cub/silhouette/Nighthawk_0048_83648.png,Nighthawk,
data/cub/silhouette/Nighthawk_0050_84094.png,Nighthawk,
data/cub/silhouette/Nighthawk_0051_82619.png,Nighthawk,
data/cub/silhouette/Nighthawk_0053_84436.png,Nighthawk,
data/cub/silhouette/Nighthawk_0054_795337.png,Nighthawk,
data/cub/silhouette/Nighthawk_0055_83352.png,Nighthawk,
data/cub/silhouette/Nighthawk_0057_82640.png,Nighthawk,
data/cub/silhouette/Nighthawk_0058_83270.png,Nighthawk,
data/cub/silhouette/Nighthawk_0059_82741.png,Nighthawk,
data/cub/silhouette/Nighthawk_0061_82509.png,Nighthawk,
data/cub/silhouette/Nighthawk_0062_84573.png,Nighthawk,
data/cub/silhouette/Nighthawk_0063_795339.png,Nighthawk,
data/cub/silhouette/Nighthawk_0064_82196.png,Nighthawk,
data/cub/silhouette/Nighthawk_0065_82895.png,Nighthawk,
data/cub/silhouette/Nighthawk_0066_82238.png,Nighthawk,
data/cub/silhouette/Nighthawk_0067_795335.png,Nighthawk,
data/cub/silhouette/Nighthawk_0068_82368.png,Nighthawk,
data/cub/silhouette/Nighthawk_0069_82613.png,Nighthawk,
data/cub/silhouette/Nighthawk_0070_82676.png,Nighthawk,
data/cub/silhouette/Nighthawk_0072_795336.png,Nighthawk,
data/cub/silhouette/Nighthawk_0073_83540.png,Nighthawk,
data/cub/silhouette/Nighthawk_0076_82686.png,Nighthawk,
data/cub/silhouette/Nighthawk_0078_795340.png,Nighthawk,
data/cub/silhouette/Nighthawk_0082_82242.png,Nighthawk,
data/cub/silhouette/Nighthawk_0083_83647.png,Nighthawk,
data/cub/silhouette/Nighthawk_0084_84510.png,Nighthawk,
data/cub/silhouette/Nighthawk_0087_82280.png,Nighthawk,The answer is Red faced Cormorant
data/cub/silhouette/Nighthawk_0088_82225.png,Nighthawk,
data/cub/silhouette/Nighthawk_0090_82579.png,Nighthawk,
data/cub/silhouette/Clark_Nutcracker_0003_85296.png,Clark Nutcracker,
data/cub/silhouette/Clark_Nutcracker_0005_85190.png,Clark Nutcracker,
data/cub/silhouette/Clark_Nutcracker_0011_85698.png,Clark Nutcracker,
data/cub/silhouette/Clark_Nutcracker_0013_84791.png,Clark Nutcracker,
data/cub/silhouette/Clark_Nutcracker_0014_85386.png,Clark Nutcracker,
data/cub/silhouette/Clark_Nutcracker_0017_84777.png,Clark Nutcracker,
data/cub/silhouette/Clark_Nutcracker_0018_85166.png,Clark Nutcracker,
data/cub/silhouette/Clark_Nutcracker_0020_85099.png,Clark Nutcracker,The answer is Red faced Cormorant
data/cub/silhouette/Clark_Nutcracker_0024_85718.png,Clark Nutcracker,
data/cub/silhouette/Clark_Nutcracker_0026_84945.png,Clark Nutcracker,The answer is Red faced Cormorant
data/cub/silhouette/Clark_Nutcracker_0027_85266.png,Clark Nutcracker,
data/cub/silhouette/Clark_Nutcracker_0033_85358.png,Clark Nutcracker,
data/cub/silhouette/Clark_Nutcracker_0043_84853.png,Clark Nutcracker,
data/cub/silhouette/Clark_Nutcracker_0047_85630.png,Clark Nutcracker,
data/cub/silhouette/Clark_Nutcracker_0051_84950.png,Clark Nutcracker,The answer is Red faced Cormorant
data/cub/silhouette/Clark_Nutcracker_0058_85384.png,Clark Nutcracker,
data/cub/silhouette/Clark_Nutcracker_0060_84862.png,Clark Nutcracker,
data/cub/silhouette/Clark_Nutcracker_0062_85464.png,Clark Nutcracker,
data/cub/silhouette/Clark_Nutcracker_0063_84869.png,Clark Nutcracker,
data/cub/silhouette/Clark_Nutcracker_0066_85390.png,Clark Nutcracker,
data/cub/silhouette/Clark_Nutcracker_0067_85302.png,Clark Nutcracker,
data/cub/silhouette/Clark_Nutcracker_0069_84767.png,Clark Nutcracker,
data/cub/silhouette/Clark_Nutcracker_0071_85125.png,Clark Nutcracker,
data/cub/silhouette/Clark_Nutcracker_0072_85742.png,Clark Nutcracker,
data/cub/silhouette/Clark_Nutcracker_0073_85343.png,Clark Nutcracker,
data/cub/silhouette/Clark_Nutcracker_0075_85715.png,Clark Nutcracker,
data/cub/silhouette/Clark_Nutcracker_0076_85083.png,Clark Nutcracker,
data/cub/silhouette/Clark_Nutcracker_0078_85416.png,Clark Nutcracker,
data/cub/silhouette/Clark_Nutcracker_0082_85477.png,Clark Nutcracker,
data/cub/silhouette/Clark_Nutcracker_0083_85480.png,Clark Nutcracker,
data/cub/silhouette/Clark_Nutcracker_0084_85149.png,Clark Nutcracker,
data/cub/silhouette/Clark_Nutcracker_0087_84898.png,Clark Nutcracker,
data/cub/silhouette/Clark_Nutcracker_0089_85004.png,Clark Nutcracker,
data/cub/silhouette/Clark_Nutcracker_0090_85116.png,Clark Nutcracker,
data/cub/silhouette/Clark_Nutcracker_0093_84809.png,Clark Nutcracker,
data/cub/silhouette/Clark_Nutcracker_0096_84996.png,Clark Nutcracker,
data/cub/silhouette/Clark_Nutcracker_0098_85105.png,Clark Nutcracker,
data/cub/silhouette/Clark_Nutcracker_0099_85717.png,Clark Nutcracker,
data/cub/silhouette/Clark_Nutcracker_0101_85656.png,Clark Nutcracker,
data/cub/silhouette/Clark_Nutcracker_0102_85089.png,Clark Nutcracker,
data/cub/silhouette/Clark_Nutcracker_0104_85531.png,Clark Nutcracker,
data/cub/silhouette/Clark_Nutcracker_0105_85097.png,Clark Nutcracker,
data/cub/silhouette/Clark_Nutcracker_0106_84856.png,Clark Nutcracker,
data/cub/silhouette/Clark_Nutcracker_0107_85662.png,Clark Nutcracker,
data/cub/silhouette/Clark_Nutcracker_0110_85217.png,Clark Nutcracker,
data/cub/silhouette/Clark_Nutcracker_0112_85350.png,Clark Nutcracker,
data/cub/silhouette/Clark_Nutcracker_0113_85587.png,Clark Nutcracker,
data/cub/silhouette/Clark_Nutcracker_0116_84807.png,Clark Nutcracker,
data/cub/silhouette/Clark_Nutcracker_0117_84912.png,Clark Nutcracker,
data/cub/silhouette/Clark_Nutcracker_0121_85435.png,Clark Nutcracker,
data/cub/silhouette/Clark_Nutcracker_0124_85128.png,Clark Nutcracker,
data/cub/silhouette/Clark_Nutcracker_0126_85134.png,Clark Nutcracker,
data/cub/silhouette/Clark_Nutcracker_0130_85304.png,Clark Nutcracker,
data/cub/silhouette/Clark_Nutcracker_0131_85701.png,Clark Nutcracker,
data/cub/silhouette/Clark_Nutcracker_0134_85534.png,Clark Nutcracker,
data/cub/silhouette/Clark_Nutcracker_0136_85490.png,Clark Nutcracker,
data/cub/silhouette/Clark_Nutcracker_0137_85172.png,Clark Nutcracker,
data/cub/silhouette/Clark_Nutcracker_0138_85633.png,Clark Nutcracker,
data/cub/silhouette/Clark_Nutcracker_0139_84942.png,Clark Nutcracker,
data/cub/silhouette/Clark_Nutcracker_0142_85322.png,Clark Nutcracker,
data/cub/silhouette/White_Breasted_Nuthatch_0002_86287.png,White Breasted Nuthatch,
data/cub/silhouette/White_Breasted_Nuthatch_0003_86029.png,White Breasted Nuthatch,The answer is Red faced Cormorant
data/cub/silhouette/White_Breasted_Nuthatch_0004_86969.png,White Breasted Nuthatch,
data/cub/silhouette/White_Breasted_Nuthatch_0010_85783.png,White Breasted Nuthatch,
data/cub/silhouette/White_Breasted_Nuthatch_0014_86023.png,White Breasted Nuthatch,
data/cub/silhouette/White_Breasted_Nuthatch_0018_85937.png,White Breasted Nuthatch,
data/cub/silhouette/White_Breasted_Nuthatch_0020_86143.png,White Breasted Nuthatch,The answer is Red faced Cormorant
data/cub/silhouette/White_Breasted_Nuthatch_0024_86200.png,White Breasted Nuthatch,The answer is Red faced Cormorant
data/cub/silhouette/White_Breasted_Nuthatch_0025_85803.png,White Breasted Nuthatch,
data/cub/silhouette/White_Breasted_Nuthatch_0027_85905.png,White Breasted Nuthatch,
data/cub/silhouette/White_Breasted_Nuthatch_0030_85823.png,White Breasted Nuthatch,
data/cub/silhouette/White_Breasted_Nuthatch_0036_86596.png,White Breasted Nuthatch,
data/cub/silhouette/White_Breasted_Nuthatch_0039_86166.png,White Breasted Nuthatch,
data/cub/silhouette/White_Breasted_Nuthatch_0040_86127.png,White Breasted Nuthatch,
data/cub/silhouette/White_Breasted_Nuthatch_0042_86488.png,White Breasted Nuthatch,
data/cub/silhouette/White_Breasted_Nuthatch_0043_86196.png,White Breasted Nuthatch,
data/cub/silhouette/White_Breasted_Nuthatch_0047_85819.png,White Breasted Nuthatch,
data/cub/silhouette/White_Breasted_Nuthatch_0048_86207.png,White Breasted Nuthatch,
data/cub/silhouette/White_Breasted_Nuthatch_0049_86557.png,White Breasted Nuthatch,
data/cub/silhouette/White_Breasted_Nuthatch_0050_85815.png,White Breasted Nuthatch,
data/cub/silhouette/White_Breasted_Nuthatch_0054_86551.png,White Breasted Nuthatch,
data/cub/silhouette/White_Breasted_Nuthatch_0055_86075.png,White Breasted Nuthatch,
data/cub/silhouette/White_Breasted_Nuthatch_0059_85903.png,White Breasted Nuthatch,
data/cub/silhouette/White_Breasted_Nuthatch_0060_86031.png,White Breasted Nuthatch,The answer is Red faced Cormorant
data/cub/silhouette/White_Breasted_Nuthatch_0063_86573.png,White Breasted Nuthatch,
data/cub/silhouette/White_Breasted_Nuthatch_0064_86324.png,White Breasted Nuthatch,
data/cub/silhouette/White_Breasted_Nuthatch_0065_85829.png,White Breasted Nuthatch,
data/cub/silhouette/White_Breasted_Nuthatch_0066_86159.png,White Breasted Nuthatch,
data/cub/silhouette/White_Breasted_Nuthatch_0068_86033.png,White Breasted Nuthatch,
data/cub/silhouette/White_Breasted_Nuthatch_0070_85983.png,White Breasted Nuthatch,
data/cub/silhouette/White_Breasted_Nuthatch_0075_86289.png,White Breasted Nuthatch,
data/cub/silhouette/White_Breasted_Nuthatch_0076_85801.png,White Breasted Nuthatch,
data/cub/silhouette/White_Breasted_Nuthatch_0077_86462.png,White Breasted Nuthatch,
data/cub/silhouette/White_Breasted_Nuthatch_0078_85828.png,White Breasted Nuthatch,
data/cub/silhouette/White_Breasted_Nuthatch_0082_86435.png,White Breasted Nuthatch,
data/cub/silhouette/White_Breasted_Nuthatch_0086_86553.png,White Breasted Nuthatch,The answer is Red faced Cormorant
data/cub/silhouette/White_Breasted_Nuthatch_0090_86856.png,White Breasted Nuthatch,
data/cub/silhouette/White_Breasted_Nuthatch_0092_86016.png,White Breasted Nuthatch,
data/cub/silhouette/White_Breasted_Nuthatch_0094_86156.png,White Breasted Nuthatch,
data/cub/silhouette/White_Breasted_Nuthatch_0095_86425.png,White Breasted Nuthatch,
data/cub/silhouette/White_Breasted_Nuthatch_0096_86140.png,White Breasted Nuthatch,
data/cub/silhouette/White_Breasted_Nuthatch_0097_85940.png,White Breasted Nuthatch,
data/cub/silhouette/White_Breasted_Nuthatch_0101_86708.png,White Breasted Nuthatch,
data/cub/silhouette/White_Breasted_Nuthatch_0103_86470.png,White Breasted Nuthatch,
data/cub/silhouette/White_Breasted_Nuthatch_0104_85969.png,White Breasted Nuthatch,
data/cub/silhouette/White_Breasted_Nuthatch_0106_85955.png,White Breasted Nuthatch,
data/cub/silhouette/White_Breasted_Nuthatch_0108_86308.png,White Breasted Nuthatch,
data/cub/silhouette/White_Breasted_Nuthatch_0110_86038.png,White Breasted Nuthatch,
data/cub/silhouette/White_Breasted_Nuthatch_0111_86621.png,White Breasted Nuthatch,
data/cub/silhouette/White_Breasted_Nuthatch_0113_86057.png,White Breasted Nuthatch,
data/cub/silhouette/White_Breasted_Nuthatch_0114_86554.png,White Breasted Nuthatch,
data/cub/silhouette/White_Breasted_Nuthatch_0115_86760.png,White Breasted Nuthatch,
data/cub/silhouette/White_Breasted_Nuthatch_0119_86182.png,White Breasted Nuthatch,
data/cub/silhouette/White_Breasted_Nuthatch_0120_85890.png,White Breasted Nuthatch,
data/cub/silhouette/White_Breasted_Nuthatch_0128_86947.png,White Breasted Nuthatch,
data/cub/silhouette/White_Breasted_Nuthatch_0129_86761.png,White Breasted Nuthatch,
data/cub/silhouette/White_Breasted_Nuthatch_0131_86416.png,White Breasted Nuthatch,
data/cub/silhouette/White_Breasted_Nuthatch_0132_86876.png,White Breasted Nuthatch,
data/cub/silhouette/White_Breasted_Nuthatch_0137_86910.png,White Breasted Nuthatch,
data/cub/silhouette/White_Breasted_Nuthatch_0142_86805.png,White Breasted Nuthatch,
data/cub/silhouette/Baltimore_Oriole_0006_89935.png,Baltimore Oriole,
data/cub/silhouette/Baltimore_Oriole_0007_88038.png,Baltimore Oriole,
data/cub/silhouette/Baltimore_Oriole_0014_87690.png,Baltimore Oriole,
data/cub/silhouette/Baltimore_Oriole_0016_89885.png,Baltimore Oriole,
data/cub/silhouette/Baltimore_Oriole_0018_87782.png,Baltimore Oriole,
data/cub/silhouette/Baltimore_Oriole_0019_88186.png,Baltimore Oriole,The answer is Red faced Cormorant
data/cub/silhouette/Baltimore_Oriole_0020_87066.png,Baltimore Oriole,
data/cub/silhouette/Baltimore_Oriole_0021_87089.png,Baltimore Oriole,
data/cub/silhouette/Baltimore_Oriole_0024_89720.png,Baltimore Oriole,
data/cub/silhouette/Baltimore_Oriole_0027_87561.png,Baltimore Oriole,
data/cub/silhouette/Baltimore_Oriole_0033_88347.png,Baltimore Oriole,
data/cub/silhouette/Baltimore_Oriole_0037_87337.png,Baltimore Oriole,
data/cub/silhouette/Baltimore_Oriole_0038_87083.png,Baltimore Oriole,
data/cub/silhouette/Baltimore_Oriole_0039_88027.png,Baltimore Oriole,
data/cub/silhouette/Baltimore_Oriole_0041_87367.png,Baltimore Oriole,
data/cub/silhouette/Baltimore_Oriole_0042_87216.png,Baltimore Oriole,
data/cub/silhouette/Baltimore_Oriole_0045_88178.png,Baltimore Oriole,
data/cub/silhouette/Baltimore_Oriole_0047_89686.png,Baltimore Oriole,
data/cub/silhouette/Baltimore_Oriole_0050_89750.png,Baltimore Oriole,
data/cub/silhouette/Baltimore_Oriole_0051_89722.png,Baltimore Oriole,
data/cub/silhouette/Baltimore_Oriole_0052_89553.png,Baltimore Oriole,
data/cub/silhouette/Baltimore_Oriole_0054_89825.png,Baltimore Oriole,
data/cub/silhouette/Baltimore_Oriole_0056_88355.png,Baltimore Oriole,
data/cub/silhouette/Baltimore_Oriole_0058_87296.png,Baltimore Oriole,
data/cub/silhouette/Baltimore_Oriole_0060_89616.png,Baltimore Oriole,
data/cub/silhouette/Baltimore_Oriole_0064_89554.png,Baltimore Oriole,
data/cub/silhouette/Baltimore_Oriole_0065_87303.png,Baltimore Oriole,
data/cub/silhouette/Baltimore_Oriole_0066_87380.png,Baltimore Oriole,
data/cub/silhouette/Baltimore_Oriole_0069_87839.png,Baltimore Oriole,
data/cub/silhouette/Baltimore_Oriole_0071_89611.png,Baltimore Oriole,
data/cub/silhouette/Baltimore_Oriole_0073_87187.png,Baltimore Oriole,
data/cub/silhouette/Baltimore_Oriole_0074_87214.png,Baltimore Oriole,
data/cub/silhouette/Baltimore_Oriole_0076_89705.png,Baltimore Oriole,
data/cub/silhouette/Baltimore_Oriole_0082_87838.png,Baltimore Oriole,
data/cub/silhouette/Baltimore_Oriole_0083_89712.png,Baltimore Oriole,
data/cub/silhouette/Baltimore_Oriole_0084_89684.png,Baltimore Oriole,
data/cub/silhouette/Baltimore_Oriole_0086_88375.png,Baltimore Oriole,
data/cub/silhouette/Baltimore_Oriole_0087_89726.png,Baltimore Oriole,
data/cub/silhouette/Baltimore_Oriole_0090_87054.png,Baltimore Oriole,
data/cub/silhouette/Baltimore_Oriole_0091_88487.png,Baltimore Oriole,
data/cub/silhouette/Baltimore_Oriole_0092_87435.png,Baltimore Oriole,
data/cub/silhouette/Baltimore_Oriole_0100_89908.png,Baltimore Oriole,
data/cub/silhouette/Baltimore_Oriole_0101_87207.png,Baltimore Oriole,
data/cub/silhouette/Baltimore_Oriole_0102_88818.png,Baltimore Oriole,
data/cub/silhouette/Baltimore_Oriole_0104_86979.png,Baltimore Oriole,
data/cub/silhouette/Baltimore_Oriole_0106_89680.png,Baltimore Oriole,
data/cub/silhouette/Baltimore_Oriole_0108_87576.png,Baltimore Oriole,The answer is Red faced Cormorant
data/cub/silhouette/Baltimore_Oriole_0109_87398.png,Baltimore Oriole,
data/cub/silhouette/Baltimore_Oriole_0111_87449.png,Baltimore Oriole,
data/cub/silhouette/Baltimore_Oriole_0112_87447.png,Baltimore Oriole,
data/cub/silhouette/Baltimore_Oriole_0114_89873.png,Baltimore Oriole,
data/cub/silhouette/Baltimore_Oriole_0119_88022.png,Baltimore Oriole,
data/cub/silhouette/Baltimore_Oriole_0120_88403.png,Baltimore Oriole,
data/cub/silhouette/Baltimore_Oriole_0125_88450.png,Baltimore Oriole,
data/cub/silhouette/Baltimore_Oriole_0126_89651.png,Baltimore Oriole,
data/cub/silhouette/Baltimore_Oriole_0127_87560.png,Baltimore Oriole,
data/cub/silhouette/Baltimore_Oriole_0128_87796.png,Baltimore Oriole,
data/cub/silhouette/Baltimore_Oriole_0130_89596.png,Baltimore Oriole,
data/cub/silhouette/Baltimore_Oriole_0131_87542.png,Baltimore Oriole,
data/cub/silhouette/Baltimore_Oriole_0133_87602.png,Baltimore Oriole,
data/cub/silhouette/Hooded_Oriole_0002_91034.png,Hooded Oriole,
data/cub/silhouette/Hooded_Oriole_0004_91057.png,Hooded Oriole,
data/cub/silhouette/Hooded_Oriole_0006_90685.png,Hooded Oriole,
data/cub/silhouette/Hooded_Oriole_0007_91133.png,Hooded Oriole,
data/cub/silhouette/Hooded_Oriole_0008_90118.png,Hooded Oriole,
data/cub/silhouette/Hooded_Oriole_0010_90413.png,Hooded Oriole,
data/cub/silhouette/Hooded_Oriole_0013_90445.png,Hooded Oriole,
data/cub/silhouette/Hooded_Oriole_0014_90594.png,Hooded Oriole,
data/cub/silhouette/Hooded_Oriole_0024_90157.png,Hooded Oriole,
data/cub/silhouette/Hooded_Oriole_0029_90485.png,Hooded Oriole,
data/cub/silhouette/Hooded_Oriole_0034_90686.png,Hooded Oriole,
data/cub/silhouette/Hooded_Oriole_0035_90331.png,Hooded Oriole,
data/cub/silhouette/Hooded_Oriole_0037_91156.png,Hooded Oriole,
data/cub/silhouette/Hooded_Oriole_0038_90575.png,Hooded Oriole,
data/cub/silhouette/Hooded_Oriole_0041_90218.png,Hooded Oriole,
data/cub/silhouette/Hooded_Oriole_0043_90499.png,Hooded Oriole,
data/cub/silhouette/Hooded_Oriole_0044_90082.png,Hooded Oriole,
data/cub/silhouette/Hooded_Oriole_0045_90415.png,Hooded Oriole,
data/cub/silhouette/Hooded_Oriole_0047_90637.png,Hooded Oriole,
data/cub/silhouette/Hooded_Oriole_0048_89957.png,Hooded Oriole,
data/cub/silhouette/Hooded_Oriole_0049_89955.png,Hooded Oriole,
data/cub/silhouette/Hooded_Oriole_0050_90629.png,Hooded Oriole,
data/cub/silhouette/Hooded_Oriole_0053_90898.png,Hooded Oriole,
data/cub/silhouette/Hooded_Oriole_0054_90849.png,Hooded Oriole,
data/cub/silhouette/Hooded_Oriole_0055_90850.png,Hooded Oriole,
data/cub/silhouette/Hooded_Oriole_0056_89966.png,Hooded Oriole,
data/cub/silhouette/Hooded_Oriole_0060_90879.png,Hooded Oriole,
data/cub/silhouette/Hooded_Oriole_0062_90089.png,Hooded Oriole,
data/cub/silhouette/Hooded_Oriole_0063_90976.png,Hooded Oriole,
data/cub/silhouette/Hooded_Oriole_0067_90416.png,Hooded Oriole,
data/cub/silhouette/Hooded_Oriole_0068_90397.png,Hooded Oriole,
data/cub/silhouette/Hooded_Oriole_0069_90981.png,Hooded Oriole,The answer is Red throated Grosbeak
data/cub/silhouette/Hooded_Oriole_0070_90221.png,Hooded Oriole,
data/cub/silhouette/Hooded_Oriole_0072_90298.png,Hooded Oriole,
data/cub/silhouette/Hooded_Oriole_0074_91081.png,Hooded Oriole,
data/cub/silhouette/Hooded_Oriole_0075_90788.png,Hooded Oriole,
data/cub/silhouette/Hooded_Oriole_0076_90895.png,Hooded Oriole,
data/cub/silhouette/Hooded_Oriole_0077_90886.png,Hooded Oriole,
data/cub/silhouette/Hooded_Oriole_0079_89978.png,Hooded Oriole,
data/cub/silhouette/Hooded_Oriole_0082_90045.png,Hooded Oriole,
data/cub/silhouette/Hooded_Oriole_0084_90607.png,Hooded Oriole,
data/cub/silhouette/Hooded_Oriole_0087_90037.png,Hooded Oriole,
data/cub/silhouette/Hooded_Oriole_0088_90356.png,Hooded Oriole,The answer is Red faced Cormorant
data/cub/silhouette/Hooded_Oriole_0091_90821.png,Hooded Oriole,
data/cub/silhouette/Hooded_Oriole_0095_90337.png,Hooded Oriole,
data/cub/silhouette/Hooded_Oriole_0096_90311.png,Hooded Oriole,
data/cub/silhouette/Hooded_Oriole_0104_90264.png,Hooded Oriole,
data/cub/silhouette/Hooded_Oriole_0105_90875.png,Hooded Oriole,
data/cub/silhouette/Hooded_Oriole_0106_90899.png,Hooded Oriole,
data/cub/silhouette/Hooded_Oriole_0107_89985.png,Hooded Oriole,
data/cub/silhouette/Hooded_Oriole_0111_89988.png,Hooded Oriole,
data/cub/silhouette/Hooded_Oriole_0115_90442.png,Hooded Oriole,
data/cub/silhouette/Hooded_Oriole_0117_90464.png,Hooded Oriole,
data/cub/silhouette/Hooded_Oriole_0118_90049.png,Hooded Oriole,
data/cub/silhouette/Hooded_Oriole_0124_90350.png,Hooded Oriole,
data/cub/silhouette/Hooded_Oriole_0125_90382.png,Hooded Oriole,
data/cub/silhouette/Hooded_Oriole_0126_90319.png,Hooded Oriole,
data/cub/silhouette/Hooded_Oriole_0127_90200.png,Hooded Oriole,
data/cub/silhouette/Hooded_Oriole_0129_90441.png,Hooded Oriole,
data/cub/silhouette/Hooded_Oriole_0130_90422.png,Hooded Oriole,
data/cub/silhouette/Orchard_Oriole_0004_91275.png,Orchard Oriole,
data/cub/silhouette/Orchard_Oriole_0005_91682.png,Orchard Oriole,
data/cub/silhouette/Orchard_Oriole_0006_91724.png,Orchard Oriole,
data/cub/silhouette/Orchard_Oriole_0009_91902.png,Orchard Oriole,
data/cub/silhouette/Orchard_Oriole_0011_91592.png,Orchard Oriole,
data/cub/silhouette/Orchard_Oriole_0013_91945.png,Orchard Oriole,The answer is Red faced Cormorant
data/cub/silhouette/Orchard_Oriole_0015_91565.png,Orchard Oriole,
data/cub/silhouette/Orchard_Oriole_0017_91801.png,Orchard Oriole,
data/cub/silhouette/Orchard_Oriole_0018_91601.png,Orchard Oriole,
data/cub/silhouette/Orchard_Oriole_0019_91338.png,Orchard Oriole,
data/cub/silhouette/Orchard_Oriole_0021_91644.png,Orchard Oriole,
data/cub/silhouette/Orchard_Oriole_0023_91705.png,Orchard Oriole,
data/cub/silhouette/Orchard_Oriole_0024_91755.png,Orchard Oriole,
data/cub/silhouette/Orchard_Oriole_0026_91444.png,Orchard Oriole,
data/cub/silhouette/Orchard_Oriole_0027_91265.png,Orchard Oriole,
data/cub/silhouette/Orchard_Oriole_0030_91612.png,Orchard Oriole,The answer is Red faced Cormorant
data/cub/silhouette/Orchard_Oriole_0032_91201.png,Orchard Oriole,
data/cub/silhouette/Orchard_Oriole_0033_91532.png,Orchard Oriole,
data/cub/silhouette/Orchard_Oriole_0034_91825.png,Orchard Oriole,
data/cub/silhouette/Orchard_Oriole_0035_92003.png,Orchard Oriole,
data/cub/silhouette/Orchard_Oriole_0036_91818.png,Orchard Oriole,
data/cub/silhouette/Orchard_Oriole_0039_91267.png,Orchard Oriole,
data/cub/silhouette/Orchard_Oriole_0041_91258.png,Orchard Oriole,
data/cub/silhouette/Orchard_Oriole_0042_91678.png,Orchard Oriole,
data/cub/silhouette/Orchard_Oriole_0044_91360.png,Orchard Oriole,
data/cub/silhouette/Orchard_Oriole_0045_91205.png,Orchard Oriole,
data/cub/silhouette/Orchard_Oriole_0046_91646.png,Orchard Oriole,
data/cub/silhouette/Orchard_Oriole_0048_91393.png,Orchard Oriole,
data/cub/silhouette/Orchard_Oriole_0051_91787.png,Orchard Oriole,
data/cub/silhouette/Orchard_Oriole_0054_91414.png,Orchard Oriole,
data/cub/silhouette/Orchard_Oriole_0055_91515.png,Orchard Oriole,
data/cub/silhouette/Orchard_Oriole_0058_91819.png,Orchard Oriole,
data/cub/silhouette/Orchard_Oriole_0059_92046.png,Orchard Oriole,
data/cub/silhouette/Orchard_Oriole_0060_91536.png,Orchard Oriole,
data/cub/silhouette/Orchard_Oriole_0061_91941.png,Orchard Oriole,
data/cub/silhouette/Orchard_Oriole_0065_91397.png,Orchard Oriole,
data/cub/silhouette/Orchard_Oriole_0070_91383.png,Orchard Oriole,
data/cub/silhouette/Orchard_Oriole_0074_91979.png,Orchard Oriole,
data/cub/silhouette/Orchard_Oriole_0075_91847.png,Orchard Oriole,
data/cub/silhouette/Orchard_Oriole_0076_91527.png,Orchard Oriole,
data/cub/silhouette/Orchard_Oriole_0077_91651.png,Orchard Oriole,
data/cub/silhouette/Orchard_Oriole_0080_91417.png,Orchard Oriole,
data/cub/silhouette/Orchard_Oriole_0082_91654.png,Orchard Oriole,
data/cub/silhouette/Orchard_Oriole_0084_91658.png,Orchard Oriole,
data/cub/silhouette/Orchard_Oriole_0085_91411.png,Orchard Oriole,
data/cub/silhouette/Orchard_Oriole_0088_92086.png,Orchard Oriole,
data/cub/silhouette/Orchard_Oriole_0091_91774.png,Orchard Oriole,
data/cub/silhouette/Orchard_Oriole_0092_92128.png,Orchard Oriole,
data/cub/silhouette/Orchard_Oriole_0093_92020.png,Orchard Oriole,
data/cub/silhouette/Orchard_Oriole_0095_91345.png,Orchard Oriole,
data/cub/silhouette/Orchard_Oriole_0098_91401.png,Orchard Oriole,
data/cub/silhouette/Orchard_Oriole_0101_91233.png,Orchard Oriole,
data/cub/silhouette/Orchard_Oriole_0105_91186.png,Orchard Oriole,
data/cub/silhouette/Orchard_Oriole_0106_91830.png,Orchard Oriole,
data/cub/silhouette/Orchard_Oriole_0107_91472.png,Orchard Oriole,
data/cub/silhouette/Orchard_Oriole_0108_91530.png,Orchard Oriole,
data/cub/silhouette/Orchard_Oriole_0113_88407.png,Orchard Oriole,
data/cub/silhouette/Orchard_Oriole_0114_91412.png,Orchard Oriole,
data/cub/silhouette/Orchard_Oriole_0116_91645.png,Orchard Oriole,
data/cub/silhouette/Scott_Oriole_0001_795826.png,Scott Oriole,
data/cub/silhouette/Scott_Oriole_0002_795829.png,Scott Oriole,
data/cub/silhouette/Scott_Oriole_0003_92247.png,Scott Oriole,
data/cub/silhouette/Scott_Oriole_0005_92362.png,Scott Oriole,
data/cub/silhouette/Scott_Oriole_0007_92439.png,Scott Oriole,
data/cub/silhouette/Scott_Oriole_0008_795814.png,Scott Oriole,
data/cub/silhouette/Scott_Oriole_0010_795852.png,Scott Oriole,
data/cub/silhouette/Scott_Oriole_0011_795836.png,Scott Oriole,
data/cub/silhouette/Scott_Oriole_0012_795837.png,Scott Oriole,
data/cub/silhouette/Scott_Oriole_0014_795827.png,Scott Oriole,
data/cub/silhouette/Scott_Oriole_0015_795862.png,Scott Oriole,
data/cub/silhouette/Scott_Oriole_0016_92398.png,Scott Oriole,
data/cub/silhouette/Scott_Oriole_0017_795832.png,Scott Oriole,
data/cub/silhouette/Scott_Oriole_0018_795840.png,Scott Oriole,
data/cub/silhouette/Scott_Oriole_0019_795815.png,Scott Oriole,
data/cub/silhouette/Scott_Oriole_0022_92356.png,Scott Oriole,
data/cub/silhouette/Scott_Oriole_0023_795835.png,Scott Oriole,The answer is Red faced Cormorant
data/cub/silhouette/Scott_Oriole_0024_92302.png,Scott Oriole,
data/cub/silhouette/Scott_Oriole_0025_92207.png,Scott Oriole,
data/cub/silhouette/Scott_Oriole_0028_92270.png,Scott Oriole,
data/cub/silhouette/Scott_Oriole_0029_795846.png,Scott Oriole,
data/cub/silhouette/Scott_Oriole_0030_795830.png,Scott Oriole,
data/cub/silhouette/Scott_Oriole_0031_90270.png,Scott Oriole,
data/cub/silhouette/Scott_Oriole_0032_795810.png,Scott Oriole,
data/cub/silhouette/Scott_Oriole_0034_795813.png,Scott Oriole,
data/cub/silhouette/Scott_Oriole_0035_795851.png,Scott Oriole,The answer is Red faced Cormorant
data/cub/silhouette/Scott_Oriole_0036_795850.png,Scott Oriole,
data/cub/silhouette/Scott_Oriole_0038_795818.png,Scott Oriole,
data/cub/silhouette/Scott_Oriole_0040_795839.png,Scott Oriole,
data/cub/silhouette/Scott_Oriole_0042_795844.png,Scott Oriole,
data/cub/silhouette/Scott_Oriole_0043_795828.png,Scott Oriole,
data/cub/silhouette/Scott_Oriole_0044_92262.png,Scott Oriole,
data/cub/silhouette/Scott_Oriole_0045_92237.png,Scott Oriole,
data/cub/silhouette/Scott_Oriole_0046_92371.png,Scott Oriole,
data/cub/silhouette/Scott_Oriole_0051_795807.png,Scott Oriole,
data/cub/silhouette/Scott_Oriole_0052_92440.png,Scott Oriole,
data/cub/silhouette/Scott_Oriole_0053_795805.png,Scott Oriole,
data/cub/silhouette/Scott_Oriole_0054_92310.png,Scott Oriole,
data/cub/silhouette/Scott_Oriole_0055_795825.png,Scott Oriole,
data/cub/silhouette/Scott_Oriole_0056_795816.png,Scott Oriole,
data/cub/silhouette/Scott_Oriole_0057_795856.png,Scott Oriole,
data/cub/silhouette/Scott_Oriole_0058_795849.png,Scott Oriole,
data/cub/silhouette/Scott_Oriole_0063_795812.png,Scott Oriole,
data/cub/silhouette/Scott_Oriole_0064_92321.png,Scott Oriole,
data/cub/silhouette/Scott_Oriole_0065_795819.png,Scott Oriole,
data/cub/silhouette/Scott_Oriole_0067_795858.png,Scott Oriole,
data/cub/silhouette/Scott_Oriole_0068_795804.png,Scott Oriole,
data/cub/silhouette/Scott_Oriole_0069_92271.png,Scott Oriole,
data/cub/silhouette/Scott_Oriole_0070_795808.png,Scott Oriole,
data/cub/silhouette/Scott_Oriole_0071_795848.png,Scott Oriole,
data/cub/silhouette/Scott_Oriole_0072_795822.png,Scott Oriole,
data/cub/silhouette/Scott_Oriole_0073_92369.png,Scott Oriole,
data/cub/silhouette/Scott_Oriole_0075_795817.png,Scott Oriole,
data/cub/silhouette/Scott_Oriole_0077_795831.png,Scott Oriole,
data/cub/silhouette/Scott_Oriole_0078_795833.png,Scott Oriole,
data/cub/silhouette/Scott_Oriole_0079_92248.png,Scott Oriole,
data/cub/silhouette/Scott_Oriole_0081_92374.png,Scott Oriole,
data/cub/silhouette/Scott_Oriole_0083_795821.png,Scott Oriole,
data/cub/silhouette/Scott_Oriole_0084_795860.png,Scott Oriole,
data/cub/silhouette/Scott_Oriole_0085_92206.png,Scott Oriole,
data/cub/silhouette/Ovenbird_0003_92910.png,Ovenbird,The answer is Red faced Cormorant
data/cub/silhouette/Ovenbird_0004_92868.png,Ovenbird,
data/cub/silhouette/Ovenbird_0009_93395.png,Ovenbird,
data/cub/silhouette/Ovenbird_0010_92957.png,Ovenbird,
data/cub/silhouette/Ovenbird_0011_92451.png,Ovenbird,
data/cub/silhouette/Ovenbird_0012_92778.png,Ovenbird,
data/cub/silhouette/Ovenbird_0015_93037.png,Ovenbird,
data/cub/silhouette/Ovenbird_0019_92699.png,Ovenbird,
data/cub/silhouette/Ovenbird_0020_93049.png,Ovenbird,
data/cub/silhouette/Ovenbird_0022_92702.png,Ovenbird,
data/cub/silhouette/Ovenbird_0023_92534.png,Ovenbird,
data/cub/silhouette/Ovenbird_0024_92583.png,Ovenbird,
data/cub/silhouette/Ovenbird_0026_92850.png,Ovenbird,
data/cub/silhouette/Ovenbird_0027_93086.png,Ovenbird,
data/cub/silhouette/Ovenbird_0032_93199.png,Ovenbird,
data/cub/silhouette/Ovenbird_0033_93232.png,Ovenbird,
data/cub/silhouette/Ovenbird_0034_93006.png,Ovenbird,
data/cub/silhouette/Ovenbird_0035_92785.png,Ovenbird,
data/cub/silhouette/Ovenbird_0043_93374.png,Ovenbird,
data/cub/silhouette/Ovenbird_0044_92828.png,Ovenbird,
data/cub/silhouette/Ovenbird_0045_92973.png,Ovenbird,
data/cub/silhouette/Ovenbird_0046_92821.png,Ovenbird,
data/cub/silhouette/Ovenbird_0047_93203.png,Ovenbird,
data/cub/silhouette/Ovenbird_0048_92876.png,Ovenbird,
data/cub/silhouette/Ovenbird_0050_92672.png,Ovenbird,
data/cub/silhouette/Ovenbird_0053_92462.png,Ovenbird,
data/cub/silhouette/Ovenbird_0054_92594.png,Ovenbird,
data/cub/silhouette/Ovenbird_0058_93078.png,Ovenbird,
data/cub/silhouette/Ovenbird_0059_92470.png,Ovenbird,
data/cub/silhouette/Ovenbird_0064_93208.png,Ovenbird,
data/cub/silhouette/Ovenbird_0070_93140.png,Ovenbird,
data/cub/silhouette/Ovenbird_0077_92590.png,Ovenbird,
data/cub/silhouette/Ovenbird_0079_92610.png,Ovenbird,
data/cub/silhouette/Ovenbird_0081_93115.png,Ovenbird,
data/cub/silhouette/Ovenbird_0083_92561.png,Ovenbird,
data/cub/silhouette/Ovenbird_0084_92901.png,Ovenbird,
data/cub/silhouette/Ovenbird_0089_93234.png,Ovenbird,
data/cub/silhouette/Ovenbird_0090_93375.png,Ovenbird,
data/cub/silhouette/Ovenbird_0092_93416.png,Ovenbird,
data/cub/silhouette/Ovenbird_0093_92705.png,Ovenbird,
data/cub/silhouette/Ovenbird_0094_92577.png,Ovenbird,
data/cub/silhouette/Ovenbird_0095_92796.png,Ovenbird,
data/cub/silhouette/Ovenbird_0096_93131.png,Ovenbird,
data/cub/silhouette/Ovenbird_0098_93032.png,Ovenbird,
data/cub/silhouette/Ovenbird_0099_93148.png,Ovenbird,
data/cub/silhouette/Ovenbird_0101_93104.png,Ovenbird,
data/cub/silhouette/Ovenbird_0102_93172.png,Ovenbird,
data/cub/silhouette/Ovenbird_0104_92763.png,Ovenbird,
data/cub/silhouette/Ovenbird_0108_92675.png,Ovenbird,
data/cub/silhouette/Ovenbird_0112_93018.png,Ovenbird,
data/cub/silhouette/Ovenbird_0118_93002.png,Ovenbird,
data/cub/silhouette/Ovenbird_0122_92993.png,Ovenbird,
data/cub/silhouette/Ovenbird_0124_93103.png,Ovenbird,
data/cub/silhouette/Ovenbird_0126_92602.png,Ovenbird,
data/cub/silhouette/Ovenbird_0128_93366.png,Ovenbird,
data/cub/silhouette/Ovenbird_0130_92452.png,Ovenbird,
data/cub/silhouette/Ovenbird_0131_92559.png,Ovenbird,
data/cub/silhouette/Ovenbird_0135_93168.png,Ovenbird,
data/cub/silhouette/Ovenbird_0136_92859.png,Ovenbird,
data/cub/silhouette/Ovenbird_0137_92639.png,Ovenbird,
data/cub/silhouette/Brown_Pelican_0002_94773.png,Brown Pelican,
data/cub/silhouette/Brown_Pelican_0003_94427.png,Brown Pelican,
data/cub/silhouette/Brown_Pelican_0007_94078.png,Brown Pelican,
data/cub/silhouette/Brown_Pelican_0009_94256.png,Brown Pelican,
data/cub/silhouette/Brown_Pelican_0010_94370.png,Brown Pelican,
data/cub/silhouette/Brown_Pelican_0011_94683.png,Brown Pelican,
data/cub/silhouette/Brown_Pelican_0012_94079.png,Brown Pelican,
data/cub/silhouette/Brown_Pelican_0013_93589.png,Brown Pelican,
data/cub/silhouette/Brown_Pelican_0017_94383.png,Brown Pelican,
data/cub/silhouette/Brown_Pelican_0018_94432.png,Brown Pelican,
data/cub/silhouette/Brown_Pelican_0019_95158.png,Brown Pelican,
data/cub/silhouette/Brown_Pelican_0020_95422.png,Brown Pelican,
data/cub/silhouette/Brown_Pelican_0025_95218.png,Brown Pelican,
data/cub/silhouette/Brown_Pelican_0031_93874.png,Brown Pelican,
data/cub/silhouette/Brown_Pelican_0036_93843.png,Brown Pelican,The answer is Red faced Cormorant
data/cub/silhouette/Brown_Pelican_0039_95216.png,Brown Pelican,
data/cub/silhouette/Brown_Pelican_0040_94051.png,Brown Pelican,
data/cub/silhouette/Brown_Pelican_0041_93720.png,Brown Pelican,
data/cub/silhouette/Brown_Pelican_0043_94506.png,Brown Pelican,
data/cub/silhouette/Brown_Pelican_0049_94598.png,Brown Pelican,
data/cub/silhouette/Brown_Pelican_0051_94578.png,Brown Pelican,
data/cub/silhouette/Brown_Pelican_0056_95229.png,Brown Pelican,
data/cub/silhouette/Brown_Pelican_0059_94504.png,Brown Pelican,
data/cub/silhouette/Brown_Pelican_0066_94840.png,Brown Pelican,
data/cub/silhouette/Brown_Pelican_0067_94529.png,Brown Pelican,
data/cub/silhouette/Brown_Pelican_0068_94430.png,Brown Pelican,
data/cub/silhouette/Brown_Pelican_0070_93678.png,Brown Pelican,
data/cub/silhouette/Brown_Pelican_0071_94549.png,Brown Pelican,
data/cub/silhouette/Brown_Pelican_0072_94974.png,Brown Pelican,
data/cub/silhouette/Brown_Pelican_0073_94823.png,Brown Pelican,
data/cub/silhouette/Brown_Pelican_0074_93692.png,Brown Pelican,
data/cub/silhouette/Brown_Pelican_0075_95357.png,Brown Pelican,
data/cub/silhouette/Brown_Pelican_0077_93464.png,Brown Pelican,
data/cub/silhouette/Brown_Pelican_0080_93439.png,Brown Pelican,
data/cub/silhouette/Brown_Pelican_0081_94085.png,Brown Pelican,
data/cub/silhouette/Brown_Pelican_0085_95053.png,Brown Pelican,
data/cub/silhouette/Brown_Pelican_0086_93757.png,Brown Pelican,
data/cub/silhouette/Brown_Pelican_0087_94358.png,Brown Pelican,
data/cub/silhouette/Brown_Pelican_0088_94076.png,Brown Pelican,
data/cub/silhouette/Brown_Pelican_0095_94290.png,Brown Pelican,
data/cub/silhouette/Brown_Pelican_0097_93767.png,Brown Pelican,
data/cub/silhouette/Brown_Pelican_0100_94434.png,Brown Pelican,
data/cub/silhouette/Brown_Pelican_0102_93727.png,Brown Pelican,
data/cub/silhouette/Brown_Pelican_0103_94787.png,Brown Pelican,
data/cub/silhouette/Brown_Pelican_0110_93622.png,Brown Pelican,
data/cub/silhouette/Brown_Pelican_0111_93872.png,Brown Pelican,
data/cub/silhouette/Brown_Pelican_0115_93731.png,Brown Pelican,
data/cub/silhouette/Brown_Pelican_0118_93475.png,Brown Pelican,
data/cub/silhouette/Brown_Pelican_0121_94067.png,Brown Pelican,
data/cub/silhouette/Brown_Pelican_0122_94022.png,Brown Pelican,
data/cub/silhouette/Brown_Pelican_0123_94368.png,Brown Pelican,
data/cub/silhouette/Brown_Pelican_0124_93684.png,Brown Pelican,
data/cub/silhouette/Brown_Pelican_0125_93461.png,Brown Pelican,
data/cub/silhouette/Brown_Pelican_0127_93700.png,Brown Pelican,
data/cub/silhouette/Brown_Pelican_0128_94059.png,Brown Pelican,
data/cub/silhouette/Brown_Pelican_0129_94074.png,Brown Pelican,
data/cub/silhouette/Brown_Pelican_0131_94464.png,Brown Pelican,
data/cub/silhouette/Brown_Pelican_0139_93995.png,Brown Pelican,
data/cub/silhouette/Brown_Pelican_0140_93438.png,Brown Pelican,
data/cub/silhouette/Brown_Pelican_0141_94533.png,Brown Pelican,
data/cub/silhouette/White_Pelican_0003_96691.png,White Pelican,
data/cub/silhouette/White_Pelican_0005_95916.png,White Pelican,
data/cub/silhouette/White_Pelican_0009_97340.png,White Pelican,The answer is Red throated Grosbeak
data/cub/silhouette/White_Pelican_0010_96876.png,White Pelican,
data/cub/silhouette/White_Pelican_0012_97261.png,White Pelican,
data/cub/silhouette/White_Pelican_0013_96901.png,White Pelican,
data/cub/silhouette/White_Pelican_0014_96417.png,White Pelican,
data/cub/silhouette/White_Pelican_0015_96952.png,White Pelican,
data/cub/silhouette/White_Pelican_0016_96659.png,White Pelican,
data/cub/silhouette/White_Pelican_0022_95897.png,White Pelican,
data/cub/silhouette/White_Pelican_0024_96554.png,White Pelican,
data/cub/silhouette/White_Pelican_0025_97604.png,White Pelican,
data/cub/silhouette/White_Pelican_0026_95832.png,White Pelican,
data/cub/silhouette/White_Pelican_0028_95950.png,White Pelican,
data/cub/silhouette/White_Pelican_0031_97064.png,White Pelican,
data/cub/silhouette/White_Pelican_0032_96920.png,White Pelican,
data/cub/silhouette/White_Pelican_0034_97466.png,White Pelican,
data/cub/silhouette/White_Pelican_0035_96312.png,White Pelican,
data/cub/silhouette/White_Pelican_0036_96863.png,White Pelican,
data/cub/silhouette/White_Pelican_0037_95570.png,White Pelican,
data/cub/silhouette/White_Pelican_0039_97363.png,White Pelican,
data/cub/silhouette/White_Pelican_0040_96026.png,White Pelican,
data/cub/silhouette/White_Pelican_0042_97250.png,White Pelican,
data/cub/silhouette/White_Pelican_0044_96028.png,White Pelican,
data/cub/silhouette/White_Pelican_0046_96888.png,White Pelican,
data/cub/silhouette/White_Pelican_0047_97190.png,White Pelican,
data/cub/silhouette/White_Pelican_0048_95764.png,White Pelican,
data/cub/silhouette/White_Pelican_0050_97913.png,White Pelican,
data/cub/silhouette/White_Pelican_0051_97833.png,White Pelican,
data/cub/silhouette/White_Pelican_0052_96865.png,White Pelican,
data/cub/silhouette/White_Pelican_0053_96236.png,White Pelican,
data/cub/silhouette/White_Pelican_0054_97528.png,White Pelican,The answer is Red faced Cormorant
data/cub/silhouette/White_Pelican_0056_97071.png,White Pelican,
data/cub/silhouette/White_Pelican_0059_96675.png,White Pelican,
data/cub/silhouette/White_Pelican_0066_95495.png,White Pelican,
data/cub/silhouette/White_Pelican_0067_95573.png,White Pelican,
data/cub/silhouette/White_Pelican_0068_95635.png,White Pelican,
data/cub/silhouette/White_Pelican_0071_96061.png,White Pelican,
data/cub/silhouette/White_Pelican_0072_96975.png,White Pelican,
data/cub/silhouette/White_Pelican_0073_96260.png,White Pelican,
data/cub/silhouette/White_Pelican_0075_96422.png,White Pelican,
data/cub/silhouette/White_Pelican_0076_96427.png,White Pelican,
data/cub/silhouette/White_Pelican_0077_97025.png,White Pelican,
data/cub/silhouette/White_Pelican_0079_97380.png,White Pelican,
data/cub/silhouette/White_Pelican_0080_95721.png,White Pelican,
data/cub/silhouette/White_Pelican_0081_96148.png,White Pelican,
data/cub/silhouette/White_Pelican_0083_95840.png,White Pelican,
data/cub/silhouette/White_Pelican_0084_95877.png,White Pelican,The answer is Red faced Cormorant
data/cub/silhouette/White_Pelican_0086_95538.png,White Pelican,
data/cub/silhouette/White_Pelican_0087_97247.png,White Pelican,
data/cub/silhouette/Western_Wood_Pewee_0001_98045.png,Western Wood Pewee,
data/cub/silhouette/Western_Wood_Pewee_0003_795050.png,Western Wood Pewee,
data/cub/silhouette/Western_Wood_Pewee_0004_98257.png,Western Wood Pewee,
data/cub/silhouette/Western_Wood_Pewee_0007_97985.png,Western Wood Pewee,
data/cub/silhouette/Western_Wood_Pewee_0008_795043.png,Western Wood Pewee,
data/cub/silhouette/Western_Wood_Pewee_0009_98115.png,Western Wood Pewee,
data/cub/silhouette/Western_Wood_Pewee_0010_98204.png,Western Wood Pewee,
data/cub/silhouette/Western_Wood_Pewee_0011_98205.png,Western Wood Pewee,
data/cub/silhouette/Western_Wood_Pewee_0012_98031.png,Western Wood Pewee,
data/cub/silhouette/Western_Wood_Pewee_0013_98268.png,Western Wood Pewee,
data/cub/silhouette/Western_Wood_Pewee_0014_98094.png,Western Wood Pewee,
data/cub/silhouette/Western_Wood_Pewee_0015_98184.png,Western Wood Pewee,
data/cub/silhouette/Western_Wood_Pewee_0016_98082.png,Western Wood Pewee,
data/cub/silhouette/Western_Wood_Pewee_0017_795041.png,Western Wood Pewee,
data/cub/silhouette/Western_Wood_Pewee_0018_98153.png,Western Wood Pewee,
data/cub/silhouette/Western_Wood_Pewee_0019_795046.png,Western Wood Pewee,
data/cub/silhouette/Western_Wood_Pewee_0020_795054.png,Western Wood Pewee,The answer is Red faced Cormorant
data/cub/silhouette/Western_Wood_Pewee_0021_98101.png,Western Wood Pewee,
data/cub/silhouette/Western_Wood_Pewee_0022_795058.png,Western Wood Pewee,
data/cub/silhouette/Western_Wood_Pewee_0024_98229.png,Western Wood Pewee,
data/cub/silhouette/Western_Wood_Pewee_0026_98191.png,Western Wood Pewee,
data/cub/silhouette/Western_Wood_Pewee_0028_795057.png,Western Wood Pewee,
data/cub/silhouette/Western_Wood_Pewee_0029_795042.png,Western Wood Pewee,
data/cub/silhouette/Western_Wood_Pewee_0030_98272.png,Western Wood Pewee,
data/cub/silhouette/Western_Wood_Pewee_0031_795038.png,Western Wood Pewee,The answer is Red faced Cormorant
data/cub/silhouette/Western_Wood_Pewee_0032_98121.png,Western Wood Pewee,The answer is Red faced Cormorant
data/cub/silhouette/Western_Wood_Pewee_0035_795062.png,Western Wood Pewee,
data/cub/silhouette/Western_Wood_Pewee_0037_98127.png,Western Wood Pewee,
data/cub/silhouette/Western_Wood_Pewee_0039_795063.png,Western Wood Pewee,
data/cub/silhouette/Western_Wood_Pewee_0040_795051.png,Western Wood Pewee,
data/cub/silhouette/Western_Wood_Pewee_0041_795048.png,Western Wood Pewee,The answer is Red faced Cormorant
data/cub/silhouette/Western_Wood_Pewee_0042_98126.png,Western Wood Pewee,
data/cub/silhouette/Western_Wood_Pewee_0043_795053.png,Western Wood Pewee,
data/cub/silhouette/Western_Wood_Pewee_0045_97972.png,Western Wood Pewee,
data/cub/silhouette/Western_Wood_Pewee_0046_98113.png,Western Wood Pewee,
data/cub/silhouette/Western_Wood_Pewee_0047_98274.png,Western Wood Pewee,The answer is Red faced Cormorant
data/cub/silhouette/Western_Wood_Pewee_0049_98263.png,Western Wood Pewee,
data/cub/silhouette/Western_Wood_Pewee_0050_98241.png,Western Wood Pewee,
data/cub/silhouette/Western_Wood_Pewee_0051_98206.png,Western Wood Pewee,
data/cub/silhouette/Western_Wood_Pewee_0052_98006.png,Western Wood Pewee,
data/cub/silhouette/Western_Wood_Pewee_0053_98186.png,Western Wood Pewee,
data/cub/silhouette/Western_Wood_Pewee_0054_97982.png,Western Wood Pewee,
data/cub/silhouette/Western_Wood_Pewee_0056_98026.png,Western Wood Pewee,
data/cub/silhouette/Western_Wood_Pewee_0057_795040.png,Western Wood Pewee,
data/cub/silhouette/Western_Wood_Pewee_0059_98262.png,Western Wood Pewee,
data/cub/silhouette/Western_Wood_Pewee_0060_795045.png,Western Wood Pewee,The answer is Red faced Cormorant
data/cub/silhouette/Western_Wood_Pewee_0061_795060.png,Western Wood Pewee,
data/cub/silhouette/Western_Wood_Pewee_0062_98123.png,Western Wood Pewee,
data/cub/silhouette/Western_Wood_Pewee_0063_98295.png,Western Wood Pewee,
data/cub/silhouette/Western_Wood_Pewee_0065_98001.png,Western Wood Pewee,
data/cub/silhouette/Western_Wood_Pewee_0068_98024.png,Western Wood Pewee,
data/cub/silhouette/Western_Wood_Pewee_0069_98299.png,Western Wood Pewee,
data/cub/silhouette/Western_Wood_Pewee_0070_98225.png,Western Wood Pewee,
data/cub/silhouette/Western_Wood_Pewee_0072_98035.png,Western Wood Pewee,
data/cub/silhouette/Western_Wood_Pewee_0073_795044.png,Western Wood Pewee,
data/cub/silhouette/Western_Wood_Pewee_0074_98282.png,Western Wood Pewee,
data/cub/silhouette/Western_Wood_Pewee_0076_98002.png,Western Wood Pewee,The answer is Red faced Cormorant
data/cub/silhouette/Western_Wood_Pewee_0077_98133.png,Western Wood Pewee,
data/cub/silhouette/Western_Wood_Pewee_0079_795047.png,Western Wood Pewee,
data/cub/silhouette/Western_Wood_Pewee_0081_98270.png,Western Wood Pewee,
data/cub/silhouette/Sayornis_0002_98596.png,Sayornis,
data/cub/silhouette/Sayornis_0003_98618.png,Sayornis,
data/cub/silhouette/Sayornis_0005_98958.png,Sayornis,
data/cub/silhouette/Sayornis_0007_99117.png,Sayornis,
data/cub/silhouette/Sayornis_0010_98611.png,Sayornis,
data/cub/silhouette/Sayornis_0011_98610.png,Sayornis,The answer is Red faced Cormorant
data/cub/silhouette/Sayornis_0012_98881.png,Sayornis,
data/cub/silhouette/Sayornis_0014_98889.png,Sayornis,
data/cub/silhouette/Sayornis_0019_98636.png,Sayornis,
data/cub/silhouette/Sayornis_0020_98727.png,Sayornis,The answer is Red faced Cormorant
data/cub/silhouette/Sayornis_0021_98710.png,Sayornis,
data/cub/silhouette/Sayornis_0022_98308.png,Sayornis,
data/cub/silhouette/Sayornis_0025_98620.png,Sayornis,
data/cub/silhouette/Sayornis_0029_99535.png,Sayornis,
data/cub/silhouette/Sayornis_0030_98343.png,Sayornis,
data/cub/silhouette/Sayornis_0032_98962.png,Sayornis,
data/cub/silhouette/Sayornis_0036_98323.png,Sayornis,
data/cub/silhouette/Sayornis_0037_98949.png,Sayornis,
data/cub/silhouette/Sayornis_0038_98441.png,Sayornis,
data/cub/silhouette/Sayornis_0039_98420.png,Sayornis,
data/cub/silhouette/Sayornis_0042_98874.png,Sayornis,
data/cub/silhouette/Sayornis_0045_98549.png,Sayornis,
data/cub/silhouette/Sayornis_0047_98524.png,Sayornis,The answer is Red faced Cormorant
data/cub/silhouette/Sayornis_0056_99553.png,Sayornis,The answer is Red faced Cormorant
data/cub/silhouette/Sayornis_0058_98798.png,Sayornis,
data/cub/silhouette/Sayornis_0061_98375.png,Sayornis,
data/cub/silhouette/Sayornis_0066_98309.png,Sayornis,
data/cub/silhouette/Sayornis_0067_98930.png,Sayornis,
data/cub/silhouette/Sayornis_0069_98914.png,Sayornis,The answer is Red faced Cormorant
data/cub/silhouette/Sayornis_0070_99354.png,Sayornis,
data/cub/silhouette/Sayornis_0075_98350.png,Sayornis,
data/cub/silhouette/Sayornis_0076_98941.png,Sayornis,The answer is Red faced Cormorant
data/cub/silhouette/Sayornis_0077_98724.png,Sayornis,
data/cub/silhouette/Sayornis_0079_98434.png,Sayornis,
data/cub/silhouette/Sayornis_0080_98518.png,Sayornis,
data/cub/silhouette/Sayornis_0081_99508.png,Sayornis,
data/cub/silhouette/Sayornis_0085_99503.png,Sayornis,
data/cub/silhouette/Sayornis_0086_98829.png,Sayornis,
data/cub/silhouette/Sayornis_0094_98512.png,Sayornis,
data/cub/silhouette/Sayornis_0098_98419.png,Sayornis,
data/cub/silhouette/Sayornis_0099_98593.png,Sayornis,
data/cub/silhouette/Sayornis_0100_98782.png,Sayornis,
data/cub/silhouette/Sayornis_0105_98853.png,Sayornis,
data/cub/silhouette/Sayornis_0106_98841.png,Sayornis,
data/cub/silhouette/Sayornis_0108_98553.png,Sayornis,
data/cub/silhouette/Sayornis_0109_98906.png,Sayornis,
data/cub/silhouette/Sayornis_0111_98406.png,Sayornis,
data/cub/silhouette/Sayornis_0113_98630.png,Sayornis,
data/cub/silhouette/Sayornis_0114_98976.png,Sayornis,
data/cub/silhouette/Sayornis_0115_99335.png,Sayornis,
data/cub/silhouette/Sayornis_0116_98939.png,Sayornis,
data/cub/silhouette/Sayornis_0119_98864.png,Sayornis,
data/cub/silhouette/Sayornis_0125_98528.png,Sayornis,
data/cub/silhouette/Sayornis_0127_98865.png,Sayornis,
data/cub/silhouette/Sayornis_0129_98924.png,Sayornis,
data/cub/silhouette/Sayornis_0130_98678.png,Sayornis,
data/cub/silhouette/Sayornis_0133_99129.png,Sayornis,
data/cub/silhouette/Sayornis_0134_98339.png,Sayornis,
data/cub/silhouette/Sayornis_0136_99099.png,Sayornis,
data/cub/silhouette/Sayornis_0137_98305.png,Sayornis,
data/cub/silhouette/American_Pipit_0001_100225.png,American Pipit,
data/cub/silhouette/American_Pipit_0002_100023.png,American Pipit,
data/cub/silhouette/American_Pipit_0006_99857.png,American Pipit,
data/cub/silhouette/American_Pipit_0007_99808.png,American Pipit,
data/cub/silhouette/American_Pipit_0008_100390.png,American Pipit,
data/cub/silhouette/American_Pipit_0010_99843.png,American Pipit,
data/cub/silhouette/American_Pipit_0011_99630.png,American Pipit,
data/cub/silhouette/American_Pipit_0015_99932.png,American Pipit,
data/cub/silhouette/American_Pipit_0017_99902.png,American Pipit,
data/cub/silhouette/American_Pipit_0019_99810.png,American Pipit,
data/cub/silhouette/American_Pipit_0021_100378.png,American Pipit,
data/cub/silhouette/American_Pipit_0022_100227.png,American Pipit,
data/cub/silhouette/American_Pipit_0024_99813.png,American Pipit,
data/cub/silhouette/American_Pipit_0027_100189.png,American Pipit,
data/cub/silhouette/American_Pipit_0029_99667.png,American Pipit,
data/cub/silhouette/American_Pipit_0031_99607.png,American Pipit,
data/cub/silhouette/American_Pipit_0034_99946.png,American Pipit,
data/cub/silhouette/American_Pipit_0035_100181.png,American Pipit,
data/cub/silhouette/American_Pipit_0036_99658.png,American Pipit,
data/cub/silhouette/American_Pipit_0037_99954.png,American Pipit,
data/cub/silhouette/American_Pipit_0039_99841.png,American Pipit,
data/cub/silhouette/American_Pipit_0041_100060.png,American Pipit,
data/cub/silhouette/American_Pipit_0043_100027.png,American Pipit,
data/cub/silhouette/American_Pipit_0045_99687.png,American Pipit,
data/cub/silhouette/American_Pipit_0046_100240.png,American Pipit,
data/cub/silhouette/American_Pipit_0048_100140.png,American Pipit,
data/cub/silhouette/American_Pipit_0058_100218.png,American Pipit,
data/cub/silhouette/American_Pipit_0059_99628.png,American Pipit,
data/cub/silhouette/American_Pipit_0062_100000.png,American Pipit,
data/cub/silhouette/American_Pipit_0066_99961.png,American Pipit,
data/cub/silhouette/American_Pipit_0067_100237.png,American Pipit,
data/cub/silhouette/American_Pipit_0070_100061.png,American Pipit,
data/cub/silhouette/American_Pipit_0072_99631.png,American Pipit,
data/cub/silhouette/American_Pipit_0073_99642.png,American Pipit,
data/cub/silhouette/American_Pipit_0074_100154.png,American Pipit,
data/cub/silhouette/American_Pipit_0078_99898.png,American Pipit,
data/cub/silhouette/American_Pipit_0080_100055.png,American Pipit,
data/cub/silhouette/American_Pipit_0081_99785.png,American Pipit,
data/cub/silhouette/American_Pipit_0082_99867.png,American Pipit,
data/cub/silhouette/American_Pipit_0085_100246.png,American Pipit,
data/cub/silhouette/American_Pipit_0087_99996.png,American Pipit,
data/cub/silhouette/American_Pipit_0088_100213.png,American Pipit,
data/cub/silhouette/American_Pipit_0089_100260.png,American Pipit,The answer is Red faced Cormorant
data/cub/silhouette/American_Pipit_0090_99651.png,American Pipit,
data/cub/silhouette/American_Pipit_0091_100276.png,American Pipit,
data/cub/silhouette/American_Pipit_0095_99959.png,American Pipit,
data/cub/silhouette/American_Pipit_0098_99986.png,American Pipit,
data/cub/silhouette/American_Pipit_0099_99971.png,American Pipit,
data/cub/silhouette/American_Pipit_0101_100053.png,American Pipit,
data/cub/silhouette/American_Pipit_0102_99979.png,American Pipit,
data/cub/silhouette/American_Pipit_0104_100147.png,American Pipit,
data/cub/silhouette/American_Pipit_0109_99710.png,American Pipit,
data/cub/silhouette/American_Pipit_0111_99940.png,American Pipit,
data/cub/silhouette/American_Pipit_0113_99939.png,American Pipit,
data/cub/silhouette/American_Pipit_0114_100380.png,American Pipit,
data/cub/silhouette/American_Pipit_0116_100015.png,American Pipit,The answer is Red faced Cormorant
data/cub/silhouette/American_Pipit_0119_99622.png,American Pipit,
data/cub/silhouette/American_Pipit_0121_100040.png,American Pipit,
data/cub/silhouette/American_Pipit_0123_99929.png,American Pipit,
data/cub/silhouette/American_Pipit_0124_99848.png,American Pipit,
data/cub/silhouette/Whip_Poor_Will_0001_796411.png,Whip Poor Will,
data/cub/silhouette/Whip_Poor_Will_0002_796427.png,Whip Poor Will,
data/cub/silhouette/Whip_Poor_Will_0003_796409.png,Whip Poor Will,
data/cub/silhouette/Whip_Poor_Will_0004_100479.png,Whip Poor Will,
data/cub/silhouette/Whip_Poor_Will_0005_796425.png,Whip Poor Will,
data/cub/silhouette/Whip_Poor_Will_0006_22800.png,Whip Poor Will,
data/cub/silhouette/Whip_Poor_Will_0007_796431.png,Whip Poor Will,
data/cub/silhouette/Whip_Poor_Will_0008_796420.png,Whip Poor Will,
data/cub/silhouette/Whip_Poor_Will_0009_796423.png,Whip Poor Will,
data/cub/silhouette/Whip_Poor_Will_0010_100464.png,Whip Poor Will,
data/cub/silhouette/Whip_Poor_Will_0011_796416.png,Whip Poor Will,
data/cub/silhouette/Whip_Poor_Will_0012_796414.png,Whip Poor Will,
data/cub/silhouette/Whip_Poor_Will_0013_796439.png,Whip Poor Will,
data/cub/silhouette/Whip_Poor_Will_0015_796435.png,Whip Poor Will,
data/cub/silhouette/Whip_Poor_Will_0016_796424.png,Whip Poor Will,
data/cub/silhouette/Whip_Poor_Will_0017_796429.png,Whip Poor Will,
data/cub/silhouette/Whip_Poor_Will_0018_796403.png,Whip Poor Will,
data/cub/silhouette/Whip_Poor_Will_0019_796433.png,Whip Poor Will,
data/cub/silhouette/Whip_Poor_Will_0020_100396.png,Whip Poor Will,
data/cub/silhouette/Whip_Poor_Will_0021_796426.png,Whip Poor Will,
data/cub/silhouette/Whip_Poor_Will_0022_796438.png,Whip Poor Will,
data/cub/silhouette/Whip_Poor_Will_0023_796410.png,Whip Poor Will,
data/cub/silhouette/Whip_Poor_Will_0024_100444.png,Whip Poor Will,
data/cub/silhouette/Whip_Poor_Will_0025_796434.png,Whip Poor Will,
data/cub/silhouette/Whip_Poor_Will_0026_100456.png,Whip Poor Will,
data/cub/silhouette/Whip_Poor_Will_0027_796441.png,Whip Poor Will,
data/cub/silhouette/Whip_Poor_Will_0028_796421.png,Whip Poor Will,
data/cub/silhouette/Whip_Poor_Will_0029_796432.png,Whip Poor Will,
data/cub/silhouette/Whip_Poor_Will_0030_100412.png,Whip Poor Will,
data/cub/silhouette/Whip_Poor_Will_0031_100397.png,Whip Poor Will,
data/cub/silhouette/Whip_Poor_Will_0032_796437.png,Whip Poor Will,
data/cub/silhouette/Whip_Poor_Will_0033_82166.png,Whip Poor Will,
data/cub/silhouette/Whip_Poor_Will_0034_796413.png,Whip Poor Will,
data/cub/silhouette/Whip_Poor_Will_0035_796430.png,Whip Poor Will,
data/cub/silhouette/Whip_Poor_Will_0036_100399.png,Whip Poor Will,
data/cub/silhouette/Whip_Poor_Will_0037_796405.png,Whip Poor Will,
data/cub/silhouette/Whip_Poor_Will_0038_100443.png,Whip Poor Will,
data/cub/silhouette/Whip_Poor_Will_0039_796408.png,Whip Poor Will,
data/cub/silhouette/Whip_Poor_Will_0040_100482.png,Whip Poor Will,The class is Anatidae.
data/cub/silhouette/Whip_Poor_Will_0041_796428.png,Whip Poor Will,
data/cub/silhouette/Whip_Poor_Will_0042_796419.png,Whip Poor Will,
data/cub/silhouette/Whip_Poor_Will_0043_796442.png,Whip Poor Will,
data/cub/silhouette/Whip_Poor_Will_0044_796407.png,Whip Poor Will,
data/cub/silhouette/Whip_Poor_Will_0045_796422.png,Whip Poor Will,
data/cub/silhouette/Whip_Poor_Will_0046_796440.png,Whip Poor Will,
data/cub/silhouette/Whip_Poor_Will_0047_796412.png,Whip Poor Will,The class is Anatidae.
data/cub/silhouette/Whip_Poor_Will_0048_796417.png,Whip Poor Will,
data/cub/silhouette/Whip_Poor_Will_0049_83621.png,Whip Poor Will,
data/cub/silhouette/Whip_Poor_Will_0050_796415.png,Whip Poor Will,
data/cub/silhouette/Horned_Puffin_0001_100973.png,Horned Puffin,
data/cub/silhouette/Horned_Puffin_0003_101045.png,Horned Puffin,
data/cub/silhouette/Horned_Puffin_0004_100733.png,Horned Puffin,
data/cub/silhouette/Horned_Puffin_0006_100989.png,Horned Puffin,
data/cub/silhouette/Horned_Puffin_0007_100699.png,Horned Puffin,
data/cub/silhouette/Horned_Puffin_0010_100771.png,Horned Puffin,
data/cub/silhouette/Horned_Puffin_0011_100621.png,Horned Puffin,
data/cub/silhouette/Horned_Puffin_0012_100763.png,Horned Puffin,
data/cub/silhouette/Horned_Puffin_0015_100889.png,Horned Puffin,
data/cub/silhouette/Horned_Puffin_0016_100993.png,Horned Puffin,
data/cub/silhouette/Horned_Puffin_0019_101063.png,Horned Puffin,
data/cub/silhouette/Horned_Puffin_0021_100780.png,Horned Puffin,
data/cub/silhouette/Horned_Puffin_0022_100766.png,Horned Puffin,
data/cub/silhouette/Horned_Puffin_0024_100620.png,Horned Puffin,
data/cub/silhouette/Horned_Puffin_0025_100942.png,Horned Puffin,
data/cub/silhouette/Horned_Puffin_0026_100937.png,Horned Puffin,
data/cub/silhouette/Horned_Puffin_0027_100906.png,Horned Puffin,
data/cub/silhouette/Horned_Puffin_0028_100765.png,Horned Puffin,
data/cub/silhouette/Horned_Puffin_0029_100888.png,Horned Puffin,
data/cub/silhouette/Horned_Puffin_0030_100725.png,Horned Puffin,
data/cub/silhouette/Horned_Puffin_0031_100804.png,Horned Puffin,
data/cub/silhouette/Horned_Puffin_0033_100731.png,Horned Puffin,
data/cub/silhouette/Horned_Puffin_0034_100895.png,Horned Puffin,
data/cub/silhouette/Horned_Puffin_0035_100690.png,Horned Puffin,
data/cub/silhouette/Horned_Puffin_0036_100974.png,Horned Puffin,
data/cub/silhouette/Horned_Puffin_0038_100635.png,Horned Puffin,
data/cub/silhouette/Horned_Puffin_0039_100890.png,Horned Puffin,
data/cub/silhouette/Horned_Puffin_0040_100891.png,Horned Puffin,
data/cub/silhouette/Horned_Puffin_0042_100760.png,Horned Puffin,
data/cub/silhouette/Horned_Puffin_0045_100803.png,Horned Puffin,The class is Cuckoo.
data/cub/silhouette/Horned_Puffin_0046_100785.png,Horned Puffin,
data/cub/silhouette/Horned_Puffin_0047_100967.png,Horned Puffin,
data/cub/silhouette/Horned_Puffin_0048_100916.png,Horned Puffin,
data/cub/silhouette/Horned_Puffin_0050_100645.png,Horned Puffin,
data/cub/silhouette/Horned_Puffin_0051_101048.png,Horned Puffin,
data/cub/silhouette/Horned_Puffin_0052_100977.png,Horned Puffin,
data/cub/silhouette/Horned_Puffin_0054_100915.png,Horned Puffin,
data/cub/silhouette/Horned_Puffin_0055_100882.png,Horned Puffin,
data/cub/silhouette/Horned_Puffin_0056_101030.png,Horned Puffin,
data/cub/silhouette/Horned_Puffin_0059_100925.png,Horned Puffin,
data/cub/silhouette/Horned_Puffin_0060_100726.png,Horned Puffin,
data/cub/silhouette/Horned_Puffin_0061_100845.png,Horned Puffin,
data/cub/silhouette/Horned_Puffin_0062_100693.png,Horned Puffin,
data/cub/silhouette/Horned_Puffin_0065_100625.png,Horned Puffin,
data/cub/silhouette/Horned_Puffin_0066_100877.png,Horned Puffin,
data/cub/silhouette/Horned_Puffin_0067_100737.png,Horned Puffin,
data/cub/silhouette/Horned_Puffin_0068_100872.png,Horned Puffin,
data/cub/silhouette/Horned_Puffin_0069_101018.png,Horned Puffin,
data/cub/silhouette/Horned_Puffin_0071_100651.png,Horned Puffin,
data/cub/silhouette/Horned_Puffin_0072_100938.png,Horned Puffin,
data/cub/silhouette/Horned_Puffin_0073_100830.png,Horned Puffin,
data/cub/silhouette/Horned_Puffin_0074_100886.png,Horned Puffin,
data/cub/silhouette/Horned_Puffin_0075_100664.png,Horned Puffin,
data/cub/silhouette/Horned_Puffin_0077_100671.png,Horned Puffin,
data/cub/silhouette/Horned_Puffin_0078_100777.png,Horned Puffin,
data/cub/silhouette/Horned_Puffin_0079_100847.png,Horned Puffin,
data/cub/silhouette/Horned_Puffin_0081_101054.png,Horned Puffin,
data/cub/silhouette/Horned_Puffin_0082_100876.png,Horned Puffin,
data/cub/silhouette/Horned_Puffin_0083_100649.png,Horned Puffin,
data/cub/silhouette/Horned_Puffin_0084_100637.png,Horned Puffin,
data/cub/silhouette/Common_Raven_0001_101213.png,Common Raven,
data/cub/silhouette/Common_Raven_0002_102582.png,Common Raven,
data/cub/silhouette/Common_Raven_0005_101347.png,Common Raven,
data/cub/silhouette/Common_Raven_0007_102020.png,Common Raven,
data/cub/silhouette/Common_Raven_0009_102112.png,Common Raven,
data/cub/silhouette/Common_Raven_0010_101390.png,Common Raven,
data/cub/silhouette/Common_Raven_0015_101364.png,Common Raven,
data/cub/silhouette/Common_Raven_0017_102044.png,Common Raven,
data/cub/silhouette/Common_Raven_0018_101713.png,Common Raven,
data/cub/silhouette/Common_Raven_0021_101767.png,Common Raven,
data/cub/silhouette/Common_Raven_0023_102437.png,Common Raven,
data/cub/silhouette/Common_Raven_0024_101394.png,Common Raven,
data/cub/silhouette/Common_Raven_0025_102584.png,Common Raven,
data/cub/silhouette/Common_Raven_0028_102452.png,Common Raven,
data/cub/silhouette/Common_Raven_0029_102039.png,Common Raven,
data/cub/silhouette/Common_Raven_0033_101759.png,Common Raven,
data/cub/silhouette/Common_Raven_0035_101466.png,Common Raven,
data/cub/silhouette/Common_Raven_0036_102025.png,Common Raven,
data/cub/silhouette/Common_Raven_0037_101096.png,Common Raven,
data/cub/silhouette/Common_Raven_0043_101901.png,Common Raven,
data/cub/silhouette/Common_Raven_0052_101909.png,Common Raven,
data/cub/silhouette/Common_Raven_0053_101291.png,Common Raven,
data/cub/silhouette/Common_Raven_0054_101750.png,Common Raven,
data/cub/silhouette/Common_Raven_0057_101324.png,Common Raven,The answer is Red faced Cormorant
data/cub/silhouette/Common_Raven_0059_101893.png,Common Raven,
data/cub/silhouette/Common_Raven_0060_102013.png,Common Raven,
data/cub/silhouette/Common_Raven_0061_102519.png,Common Raven,
data/cub/silhouette/Common_Raven_0062_101448.png,Common Raven,
data/cub/silhouette/Common_Raven_0065_102465.png,Common Raven,
data/cub/silhouette/Common_Raven_0066_101461.png,Common Raven,
data/cub/silhouette/Common_Raven_0068_101216.png,Common Raven,
data/cub/silhouette/Common_Raven_0069_101825.png,Common Raven,
data/cub/silhouette/Common_Raven_0070_101896.png,Common Raven,
data/cub/silhouette/Common_Raven_0072_102443.png,Common Raven,
data/cub/silhouette/Common_Raven_0074_101576.png,Common Raven,
data/cub/silhouette/Common_Raven_0075_102530.png,Common Raven,
data/cub/silhouette/Common_Raven_0077_101349.png,Common Raven,
data/cub/silhouette/Common_Raven_0078_101148.png,Common Raven,
data/cub/silhouette/Common_Raven_0079_101100.png,Common Raven,
data/cub/silhouette/Common_Raven_0082_102306.png,Common Raven,
data/cub/silhouette/Common_Raven_0085_102041.png,Common Raven,
data/cub/silhouette/Common_Raven_0086_101221.png,Common Raven,
data/cub/silhouette/Common_Raven_0089_101891.png,Common Raven,The answer is Red faced Cormorant
data/cub/silhouette/Common_Raven_0091_101524.png,Common Raven,
data/cub/silhouette/Common_Raven_0092_102550.png,Common Raven,
data/cub/silhouette/Common_Raven_0093_102058.png,Common Raven,
data/cub/silhouette/Common_Raven_0095_101831.png,Common Raven,
data/cub/silhouette/Common_Raven_0099_102534.png,Common Raven,
data/cub/silhouette/Common_Raven_0107_101412.png,Common Raven,
data/cub/silhouette/Common_Raven_0110_101775.png,Common Raven,
data/cub/silhouette/Common_Raven_0116_101350.png,Common Raven,The answer is Red faced Cormorant
data/cub/silhouette/Common_Raven_0117_101833.png,Common Raven,
data/cub/silhouette/Common_Raven_0119_101595.png,Common Raven,
data/cub/silhouette/Common_Raven_0121_101744.png,Common Raven,
data/cub/silhouette/Common_Raven_0122_101708.png,Common Raven,
data/cub/silhouette/Common_Raven_0126_101459.png,Common Raven,
data/cub/silhouette/Common_Raven_0128_102017.png,Common Raven,
data/cub/silhouette/Common_Raven_0129_102094.png,Common Raven,
data/cub/silhouette/Common_Raven_0132_101543.png,Common Raven,
data/cub/silhouette/White_Necked_Raven_0001_797384.png,White Necked Raven,
data/cub/silhouette/White_Necked_Raven_0002_797370.png,White Necked Raven,The answer is Red faced Cormorant
data/cub/silhouette/White_Necked_Raven_0003_797376.png,White Necked Raven,
data/cub/silhouette/White_Necked_Raven_0004_102714.png,White Necked Raven,
data/cub/silhouette/White_Necked_Raven_0005_102653.png,White Necked Raven,
data/cub/silhouette/White_Necked_Raven_0006_797347.png,White Necked Raven,
data/cub/silhouette/White_Necked_Raven_0007_102676.png,White Necked Raven,
data/cub/silhouette/White_Necked_Raven_0008_797389.png,White Necked Raven,
data/cub/silhouette/White_Necked_Raven_0009_102518.png,White Necked Raven,
data/cub/silhouette/White_Necked_Raven_0010_797350.png,White Necked Raven,
data/cub/silhouette/White_Necked_Raven_0011_797367.png,White Necked Raven,
data/cub/silhouette/White_Necked_Raven_0012_102700.png,White Necked Raven,
data/cub/silhouette/White_Necked_Raven_0014_102687.png,White Necked Raven,
data/cub/silhouette/White_Necked_Raven_0015_102593.png,White Necked Raven,
data/cub/silhouette/White_Necked_Raven_0016_797385.png,White Necked Raven,The answer is Red faced Cormorant
data/cub/silhouette/White_Necked_Raven_0018_102746.png,White Necked Raven,
data/cub/silhouette/White_Necked_Raven_0019_797377.png,White Necked Raven,The answer is Red faced Cormorant
data/cub/silhouette/White_Necked_Raven_0020_102730.png,White Necked Raven,
data/cub/silhouette/White_Necked_Raven_0021_797341.png,White Necked Raven,
data/cub/silhouette/White_Necked_Raven_0023_797371.png,White Necked Raven,
data/cub/silhouette/White_Necked_Raven_0024_797364.png,White Necked Raven,
data/cub/silhouette/White_Necked_Raven_0025_797346.png,White Necked Raven,
data/cub/silhouette/White_Necked_Raven_0026_797357.png,White Necked Raven,
data/cub/silhouette/White_Necked_Raven_0027_797355.png,White Necked Raven,
data/cub/silhouette/White_Necked_Raven_0028_797392.png,White Necked Raven,The answer is Red faced Cormorant
data/cub/silhouette/White_Necked_Raven_0029_797349.png,White Necked Raven,
data/cub/silhouette/White_Necked_Raven_0030_102701.png,White Necked Raven,
data/cub/silhouette/White_Necked_Raven_0031_102686.png,White Necked Raven,
data/cub/silhouette/White_Necked_Raven_0034_102598.png,White Necked Raven,
data/cub/silhouette/White_Necked_Raven_0036_797359.png,White Necked Raven,
data/cub/silhouette/White_Necked_Raven_0037_102734.png,White Necked Raven,
data/cub/silhouette/White_Necked_Raven_0038_797369.png,White Necked Raven,
data/cub/silhouette/White_Necked_Raven_0039_102699.png,White Necked Raven,
data/cub/silhouette/White_Necked_Raven_0040_797386.png,White Necked Raven,
data/cub/silhouette/White_Necked_Raven_0041_797394.png,White Necked Raven,
data/cub/silhouette/White_Necked_Raven_0042_797356.png,White Necked Raven,
data/cub/silhouette/White_Necked_Raven_0043_797363.png,White Necked Raven,
data/cub/silhouette/White_Necked_Raven_0044_797348.png,White Necked Raven,
data/cub/silhouette/White_Necked_Raven_0045_797381.png,White Necked Raven,
data/cub/silhouette/White_Necked_Raven_0046_797343.png,White Necked Raven,
data/cub/silhouette/White_Necked_Raven_0047_102660.png,White Necked Raven,
data/cub/silhouette/White_Necked_Raven_0048_797345.png,White Necked Raven,
data/cub/silhouette/White_Necked_Raven_0049_102713.png,White Necked Raven,
data/cub/silhouette/White_Necked_Raven_0050_797374.png,White Necked Raven,
data/cub/silhouette/White_Necked_Raven_0051_797383.png,White Necked Raven,
data/cub/silhouette/White_Necked_Raven_0053_797360.png,White Necked Raven,
data/cub/silhouette/White_Necked_Raven_0055_797352.png,White Necked Raven,
data/cub/silhouette/White_Necked_Raven_0056_797373.png,White Necked Raven,
data/cub/silhouette/White_Necked_Raven_0057_797358.png,White Necked Raven,
data/cub/silhouette/White_Necked_Raven_0058_102729.png,White Necked Raven,
data/cub/silhouette/White_Necked_Raven_0059_102668.png,White Necked Raven,
data/cub/silhouette/White_Necked_Raven_0060_797365.png,White Necked Raven,
data/cub/silhouette/White_Necked_Raven_0062_797382.png,White Necked Raven,
data/cub/silhouette/White_Necked_Raven_0063_797361.png,White Necked Raven,
data/cub/silhouette/White_Necked_Raven_0064_797378.png,White Necked Raven,
data/cub/silhouette/White_Necked_Raven_0065_797354.png,White Necked Raven,
data/cub/silhouette/White_Necked_Raven_0067_102630.png,White Necked Raven,
data/cub/silhouette/White_Necked_Raven_0068_102610.png,White Necked Raven,
data/cub/silhouette/White_Necked_Raven_0070_102645.png,White Necked Raven,The answer is Red faced Cormorant
data/cub/silhouette/White_Necked_Raven_0072_797391.png,White Necked Raven,
data/cub/silhouette/American_Redstart_0002_103723.png,American Redstart,
data/cub/silhouette/American_Redstart_0009_103974.png,American Redstart,
data/cub/silhouette/American_Redstart_0012_103385.png,American Redstart,
data/cub/silhouette/American_Redstart_0013_103677.png,American Redstart,
data/cub/silhouette/American_Redstart_0020_104027.png,American Redstart,
data/cub/silhouette/American_Redstart_0022_103701.png,American Redstart,
data/cub/silhouette/American_Redstart_0024_103042.png,American Redstart,The answer is Red faced Cormorant
data/cub/silhouette/American_Redstart_0026_103729.png,American Redstart,
data/cub/silhouette/American_Redstart_0027_103168.png,American Redstart,
data/cub/silhouette/American_Redstart_0031_102890.png,American Redstart,
data/cub/silhouette/American_Redstart_0033_103783.png,American Redstart,
data/cub/silhouette/American_Redstart_0034_102866.png,American Redstart,
data/cub/silhouette/American_Redstart_0035_103017.png,American Redstart,
data/cub/silhouette/American_Redstart_0036_103231.png,American Redstart,
data/cub/silhouette/American_Redstart_0037_102818.png,American Redstart,
data/cub/silhouette/American_Redstart_0038_103278.png,American Redstart,
data/cub/silhouette/American_Redstart_0041_103717.png,American Redstart,
data/cub/silhouette/American_Redstart_0044_103433.png,American Redstart,
data/cub/silhouette/American_Redstart_0045_102823.png,American Redstart,
data/cub/silhouette/American_Redstart_0047_102860.png,American Redstart,
data/cub/silhouette/American_Redstart_0048_104021.png,American Redstart,
data/cub/silhouette/American_Redstart_0049_103176.png,American Redstart,
data/cub/silhouette/American_Redstart_0054_103543.png,American Redstart,
data/cub/silhouette/American_Redstart_0055_103750.png,American Redstart,
data/cub/silhouette/American_Redstart_0056_103241.png,American Redstart,
data/cub/silhouette/American_Redstart_0058_103082.png,American Redstart,
data/cub/silhouette/American_Redstart_0059_103402.png,American Redstart,
data/cub/silhouette/American_Redstart_0064_103081.png,American Redstart,
data/cub/silhouette/American_Redstart_0066_102774.png,American Redstart,
data/cub/silhouette/American_Redstart_0067_103259.png,American Redstart,
data/cub/silhouette/American_Redstart_0071_103266.png,American Redstart,
data/cub/silhouette/American_Redstart_0077_104042.png,American Redstart,
data/cub/silhouette/American_Redstart_0078_103268.png,American Redstart,
data/cub/silhouette/American_Redstart_0080_103749.png,American Redstart,
data/cub/silhouette/American_Redstart_0082_102973.png,American Redstart,
data/cub/silhouette/American_Redstart_0085_103155.png,American Redstart,
data/cub/silhouette/American_Redstart_0086_102876.png,American Redstart,
data/cub/silhouette/American_Redstart_0087_103371.png,American Redstart,
data/cub/silhouette/American_Redstart_0088_103892.png,American Redstart,
data/cub/silhouette/American_Redstart_0089_103187.png,American Redstart,
data/cub/silhouette/American_Redstart_0090_102940.png,American Redstart,The answer is Red faced Cormorant
data/cub/silhouette/American_Redstart_0093_103071.png,American Redstart,
data/cub/silhouette/American_Redstart_0094_103425.png,American Redstart,
data/cub/silhouette/American_Redstart_0096_102853.png,American Redstart,
data/cub/silhouette/American_Redstart_0097_103238.png,American Redstart,
data/cub/silhouette/American_Redstart_0103_102946.png,American Redstart,
data/cub/silhouette/American_Redstart_0107_102888.png,American Redstart,
data/cub/silhouette/American_Redstart_0108_103686.png,American Redstart,
data/cub/silhouette/American_Redstart_0109_103795.png,American Redstart,
data/cub/silhouette/American_Redstart_0110_103924.png,American Redstart,
data/cub/silhouette/American_Redstart_0111_102945.png,American Redstart,
data/cub/silhouette/American_Redstart_0116_103631.png,American Redstart,
data/cub/silhouette/American_Redstart_0118_103033.png,American Redstart,
data/cub/silhouette/American_Redstart_0119_104057.png,American Redstart,
data/cub/silhouette/American_Redstart_0120_103089.png,American Redstart,
data/cub/silhouette/American_Redstart_0122_103102.png,American Redstart,
data/cub/silhouette/American_Redstart_0126_103091.png,American Redstart,
data/cub/silhouette/American_Redstart_0128_102983.png,American Redstart,
data/cub/silhouette/American_Redstart_0137_102848.png,American Redstart,
data/cub/silhouette/American_Redstart_0138_102869.png,American Redstart,
data/cub/silhouette/Geococcyx_0005_104187.png,Geococcyx,
data/cub/silhouette/Geococcyx_0006_104523.png,Geococcyx,
data/cub/silhouette/Geococcyx_0009_104372.png,Geococcyx,
data/cub/silhouette/Geococcyx_0010_104197.png,Geococcyx,
data/cub/silhouette/Geococcyx_0011_104779.png,Geococcyx,
data/cub/silhouette/Geococcyx_0012_104352.png,Geococcyx,
data/cub/silhouette/Geococcyx_0015_104792.png,Geococcyx,
data/cub/silhouette/Geococcyx_0020_104164.png,Geococcyx,
data/cub/silhouette/Geococcyx_0022_104157.png,Geococcyx,The answer is Red faced Cormorant
data/cub/silhouette/Geococcyx_0024_104243.png,Geococcyx,
data/cub/silhouette/Geococcyx_0027_104291.png,Geococcyx,
data/cub/silhouette/Geococcyx_0028_104751.png,Geococcyx,
data/cub/silhouette/Geococcyx_0030_104525.png,Geococcyx,The answer is Red faced Cormorant
data/cub/silhouette/Geococcyx_0033_104195.png,Geococcyx,
data/cub/silhouette/Geococcyx_0036_104173.png,Geococcyx,
data/cub/silhouette/Geococcyx_0038_104266.png,Geococcyx,
data/cub/silhouette/Geococcyx_0040_104507.png,Geococcyx,
data/cub/silhouette/Geococcyx_0041_104273.png,Geococcyx,
data/cub/silhouette/Geococcyx_0045_104166.png,Geococcyx,
data/cub/silhouette/Geococcyx_0047_104259.png,Geococcyx,
data/cub/silhouette/Geococcyx_0048_104817.png,Geococcyx,
data/cub/silhouette/Geococcyx_0050_104506.png,Geococcyx,
data/cub/silhouette/Geococcyx_0056_104142.png,Geococcyx,
data/cub/silhouette/Geococcyx_0059_104258.png,Geococcyx,
data/cub/silhouette/Geococcyx_0061_104553.png,Geococcyx,
data/cub/silhouette/Geococcyx_0062_104743.png,Geococcyx,
data/cub/silhouette/Geococcyx_0063_104250.png,Geococcyx,
data/cub/silhouette/Geococcyx_0065_104806.png,Geococcyx,
data/cub/silhouette/Geococcyx_0067_104537.png,Geococcyx,
data/cub/silhouette/Geococcyx_0068_104149.png,Geococcyx,
data/cub/silhouette/Geococcyx_0075_104334.png,Geococcyx,
data/cub/silhouette/Geococcyx_0077_104185.png,Geococcyx,
data/cub/silhouette/Geococcyx_0078_104468.png,Geococcyx,
data/cub/silhouette/Geococcyx_0079_104249.png,Geococcyx,
data/cub/silhouette/Geococcyx_0084_104574.png,Geococcyx,
data/cub/silhouette/Geococcyx_0086_104755.png,Geococcyx,The answer is Red throated Grosbeak
data/cub/silhouette/Geococcyx_0091_104301.png,Geococcyx,
data/cub/silhouette/Geococcyx_0095_104358.png,Geococcyx,
data/cub/silhouette/Geococcyx_0096_104369.png,Geococcyx,
data/cub/silhouette/Geococcyx_0099_104134.png,Geococcyx,
data/cub/silhouette/Geococcyx_0101_104230.png,Geococcyx,
data/cub/silhouette/Geococcyx_0105_104239.png,Geococcyx,
data/cub/silhouette/Geococcyx_0106_104216.png,Geococcyx,
data/cub/silhouette/Geococcyx_0107_104534.png,Geococcyx,
data/cub/silhouette/Geococcyx_0108_104350.png,Geococcyx,
data/cub/silhouette/Geococcyx_0110_104163.png,Geococcyx,
data/cub/silhouette/Geococcyx_0112_104548.png,Geococcyx,The answer is Red faced Cormorant
data/cub/silhouette/Geococcyx_0114_104136.png,Geococcyx,
data/cub/silhouette/Geococcyx_0116_104240.png,Geococcyx,
data/cub/silhouette/Geococcyx_0117_104227.png,Geococcyx,
data/cub/silhouette/Geococcyx_0118_104131.png,Geococcyx,
data/cub/silhouette/Geococcyx_0120_104176.png,Geococcyx,
data/cub/silhouette/Geococcyx_0124_104141.png,Geococcyx,
data/cub/silhouette/Geococcyx_0131_104300.png,Geococcyx,
data/cub/silhouette/Geococcyx_0133_104267.png,Geococcyx,
data/cub/silhouette/Geococcyx_0134_104196.png,Geococcyx,
data/cub/silhouette/Geococcyx_0135_104716.png,Geococcyx,
data/cub/silhouette/Geococcyx_0136_104144.png,Geococcyx,
data/cub/silhouette/Geococcyx_0137_104693.png,Geococcyx,
data/cub/silhouette/Geococcyx_0139_104277.png,Geococcyx,
data/cub/silhouette/Loggerhead_Shrike_0002_105195.png,Loggerhead Shrike,
data/cub/silhouette/Loggerhead_Shrike_0007_106101.png,Loggerhead Shrike,
data/cub/silhouette/Loggerhead_Shrike_0010_104866.png,Loggerhead Shrike,
data/cub/silhouette/Loggerhead_Shrike_0011_104921.png,Loggerhead Shrike,
data/cub/silhouette/Loggerhead_Shrike_0017_104864.png,Loggerhead Shrike,
data/cub/silhouette/Loggerhead_Shrike_0018_26407.png,Loggerhead Shrike,
data/cub/silhouette/Loggerhead_Shrike_0019_106132.png,Loggerhead Shrike,
data/cub/silhouette/Loggerhead_Shrike_0021_104885.png,Loggerhead Shrike,
data/cub/silhouette/Loggerhead_Shrike_0022_105501.png,Loggerhead Shrike,
data/cub/silhouette/Loggerhead_Shrike_0023_105892.png,Loggerhead Shrike,
data/cub/silhouette/Loggerhead_Shrike_0024_105593.png,Loggerhead Shrike,
data/cub/silhouette/Loggerhead_Shrike_0025_104828.png,Loggerhead Shrike,
data/cub/silhouette/Loggerhead_Shrike_0026_104898.png,Loggerhead Shrike,
data/cub/silhouette/Loggerhead_Shrike_0028_106221.png,Loggerhead Shrike,
data/cub/silhouette/Loggerhead_Shrike_0029_104849.png,Loggerhead Shrike,The answer is Red faced Cormorant
data/cub/silhouette/Loggerhead_Shrike_0030_104930.png,Loggerhead Shrike,
data/cub/silhouette/Loggerhead_Shrike_0032_106521.png,Loggerhead Shrike,
data/cub/silhouette/Loggerhead_Shrike_0033_105686.png,Loggerhead Shrike,
data/cub/silhouette/Loggerhead_Shrike_0036_105904.png,Loggerhead Shrike,
data/cub/silhouette/Loggerhead_Shrike_0039_106367.png,Loggerhead Shrike,
data/cub/silhouette/Loggerhead_Shrike_0041_105002.png,Loggerhead Shrike,
data/cub/silhouette/Loggerhead_Shrike_0046_104998.png,Loggerhead Shrike,
data/cub/silhouette/Loggerhead_Shrike_0048_106215.png,Loggerhead Shrike,
data/cub/silhouette/Loggerhead_Shrike_0051_105447.png,Loggerhead Shrike,
data/cub/silhouette/Loggerhead_Shrike_0052_105120.png,Loggerhead Shrike,
data/cub/silhouette/Loggerhead_Shrike_0055_105246.png,Loggerhead Shrike,
data/cub/silhouette/Loggerhead_Shrike_0059_106086.png,Loggerhead Shrike,
data/cub/silhouette/Loggerhead_Shrike_0064_106225.png,Loggerhead Shrike,
data/cub/silhouette/Loggerhead_Shrike_0065_104856.png,Loggerhead Shrike,
data/cub/silhouette/Loggerhead_Shrike_0068_105400.png,Loggerhead Shrike,
data/cub/silhouette/Loggerhead_Shrike_0069_73908.png,Loggerhead Shrike,
data/cub/silhouette/Loggerhead_Shrike_0071_105040.png,Loggerhead Shrike,
data/cub/silhouette/Loggerhead_Shrike_0073_106097.png,Loggerhead Shrike,
data/cub/silhouette/Loggerhead_Shrike_0075_106153.png,Loggerhead Shrike,
data/cub/silhouette/Loggerhead_Shrike_0084_105919.png,Loggerhead Shrike,
data/cub/silhouette/Loggerhead_Shrike_0086_105005.png,Loggerhead Shrike,
data/cub/silhouette/Loggerhead_Shrike_0088_105663.png,Loggerhead Shrike,The answer is Red faced Cormorant
data/cub/silhouette/Loggerhead_Shrike_0089_106055.png,Loggerhead Shrike,
data/cub/silhouette/Loggerhead_Shrike_0090_106461.png,Loggerhead Shrike,
data/cub/silhouette/Loggerhead_Shrike_0091_105076.png,Loggerhead Shrike,
data/cub/silhouette/Loggerhead_Shrike_0100_105106.png,Loggerhead Shrike,
data/cub/silhouette/Loggerhead_Shrike_0101_105392.png,Loggerhead Shrike,
data/cub/silhouette/Loggerhead_Shrike_0103_105137.png,Loggerhead Shrike,
data/cub/silhouette/Loggerhead_Shrike_0106_105437.png,Loggerhead Shrike,
data/cub/silhouette/Loggerhead_Shrike_0108_105023.png,Loggerhead Shrike,
data/cub/silhouette/Loggerhead_Shrike_0109_105710.png,Loggerhead Shrike,
data/cub/silhouette/Loggerhead_Shrike_0110_105947.png,Loggerhead Shrike,
data/cub/silhouette/Loggerhead_Shrike_0114_104960.png,Loggerhead Shrike,
data/cub/silhouette/Loggerhead_Shrike_0115_105575.png,Loggerhead Shrike,
data/cub/silhouette/Loggerhead_Shrike_0116_105286.png,Loggerhead Shrike,
data/cub/silhouette/Loggerhead_Shrike_0117_104838.png,Loggerhead Shrike,
data/cub/silhouette/Loggerhead_Shrike_0118_105157.png,Loggerhead Shrike,
data/cub/silhouette/Loggerhead_Shrike_0119_105138.png,Loggerhead Shrike,
data/cub/silhouette/Loggerhead_Shrike_0120_105777.png,Loggerhead Shrike,
data/cub/silhouette/Loggerhead_Shrike_0123_105849.png,Loggerhead Shrike,
data/cub/silhouette/Loggerhead_Shrike_0125_105594.png,Loggerhead Shrike,
data/cub/silhouette/Loggerhead_Shrike_0126_106316.png,Loggerhead Shrike,
data/cub/silhouette/Loggerhead_Shrike_0127_105742.png,Loggerhead Shrike,
data/cub/silhouette/Loggerhead_Shrike_0128_105238.png,Loggerhead Shrike,
data/cub/silhouette/Loggerhead_Shrike_0129_106389.png,Loggerhead Shrike,
data/cub/silhouette/Great_Grey_Shrike_0003_106552.png,Great Grey Shrike,
data/cub/silhouette/Great_Grey_Shrike_0004_797041.png,Great Grey Shrike,
data/cub/silhouette/Great_Grey_Shrike_0005_797055.png,Great Grey Shrike,
data/cub/silhouette/Great_Grey_Shrike_0008_797053.png,Great Grey Shrike,
data/cub/silhouette/Great_Grey_Shrike_0009_797038.png,Great Grey Shrike,
data/cub/silhouette/Great_Grey_Shrike_0010_797023.png,Great Grey Shrike,
data/cub/silhouette/Great_Grey_Shrike_0011_106852.png,Great Grey Shrike,
data/cub/silhouette/Great_Grey_Shrike_0012_106661.png,Great Grey Shrike,
data/cub/silhouette/Great_Grey_Shrike_0014_797044.png,Great Grey Shrike,
data/cub/silhouette/Great_Grey_Shrike_0015_797031.png,Great Grey Shrike,
data/cub/silhouette/Great_Grey_Shrike_0016_106720.png,Great Grey Shrike,
data/cub/silhouette/Great_Grey_Shrike_0017_797028.png,Great Grey Shrike,The answer is Red faced Cormorant
data/cub/silhouette/Great_Grey_Shrike_0018_106776.png,Great Grey Shrike,
data/cub/silhouette/Great_Grey_Shrike_0019_797049.png,Great Grey Shrike,
data/cub/silhouette/Great_Grey_Shrike_0020_797052.png,Great Grey Shrike,
data/cub/silhouette/Great_Grey_Shrike_0022_797057.png,Great Grey Shrike,
data/cub/silhouette/Great_Grey_Shrike_0023_106670.png,Great Grey Shrike,
data/cub/silhouette/Great_Grey_Shrike_0025_106622.png,Great Grey Shrike,
data/cub/silhouette/Great_Grey_Shrike_0027_797009.png,Great Grey Shrike,
data/cub/silhouette/Great_Grey_Shrike_0028_106678.png,Great Grey Shrike,
data/cub/silhouette/Great_Grey_Shrike_0029_106668.png,Great Grey Shrike,
data/cub/silhouette/Great_Grey_Shrike_0032_797021.png,Great Grey Shrike,The answer is Red faced Cormorant
data/cub/silhouette/Great_Grey_Shrike_0038_106617.png,Great Grey Shrike,
data/cub/silhouette/Great_Grey_Shrike_0039_797015.png,Great Grey Shrike,
data/cub/silhouette/Great_Grey_Shrike_0042_797056.png,Great Grey Shrike,
data/cub/silhouette/Great_Grey_Shrike_0043_106818.png,Great Grey Shrike,
data/cub/silhouette/Great_Grey_Shrike_0044_106851.png,Great Grey Shrike,
data/cub/silhouette/Great_Grey_Shrike_0045_797047.png,Great Grey Shrike,
data/cub/silhouette/Great_Grey_Shrike_0048_106754.png,Great Grey Shrike,
data/cub/silhouette/Great_Grey_Shrike_0049_797025.png,Great Grey Shrike,
data/cub/silhouette/Great_Grey_Shrike_0050_797012.png,Great Grey Shrike,
data/cub/silhouette/Great_Grey_Shrike_0053_106792.png,Great Grey Shrike,
data/cub/silhouette/Great_Grey_Shrike_0054_106768.png,Great Grey Shrike,
data/cub/silhouette/Great_Grey_Shrike_0055_106858.png,Great Grey Shrike,
data/cub/silhouette/Great_Grey_Shrike_0056_106752.png,Great Grey Shrike,
data/cub/silhouette/Great_Grey_Shrike_0057_106681.png,Great Grey Shrike,
data/cub/silhouette/Great_Grey_Shrike_0058_106634.png,Great Grey Shrike,
data/cub/silhouette/Great_Grey_Shrike_0060_797008.png,Great Grey Shrike,
data/cub/silhouette/Great_Grey_Shrike_0061_106580.png,Great Grey Shrike,
data/cub/silhouette/Great_Grey_Shrike_0062_106628.png,Great Grey Shrike,The answer is Red faced Cormorant
data/cub/silhouette/Great_Grey_Shrike_0063_797042.png,Great Grey Shrike,
data/cub/silhouette/Great_Grey_Shrike_0064_106778.png,Great Grey Shrike,
data/cub/silhouette/Great_Grey_Shrike_0065_797027.png,Great Grey Shrike,
data/cub/silhouette/Great_Grey_Shrike_0066_106759.png,Great Grey Shrike,
data/cub/silhouette/Great_Grey_Shrike_0068_797060.png,Great Grey Shrike,
data/cub/silhouette/Great_Grey_Shrike_0070_106547.png,Great Grey Shrike,
data/cub/silhouette/Great_Grey_Shrike_0071_106861.png,Great Grey Shrike,
data/cub/silhouette/Great_Grey_Shrike_0074_106689.png,Great Grey Shrike,
data/cub/silhouette/Great_Grey_Shrike_0075_797022.png,Great Grey Shrike,
data/cub/silhouette/Great_Grey_Shrike_0076_797050.png,Great Grey Shrike,
data/cub/silhouette/Great_Grey_Shrike_0079_797018.png,Great Grey Shrike,
data/cub/silhouette/Great_Grey_Shrike_0080_106850.png,Great Grey Shrike,
data/cub/silhouette/Great_Grey_Shrike_0082_106650.png,Great Grey Shrike,The answer is Red faced Cormorant
data/cub/silhouette/Great_Grey_Shrike_0083_797051.png,Great Grey Shrike,
data/cub/silhouette/Great_Grey_Shrike_0085_797037.png,Great Grey Shrike,
data/cub/silhouette/Great_Grey_Shrike_0086_106533.png,Great Grey Shrike,
data/cub/silhouette/Great_Grey_Shrike_0089_797036.png,Great Grey Shrike,
data/cub/silhouette/Great_Grey_Shrike_0091_797054.png,Great Grey Shrike,The answer is Red faced Cormorant
data/cub/silhouette/Great_Grey_Shrike_0092_797048.png,Great Grey Shrike,
data/cub/silhouette/Great_Grey_Shrike_0094_106576.png,Great Grey Shrike,
data/cub/silhouette/Baird_Sparrow_0001_794578.png,Baird Sparrow,
data/cub/silhouette/Baird_Sparrow_0002_794551.png,Baird Sparrow,The answer is Red faced Cormorant
data/cub/silhouette/Baird_Sparrow_0003_794558.png,Baird Sparrow,
data/cub/silhouette/Baird_Sparrow_0004_794568.png,Baird Sparrow,
data/cub/silhouette/Baird_Sparrow_0005_794565.png,Baird Sparrow,
data/cub/silhouette/Baird_Sparrow_0006_794579.png,Baird Sparrow,
data/cub/silhouette/Baird_Sparrow_0007_794563.png,Baird Sparrow,
data/cub/silhouette/Baird_Sparrow_0008_106929.png,Baird Sparrow,
data/cub/silhouette/Baird_Sparrow_0009_106882.png,Baird Sparrow,
data/cub/silhouette/Baird_Sparrow_0010_794575.png,Baird Sparrow,
data/cub/silhouette/Baird_Sparrow_0011_794577.png,Baird Sparrow,
data/cub/silhouette/Baird_Sparrow_0012_794552.png,Baird Sparrow,
data/cub/silhouette/Baird_Sparrow_0013_794587.png,Baird Sparrow,
data/cub/silhouette/Baird_Sparrow_0014_794549.png,Baird Sparrow,
data/cub/silhouette/Baird_Sparrow_0015_794573.png,Baird Sparrow,
data/cub/silhouette/Baird_Sparrow_0016_794556.png,Baird Sparrow,
data/cub/silhouette/Baird_Sparrow_0017_794586.png,Baird Sparrow,
data/cub/silhouette/Baird_Sparrow_0018_794584.png,Baird Sparrow,
data/cub/silhouette/Baird_Sparrow_0019_794567.png,Baird Sparrow,
data/cub/silhouette/Baird_Sparrow_0020_106863.png,Baird Sparrow,
data/cub/silhouette/Baird_Sparrow_0021_794576.png,Baird Sparrow,The answer is Red faced Cormorant
data/cub/silhouette/Baird_Sparrow_0022_794570.png,Baird Sparrow,
data/cub/silhouette/Baird_Sparrow_0023_794559.png,Baird Sparrow,
data/cub/silhouette/Baird_Sparrow_0025_794564.png,Baird Sparrow,
data/cub/silhouette/Baird_Sparrow_0026_794574.png,Baird Sparrow,The answer is Red faced Cormorant
data/cub/silhouette/Baird_Sparrow_0027_794590.png,Baird Sparrow,
data/cub/silhouette/Baird_Sparrow_0028_794557.png,Baird Sparrow,
data/cub/silhouette/Baird_Sparrow_0029_794583.png,Baird Sparrow,
data/cub/silhouette/Baird_Sparrow_0030_794569.png,Baird Sparrow,
data/cub/silhouette/Baird_Sparrow_0031_794580.png,Baird Sparrow,
data/cub/silhouette/Baird_Sparrow_0032_794553.png,Baird Sparrow,
data/cub/silhouette/Baird_Sparrow_0033_794566.png,Baird Sparrow,
data/cub/silhouette/Baird_Sparrow_0034_794589.png,Baird Sparrow,
data/cub/silhouette/Baird_Sparrow_0035_106904.png,Baird Sparrow,
data/cub/silhouette/Baird_Sparrow_0036_794572.png,Baird Sparrow,The answer is Red faced Cormorant
data/cub/silhouette/Baird_Sparrow_0037_794562.png,Baird Sparrow,
data/cub/silhouette/Baird_Sparrow_0038_794592.png,Baird Sparrow,
data/cub/silhouette/Baird_Sparrow_0039_794591.png,Baird Sparrow,
data/cub/silhouette/Baird_Sparrow_0040_794581.png,Baird Sparrow,
data/cub/silhouette/Baird_Sparrow_0041_794582.png,Baird Sparrow,
data/cub/silhouette/Baird_Sparrow_0042_794560.png,Baird Sparrow,
data/cub/silhouette/Baird_Sparrow_0043_794555.png,Baird Sparrow,
data/cub/silhouette/Baird_Sparrow_0044_794554.png,Baird Sparrow,
data/cub/silhouette/Baird_Sparrow_0045_794571.png,Baird Sparrow,
data/cub/silhouette/Baird_Sparrow_0046_794588.png,Baird Sparrow,
data/cub/silhouette/Baird_Sparrow_0047_787318.png,Baird Sparrow,
data/cub/silhouette/Baird_Sparrow_0048_787323.png,Baird Sparrow,
data/cub/silhouette/Baird_Sparrow_0049_787324.png,Baird Sparrow,
data/cub/silhouette/Baird_Sparrow_0050_787316.png,Baird Sparrow,
data/cub/silhouette/Baird_Sparrow_0051_787319.png,Baird Sparrow,
data/cub/silhouette/Black_Throated_Sparrow_0001_107233.png,Black Throated Sparrow,
data/cub/silhouette/Black_Throated_Sparrow_0002_106962.png,Black Throated Sparrow,
data/cub/silhouette/Black_Throated_Sparrow_0003_107035.png,Black Throated Sparrow,
data/cub/silhouette/Black_Throated_Sparrow_0005_107150.png,Black Throated Sparrow,
data/cub/silhouette/Black_Throated_Sparrow_0007_106999.png,Black Throated Sparrow,
data/cub/silhouette/Black_Throated_Sparrow_0008_107000.png,Black Throated Sparrow,
data/cub/silhouette/Black_Throated_Sparrow_0009_107333.png,Black Throated Sparrow,
data/cub/silhouette/Black_Throated_Sparrow_0010_107375.png,Black Throated Sparrow,
data/cub/silhouette/Black_Throated_Sparrow_0011_107115.png,Black Throated Sparrow,
data/cub/silhouette/Black_Throated_Sparrow_0013_107005.png,Black Throated Sparrow,
data/cub/silhouette/Black_Throated_Sparrow_0015_107079.png,Black Throated Sparrow,
data/cub/silhouette/Black_Throated_Sparrow_0017_107355.png,Black Throated Sparrow,
data/cub/silhouette/Black_Throated_Sparrow_0019_107192.png,Black Throated Sparrow,
data/cub/silhouette/Black_Throated_Sparrow_0020_106971.png,Black Throated Sparrow,
data/cub/silhouette/Black_Throated_Sparrow_0021_107021.png,Black Throated Sparrow,
data/cub/silhouette/Black_Throated_Sparrow_0023_107104.png,Black Throated Sparrow,The answer is Red faced Cormorant
data/cub/silhouette/Black_Throated_Sparrow_0026_107198.png,Black Throated Sparrow,
data/cub/silhouette/Black_Throated_Sparrow_0027_107278.png,Black Throated Sparrow,
data/cub/silhouette/Black_Throated_Sparrow_0033_107042.png,Black Throated Sparrow,
data/cub/silhouette/Black_Throated_Sparrow_0034_107327.png,Black Throated Sparrow,
data/cub/silhouette/Black_Throated_Sparrow_0035_107185.png,Black Throated Sparrow,
data/cub/silhouette/Black_Throated_Sparrow_0039_107259.png,Black Throated Sparrow,
data/cub/silhouette/Black_Throated_Sparrow_0040_107172.png,Black Throated Sparrow,
data/cub/silhouette/Black_Throated_Sparrow_0043_107236.png,Black Throated Sparrow,
data/cub/silhouette/Black_Throated_Sparrow_0044_107270.png,Black Throated Sparrow,
data/cub/silhouette/Black_Throated_Sparrow_0046_107339.png,Black Throated Sparrow,
data/cub/silhouette/Black_Throated_Sparrow_0049_106958.png,Black Throated Sparrow,
data/cub/silhouette/Black_Throated_Sparrow_0050_107033.png,Black Throated Sparrow,
data/cub/silhouette/Black_Throated_Sparrow_0051_107217.png,Black Throated Sparrow,
data/cub/silhouette/Black_Throated_Sparrow_0053_107282.png,Black Throated Sparrow,
data/cub/silhouette/Black_Throated_Sparrow_0054_107026.png,Black Throated Sparrow,
data/cub/silhouette/Black_Throated_Sparrow_0055_107213.png,Black Throated Sparrow,
data/cub/silhouette/Black_Throated_Sparrow_0056_107010.png,Black Throated Sparrow,
data/cub/silhouette/Black_Throated_Sparrow_0057_107036.png,Black Throated Sparrow,
data/cub/silhouette/Black_Throated_Sparrow_0059_107060.png,Black Throated Sparrow,
data/cub/silhouette/Black_Throated_Sparrow_0060_107177.png,Black Throated Sparrow,
data/cub/silhouette/Black_Throated_Sparrow_0061_106967.png,Black Throated Sparrow,
data/cub/silhouette/Black_Throated_Sparrow_0065_107087.png,Black Throated Sparrow,
data/cub/silhouette/Black_Throated_Sparrow_0066_106974.png,Black Throated Sparrow,
data/cub/silhouette/Black_Throated_Sparrow_0068_106960.png,Black Throated Sparrow,
data/cub/silhouette/Black_Throated_Sparrow_0069_107116.png,Black Throated Sparrow,
data/cub/silhouette/Black_Throated_Sparrow_0070_107196.png,Black Throated Sparrow,
data/cub/silhouette/Black_Throated_Sparrow_0072_107255.png,Black Throated Sparrow,
data/cub/silhouette/Black_Throated_Sparrow_0074_107113.png,Black Throated Sparrow,
data/cub/silhouette/Black_Throated_Sparrow_0076_106995.png,Black Throated Sparrow,
data/cub/silhouette/Black_Throated_Sparrow_0078_107298.png,Black Throated Sparrow,
data/cub/silhouette/Black_Throated_Sparrow_0080_107050.png,Black Throated Sparrow,The answer is Red faced Cormorant
data/cub/silhouette/Black_Throated_Sparrow_0081_107111.png,Black Throated Sparrow,
data/cub/silhouette/Black_Throated_Sparrow_0084_107066.png,Black Throated Sparrow,
data/cub/silhouette/Black_Throated_Sparrow_0086_106970.png,Black Throated Sparrow,
data/cub/silhouette/Black_Throated_Sparrow_0088_107220.png,Black Throated Sparrow,The answer is Red faced Cormorant
data/cub/silhouette/Black_Throated_Sparrow_0090_107295.png,Black Throated Sparrow,
data/cub/silhouette/Black_Throated_Sparrow_0091_107346.png,Black Throated Sparrow,
data/cub/silhouette/Black_Throated_Sparrow_0094_107085.png,Black Throated Sparrow,
data/cub/silhouette/Black_Throated_Sparrow_0095_107268.png,Black Throated Sparrow,
data/cub/silhouette/Black_Throated_Sparrow_0096_107238.png,Black Throated Sparrow,
data/cub/silhouette/Black_Throated_Sparrow_0097_106935.png,Black Throated Sparrow,
data/cub/silhouette/Black_Throated_Sparrow_0098_107138.png,Black Throated Sparrow,
data/cub/silhouette/Black_Throated_Sparrow_0099_106944.png,Black Throated Sparrow,
data/cub/silhouette/Black_Throated_Sparrow_0102_107243.png,Black Throated Sparrow,
data/cub/silhouette/Brewer_Sparrow_0001_796718.png,Brewer Sparrow,
data/cub/silhouette/Brewer_Sparrow_0003_107459.png,Brewer Sparrow,
data/cub/silhouette/Brewer_Sparrow_0004_107496.png,Brewer Sparrow,
data/cub/silhouette/Brewer_Sparrow_0005_107443.png,Brewer Sparrow,The answer is Red faced Cormorant
data/cub/silhouette/Brewer_Sparrow_0006_107463.png,Brewer Sparrow,
data/cub/silhouette/Brewer_Sparrow_0007_796700.png,Brewer Sparrow,
data/cub/silhouette/Brewer_Sparrow_0008_796703.png,Brewer Sparrow,
data/cub/silhouette/Brewer_Sparrow_0009_107481.png,Brewer Sparrow,
data/cub/silhouette/Brewer_Sparrow_0010_796716.png,Brewer Sparrow,The bird is a Raven.
data/cub/silhouette/Brewer_Sparrow_0011_796708.png,Brewer Sparrow,
data/cub/silhouette/Brewer_Sparrow_0012_107411.png,Brewer Sparrow,
data/cub/silhouette/Brewer_Sparrow_0014_107435.png,Brewer Sparrow,
data/cub/silhouette/Brewer_Sparrow_0018_107437.png,Brewer Sparrow,
data/cub/silhouette/Brewer_Sparrow_0019_107452.png,Brewer Sparrow,
data/cub/silhouette/Brewer_Sparrow_0020_796697.png,Brewer Sparrow,
data/cub/silhouette/Brewer_Sparrow_0022_107440.png,Brewer Sparrow,
data/cub/silhouette/Brewer_Sparrow_0023_107489.png,Brewer Sparrow,
data/cub/silhouette/Brewer_Sparrow_0024_107439.png,Brewer Sparrow,
data/cub/silhouette/Brewer_Sparrow_0026_107432.png,Brewer Sparrow,
data/cub/silhouette/Brewer_Sparrow_0027_796713.png,Brewer Sparrow,
data/cub/silhouette/Brewer_Sparrow_0028_107467.png,Brewer Sparrow,
data/cub/silhouette/Brewer_Sparrow_0029_796699.png,Brewer Sparrow,
data/cub/silhouette/Brewer_Sparrow_0031_796712.png,Brewer Sparrow,
data/cub/silhouette/Brewer_Sparrow_0032_796702.png,Brewer Sparrow,
data/cub/silhouette/Brewer_Sparrow_0034_796693.png,Brewer Sparrow,
data/cub/silhouette/Brewer_Sparrow_0035_107509.png,Brewer Sparrow,
data/cub/silhouette/Brewer_Sparrow_0036_107451.png,Brewer Sparrow,
data/cub/silhouette/Brewer_Sparrow_0037_107442.png,Brewer Sparrow,
data/cub/silhouette/Brewer_Sparrow_0039_107431.png,Brewer Sparrow,
data/cub/silhouette/Brewer_Sparrow_0041_796711.png,Brewer Sparrow,
data/cub/silhouette/Brewer_Sparrow_0042_796721.png,Brewer Sparrow,
data/cub/silhouette/Brewer_Sparrow_0043_107479.png,Brewer Sparrow,
data/cub/silhouette/Brewer_Sparrow_0044_796698.png,Brewer Sparrow,
data/cub/silhouette/Brewer_Sparrow_0046_796696.png,Brewer Sparrow,
data/cub/silhouette/Brewer_Sparrow_0047_107428.png,Brewer Sparrow,
data/cub/silhouette/Brewer_Sparrow_0049_796705.png,Brewer Sparrow,
data/cub/silhouette/Brewer_Sparrow_0050_107460.png,Brewer Sparrow,
data/cub/silhouette/Brewer_Sparrow_0051_796710.png,Brewer Sparrow,
data/cub/silhouette/Brewer_Sparrow_0052_107478.png,Brewer Sparrow,
data/cub/silhouette/Brewer_Sparrow_0053_796694.png,Brewer Sparrow,
data/cub/silhouette/Brewer_Sparrow_0055_796720.png,Brewer Sparrow,
data/cub/silhouette/Brewer_Sparrow_0056_107458.png,Brewer Sparrow,
data/cub/silhouette/Brewer_Sparrow_0058_796701.png,Brewer Sparrow,
data/cub/silhouette/Brewer_Sparrow_0060_107391.png,Brewer Sparrow,
data/cub/silhouette/Brewer_Sparrow_0061_107438.png,Brewer Sparrow,
data/cub/silhouette/Brewer_Sparrow_0062_107456.png,Brewer Sparrow,
data/cub/silhouette/Brewer_Sparrow_0063_796714.png,Brewer Sparrow,
data/cub/silhouette/Brewer_Sparrow_0064_107502.png,Brewer Sparrow,
data/cub/silhouette/Brewer_Sparrow_0065_107419.png,Brewer Sparrow,
data/cub/silhouette/Brewer_Sparrow_0066_107510.png,Brewer Sparrow,
data/cub/silhouette/Brewer_Sparrow_0067_107480.png,Brewer Sparrow,
data/cub/silhouette/Brewer_Sparrow_0068_107422.png,Brewer Sparrow,
data/cub/silhouette/Brewer_Sparrow_0069_796709.png,Brewer Sparrow,
data/cub/silhouette/Brewer_Sparrow_0070_796717.png,Brewer Sparrow,
data/cub/silhouette/Brewer_Sparrow_0071_107446.png,Brewer Sparrow,The answer is Red faced Cormorant
data/cub/silhouette/Brewer_Sparrow_0072_796715.png,Brewer Sparrow,
data/cub/silhouette/Brewer_Sparrow_0073_107518.png,Brewer Sparrow,
data/cub/silhouette/Brewer_Sparrow_0074_107408.png,Brewer Sparrow,
data/cub/silhouette/Brewer_Sparrow_0076_107393.png,Brewer Sparrow,
data/cub/silhouette/Chipping_Sparrow_0001_108638.png,Chipping Sparrow,
data/cub/silhouette/Chipping_Sparrow_0004_108430.png,Chipping Sparrow,
data/cub/silhouette/Chipping_Sparrow_0005_108931.png,Chipping Sparrow,
data/cub/silhouette/Chipping_Sparrow_0006_107849.png,Chipping Sparrow,
data/cub/silhouette/Chipping_Sparrow_0008_107810.png,Chipping Sparrow,
data/cub/silhouette/Chipping_Sparrow_0010_109760.png,Chipping Sparrow,
data/cub/silhouette/Chipping_Sparrow_0011_108081.png,Chipping Sparrow,
data/cub/silhouette/Chipping_Sparrow_0012_108576.png,Chipping Sparrow,
data/cub/silhouette/Chipping_Sparrow_0015_108462.png,Chipping Sparrow,
data/cub/silhouette/Chipping_Sparrow_0016_109051.png,Chipping Sparrow,
data/cub/silhouette/Chipping_Sparrow_0017_107552.png,Chipping Sparrow,
data/cub/silhouette/Chipping_Sparrow_0018_108295.png,Chipping Sparrow,
data/cub/silhouette/Chipping_Sparrow_0021_109588.png,Chipping Sparrow,
data/cub/silhouette/Chipping_Sparrow_0022_107825.png,Chipping Sparrow,
data/cub/silhouette/Chipping_Sparrow_0023_108684.png,Chipping Sparrow,
data/cub/silhouette/Chipping_Sparrow_0024_109445.png,Chipping Sparrow,
data/cub/silhouette/Chipping_Sparrow_0025_108653.png,Chipping Sparrow,
data/cub/silhouette/Chipping_Sparrow_0026_109010.png,Chipping Sparrow,
data/cub/silhouette/Chipping_Sparrow_0030_109741.png,Chipping Sparrow,
data/cub/silhouette/Chipping_Sparrow_0032_108882.png,Chipping Sparrow,
data/cub/silhouette/Chipping_Sparrow_0033_109069.png,Chipping Sparrow,
data/cub/silhouette/Chipping_Sparrow_0035_110138.png,Chipping Sparrow,
data/cub/silhouette/Chipping_Sparrow_0036_107695.png,Chipping Sparrow,
data/cub/silhouette/Chipping_Sparrow_0037_109851.png,Chipping Sparrow,
data/cub/silhouette/Chipping_Sparrow_0038_109234.png,Chipping Sparrow,
data/cub/silhouette/Chipping_Sparrow_0039_107864.png,Chipping Sparrow,
data/cub/silhouette/Chipping_Sparrow_0041_108370.png,Chipping Sparrow,
data/cub/silhouette/Chipping_Sparrow_0042_107791.png,Chipping Sparrow,
data/cub/silhouette/Chipping_Sparrow_0043_109509.png,Chipping Sparrow,
data/cub/silhouette/Chipping_Sparrow_0045_109985.png,Chipping Sparrow,
data/cub/silhouette/Chipping_Sparrow_0050_108441.png,Chipping Sparrow,
data/cub/silhouette/Chipping_Sparrow_0052_109874.png,Chipping Sparrow,
data/cub/silhouette/Chipping_Sparrow_0053_109774.png,Chipping Sparrow,
data/cub/silhouette/Chipping_Sparrow_0061_109113.png,Chipping Sparrow,
data/cub/silhouette/Chipping_Sparrow_0062_110187.png,Chipping Sparrow,
data/cub/silhouette/Chipping_Sparrow_0063_108139.png,Chipping Sparrow,
data/cub/silhouette/Chipping_Sparrow_0064_108204.png,Chipping Sparrow,
data/cub/silhouette/Chipping_Sparrow_0066_109187.png,Chipping Sparrow,
data/cub/silhouette/Chipping_Sparrow_0067_107508.png,Chipping Sparrow,
data/cub/silhouette/Chipping_Sparrow_0070_108281.png,Chipping Sparrow,
data/cub/silhouette/Chipping_Sparrow_0071_108735.png,Chipping Sparrow,
data/cub/silhouette/Chipping_Sparrow_0073_108881.png,Chipping Sparrow,
data/cub/silhouette/Chipping_Sparrow_0074_108401.png,Chipping Sparrow,
data/cub/silhouette/Chipping_Sparrow_0075_108348.png,Chipping Sparrow,
data/cub/silhouette/Chipping_Sparrow_0076_108919.png,Chipping Sparrow,
data/cub/silhouette/Chipping_Sparrow_0079_110449.png,Chipping Sparrow,
data/cub/silhouette/Chipping_Sparrow_0080_108685.png,Chipping Sparrow,
data/cub/silhouette/Chipping_Sparrow_0085_109506.png,Chipping Sparrow,
data/cub/silhouette/Chipping_Sparrow_0086_109022.png,Chipping Sparrow,
data/cub/silhouette/Chipping_Sparrow_0088_107562.png,Chipping Sparrow,
data/cub/silhouette/Chipping_Sparrow_0089_107535.png,Chipping Sparrow,
data/cub/silhouette/Chipping_Sparrow_0090_14718.png,Chipping Sparrow,
data/cub/silhouette/Chipping_Sparrow_0091_108308.png,Chipping Sparrow,
data/cub/silhouette/Chipping_Sparrow_0096_109853.png,Chipping Sparrow,
data/cub/silhouette/Chipping_Sparrow_0097_107678.png,Chipping Sparrow,
data/cub/silhouette/Chipping_Sparrow_0098_108644.png,Chipping Sparrow,
data/cub/silhouette/Chipping_Sparrow_0103_109529.png,Chipping Sparrow,
data/cub/silhouette/Chipping_Sparrow_0109_108162.png,Chipping Sparrow,
data/cub/silhouette/Chipping_Sparrow_0110_108974.png,Chipping Sparrow,
data/cub/silhouette/Chipping_Sparrow_0111_108515.png,Chipping Sparrow,
data/cub/silhouette/Clay_Colored_Sparrow_0001_110632.png,Clay Colored Sparrow,
data/cub/silhouette/Clay_Colored_Sparrow_0002_110606.png,Clay Colored Sparrow,
data/cub/silhouette/Clay_Colored_Sparrow_0003_110672.png,Clay Colored Sparrow,The answer is Red faced Cormorant
data/cub/silhouette/Clay_Colored_Sparrow_0005_110911.png,Clay Colored Sparrow,
data/cub/silhouette/Clay_Colored_Sparrow_0008_110536.png,Clay Colored Sparrow,
data/cub/silhouette/Clay_Colored_Sparrow_0009_797256.png,Clay Colored Sparrow,
data/cub/silhouette/Clay_Colored_Sparrow_0010_797262.png,Clay Colored Sparrow,
data/cub/silhouette/Clay_Colored_Sparrow_0014_797248.png,Clay Colored Sparrow,The answer is Red faced Cormorant
data/cub/silhouette/Clay_Colored_Sparrow_0018_797246.png,Clay Colored Sparrow,
data/cub/silhouette/Clay_Colored_Sparrow_0020_110609.png,Clay Colored Sparrow,
data/cub/silhouette/Clay_Colored_Sparrow_0022_110518.png,Clay Colored Sparrow,
data/cub/silhouette/Clay_Colored_Sparrow_0023_797258.png,Clay Colored Sparrow,
data/cub/silhouette/Clay_Colored_Sparrow_0026_110774.png,Clay Colored Sparrow,
data/cub/silhouette/Clay_Colored_Sparrow_0028_797241.png,Clay Colored Sparrow,
data/cub/silhouette/Clay_Colored_Sparrow_0029_110720.png,Clay Colored Sparrow,The answer is Red faced Cormorant
data/cub/silhouette/Clay_Colored_Sparrow_0031_110769.png,Clay Colored Sparrow,
data/cub/silhouette/Clay_Colored_Sparrow_0033_797255.png,Clay Colored Sparrow,
data/cub/silhouette/Clay_Colored_Sparrow_0034_797252.png,Clay Colored Sparrow,
data/cub/silhouette/Clay_Colored_Sparrow_0036_110924.png,Clay Colored Sparrow,
data/cub/silhouette/Clay_Colored_Sparrow_0038_110799.png,Clay Colored Sparrow,
data/cub/silhouette/Clay_Colored_Sparrow_0040_110717.png,Clay Colored Sparrow,
data/cub/silhouette/Clay_Colored_Sparrow_0041_110726.png,Clay Colored Sparrow,
data/cub/silhouette/Clay_Colored_Sparrow_0042_797243.png,Clay Colored Sparrow,
data/cub/silhouette/Clay_Colored_Sparrow_0043_110685.png,Clay Colored Sparrow,
data/cub/silhouette/Clay_Colored_Sparrow_0044_110942.png,Clay Colored Sparrow,
data/cub/silhouette/Clay_Colored_Sparrow_0046_110728.png,Clay Colored Sparrow,
data/cub/silhouette/Clay_Colored_Sparrow_0048_110653.png,Clay Colored Sparrow,
data/cub/silhouette/Clay_Colored_Sparrow_0049_110736.png,Clay Colored Sparrow,
data/cub/silhouette/Clay_Colored_Sparrow_0054_110948.png,Clay Colored Sparrow,
data/cub/silhouette/Clay_Colored_Sparrow_0055_110647.png,Clay Colored Sparrow,
data/cub/silhouette/Clay_Colored_Sparrow_0056_110848.png,Clay Colored Sparrow,
data/cub/silhouette/Clay_Colored_Sparrow_0061_110830.png,Clay Colored Sparrow,
data/cub/silhouette/Clay_Colored_Sparrow_0062_110908.png,Clay Colored Sparrow,The answer is Red faced Cormorant
data/cub/silhouette/Clay_Colored_Sparrow_0064_110664.png,Clay Colored Sparrow,
data/cub/silhouette/Clay_Colored_Sparrow_0066_110819.png,Clay Colored Sparrow,
data/cub/silhouette/Clay_Colored_Sparrow_0068_110706.png,Clay Colored Sparrow,
data/cub/silhouette/Clay_Colored_Sparrow_0071_110656.png,Clay Colored Sparrow,
data/cub/silhouette/Clay_Colored_Sparrow_0072_110851.png,Clay Colored Sparrow,
data/cub/silhouette/Clay_Colored_Sparrow_0073_110718.png,Clay Colored Sparrow,
data/cub/silhouette/Clay_Colored_Sparrow_0075_797251.png,Clay Colored Sparrow,
data/cub/silhouette/Clay_Colored_Sparrow_0078_110912.png,Clay Colored Sparrow,
data/cub/silhouette/Clay_Colored_Sparrow_0080_797253.png,Clay Colored Sparrow,
data/cub/silhouette/Clay_Colored_Sparrow_0081_110682.png,Clay Colored Sparrow,
data/cub/silhouette/Clay_Colored_Sparrow_0083_110734.png,Clay Colored Sparrow,
data/cub/silhouette/Clay_Colored_Sparrow_0085_797260.png,Clay Colored Sparrow,
data/cub/silhouette/Clay_Colored_Sparrow_0087_110946.png,Clay Colored Sparrow,
data/cub/silhouette/Clay_Colored_Sparrow_0090_110669.png,Clay Colored Sparrow,
data/cub/silhouette/Clay_Colored_Sparrow_0091_110768.png,Clay Colored Sparrow,
data/cub/silhouette/Clay_Colored_Sparrow_0093_110677.png,Clay Colored Sparrow,
data/cub/silhouette/Clay_Colored_Sparrow_0094_797250.png,Clay Colored Sparrow,The answer is Red faced Cormorant
data/cub/silhouette/Clay_Colored_Sparrow_0095_110635.png,Clay Colored Sparrow,
data/cub/silhouette/Clay_Colored_Sparrow_0097_110516.png,Clay Colored Sparrow,
data/cub/silhouette/Clay_Colored_Sparrow_0098_110735.png,Clay Colored Sparrow,
data/cub/silhouette/Clay_Colored_Sparrow_0099_110561.png,Clay Colored Sparrow,
data/cub/silhouette/Clay_Colored_Sparrow_0100_110545.png,Clay Colored Sparrow,
data/cub/silhouette/Clay_Colored_Sparrow_0104_110699.png,Clay Colored Sparrow,
data/cub/silhouette/Clay_Colored_Sparrow_0105_110547.png,Clay Colored Sparrow,
data/cub/silhouette/Clay_Colored_Sparrow_0106_797247.png,Clay Colored Sparrow,
data/cub/silhouette/Clay_Colored_Sparrow_0107_110825.png,Clay Colored Sparrow,
data/cub/silhouette/House_Sparrow_0002_112905.png,House Sparrow,
data/cub/silhouette/House_Sparrow_0004_111989.png,House Sparrow,
data/cub/silhouette/House_Sparrow_0005_111967.png,House Sparrow,
data/cub/silhouette/House_Sparrow_0006_111034.png,House Sparrow,
data/cub/silhouette/House_Sparrow_0007_111029.png,House Sparrow,
data/cub/silhouette/House_Sparrow_0008_111204.png,House Sparrow,
data/cub/silhouette/House_Sparrow_0010_112678.png,House Sparrow,
data/cub/silhouette/House_Sparrow_0011_112099.png,House Sparrow,
data/cub/silhouette/House_Sparrow_0014_112947.png,House Sparrow,
data/cub/silhouette/House_Sparrow_0015_111085.png,House Sparrow,
data/cub/silhouette/House_Sparrow_0019_112645.png,House Sparrow,
data/cub/silhouette/House_Sparrow_0025_111669.png,House Sparrow,
data/cub/silhouette/House_Sparrow_0028_113217.png,House Sparrow,
data/cub/silhouette/House_Sparrow_0030_111387.png,House Sparrow,The answer is Red faced Cormorant
data/cub/silhouette/House_Sparrow_0033_112590.png,House Sparrow,
data/cub/silhouette/House_Sparrow_0036_112847.png,House Sparrow,
data/cub/silhouette/House_Sparrow_0041_112706.png,House Sparrow,
data/cub/silhouette/House_Sparrow_0046_112845.png,House Sparrow,
data/cub/silhouette/House_Sparrow_0049_110976.png,House Sparrow,
data/cub/silhouette/House_Sparrow_0050_111087.png,House Sparrow,
data/cub/silhouette/House_Sparrow_0052_112252.png,House Sparrow,
data/cub/silhouette/House_Sparrow_0053_111388.png,House Sparrow,
data/cub/silhouette/House_Sparrow_0055_111393.png,House Sparrow,
data/cub/silhouette/House_Sparrow_0059_111164.png,House Sparrow,
data/cub/silhouette/House_Sparrow_0061_112795.png,House Sparrow,
data/cub/silhouette/House_Sparrow_0063_111460.png,House Sparrow,
data/cub/silhouette/House_Sparrow_0067_112913.png,House Sparrow,
data/cub/silhouette/House_Sparrow_0068_113247.png,House Sparrow,
data/cub/silhouette/House_Sparrow_0073_112745.png,House Sparrow,
data/cub/silhouette/House_Sparrow_0074_111997.png,House Sparrow,
data/cub/silhouette/House_Sparrow_0079_113288.png,House Sparrow,
data/cub/silhouette/House_Sparrow_0080_111099.png,House Sparrow,
data/cub/silhouette/House_Sparrow_0082_112478.png,House Sparrow,
data/cub/silhouette/House_Sparrow_0083_111470.png,House Sparrow,
data/cub/silhouette/House_Sparrow_0084_111300.png,House Sparrow,
data/cub/silhouette/House_Sparrow_0086_111385.png,House Sparrow,
data/cub/silhouette/House_Sparrow_0092_111413.png,House Sparrow,
data/cub/silhouette/House_Sparrow_0093_110990.png,House Sparrow,
data/cub/silhouette/House_Sparrow_0094_112773.png,House Sparrow,The answer is Red faced Cormorant
data/cub/silhouette/House_Sparrow_0096_111519.png,House Sparrow,
data/cub/silhouette/House_Sparrow_0098_111073.png,House Sparrow,
data/cub/silhouette/House_Sparrow_0104_113105.png,House Sparrow,
data/cub/silhouette/House_Sparrow_0106_111564.png,House Sparrow,
data/cub/silhouette/House_Sparrow_0108_112963.png,House Sparrow,
data/cub/silhouette/House_Sparrow_0111_112968.png,House Sparrow,The object is a Blackbird.
data/cub/silhouette/House_Sparrow_0119_111471.png,House Sparrow,
data/cub/silhouette/House_Sparrow_0120_113001.png,House Sparrow,
data/cub/silhouette/House_Sparrow_0121_113182.png,House Sparrow,
data/cub/silhouette/House_Sparrow_0125_111130.png,House Sparrow,
data/cub/silhouette/House_Sparrow_0126_110959.png,House Sparrow,
data/cub/silhouette/House_Sparrow_0127_111935.png,House Sparrow,
data/cub/silhouette/House_Sparrow_0128_110971.png,House Sparrow,
data/cub/silhouette/House_Sparrow_0130_110985.png,House Sparrow,
data/cub/silhouette/House_Sparrow_0133_112368.png,House Sparrow,
data/cub/silhouette/House_Sparrow_0134_112644.png,House Sparrow,
data/cub/silhouette/House_Sparrow_0137_111219.png,House Sparrow,
data/cub/silhouette/House_Sparrow_0139_112438.png,House Sparrow,
data/cub/silhouette/House_Sparrow_0143_111400.png,House Sparrow,
data/cub/silhouette/House_Sparrow_0144_113216.png,House Sparrow,
data/cub/silhouette/House_Sparrow_0145_112703.png,House Sparrow,
data/cub/silhouette/Field_Sparrow_0006_113839.png,Field Sparrow,
data/cub/silhouette/Field_Sparrow_0008_113459.png,Field Sparrow,
data/cub/silhouette/Field_Sparrow_0009_113860.png,Field Sparrow,The answer is Red faced Cormorant
data/cub/silhouette/Field_Sparrow_0011_113420.png,Field Sparrow,
data/cub/silhouette/Field_Sparrow_0013_113599.png,Field Sparrow,
data/cub/silhouette/Field_Sparrow_0016_110297.png,Field Sparrow,
data/cub/silhouette/Field_Sparrow_0021_113461.png,Field Sparrow,
data/cub/silhouette/Field_Sparrow_0022_113838.png,Field Sparrow,
data/cub/silhouette/Field_Sparrow_0025_113683.png,Field Sparrow,
data/cub/silhouette/Field_Sparrow_0027_113353.png,Field Sparrow,
data/cub/silhouette/Field_Sparrow_0029_113434.png,Field Sparrow,
data/cub/silhouette/Field_Sparrow_0034_113364.png,Field Sparrow,
data/cub/silhouette/Field_Sparrow_0035_113479.png,Field Sparrow,
data/cub/silhouette/Field_Sparrow_0038_113356.png,Field Sparrow,
data/cub/silhouette/Field_Sparrow_0042_113815.png,Field Sparrow,
data/cub/silhouette/Field_Sparrow_0043_113607.png,Field Sparrow,
data/cub/silhouette/Field_Sparrow_0047_113801.png,Field Sparrow,
data/cub/silhouette/Field_Sparrow_0048_113387.png,Field Sparrow,
data/cub/silhouette/Field_Sparrow_0051_114107.png,Field Sparrow,
data/cub/silhouette/Field_Sparrow_0055_113929.png,Field Sparrow,
data/cub/silhouette/Field_Sparrow_0059_113759.png,Field Sparrow,
data/cub/silhouette/Field_Sparrow_0060_114177.png,Field Sparrow,
data/cub/silhouette/Field_Sparrow_0063_113667.png,Field Sparrow,
data/cub/silhouette/Field_Sparrow_0066_114109.png,Field Sparrow,
data/cub/silhouette/Field_Sparrow_0067_113448.png,Field Sparrow,
data/cub/silhouette/Field_Sparrow_0069_113827.png,Field Sparrow,
data/cub/silhouette/Field_Sparrow_0071_113747.png,Field Sparrow,
data/cub/silhouette/Field_Sparrow_0074_113504.png,Field Sparrow,The answer is Red faced Cormorant
data/cub/silhouette/Field_Sparrow_0078_113575.png,Field Sparrow,
data/cub/silhouette/Field_Sparrow_0080_113811.png,Field Sparrow,
data/cub/silhouette/Field_Sparrow_0090_113613.png,Field Sparrow,
data/cub/silhouette/Field_Sparrow_0091_113486.png,Field Sparrow,
data/cub/silhouette/Field_Sparrow_0092_113580.png,Field Sparrow,
data/cub/silhouette/Field_Sparrow_0095_113842.png,Field Sparrow,
data/cub/silhouette/Field_Sparrow_0099_113872.png,Field Sparrow,
data/cub/silhouette/Field_Sparrow_0100_113503.png,Field Sparrow,
data/cub/silhouette/Field_Sparrow_0101_113762.png,Field Sparrow,The answer is Red faced Cormorant
data/cub/silhouette/Field_Sparrow_0102_113595.png,Field Sparrow,
data/cub/silhouette/Field_Sparrow_0104_113524.png,Field Sparrow,
data/cub/silhouette/Field_Sparrow_0105_113822.png,Field Sparrow,
data/cub/silhouette/Field_Sparrow_0106_113350.png,Field Sparrow,
data/cub/silhouette/Field_Sparrow_0107_113659.png,Field Sparrow,
data/cub/silhouette/Field_Sparrow_0108_114154.png,Field Sparrow,
data/cub/silhouette/Field_Sparrow_0109_113375.png,Field Sparrow,
data/cub/silhouette/Field_Sparrow_0110_113995.png,Field Sparrow,The answer is Red faced Cormorant
data/cub/silhouette/Field_Sparrow_0111_113899.png,Field Sparrow,
data/cub/silhouette/Field_Sparrow_0112_114159.png,Field Sparrow,
data/cub/silhouette/Field_Sparrow_0118_113416.png,Field Sparrow,
data/cub/silhouette/Field_Sparrow_0120_113953.png,Field Sparrow,
data/cub/silhouette/Field_Sparrow_0121_113455.png,Field Sparrow,
data/cub/silhouette/Field_Sparrow_0123_113847.png,Field Sparrow,
data/cub/silhouette/Field_Sparrow_0124_113868.png,Field Sparrow,
data/cub/silhouette/Field_Sparrow_0125_113869.png,Field Sparrow,
data/cub/silhouette/Field_Sparrow_0126_113426.png,Field Sparrow,
data/cub/silhouette/Field_Sparrow_0127_114087.png,Field Sparrow,
data/cub/silhouette/Field_Sparrow_0128_113587.png,Field Sparrow,
data/cub/silhouette/Field_Sparrow_0129_113748.png,Field Sparrow,
data/cub/silhouette/Field_Sparrow_0130_113846.png,Field Sparrow,
data/cub/silhouette/Field_Sparrow_0131_113582.png,Field Sparrow,
data/cub/silhouette/Fox_Sparrow_0009_114796.png,Fox Sparrow,
data/cub/silhouette/Fox_Sparrow_0010_114728.png,Fox Sparrow,
data/cub/silhouette/Fox_Sparrow_0012_115324.png,Fox Sparrow,The answer is Red faced Cormorant
data/cub/silhouette/Fox_Sparrow_0013_114344.png,Fox Sparrow,
data/cub/silhouette/Fox_Sparrow_0015_114650.png,Fox Sparrow,
data/cub/silhouette/Fox_Sparrow_0016_114213.png,Fox Sparrow,
data/cub/silhouette/Fox_Sparrow_0018_114468.png,Fox Sparrow,
data/cub/silhouette/Fox_Sparrow_0020_114744.png,Fox Sparrow,
data/cub/silhouette/Fox_Sparrow_0022_115248.png,Fox Sparrow,
data/cub/silhouette/Fox_Sparrow_0025_114555.png,Fox Sparrow,
data/cub/silhouette/Fox_Sparrow_0026_115281.png,Fox Sparrow,
data/cub/silhouette/Fox_Sparrow_0035_114866.png,Fox Sparrow,
data/cub/silhouette/Fox_Sparrow_0036_115581.png,Fox Sparrow,
data/cub/silhouette/Fox_Sparrow_0039_114816.png,Fox Sparrow,
data/cub/silhouette/Fox_Sparrow_0040_115034.png,Fox Sparrow,
data/cub/silhouette/Fox_Sparrow_0041_115218.png,Fox Sparrow,
data/cub/silhouette/Fox_Sparrow_0044_114747.png,Fox Sparrow,
data/cub/silhouette/Fox_Sparrow_0047_115022.png,Fox Sparrow,
data/cub/silhouette/Fox_Sparrow_0052_114878.png,Fox Sparrow,
data/cub/silhouette/Fox_Sparrow_0053_114780.png,Fox Sparrow,
data/cub/silhouette/Fox_Sparrow_0054_114541.png,Fox Sparrow,
data/cub/silhouette/Fox_Sparrow_0055_114809.png,Fox Sparrow,
data/cub/silhouette/Fox_Sparrow_0057_114355.png,Fox Sparrow,
data/cub/silhouette/Fox_Sparrow_0058_114789.png,Fox Sparrow,
data/cub/silhouette/Fox_Sparrow_0062_115056.png,Fox Sparrow,
data/cub/silhouette/Fox_Sparrow_0063_114350.png,Fox Sparrow,
data/cub/silhouette/Fox_Sparrow_0065_114945.png,Fox Sparrow,
data/cub/silhouette/Fox_Sparrow_0067_114528.png,Fox Sparrow,
data/cub/silhouette/Fox_Sparrow_0068_114967.png,Fox Sparrow,
data/cub/silhouette/Fox_Sparrow_0075_114920.png,Fox Sparrow,
data/cub/silhouette/Fox_Sparrow_0077_114944.png,Fox Sparrow,
data/cub/silhouette/Fox_Sparrow_0078_114582.png,Fox Sparrow,
data/cub/silhouette/Fox_Sparrow_0081_115630.png,Fox Sparrow,
data/cub/silhouette/Fox_Sparrow_0083_114496.png,Fox Sparrow,
data/cub/silhouette/Fox_Sparrow_0086_115484.png,Fox Sparrow,
data/cub/silhouette/Fox_Sparrow_0091_115550.png,Fox Sparrow,
data/cub/silhouette/Fox_Sparrow_0092_114774.png,Fox Sparrow,
data/cub/silhouette/Fox_Sparrow_0093_114757.png,Fox Sparrow,
data/cub/silhouette/Fox_Sparrow_0094_114634.png,Fox Sparrow,
data/cub/silhouette/Fox_Sparrow_0099_115399.png,Fox Sparrow,
data/cub/silhouette/Fox_Sparrow_0103_115038.png,Fox Sparrow,
data/cub/silhouette/Fox_Sparrow_0104_114908.png,Fox Sparrow,
data/cub/silhouette/Fox_Sparrow_0106_114720.png,Fox Sparrow,
data/cub/silhouette/Fox_Sparrow_0109_114859.png,Fox Sparrow,
data/cub/silhouette/Fox_Sparrow_0110_115172.png,Fox Sparrow,
data/cub/silhouette/Fox_Sparrow_0111_114527.png,Fox Sparrow,
data/cub/silhouette/Fox_Sparrow_0113_114389.png,Fox Sparrow,
data/cub/silhouette/Fox_Sparrow_0114_114481.png,Fox Sparrow,
data/cub/silhouette/Fox_Sparrow_0115_114855.png,Fox Sparrow,
data/cub/silhouette/Fox_Sparrow_0116_115311.png,Fox Sparrow,
data/cub/silhouette/Fox_Sparrow_0118_114884.png,Fox Sparrow,
data/cub/silhouette/Fox_Sparrow_0119_115512.png,Fox Sparrow,The answer is Red faced Cormorant
data/cub/silhouette/Fox_Sparrow_0121_114886.png,Fox Sparrow,
data/cub/silhouette/Fox_Sparrow_0122_114776.png,Fox Sparrow,
data/cub/silhouette/Fox_Sparrow_0123_114488.png,Fox Sparrow,
data/cub/silhouette/Fox_Sparrow_0124_114662.png,Fox Sparrow,The answer is Red faced Cormorant
data/cub/silhouette/Fox_Sparrow_0125_114557.png,Fox Sparrow,
data/cub/silhouette/Fox_Sparrow_0135_115251.png,Fox Sparrow,
data/cub/silhouette/Fox_Sparrow_0136_115278.png,Fox Sparrow,
data/cub/silhouette/Fox_Sparrow_0138_114586.png,Fox Sparrow,
data/cub/silhouette/Grasshopper_Sparrow_0001_115938.png,Grasshopper Sparrow,
data/cub/silhouette/Grasshopper_Sparrow_0003_115676.png,Grasshopper Sparrow,
data/cub/silhouette/Grasshopper_Sparrow_0006_115864.png,Grasshopper Sparrow,
data/cub/silhouette/Grasshopper_Sparrow_0009_115984.png,Grasshopper Sparrow,
data/cub/silhouette/Grasshopper_Sparrow_0011_115937.png,Grasshopper Sparrow,
data/cub/silhouette/Grasshopper_Sparrow_0012_115849.png,Grasshopper Sparrow,
data/cub/silhouette/Grasshopper_Sparrow_0014_116129.png,Grasshopper Sparrow,
data/cub/silhouette/Grasshopper_Sparrow_0015_116352.png,Grasshopper Sparrow,
data/cub/silhouette/Grasshopper_Sparrow_0016_115695.png,Grasshopper Sparrow,
data/cub/silhouette/Grasshopper_Sparrow_0017_115908.png,Grasshopper Sparrow,
data/cub/silhouette/Grasshopper_Sparrow_0018_116056.png,Grasshopper Sparrow,
data/cub/silhouette/Grasshopper_Sparrow_0019_115958.png,Grasshopper Sparrow,
data/cub/silhouette/Grasshopper_Sparrow_0020_116289.png,Grasshopper Sparrow,
data/cub/silhouette/Grasshopper_Sparrow_0021_116107.png,Grasshopper Sparrow,
data/cub/silhouette/Grasshopper_Sparrow_0026_115915.png,Grasshopper Sparrow,The answer is Red faced Cormorant
data/cub/silhouette/Grasshopper_Sparrow_0029_115761.png,Grasshopper Sparrow,
data/cub/silhouette/Grasshopper_Sparrow_0035_116049.png,Grasshopper Sparrow,
data/cub/silhouette/Grasshopper_Sparrow_0038_115704.png,Grasshopper Sparrow,
data/cub/silhouette/Grasshopper_Sparrow_0039_115980.png,Grasshopper Sparrow,
data/cub/silhouette/Grasshopper_Sparrow_0040_115696.png,Grasshopper Sparrow,
data/cub/silhouette/Grasshopper_Sparrow_0041_116288.png,Grasshopper Sparrow,
data/cub/silhouette/Grasshopper_Sparrow_0042_115638.png,Grasshopper Sparrow,
data/cub/silhouette/Grasshopper_Sparrow_0043_115880.png,Grasshopper Sparrow,
data/cub/silhouette/Grasshopper_Sparrow_0044_115681.png,Grasshopper Sparrow,
data/cub/silhouette/Grasshopper_Sparrow_0049_115918.png,Grasshopper Sparrow,
data/cub/silhouette/Grasshopper_Sparrow_0050_116301.png,Grasshopper Sparrow,
data/cub/silhouette/Grasshopper_Sparrow_0051_115923.png,Grasshopper Sparrow,
data/cub/silhouette/Grasshopper_Sparrow_0053_115991.png,Grasshopper Sparrow,
data/cub/silhouette/Grasshopper_Sparrow_0058_115862.png,Grasshopper Sparrow,The answer is Red faced Cormorant
data/cub/silhouette/Grasshopper_Sparrow_0060_15159.png,Grasshopper Sparrow,
data/cub/silhouette/Grasshopper_Sparrow_0064_116106.png,Grasshopper Sparrow,
data/cub/silhouette/Grasshopper_Sparrow_0067_115979.png,Grasshopper Sparrow,
data/cub/silhouette/Grasshopper_Sparrow_0068_115799.png,Grasshopper Sparrow,The answer is Red faced Cormorant
data/cub/silhouette/Grasshopper_Sparrow_0069_116332.png,Grasshopper Sparrow,The answer is Red faced Cormorant
data/cub/silhouette/Grasshopper_Sparrow_0070_115645.png,Grasshopper Sparrow,
data/cub/silhouette/Grasshopper_Sparrow_0072_115663.png,Grasshopper Sparrow,
data/cub/silhouette/Grasshopper_Sparrow_0073_115996.png,Grasshopper Sparrow,
data/cub/silhouette/Grasshopper_Sparrow_0075_116260.png,Grasshopper Sparrow,
data/cub/silhouette/Grasshopper_Sparrow_0077_116127.png,Grasshopper Sparrow,
data/cub/silhouette/Grasshopper_Sparrow_0078_116052.png,Grasshopper Sparrow,
data/cub/silhouette/Grasshopper_Sparrow_0081_116326.png,Grasshopper Sparrow,The answer is Red faced Cormorant
data/cub/silhouette/Grasshopper_Sparrow_0082_116300.png,Grasshopper Sparrow,
data/cub/silhouette/Grasshopper_Sparrow_0098_116027.png,Grasshopper Sparrow,
data/cub/silhouette/Grasshopper_Sparrow_0099_116069.png,Grasshopper Sparrow,
data/cub/silhouette/Grasshopper_Sparrow_0101_116094.png,Grasshopper Sparrow,
data/cub/silhouette/Grasshopper_Sparrow_0102_116101.png,Grasshopper Sparrow,
data/cub/silhouette/Grasshopper_Sparrow_0106_116028.png,Grasshopper Sparrow,
data/cub/silhouette/Grasshopper_Sparrow_0107_116286.png,Grasshopper Sparrow,
data/cub/silhouette/Grasshopper_Sparrow_0108_115894.png,Grasshopper Sparrow,
data/cub/silhouette/Grasshopper_Sparrow_0109_115750.png,Grasshopper Sparrow,
data/cub/silhouette/Grasshopper_Sparrow_0110_115644.png,Grasshopper Sparrow,
data/cub/silhouette/Grasshopper_Sparrow_0114_116160.png,Grasshopper Sparrow,
data/cub/silhouette/Grasshopper_Sparrow_0115_115914.png,Grasshopper Sparrow,
data/cub/silhouette/Grasshopper_Sparrow_0116_116066.png,Grasshopper Sparrow,
data/cub/silhouette/Grasshopper_Sparrow_0117_115983.png,Grasshopper Sparrow,
data/cub/silhouette/Grasshopper_Sparrow_0119_116081.png,Grasshopper Sparrow,
data/cub/silhouette/Grasshopper_Sparrow_0120_116021.png,Grasshopper Sparrow,
data/cub/silhouette/Grasshopper_Sparrow_0121_116110.png,Grasshopper Sparrow,
data/cub/silhouette/Grasshopper_Sparrow_0125_116031.png,Grasshopper Sparrow,
data/cub/silhouette/Grasshopper_Sparrow_0126_116029.png,Grasshopper Sparrow,
data/cub/silhouette/Harris_Sparrow_0001_116398.png,Harris Sparrow,
data/cub/silhouette/Harris_Sparrow_0002_116356.png,Harris Sparrow,
data/cub/silhouette/Harris_Sparrow_0004_116581.png,Harris Sparrow,
data/cub/silhouette/Harris_Sparrow_0005_116694.png,Harris Sparrow,
data/cub/silhouette/Harris_Sparrow_0006_116364.png,Harris Sparrow,
data/cub/silhouette/Harris_Sparrow_0007_116484.png,Harris Sparrow,
data/cub/silhouette/Harris_Sparrow_0010_116376.png,Harris Sparrow,
data/cub/silhouette/Harris_Sparrow_0011_116597.png,Harris Sparrow,
data/cub/silhouette/Harris_Sparrow_0014_116494.png,Harris Sparrow,
data/cub/silhouette/Harris_Sparrow_0016_116661.png,Harris Sparrow,
data/cub/silhouette/Harris_Sparrow_0017_116636.png,Harris Sparrow,The answer is Red faced Cormorant
data/cub/silhouette/Harris_Sparrow_0018_116402.png,Harris Sparrow,
data/cub/silhouette/Harris_Sparrow_0020_116379.png,Harris Sparrow,
data/cub/silhouette/Harris_Sparrow_0021_116399.png,Harris Sparrow,
data/cub/silhouette/Harris_Sparrow_0023_116363.png,Harris Sparrow,
data/cub/silhouette/Harris_Sparrow_0024_116480.png,Harris Sparrow,
data/cub/silhouette/Harris_Sparrow_0025_116648.png,Harris Sparrow,
data/cub/silhouette/Harris_Sparrow_0026_116620.png,Harris Sparrow,
data/cub/silhouette/Harris_Sparrow_0027_116687.png,Harris Sparrow,
data/cub/silhouette/Harris_Sparrow_0028_116656.png,Harris Sparrow,
data/cub/silhouette/Harris_Sparrow_0029_116516.png,Harris Sparrow,
data/cub/silhouette/Harris_Sparrow_0033_116380.png,Harris Sparrow,
data/cub/silhouette/Harris_Sparrow_0034_116439.png,Harris Sparrow,The answer is Red faced Cormorant
data/cub/silhouette/Harris_Sparrow_0035_116529.png,Harris Sparrow,
data/cub/silhouette/Harris_Sparrow_0038_116610.png,Harris Sparrow,
data/cub/silhouette/Harris_Sparrow_0039_116409.png,Harris Sparrow,
data/cub/silhouette/Harris_Sparrow_0041_116611.png,Harris Sparrow,
data/cub/silhouette/Harris_Sparrow_0042_116499.png,Harris Sparrow,
data/cub/silhouette/Harris_Sparrow_0045_116603.png,Harris Sparrow,
data/cub/silhouette/Harris_Sparrow_0046_116425.png,Harris Sparrow,
data/cub/silhouette/Harris_Sparrow_0048_116405.png,Harris Sparrow,
data/cub/silhouette/Harris_Sparrow_0050_116369.png,Harris Sparrow,
data/cub/silhouette/Harris_Sparrow_0052_116544.png,Harris Sparrow,
data/cub/silhouette/Harris_Sparrow_0053_116595.png,Harris Sparrow,
data/cub/silhouette/Harris_Sparrow_0055_116512.png,Harris Sparrow,
data/cub/silhouette/Harris_Sparrow_0056_116532.png,Harris Sparrow,
data/cub/silhouette/Harris_Sparrow_0057_116374.png,Harris Sparrow,
data/cub/silhouette/Harris_Sparrow_0059_116608.png,Harris Sparrow,
data/cub/silhouette/Harris_Sparrow_0060_116576.png,Harris Sparrow,
data/cub/silhouette/Harris_Sparrow_0063_116383.png,Harris Sparrow,
data/cub/silhouette/Harris_Sparrow_0065_116435.png,Harris Sparrow,
data/cub/silhouette/Harris_Sparrow_0066_116362.png,Harris Sparrow,
data/cub/silhouette/Harris_Sparrow_0067_116707.png,Harris Sparrow,
data/cub/silhouette/Harris_Sparrow_0070_116400.png,Harris Sparrow,
data/cub/silhouette/Harris_Sparrow_0071_116476.png,Harris Sparrow,
data/cub/silhouette/Harris_Sparrow_0072_116662.png,Harris Sparrow,
data/cub/silhouette/Harris_Sparrow_0073_116577.png,Harris Sparrow,
data/cub/silhouette/Harris_Sparrow_0074_116539.png,Harris Sparrow,
data/cub/silhouette/Harris_Sparrow_0075_116404.png,Harris Sparrow,The answer is Red faced Cormorant
data/cub/silhouette/Harris_Sparrow_0076_116509.png,Harris Sparrow,
data/cub/silhouette/Harris_Sparrow_0081_116574.png,Harris Sparrow,
data/cub/silhouette/Harris_Sparrow_0082_116660.png,Harris Sparrow,
data/cub/silhouette/Harris_Sparrow_0083_116588.png,Harris Sparrow,
data/cub/silhouette/Harris_Sparrow_0084_116519.png,Harris Sparrow,
data/cub/silhouette/Harris_Sparrow_0085_116534.png,Harris Sparrow,
data/cub/silhouette/Harris_Sparrow_0086_116373.png,Harris Sparrow,
data/cub/silhouette/Harris_Sparrow_0087_116490.png,Harris Sparrow,
data/cub/silhouette/Harris_Sparrow_0088_116445.png,Harris Sparrow,
data/cub/silhouette/Harris_Sparrow_0089_116531.png,Harris Sparrow,
data/cub/silhouette/Harris_Sparrow_0090_116664.png,Harris Sparrow,
data/cub/silhouette/Henslow_Sparrow_0002_116930.png,Henslow Sparrow,
data/cub/silhouette/Henslow_Sparrow_0006_796607.png,Henslow Sparrow,
data/cub/silhouette/Henslow_Sparrow_0009_796611.png,Henslow Sparrow,
data/cub/silhouette/Henslow_Sparrow_0010_796600.png,Henslow Sparrow,
data/cub/silhouette/Henslow_Sparrow_0011_796568.png,Henslow Sparrow,
data/cub/silhouette/Henslow_Sparrow_0013_796578.png,Henslow Sparrow,The answer is Red faced Cormorant
data/cub/silhouette/Henslow_Sparrow_0015_796593.png,Henslow Sparrow,
data/cub/silhouette/Henslow_Sparrow_0017_796591.png,Henslow Sparrow,
data/cub/silhouette/Henslow_Sparrow_0018_116834.png,Henslow Sparrow,
data/cub/silhouette/Henslow_Sparrow_0021_116931.png,Henslow Sparrow,
data/cub/silhouette/Henslow_Sparrow_0022_116835.png,Henslow Sparrow,
data/cub/silhouette/Henslow_Sparrow_0023_796582.png,Henslow Sparrow,
data/cub/silhouette/Henslow_Sparrow_0026_796542.png,Henslow Sparrow,
data/cub/silhouette/Henslow_Sparrow_0027_796543.png,Henslow Sparrow,
data/cub/silhouette/Henslow_Sparrow_0028_796570.png,Henslow Sparrow,
data/cub/silhouette/Henslow_Sparrow_0030_116890.png,Henslow Sparrow,
data/cub/silhouette/Henslow_Sparrow_0031_796594.png,Henslow Sparrow,
data/cub/silhouette/Henslow_Sparrow_0033_796605.png,Henslow Sparrow,
data/cub/silhouette/Henslow_Sparrow_0034_796602.png,Henslow Sparrow,
data/cub/silhouette/Henslow_Sparrow_0037_796579.png,Henslow Sparrow,
data/cub/silhouette/Henslow_Sparrow_0039_796589.png,Henslow Sparrow,
data/cub/silhouette/Henslow_Sparrow_0040_116882.png,Henslow Sparrow,
data/cub/silhouette/Henslow_Sparrow_0041_796572.png,Henslow Sparrow,
data/cub/silhouette/Henslow_Sparrow_0042_796595.png,Henslow Sparrow,
data/cub/silhouette/Henslow_Sparrow_0043_116756.png,Henslow Sparrow,
data/cub/silhouette/Henslow_Sparrow_0046_116740.png,Henslow Sparrow,
data/cub/silhouette/Henslow_Sparrow_0052_796599.png,Henslow Sparrow,
data/cub/silhouette/Henslow_Sparrow_0054_116850.png,Henslow Sparrow,
data/cub/silhouette/Henslow_Sparrow_0055_796557.png,Henslow Sparrow,
data/cub/silhouette/Henslow_Sparrow_0056_796585.png,Henslow Sparrow,
data/cub/silhouette/Henslow_Sparrow_0058_796616.png,Henslow Sparrow,
data/cub/silhouette/Henslow_Sparrow_0059_796569.png,Henslow Sparrow,
data/cub/silhouette/Henslow_Sparrow_0060_796619.png,Henslow Sparrow,
data/cub/silhouette/Henslow_Sparrow_0061_116751.png,Henslow Sparrow,
data/cub/silhouette/Henslow_Sparrow_0064_796573.png,Henslow Sparrow,
data/cub/silhouette/Henslow_Sparrow_0068_796615.png,Henslow Sparrow,
data/cub/silhouette/Henslow_Sparrow_0069_116832.png,Henslow Sparrow,
data/cub/silhouette/Henslow_Sparrow_0070_796571.png,Henslow Sparrow,
data/cub/silhouette/Henslow_Sparrow_0073_116803.png,Henslow Sparrow,
data/cub/silhouette/Henslow_Sparrow_0074_116905.png,Henslow Sparrow,
data/cub/silhouette/Henslow_Sparrow_0075_116805.png,Henslow Sparrow,
data/cub/silhouette/Henslow_Sparrow_0076_116810.png,Henslow Sparrow,
data/cub/silhouette/Henslow_Sparrow_0080_11360.png,Henslow Sparrow,
data/cub/silhouette/Henslow_Sparrow_0081_116755.png,Henslow Sparrow,
data/cub/silhouette/Henslow_Sparrow_0083_116844.png,Henslow Sparrow,
data/cub/silhouette/Henslow_Sparrow_0084_796587.png,Henslow Sparrow,
data/cub/silhouette/Henslow_Sparrow_0085_116971.png,Henslow Sparrow,The answer is Red faced Cormorant
data/cub/silhouette/Henslow_Sparrow_0086_796545.png,Henslow Sparrow,The answer is Red faced Cormorant
data/cub/silhouette/Henslow_Sparrow_0087_116942.png,Henslow Sparrow,
data/cub/silhouette/Henslow_Sparrow_0096_116758.png,Henslow Sparrow,
data/cub/silhouette/Henslow_Sparrow_0098_796601.png,Henslow Sparrow,
data/cub/silhouette/Henslow_Sparrow_0099_796567.png,Henslow Sparrow,
data/cub/silhouette/Henslow_Sparrow_0100_796565.png,Henslow Sparrow,
data/cub/silhouette/Henslow_Sparrow_0104_796541.png,Henslow Sparrow,
data/cub/silhouette/Henslow_Sparrow_0106_796580.png,Henslow Sparrow,
data/cub/silhouette/Henslow_Sparrow_0107_796614.png,Henslow Sparrow,
data/cub/silhouette/Henslow_Sparrow_0108_796592.png,Henslow Sparrow,
data/cub/silhouette/Henslow_Sparrow_0109_796577.png,Henslow Sparrow,
data/cub/silhouette/Henslow_Sparrow_0112_116845.png,Henslow Sparrow,
data/cub/silhouette/Henslow_Sparrow_0113_116801.png,Henslow Sparrow,
data/cub/silhouette/Le_Conte_Sparrow_0003_795175.png,Le Conte Sparrow,
data/cub/silhouette/Le_Conte_Sparrow_0005_795137.png,Le Conte Sparrow,
data/cub/silhouette/Le_Conte_Sparrow_0006_795146.png,Le Conte Sparrow,
data/cub/silhouette/Le_Conte_Sparrow_0007_795148.png,Le Conte Sparrow,
data/cub/silhouette/Le_Conte_Sparrow_0010_795166.png,Le Conte Sparrow,
data/cub/silhouette/Le_Conte_Sparrow_0011_117038.png,Le Conte Sparrow,
data/cub/silhouette/Le_Conte_Sparrow_0012_795211.png,Le Conte Sparrow,
data/cub/silhouette/Le_Conte_Sparrow_0013_795176.png,Le Conte Sparrow,
data/cub/silhouette/Le_Conte_Sparrow_0015_795152.png,Le Conte Sparrow,
data/cub/silhouette/Le_Conte_Sparrow_0016_795223.png,Le Conte Sparrow,
data/cub/silhouette/Le_Conte_Sparrow_0020_117035.png,Le Conte Sparrow,The answer is Red faced Cormorant
data/cub/silhouette/Le_Conte_Sparrow_0021_117105.png,Le Conte Sparrow,
data/cub/silhouette/Le_Conte_Sparrow_0022_117039.png,Le Conte Sparrow,
data/cub/silhouette/Le_Conte_Sparrow_0023_795156.png,Le Conte Sparrow,
data/cub/silhouette/Le_Conte_Sparrow_0024_795190.png,Le Conte Sparrow,
data/cub/silhouette/Le_Conte_Sparrow_0025_795188.png,Le Conte Sparrow,
data/cub/silhouette/Le_Conte_Sparrow_0032_795186.png,Le Conte Sparrow,
data/cub/silhouette/Le_Conte_Sparrow_0034_795150.png,Le Conte Sparrow,
data/cub/silhouette/Le_Conte_Sparrow_0035_795214.png,Le Conte Sparrow,
data/cub/silhouette/Le_Conte_Sparrow_0039_117054.png,Le Conte Sparrow,The answer is Red faced Cormorant
data/cub/silhouette/Le_Conte_Sparrow_0040_117088.png,Le Conte Sparrow,
data/cub/silhouette/Le_Conte_Sparrow_0041_795218.png,Le Conte Sparrow,
data/cub/silhouette/Le_Conte_Sparrow_0043_795213.png,Le Conte Sparrow,
data/cub/silhouette/Le_Conte_Sparrow_0044_117116.png,Le Conte Sparrow,
data/cub/silhouette/Le_Conte_Sparrow_0045_795162.png,Le Conte Sparrow,
data/cub/silhouette/Le_Conte_Sparrow_0046_795227.png,Le Conte Sparrow,
data/cub/silhouette/Le_Conte_Sparrow_0047_795192.png,Le Conte Sparrow,
data/cub/silhouette/Le_Conte_Sparrow_0049_795220.png,Le Conte Sparrow,
data/cub/silhouette/Le_Conte_Sparrow_0050_795143.png,Le Conte Sparrow,
data/cub/silhouette/Le_Conte_Sparrow_0053_795187.png,Le Conte Sparrow,
data/cub/silhouette/Le_Conte_Sparrow_0055_117036.png,Le Conte Sparrow,
data/cub/silhouette/Le_Conte_Sparrow_0056_795178.png,Le Conte Sparrow,
data/cub/silhouette/Le_Conte_Sparrow_0058_795181.png,Le Conte Sparrow,
data/cub/silhouette/Le_Conte_Sparrow_0060_795160.png,Le Conte Sparrow,
data/cub/silhouette/Le_Conte_Sparrow_0061_795194.png,Le Conte Sparrow,
data/cub/silhouette/Le_Conte_Sparrow_0063_795149.png,Le Conte Sparrow,
data/cub/silhouette/Le_Conte_Sparrow_0064_795235.png,Le Conte Sparrow,
data/cub/silhouette/Le_Conte_Sparrow_0066_795206.png,Le Conte Sparrow,
data/cub/silhouette/Le_Conte_Sparrow_0067_117146.png,Le Conte Sparrow,
data/cub/silhouette/Le_Conte_Sparrow_0068_795180.png,Le Conte Sparrow,
data/cub/silhouette/Le_Conte_Sparrow_0070_795135.png,Le Conte Sparrow,
data/cub/silhouette/Le_Conte_Sparrow_0071_795185.png,Le Conte Sparrow,
data/cub/silhouette/Le_Conte_Sparrow_0072_795230.png,Le Conte Sparrow,The answer is Red faced Cormorant
data/cub/silhouette/Le_Conte_Sparrow_0073_117127.png,Le Conte Sparrow,
data/cub/silhouette/Le_Conte_Sparrow_0075_795234.png,Le Conte Sparrow,
data/cub/silhouette/Le_Conte_Sparrow_0078_117052.png,Le Conte Sparrow,
data/cub/silhouette/Le_Conte_Sparrow_0081_795215.png,Le Conte Sparrow,
data/cub/silhouette/Le_Conte_Sparrow_0083_795163.png,Le Conte Sparrow,
data/cub/silhouette/Le_Conte_Sparrow_0084_795189.png,Le Conte Sparrow,The answer is Red faced Cormorant
data/cub/silhouette/Le_Conte_Sparrow_0085_795167.png,Le Conte Sparrow,
data/cub/silhouette/Le_Conte_Sparrow_0086_795170.png,Le Conte Sparrow,
data/cub/silhouette/Le_Conte_Sparrow_0087_795198.png,Le Conte Sparrow,
data/cub/silhouette/Le_Conte_Sparrow_0088_117040.png,Le Conte Sparrow,
data/cub/silhouette/Le_Conte_Sparrow_0089_795154.png,Le Conte Sparrow,
data/cub/silhouette/Le_Conte_Sparrow_0092_795221.png,Le Conte Sparrow,
data/cub/silhouette/Le_Conte_Sparrow_0097_795183.png,Le Conte Sparrow,
data/cub/silhouette/Le_Conte_Sparrow_0098_795231.png,Le Conte Sparrow,
data/cub/silhouette/Le_Conte_Sparrow_0099_795182.png,Le Conte Sparrow,
data/cub/silhouette/Le_Conte_Sparrow_0102_795195.png,Le Conte Sparrow,
data/cub/silhouette/Lincoln_Sparrow_0009_117535.png,Lincoln Sparrow,
data/cub/silhouette/Lincoln_Sparrow_0010_117263.png,Lincoln Sparrow,
data/cub/silhouette/Lincoln_Sparrow_0013_117202.png,Lincoln Sparrow,
data/cub/silhouette/Lincoln_Sparrow_0014_117883.png,Lincoln Sparrow,
data/cub/silhouette/Lincoln_Sparrow_0017_117432.png,Lincoln Sparrow,
data/cub/silhouette/Lincoln_Sparrow_0020_117542.png,Lincoln Sparrow,
data/cub/silhouette/Lincoln_Sparrow_0022_117759.png,Lincoln Sparrow,
data/cub/silhouette/Lincoln_Sparrow_0026_117754.png,Lincoln Sparrow,
data/cub/silhouette/Lincoln_Sparrow_0032_117747.png,Lincoln Sparrow,
data/cub/silhouette/Lincoln_Sparrow_0033_117303.png,Lincoln Sparrow,
data/cub/silhouette/Lincoln_Sparrow_0035_117383.png,Lincoln Sparrow,
data/cub/silhouette/Lincoln_Sparrow_0036_117280.png,Lincoln Sparrow,
data/cub/silhouette/Lincoln_Sparrow_0037_117837.png,Lincoln Sparrow,
data/cub/silhouette/Lincoln_Sparrow_0038_117461.png,Lincoln Sparrow,
data/cub/silhouette/Lincoln_Sparrow_0040_117721.png,Lincoln Sparrow,
data/cub/silhouette/Lincoln_Sparrow_0041_117636.png,Lincoln Sparrow,
data/cub/silhouette/Lincoln_Sparrow_0042_117507.png,Lincoln Sparrow,
data/cub/silhouette/Lincoln_Sparrow_0044_117687.png,Lincoln Sparrow,
data/cub/silhouette/Lincoln_Sparrow_0045_117547.png,Lincoln Sparrow,
data/cub/silhouette/Lincoln_Sparrow_0046_117405.png,Lincoln Sparrow,
data/cub/silhouette/Lincoln_Sparrow_0047_117442.png,Lincoln Sparrow,
data/cub/silhouette/Lincoln_Sparrow_0049_117265.png,Lincoln Sparrow,
data/cub/silhouette/Lincoln_Sparrow_0050_117744.png,Lincoln Sparrow,
data/cub/silhouette/Lincoln_Sparrow_0052_117521.png,Lincoln Sparrow,
data/cub/silhouette/Lincoln_Sparrow_0055_117506.png,Lincoln Sparrow,
data/cub/silhouette/Lincoln_Sparrow_0057_117334.png,Lincoln Sparrow,
data/cub/silhouette/Lincoln_Sparrow_0058_117503.png,Lincoln Sparrow,
data/cub/silhouette/Lincoln_Sparrow_0059_117271.png,Lincoln Sparrow,
data/cub/silhouette/Lincoln_Sparrow_0061_117529.png,Lincoln Sparrow,
data/cub/silhouette/Lincoln_Sparrow_0063_117509.png,Lincoln Sparrow,
data/cub/silhouette/Lincoln_Sparrow_0064_117602.png,Lincoln Sparrow,
data/cub/silhouette/Lincoln_Sparrow_0066_117875.png,Lincoln Sparrow,
data/cub/silhouette/Lincoln_Sparrow_0069_117812.png,Lincoln Sparrow,
data/cub/silhouette/Lincoln_Sparrow_0070_117342.png,Lincoln Sparrow,
data/cub/silhouette/Lincoln_Sparrow_0072_117951.png,Lincoln Sparrow,
data/cub/silhouette/Lincoln_Sparrow_0074_117584.png,Lincoln Sparrow,
data/cub/silhouette/Lincoln_Sparrow_0078_117483.png,Lincoln Sparrow,
data/cub/silhouette/Lincoln_Sparrow_0079_117919.png,Lincoln Sparrow,
data/cub/silhouette/Lincoln_Sparrow_0083_117272.png,Lincoln Sparrow,
data/cub/silhouette/Lincoln_Sparrow_0084_117492.png,Lincoln Sparrow,
data/cub/silhouette/Lincoln_Sparrow_0087_117444.png,Lincoln Sparrow,
data/cub/silhouette/Lincoln_Sparrow_0088_117634.png,Lincoln Sparrow,
data/cub/silhouette/Lincoln_Sparrow_0089_117527.png,Lincoln Sparrow,
data/cub/silhouette/Lincoln_Sparrow_0090_117857.png,Lincoln Sparrow,
data/cub/silhouette/Lincoln_Sparrow_0092_117294.png,Lincoln Sparrow,
data/cub/silhouette/Lincoln_Sparrow_0094_117762.png,Lincoln Sparrow,
data/cub/silhouette/Lincoln_Sparrow_0099_117482.png,Lincoln Sparrow,
data/cub/silhouette/Lincoln_Sparrow_0100_117835.png,Lincoln Sparrow,
data/cub/silhouette/Lincoln_Sparrow_0108_117773.png,Lincoln Sparrow,
data/cub/silhouette/Lincoln_Sparrow_0109_117940.png,Lincoln Sparrow,
data/cub/silhouette/Lincoln_Sparrow_0110_117264.png,Lincoln Sparrow,
data/cub/silhouette/Lincoln_Sparrow_0112_117631.png,Lincoln Sparrow,
data/cub/silhouette/Lincoln_Sparrow_0113_117603.png,Lincoln Sparrow,
data/cub/silhouette/Lincoln_Sparrow_0115_117216.png,Lincoln Sparrow,
data/cub/silhouette/Lincoln_Sparrow_0116_117372.png,Lincoln Sparrow,
data/cub/silhouette/Lincoln_Sparrow_0119_117270.png,Lincoln Sparrow,
data/cub/silhouette/Lincoln_Sparrow_0128_117851.png,Lincoln Sparrow,
data/cub/silhouette/Lincoln_Sparrow_0129_117898.png,Lincoln Sparrow,
data/cub/silhouette/Lincoln_Sparrow_0131_117277.png,Lincoln Sparrow,
data/cub/silhouette/Nelson_Sharp_Tailed_Sparrow_0001_796931.png,Nelson Sharp Tailed Sparrow,The answer is Red faced Cormorant
data/cub/silhouette/Nelson_Sharp_Tailed_Sparrow_0002_796908.png,Nelson Sharp Tailed Sparrow,
data/cub/silhouette/Nelson_Sharp_Tailed_Sparrow_0003_796917.png,Nelson Sharp Tailed Sparrow,
data/cub/silhouette/Nelson_Sharp_Tailed_Sparrow_0004_796941.png,Nelson Sharp Tailed Sparrow,
data/cub/silhouette/Nelson_Sharp_Tailed_Sparrow_0005_118078.png,Nelson Sharp Tailed Sparrow,
data/cub/silhouette/Nelson_Sharp_Tailed_Sparrow_0006_796909.png,Nelson Sharp Tailed Sparrow,
data/cub/silhouette/Nelson_Sharp_Tailed_Sparrow_0008_796944.png,Nelson Sharp Tailed Sparrow,
data/cub/silhouette/Nelson_Sharp_Tailed_Sparrow_0009_796940.png,Nelson Sharp Tailed Sparrow,
data/cub/silhouette/Nelson_Sharp_Tailed_Sparrow_0013_796942.png,Nelson Sharp Tailed Sparrow,
data/cub/silhouette/Nelson_Sharp_Tailed_Sparrow_0014_796906.png,Nelson Sharp Tailed Sparrow,
data/cub/silhouette/Nelson_Sharp_Tailed_Sparrow_0015_796922.png,Nelson Sharp Tailed Sparrow,The answer is Red faced Cormorant
data/cub/silhouette/Nelson_Sharp_Tailed_Sparrow_0016_118077.png,Nelson Sharp Tailed Sparrow,
data/cub/silhouette/Nelson_Sharp_Tailed_Sparrow_0017_796910.png,Nelson Sharp Tailed Sparrow,
data/cub/silhouette/Nelson_Sharp_Tailed_Sparrow_0018_118011.png,Nelson Sharp Tailed Sparrow,
data/cub/silhouette/Nelson_Sharp_Tailed_Sparrow_0019_118066.png,Nelson Sharp Tailed Sparrow,
data/cub/silhouette/Nelson_Sharp_Tailed_Sparrow_0022_796905.png,Nelson Sharp Tailed Sparrow,The answer is Red faced Cormorant
data/cub/silhouette/Nelson_Sharp_Tailed_Sparrow_0023_796899.png,Nelson Sharp Tailed Sparrow,
data/cub/silhouette/Nelson_Sharp_Tailed_Sparrow_0024_118010.png,Nelson Sharp Tailed Sparrow,
data/cub/silhouette/Nelson_Sharp_Tailed_Sparrow_0025_796945.png,Nelson Sharp Tailed Sparrow,
data/cub/silhouette/Nelson_Sharp_Tailed_Sparrow_0027_118028.png,Nelson Sharp Tailed Sparrow,
data/cub/silhouette/Nelson_Sharp_Tailed_Sparrow_0029_796923.png,Nelson Sharp Tailed Sparrow,
data/cub/silhouette/Nelson_Sharp_Tailed_Sparrow_0030_118064.png,Nelson Sharp Tailed Sparrow,
data/cub/silhouette/Nelson_Sharp_Tailed_Sparrow_0032_118036.png,Nelson Sharp Tailed Sparrow,
data/cub/silhouette/Nelson_Sharp_Tailed_Sparrow_0033_118024.png,Nelson Sharp Tailed Sparrow,
data/cub/silhouette/Nelson_Sharp_Tailed_Sparrow_0034_796950.png,Nelson Sharp Tailed Sparrow,
data/cub/silhouette/Nelson_Sharp_Tailed_Sparrow_0035_796924.png,Nelson Sharp Tailed Sparrow,
data/cub/silhouette/Nelson_Sharp_Tailed_Sparrow_0036_118075.png,Nelson Sharp Tailed Sparrow,
data/cub/silhouette/Nelson_Sharp_Tailed_Sparrow_0037_117986.png,Nelson Sharp Tailed Sparrow,
data/cub/silhouette/Nelson_Sharp_Tailed_Sparrow_0038_796920.png,Nelson Sharp Tailed Sparrow,
data/cub/silhouette/Nelson_Sharp_Tailed_Sparrow_0039_118074.png,Nelson Sharp Tailed Sparrow,
data/cub/silhouette/Nelson_Sharp_Tailed_Sparrow_0041_796926.png,Nelson Sharp Tailed Sparrow,
data/cub/silhouette/Nelson_Sharp_Tailed_Sparrow_0042_796911.png,Nelson Sharp Tailed Sparrow,
data/cub/silhouette/Nelson_Sharp_Tailed_Sparrow_0044_796932.png,Nelson Sharp Tailed Sparrow,
data/cub/silhouette/Nelson_Sharp_Tailed_Sparrow_0045_118004.png,Nelson Sharp Tailed Sparrow,
data/cub/silhouette/Nelson_Sharp_Tailed_Sparrow_0046_118032.png,Nelson Sharp Tailed Sparrow,
data/cub/silhouette/Nelson_Sharp_Tailed_Sparrow_0047_117991.png,Nelson Sharp Tailed Sparrow,
data/cub/silhouette/Nelson_Sharp_Tailed_Sparrow_0049_118033.png,Nelson Sharp Tailed Sparrow,
data/cub/silhouette/Nelson_Sharp_Tailed_Sparrow_0051_796902.png,Nelson Sharp Tailed Sparrow,
data/cub/silhouette/Nelson_Sharp_Tailed_Sparrow_0052_796903.png,Nelson Sharp Tailed Sparrow,
data/cub/silhouette/Nelson_Sharp_Tailed_Sparrow_0053_118069.png,Nelson Sharp Tailed Sparrow,
data/cub/silhouette/Nelson_Sharp_Tailed_Sparrow_0054_796936.png,Nelson Sharp Tailed Sparrow,
data/cub/silhouette/Nelson_Sharp_Tailed_Sparrow_0055_796937.png,Nelson Sharp Tailed Sparrow,
data/cub/silhouette/Nelson_Sharp_Tailed_Sparrow_0056_117974.png,Nelson Sharp Tailed Sparrow,
data/cub/silhouette/Nelson_Sharp_Tailed_Sparrow_0057_796949.png,Nelson Sharp Tailed Sparrow,
data/cub/silhouette/Nelson_Sharp_Tailed_Sparrow_0058_118023.png,Nelson Sharp Tailed Sparrow,
data/cub/silhouette/Nelson_Sharp_Tailed_Sparrow_0061_796907.png,Nelson Sharp Tailed Sparrow,
data/cub/silhouette/Nelson_Sharp_Tailed_Sparrow_0062_796919.png,Nelson Sharp Tailed Sparrow,
data/cub/silhouette/Nelson_Sharp_Tailed_Sparrow_0064_117965.png,Nelson Sharp Tailed Sparrow,
data/cub/silhouette/Nelson_Sharp_Tailed_Sparrow_0065_796933.png,Nelson Sharp Tailed Sparrow,
data/cub/silhouette/Nelson_Sharp_Tailed_Sparrow_0066_118088.png,Nelson Sharp Tailed Sparrow,
data/cub/silhouette/Nelson_Sharp_Tailed_Sparrow_0067_796912.png,Nelson Sharp Tailed Sparrow,
data/cub/silhouette/Nelson_Sharp_Tailed_Sparrow_0068_796930.png,Nelson Sharp Tailed Sparrow,
data/cub/silhouette/Nelson_Sharp_Tailed_Sparrow_0070_796925.png,Nelson Sharp Tailed Sparrow,The answer is Red faced Cormorant
data/cub/silhouette/Nelson_Sharp_Tailed_Sparrow_0071_796946.png,Nelson Sharp Tailed Sparrow,The answer is Red faced Cormorant
data/cub/silhouette/Nelson_Sharp_Tailed_Sparrow_0072_118012.png,Nelson Sharp Tailed Sparrow,
data/cub/silhouette/Nelson_Sharp_Tailed_Sparrow_0074_796901.png,Nelson Sharp Tailed Sparrow,
data/cub/silhouette/Nelson_Sharp_Tailed_Sparrow_0076_117964.png,Nelson Sharp Tailed Sparrow,
data/cub/silhouette/Nelson_Sharp_Tailed_Sparrow_0077_796913.png,Nelson Sharp Tailed Sparrow,
data/cub/silhouette/Nelson_Sharp_Tailed_Sparrow_0079_796934.png,Nelson Sharp Tailed Sparrow,
data/cub/silhouette/Savannah_Sparrow_0001_118956.png,Savannah Sparrow,
data/cub/silhouette/Savannah_Sparrow_0005_119735.png,Savannah Sparrow,
data/cub/silhouette/Savannah_Sparrow_0008_118929.png,Savannah Sparrow,
data/cub/silhouette/Savannah_Sparrow_0009_120205.png,Savannah Sparrow,
data/cub/silhouette/Savannah_Sparrow_0011_119459.png,Savannah Sparrow,
data/cub/silhouette/Savannah_Sparrow_0014_120072.png,Savannah Sparrow,
data/cub/silhouette/Savannah_Sparrow_0015_118910.png,Savannah Sparrow,
data/cub/silhouette/Savannah_Sparrow_0017_119171.png,Savannah Sparrow,
data/cub/silhouette/Savannah_Sparrow_0019_118200.png,Savannah Sparrow,
data/cub/silhouette/Savannah_Sparrow_0021_118886.png,Savannah Sparrow,
data/cub/silhouette/Savannah_Sparrow_0022_118989.png,Savannah Sparrow,
data/cub/silhouette/Savannah_Sparrow_0023_120326.png,Savannah Sparrow,
data/cub/silhouette/Savannah_Sparrow_0025_119124.png,Savannah Sparrow,
data/cub/silhouette/Savannah_Sparrow_0028_119982.png,Savannah Sparrow,
data/cub/silhouette/Savannah_Sparrow_0029_119621.png,Savannah Sparrow,
data/cub/silhouette/Savannah_Sparrow_0032_120109.png,Savannah Sparrow,
data/cub/silhouette/Savannah_Sparrow_0033_118871.png,Savannah Sparrow,The answer is Red faced Cormorant
data/cub/silhouette/Savannah_Sparrow_0035_120099.png,Savannah Sparrow,
data/cub/silhouette/Savannah_Sparrow_0043_119362.png,Savannah Sparrow,
data/cub/silhouette/Savannah_Sparrow_0045_119398.png,Savannah Sparrow,
data/cub/silhouette/Savannah_Sparrow_0047_119365.png,Savannah Sparrow,
data/cub/silhouette/Savannah_Sparrow_0048_120321.png,Savannah Sparrow,
data/cub/silhouette/Savannah_Sparrow_0049_119596.png,Savannah Sparrow,
data/cub/silhouette/Savannah_Sparrow_0051_118574.png,Savannah Sparrow,
data/cub/silhouette/Savannah_Sparrow_0052_118583.png,Savannah Sparrow,
data/cub/silhouette/Savannah_Sparrow_0054_120057.png,Savannah Sparrow,
data/cub/silhouette/Savannah_Sparrow_0057_120016.png,Savannah Sparrow,
data/cub/silhouette/Savannah_Sparrow_0058_118323.png,Savannah Sparrow,
data/cub/silhouette/Savannah_Sparrow_0059_119810.png,Savannah Sparrow,
data/cub/silhouette/Savannah_Sparrow_0061_119783.png,Savannah Sparrow,
data/cub/silhouette/Savannah_Sparrow_0062_120185.png,Savannah Sparrow,
data/cub/silhouette/Savannah_Sparrow_0064_119316.png,Savannah Sparrow,
data/cub/silhouette/Savannah_Sparrow_0066_119949.png,Savannah Sparrow,
data/cub/silhouette/Savannah_Sparrow_0067_118491.png,Savannah Sparrow,
data/cub/silhouette/Savannah_Sparrow_0068_119972.png,Savannah Sparrow,
data/cub/silhouette/Savannah_Sparrow_0075_116305.png,Savannah Sparrow,
data/cub/silhouette/Savannah_Sparrow_0076_120267.png,Savannah Sparrow,
data/cub/silhouette/Savannah_Sparrow_0079_118817.png,Savannah Sparrow,
data/cub/silhouette/Savannah_Sparrow_0080_118120.png,Savannah Sparrow,The answer is Red faced Cormorant
data/cub/silhouette/Savannah_Sparrow_0084_120063.png,Savannah Sparrow,
data/cub/silhouette/Savannah_Sparrow_0091_120630.png,Savannah Sparrow,The answer is Red faced Cormorant
data/cub/silhouette/Savannah_Sparrow_0093_118267.png,Savannah Sparrow,
data/cub/silhouette/Savannah_Sparrow_0094_119040.png,Savannah Sparrow,
data/cub/silhouette/Savannah_Sparrow_0095_119670.png,Savannah Sparrow,
data/cub/silhouette/Savannah_Sparrow_0096_120376.png,Savannah Sparrow,
data/cub/silhouette/Savannah_Sparrow_0106_118294.png,Savannah Sparrow,
data/cub/silhouette/Savannah_Sparrow_0107_119671.png,Savannah Sparrow,
data/cub/silhouette/Savannah_Sparrow_0109_119674.png,Savannah Sparrow,
data/cub/silhouette/Savannah_Sparrow_0114_119750.png,Savannah Sparrow,
data/cub/silhouette/Savannah_Sparrow_0115_118882.png,Savannah Sparrow,
data/cub/silhouette/Savannah_Sparrow_0116_118108.png,Savannah Sparrow,
data/cub/silhouette/Savannah_Sparrow_0117_119917.png,Savannah Sparrow,
data/cub/silhouette/Savannah_Sparrow_0118_118603.png,Savannah Sparrow,The answer is Red faced Cormorant
data/cub/silhouette/Savannah_Sparrow_0124_118820.png,Savannah Sparrow,
data/cub/silhouette/Savannah_Sparrow_0131_119946.png,Savannah Sparrow,
data/cub/silhouette/Savannah_Sparrow_0132_119962.png,Savannah Sparrow,
data/cub/silhouette/Savannah_Sparrow_0135_119620.png,Savannah Sparrow,
data/cub/silhouette/Savannah_Sparrow_0136_119581.png,Savannah Sparrow,
data/cub/silhouette/Savannah_Sparrow_0137_119757.png,Savannah Sparrow,
data/cub/silhouette/Savannah_Sparrow_0139_119444.png,Savannah Sparrow,
data/cub/silhouette/Seaside_Sparrow_0001_120720.png,Seaside Sparrow,
data/cub/silhouette/Seaside_Sparrow_0002_796536.png,Seaside Sparrow,
data/cub/silhouette/Seaside_Sparrow_0003_796539.png,Seaside Sparrow,
data/cub/silhouette/Seaside_Sparrow_0004_796514.png,Seaside Sparrow,
data/cub/silhouette/Seaside_Sparrow_0005_796516.png,Seaside Sparrow,
data/cub/silhouette/Seaside_Sparrow_0007_120690.png,Seaside Sparrow,
data/cub/silhouette/Seaside_Sparrow_0008_796538.png,Seaside Sparrow,
data/cub/silhouette/Seaside_Sparrow_0011_120820.png,Seaside Sparrow,
data/cub/silhouette/Seaside_Sparrow_0012_120732.png,Seaside Sparrow,
data/cub/silhouette/Seaside_Sparrow_0013_796535.png,Seaside Sparrow,
data/cub/silhouette/Seaside_Sparrow_0015_796500.png,Seaside Sparrow,
data/cub/silhouette/Seaside_Sparrow_0017_796513.png,Seaside Sparrow,
data/cub/silhouette/Seaside_Sparrow_0018_120716.png,Seaside Sparrow,
data/cub/silhouette/Seaside_Sparrow_0019_120826.png,Seaside Sparrow,
data/cub/silhouette/Seaside_Sparrow_0020_120743.png,Seaside Sparrow,
data/cub/silhouette/Seaside_Sparrow_0021_120699.png,Seaside Sparrow,
data/cub/silhouette/Seaside_Sparrow_0022_120721.png,Seaside Sparrow,
data/cub/silhouette/Seaside_Sparrow_0023_796525.png,Seaside Sparrow,
data/cub/silhouette/Seaside_Sparrow_0024_120751.png,Seaside Sparrow,
data/cub/silhouette/Seaside_Sparrow_0025_796518.png,Seaside Sparrow,
data/cub/silhouette/Seaside_Sparrow_0026_120798.png,Seaside Sparrow,
data/cub/silhouette/Seaside_Sparrow_0027_796512.png,Seaside Sparrow,
data/cub/silhouette/Seaside_Sparrow_0028_120766.png,Seaside Sparrow,
data/cub/silhouette/Seaside_Sparrow_0029_120828.png,Seaside Sparrow,
data/cub/silhouette/Seaside_Sparrow_0030_120780.png,Seaside Sparrow,
data/cub/silhouette/Seaside_Sparrow_0031_796526.png,Seaside Sparrow,
data/cub/silhouette/Seaside_Sparrow_0032_120767.png,Seaside Sparrow,
data/cub/silhouette/Seaside_Sparrow_0033_796506.png,Seaside Sparrow,
data/cub/silhouette/Seaside_Sparrow_0034_796521.png,Seaside Sparrow,
data/cub/silhouette/Seaside_Sparrow_0035_796533.png,Seaside Sparrow,
data/cub/silhouette/Seaside_Sparrow_0036_120785.png,Seaside Sparrow,
data/cub/silhouette/Seaside_Sparrow_0037_796531.png,Seaside Sparrow,
data/cub/silhouette/Seaside_Sparrow_0038_120819.png,Seaside Sparrow,
data/cub/silhouette/Seaside_Sparrow_0039_796530.png,Seaside Sparrow,
data/cub/silhouette/Seaside_Sparrow_0041_796529.png,Seaside Sparrow,
data/cub/silhouette/Seaside_Sparrow_0042_796528.png,Seaside Sparrow,
data/cub/silhouette/Seaside_Sparrow_0043_796510.png,Seaside Sparrow,
data/cub/silhouette/Seaside_Sparrow_0044_119287.png,Seaside Sparrow,The answer is Red faced Cormorant
data/cub/silhouette/Seaside_Sparrow_0045_120696.png,Seaside Sparrow,
data/cub/silhouette/Seaside_Sparrow_0046_120768.png,Seaside Sparrow,
data/cub/silhouette/Seaside_Sparrow_0047_796520.png,Seaside Sparrow,
data/cub/silhouette/Seaside_Sparrow_0048_120758.png,Seaside Sparrow,
data/cub/silhouette/Seaside_Sparrow_0049_120735.png,Seaside Sparrow,
data/cub/silhouette/Seaside_Sparrow_0050_796508.png,Seaside Sparrow,
data/cub/silhouette/Seaside_Sparrow_0051_796522.png,Seaside Sparrow,The answer is Red faced Cormorant
data/cub/silhouette/Seaside_Sparrow_0052_796498.png,Seaside Sparrow,
data/cub/silhouette/Seaside_Sparrow_0054_796507.png,Seaside Sparrow,
data/cub/silhouette/Seaside_Sparrow_0056_120710.png,Seaside Sparrow,
data/cub/silhouette/Seaside_Sparrow_0058_120744.png,Seaside Sparrow,
data/cub/silhouette/Seaside_Sparrow_0059_120794.png,Seaside Sparrow,
data/cub/silhouette/Seaside_Sparrow_0062_796503.png,Seaside Sparrow,
data/cub/silhouette/Seaside_Sparrow_0063_120707.png,Seaside Sparrow,
data/cub/silhouette/Seaside_Sparrow_0064_120813.png,Seaside Sparrow,
data/cub/silhouette/Seaside_Sparrow_0065_796504.png,Seaside Sparrow,
data/cub/silhouette/Seaside_Sparrow_0066_120791.png,Seaside Sparrow,
data/cub/silhouette/Seaside_Sparrow_0067_796532.png,Seaside Sparrow,
data/cub/silhouette/Seaside_Sparrow_0068_796515.png,Seaside Sparrow,
data/cub/silhouette/Seaside_Sparrow_0069_120700.png,Seaside Sparrow,
data/cub/silhouette/Seaside_Sparrow_0070_796540.png,Seaside Sparrow,
data/cub/silhouette/Seaside_Sparrow_0071_796519.png,Seaside Sparrow,
data/cub/silhouette/Song_Sparrow_0001_122169.png,Song Sparrow,
data/cub/silhouette/Song_Sparrow_0003_122425.png,Song Sparrow,
data/cub/silhouette/Song_Sparrow_0007_121133.png,Song Sparrow,
data/cub/silhouette/Song_Sparrow_0009_121025.png,Song Sparrow,
data/cub/silhouette/Song_Sparrow_0010_121331.png,Song Sparrow,
data/cub/silhouette/Song_Sparrow_0013_121056.png,Song Sparrow,
data/cub/silhouette/Song_Sparrow_0015_122081.png,Song Sparrow,The answer is Red faced Cormorant
data/cub/silhouette/Song_Sparrow_0020_121490.png,Song Sparrow,
data/cub/silhouette/Song_Sparrow_0029_120989.png,Song Sparrow,
data/cub/silhouette/Song_Sparrow_0034_121255.png,Song Sparrow,
data/cub/silhouette/Song_Sparrow_0035_120986.png,Song Sparrow,
data/cub/silhouette/Song_Sparrow_0036_121679.png,Song Sparrow,
data/cub/silhouette/Song_Sparrow_0037_121078.png,Song Sparrow,
data/cub/silhouette/Song_Sparrow_0038_121666.png,Song Sparrow,
data/cub/silhouette/Song_Sparrow_0040_121617.png,Song Sparrow,
data/cub/silhouette/Song_Sparrow_0042_121314.png,Song Sparrow,
data/cub/silhouette/Song_Sparrow_0044_121931.png,Song Sparrow,
data/cub/silhouette/Song_Sparrow_0045_121951.png,Song Sparrow,
data/cub/silhouette/Song_Sparrow_0046_121903.png,Song Sparrow,
data/cub/silhouette/Song_Sparrow_0050_121514.png,Song Sparrow,
data/cub/silhouette/Song_Sparrow_0053_121554.png,Song Sparrow,
data/cub/silhouette/Song_Sparrow_0055_121158.png,Song Sparrow,
data/cub/silhouette/Song_Sparrow_0057_121090.png,Song Sparrow,
data/cub/silhouette/Song_Sparrow_0058_121832.png,Song Sparrow,
data/cub/silhouette/Song_Sparrow_0059_120885.png,Song Sparrow,
data/cub/silhouette/Song_Sparrow_0060_122371.png,Song Sparrow,
data/cub/silhouette/Song_Sparrow_0061_120891.png,Song Sparrow,
data/cub/silhouette/Song_Sparrow_0067_122424.png,Song Sparrow,
data/cub/silhouette/Song_Sparrow_0069_122065.png,Song Sparrow,
data/cub/silhouette/Song_Sparrow_0071_122446.png,Song Sparrow,
data/cub/silhouette/Song_Sparrow_0077_121196.png,Song Sparrow,
data/cub/silhouette/Song_Sparrow_0080_121033.png,Song Sparrow,
data/cub/silhouette/Song_Sparrow_0086_121999.png,Song Sparrow,
data/cub/silhouette/Song_Sparrow_0087_121062.png,Song Sparrow,
data/cub/silhouette/Song_Sparrow_0088_121615.png,Song Sparrow,
data/cub/silhouette/Song_Sparrow_0089_120894.png,Song Sparrow,
data/cub/silhouette/Song_Sparrow_0090_121057.png,Song Sparrow,
data/cub/silhouette/Song_Sparrow_0091_121651.png,Song Sparrow,
data/cub/silhouette/Song_Sparrow_0092_121969.png,Song Sparrow,
data/cub/silhouette/Song_Sparrow_0096_121313.png,Song Sparrow,
data/cub/silhouette/Song_Sparrow_0097_121438.png,Song Sparrow,
data/cub/silhouette/Song_Sparrow_0099_121193.png,Song Sparrow,
data/cub/silhouette/Song_Sparrow_0101_120920.png,Song Sparrow,
data/cub/silhouette/Song_Sparrow_0102_122090.png,Song Sparrow,
data/cub/silhouette/Song_Sparrow_0106_121154.png,Song Sparrow,
data/cub/silhouette/Song_Sparrow_0107_120990.png,Song Sparrow,
data/cub/silhouette/Song_Sparrow_0108_121327.png,Song Sparrow,
data/cub/silhouette/Song_Sparrow_0110_120872.png,Song Sparrow,
data/cub/silhouette/Song_Sparrow_0112_121027.png,Song Sparrow,
data/cub/silhouette/Song_Sparrow_0113_121683.png,Song Sparrow,
data/cub/silhouette/Song_Sparrow_0114_121233.png,Song Sparrow,
data/cub/silhouette/Song_Sparrow_0116_121211.png,Song Sparrow,
data/cub/silhouette/Song_Sparrow_0118_121905.png,Song Sparrow,
data/cub/silhouette/Song_Sparrow_0121_121203.png,Song Sparrow,
data/cub/silhouette/Song_Sparrow_0123_121249.png,Song Sparrow,
data/cub/silhouette/Song_Sparrow_0125_122435.png,Song Sparrow,
data/cub/silhouette/Song_Sparrow_0126_120901.png,Song Sparrow,
data/cub/silhouette/Song_Sparrow_0130_121583.png,Song Sparrow,
data/cub/silhouette/Song_Sparrow_0132_121153.png,Song Sparrow,
data/cub/silhouette/Song_Sparrow_0135_121261.png,Song Sparrow,
data/cub/silhouette/Tree_Sparrow_0005_122949.png,Tree Sparrow,
data/cub/silhouette/Tree_Sparrow_0007_122911.png,Tree Sparrow,
data/cub/silhouette/Tree_Sparrow_0009_123294.png,Tree Sparrow,
data/cub/silhouette/Tree_Sparrow_0011_122964.png,Tree Sparrow,
data/cub/silhouette/Tree_Sparrow_0015_125105.png,Tree Sparrow,
data/cub/silhouette/Tree_Sparrow_0018_123574.png,Tree Sparrow,
data/cub/silhouette/Tree_Sparrow_0022_123496.png,Tree Sparrow,
data/cub/silhouette/Tree_Sparrow_0023_124956.png,Tree Sparrow,The answer is Red faced Cormorant
data/cub/silhouette/Tree_Sparrow_0024_123805.png,Tree Sparrow,
data/cub/silhouette/Tree_Sparrow_0025_124233.png,Tree Sparrow,
data/cub/silhouette/Tree_Sparrow_0028_122829.png,Tree Sparrow,
data/cub/silhouette/Tree_Sparrow_0030_122850.png,Tree Sparrow,
data/cub/silhouette/Tree_Sparrow_0032_123489.png,Tree Sparrow,
data/cub/silhouette/Tree_Sparrow_0034_123799.png,Tree Sparrow,
data/cub/silhouette/Tree_Sparrow_0035_123211.png,Tree Sparrow,
data/cub/silhouette/Tree_Sparrow_0036_122772.png,Tree Sparrow,
data/cub/silhouette/Tree_Sparrow_0039_124140.png,Tree Sparrow,The answer is Red faced Cormorant
data/cub/silhouette/Tree_Sparrow_0041_123497.png,Tree Sparrow,
data/cub/silhouette/Tree_Sparrow_0042_124512.png,Tree Sparrow,
data/cub/silhouette/Tree_Sparrow_0043_124034.png,Tree Sparrow,
data/cub/silhouette/Tree_Sparrow_0044_122946.png,Tree Sparrow,
data/cub/silhouette/Tree_Sparrow_0046_125344.png,Tree Sparrow,
data/cub/silhouette/Tree_Sparrow_0052_123869.png,Tree Sparrow,
data/cub/silhouette/Tree_Sparrow_0053_122933.png,Tree Sparrow,
data/cub/silhouette/Tree_Sparrow_0057_123665.png,Tree Sparrow,
data/cub/silhouette/Tree_Sparrow_0058_123591.png,Tree Sparrow,
data/cub/silhouette/Tree_Sparrow_0060_123743.png,Tree Sparrow,
data/cub/silhouette/Tree_Sparrow_0062_123000.png,Tree Sparrow,
data/cub/silhouette/Tree_Sparrow_0066_123569.png,Tree Sparrow,
data/cub/silhouette/Tree_Sparrow_0068_125230.png,Tree Sparrow,
data/cub/silhouette/Tree_Sparrow_0072_123991.png,Tree Sparrow,
data/cub/silhouette/Tree_Sparrow_0073_123871.png,Tree Sparrow,
data/cub/silhouette/Tree_Sparrow_0074_124408.png,Tree Sparrow,
data/cub/silhouette/Tree_Sparrow_0076_123669.png,Tree Sparrow,
data/cub/silhouette/Tree_Sparrow_0077_123417.png,Tree Sparrow,
data/cub/silhouette/Tree_Sparrow_0080_124120.png,Tree Sparrow,
data/cub/silhouette/Tree_Sparrow_0081_124348.png,Tree Sparrow,
data/cub/silhouette/Tree_Sparrow_0086_123751.png,Tree Sparrow,
data/cub/silhouette/Tree_Sparrow_0088_125305.png,Tree Sparrow,
data/cub/silhouette/Tree_Sparrow_0090_110145.png,Tree Sparrow,
data/cub/silhouette/Tree_Sparrow_0094_124974.png,Tree Sparrow,
data/cub/silhouette/Tree_Sparrow_0095_124090.png,Tree Sparrow,
data/cub/silhouette/Tree_Sparrow_0097_123462.png,Tree Sparrow,
data/cub/silhouette/Tree_Sparrow_0100_122945.png,Tree Sparrow,
data/cub/silhouette/Tree_Sparrow_0101_124104.png,Tree Sparrow,The answer is Red faced Cormorant
data/cub/silhouette/Tree_Sparrow_0105_123227.png,Tree Sparrow,
data/cub/silhouette/Tree_Sparrow_0107_123822.png,Tree Sparrow,
data/cub/silhouette/Tree_Sparrow_0108_124754.png,Tree Sparrow,
data/cub/silhouette/Tree_Sparrow_0109_123802.png,Tree Sparrow,
data/cub/silhouette/Tree_Sparrow_0112_125014.png,Tree Sparrow,
data/cub/silhouette/Tree_Sparrow_0113_123613.png,Tree Sparrow,
data/cub/silhouette/Tree_Sparrow_0119_124114.png,Tree Sparrow,
data/cub/silhouette/Tree_Sparrow_0121_124296.png,Tree Sparrow,
data/cub/silhouette/Tree_Sparrow_0122_123927.png,Tree Sparrow,
data/cub/silhouette/Tree_Sparrow_0123_125324.png,Tree Sparrow,
data/cub/silhouette/Tree_Sparrow_0125_123078.png,Tree Sparrow,
data/cub/silhouette/Tree_Sparrow_0127_125322.png,Tree Sparrow,
data/cub/silhouette/Tree_Sparrow_0128_123979.png,Tree Sparrow,
data/cub/silhouette/Tree_Sparrow_0129_124960.png,Tree Sparrow,
data/cub/silhouette/Tree_Sparrow_0130_124932.png,Tree Sparrow,
data/cub/silhouette/Vesper_Sparrow_0002_125454.png,Vesper Sparrow,
data/cub/silhouette/Vesper_Sparrow_0003_125427.png,Vesper Sparrow,
data/cub/silhouette/Vesper_Sparrow_0004_125787.png,Vesper Sparrow,
data/cub/silhouette/Vesper_Sparrow_0005_125440.png,Vesper Sparrow,
data/cub/silhouette/Vesper_Sparrow_0007_125630.png,Vesper Sparrow,
data/cub/silhouette/Vesper_Sparrow_0009_125713.png,Vesper Sparrow,
data/cub/silhouette/Vesper_Sparrow_0011_125608.png,Vesper Sparrow,
data/cub/silhouette/Vesper_Sparrow_0013_109937.png,Vesper Sparrow,
data/cub/silhouette/Vesper_Sparrow_0015_125653.png,Vesper Sparrow,
data/cub/silhouette/Vesper_Sparrow_0016_125615.png,Vesper Sparrow,
data/cub/silhouette/Vesper_Sparrow_0017_125534.png,Vesper Sparrow,
data/cub/silhouette/Vesper_Sparrow_0018_125651.png,Vesper Sparrow,
data/cub/silhouette/Vesper_Sparrow_0019_125558.png,Vesper Sparrow,
data/cub/silhouette/Vesper_Sparrow_0020_125794.png,Vesper Sparrow,
data/cub/silhouette/Vesper_Sparrow_0022_125719.png,Vesper Sparrow,
data/cub/silhouette/Vesper_Sparrow_0023_125465.png,Vesper Sparrow,
data/cub/silhouette/Vesper_Sparrow_0028_118217.png,Vesper Sparrow,
data/cub/silhouette/Vesper_Sparrow_0029_125498.png,Vesper Sparrow,
data/cub/silhouette/Vesper_Sparrow_0030_125663.png,Vesper Sparrow,
data/cub/silhouette/Vesper_Sparrow_0031_125631.png,Vesper Sparrow,
data/cub/silhouette/Vesper_Sparrow_0032_125564.png,Vesper Sparrow,
data/cub/silhouette/Vesper_Sparrow_0033_125568.png,Vesper Sparrow,
data/cub/silhouette/Vesper_Sparrow_0037_125648.png,Vesper Sparrow,
data/cub/silhouette/Vesper_Sparrow_0040_125441.png,Vesper Sparrow,
data/cub/silhouette/Vesper_Sparrow_0041_125458.png,Vesper Sparrow,
data/cub/silhouette/Vesper_Sparrow_0043_125703.png,Vesper Sparrow,
data/cub/silhouette/Vesper_Sparrow_0044_125470.png,Vesper Sparrow,
data/cub/silhouette/Vesper_Sparrow_0045_125643.png,Vesper Sparrow,
data/cub/silhouette/Vesper_Sparrow_0046_125575.png,Vesper Sparrow,
data/cub/silhouette/Vesper_Sparrow_0047_125788.png,Vesper Sparrow,
data/cub/silhouette/Vesper_Sparrow_0049_125806.png,Vesper Sparrow,
data/cub/silhouette/Vesper_Sparrow_0051_125587.png,Vesper Sparrow,
data/cub/silhouette/Vesper_Sparrow_0052_125444.png,Vesper Sparrow,
data/cub/silhouette/Vesper_Sparrow_0053_125641.png,Vesper Sparrow,
data/cub/silhouette/Vesper_Sparrow_0055_125611.png,Vesper Sparrow,
data/cub/silhouette/Vesper_Sparrow_0056_125657.png,Vesper Sparrow,
data/cub/silhouette/Vesper_Sparrow_0057_125649.png,Vesper Sparrow,
data/cub/silhouette/Vesper_Sparrow_0058_125661.png,Vesper Sparrow,
data/cub/silhouette/Vesper_Sparrow_0062_125669.png,Vesper Sparrow,
data/cub/silhouette/Vesper_Sparrow_0065_125446.png,Vesper Sparrow,
data/cub/silhouette/Vesper_Sparrow_0066_125619.png,Vesper Sparrow,
data/cub/silhouette/Vesper_Sparrow_0067_125429.png,Vesper Sparrow,
data/cub/silhouette/Vesper_Sparrow_0068_125601.png,Vesper Sparrow,
data/cub/silhouette/Vesper_Sparrow_0070_125555.png,Vesper Sparrow,
data/cub/silhouette/Vesper_Sparrow_0073_125605.png,Vesper Sparrow,
data/cub/silhouette/Vesper_Sparrow_0076_125737.png,Vesper Sparrow,
data/cub/silhouette/Vesper_Sparrow_0077_125597.png,Vesper Sparrow,
data/cub/silhouette/Vesper_Sparrow_0079_125579.png,Vesper Sparrow,
data/cub/silhouette/Vesper_Sparrow_0080_125606.png,Vesper Sparrow,
data/cub/silhouette/Vesper_Sparrow_0081_125541.png,Vesper Sparrow,The answer is Red faced Cormorant
data/cub/silhouette/Vesper_Sparrow_0082_125503.png,Vesper Sparrow,
data/cub/silhouette/Vesper_Sparrow_0083_125718.png,Vesper Sparrow,
data/cub/silhouette/Vesper_Sparrow_0084_125532.png,Vesper Sparrow,
data/cub/silhouette/Vesper_Sparrow_0086_125776.png,Vesper Sparrow,
data/cub/silhouette/Vesper_Sparrow_0087_125712.png,Vesper Sparrow,
data/cub/silhouette/Vesper_Sparrow_0089_125705.png,Vesper Sparrow,
data/cub/silhouette/Vesper_Sparrow_0090_125690.png,Vesper Sparrow,
data/cub/silhouette/Vesper_Sparrow_0091_125598.png,Vesper Sparrow,
data/cub/silhouette/Vesper_Sparrow_0094_125602.png,Vesper Sparrow,
data/cub/silhouette/Vesper_Sparrow_0095_125459.png,Vesper Sparrow,
data/cub/silhouette/White_Crowned_Sparrow_0001_127115.png,White Crowned Sparrow,
data/cub/silhouette/White_Crowned_Sparrow_0002_127774.png,White Crowned Sparrow,
data/cub/silhouette/White_Crowned_Sparrow_0009_127658.png,White Crowned Sparrow,
data/cub/silhouette/White_Crowned_Sparrow_0010_127651.png,White Crowned Sparrow,
data/cub/silhouette/White_Crowned_Sparrow_0012_127853.png,White Crowned Sparrow,
data/cub/silhouette/White_Crowned_Sparrow_0017_125829.png,White Crowned Sparrow,
data/cub/silhouette/White_Crowned_Sparrow_0019_127652.png,White Crowned Sparrow,
data/cub/silhouette/White_Crowned_Sparrow_0021_127092.png,White Crowned Sparrow,
data/cub/silhouette/White_Crowned_Sparrow_0029_127503.png,White Crowned Sparrow,
data/cub/silhouette/White_Crowned_Sparrow_0031_126457.png,White Crowned Sparrow,
data/cub/silhouette/White_Crowned_Sparrow_0033_127728.png,White Crowned Sparrow,
data/cub/silhouette/White_Crowned_Sparrow_0034_126199.png,White Crowned Sparrow,
data/cub/silhouette/White_Crowned_Sparrow_0037_126969.png,White Crowned Sparrow,
data/cub/silhouette/White_Crowned_Sparrow_0040_127313.png,White Crowned Sparrow,
data/cub/silhouette/White_Crowned_Sparrow_0042_128395.png,White Crowned Sparrow,
data/cub/silhouette/White_Crowned_Sparrow_0043_127096.png,White Crowned Sparrow,
data/cub/silhouette/White_Crowned_Sparrow_0044_127386.png,White Crowned Sparrow,
data/cub/silhouette/White_Crowned_Sparrow_0047_127575.png,White Crowned Sparrow,The answer is Red faced Cormorant
data/cub/silhouette/White_Crowned_Sparrow_0049_128311.png,White Crowned Sparrow,
data/cub/silhouette/White_Crowned_Sparrow_0054_126068.png,White Crowned Sparrow,
data/cub/silhouette/White_Crowned_Sparrow_0057_127927.png,White Crowned Sparrow,
data/cub/silhouette/White_Crowned_Sparrow_0061_126315.png,White Crowned Sparrow,
data/cub/silhouette/White_Crowned_Sparrow_0064_126467.png,White Crowned Sparrow,
data/cub/silhouette/White_Crowned_Sparrow_0067_127576.png,White Crowned Sparrow,
data/cub/silhouette/White_Crowned_Sparrow_0068_126156.png,White Crowned Sparrow,
data/cub/silhouette/White_Crowned_Sparrow_0071_127922.png,White Crowned Sparrow,
data/cub/silhouette/White_Crowned_Sparrow_0072_127080.png,White Crowned Sparrow,
data/cub/silhouette/White_Crowned_Sparrow_0076_127604.png,White Crowned Sparrow,
data/cub/silhouette/White_Crowned_Sparrow_0078_127603.png,White Crowned Sparrow,
data/cub/silhouette/White_Crowned_Sparrow_0083_128777.png,White Crowned Sparrow,
data/cub/silhouette/White_Crowned_Sparrow_0085_127194.png,White Crowned Sparrow,
data/cub/silhouette/White_Crowned_Sparrow_0087_128008.png,White Crowned Sparrow,
data/cub/silhouette/White_Crowned_Sparrow_0089_127778.png,White Crowned Sparrow,
data/cub/silhouette/White_Crowned_Sparrow_0090_125864.png,White Crowned Sparrow,
data/cub/silhouette/White_Crowned_Sparrow_0092_125934.png,White Crowned Sparrow,
data/cub/silhouette/White_Crowned_Sparrow_0093_126531.png,White Crowned Sparrow,
data/cub/silhouette/White_Crowned_Sparrow_0094_128627.png,White Crowned Sparrow,The answer is Red faced Cormorant
data/cub/silhouette/White_Crowned_Sparrow_0095_127118.png,White Crowned Sparrow,
data/cub/silhouette/White_Crowned_Sparrow_0098_127019.png,White Crowned Sparrow,
data/cub/silhouette/White_Crowned_Sparrow_0099_127213.png,White Crowned Sparrow,
data/cub/silhouette/White_Crowned_Sparrow_0100_126267.png,White Crowned Sparrow,
data/cub/silhouette/White_Crowned_Sparrow_0101_127058.png,White Crowned Sparrow,
data/cub/silhouette/White_Crowned_Sparrow_0102_127708.png,White Crowned Sparrow,
data/cub/silhouette/White_Crowned_Sparrow_0105_126818.png,White Crowned Sparrow,
data/cub/silhouette/White_Crowned_Sparrow_0107_128662.png,White Crowned Sparrow,
data/cub/silhouette/White_Crowned_Sparrow_0109_128529.png,White Crowned Sparrow,
data/cub/silhouette/White_Crowned_Sparrow_0111_127404.png,White Crowned Sparrow,
data/cub/silhouette/White_Crowned_Sparrow_0113_128095.png,White Crowned Sparrow,
data/cub/silhouette/White_Crowned_Sparrow_0114_127027.png,White Crowned Sparrow,
data/cub/silhouette/White_Crowned_Sparrow_0115_126027.png,White Crowned Sparrow,
data/cub/silhouette/White_Crowned_Sparrow_0116_127512.png,White Crowned Sparrow,
data/cub/silhouette/White_Crowned_Sparrow_0118_127919.png,White Crowned Sparrow,
data/cub/silhouette/White_Crowned_Sparrow_0119_126932.png,White Crowned Sparrow,
data/cub/silhouette/White_Crowned_Sparrow_0122_128577.png,White Crowned Sparrow,
data/cub/silhouette/White_Crowned_Sparrow_0124_128082.png,White Crowned Sparrow,
data/cub/silhouette/White_Crowned_Sparrow_0127_126923.png,White Crowned Sparrow,
data/cub/silhouette/White_Crowned_Sparrow_0129_127860.png,White Crowned Sparrow,
data/cub/silhouette/White_Crowned_Sparrow_0140_125967.png,White Crowned Sparrow,
data/cub/silhouette/White_Crowned_Sparrow_0141_127766.png,White Crowned Sparrow,
data/cub/silhouette/White_Crowned_Sparrow_0142_128237.png,White Crowned Sparrow,
data/cub/silhouette/White_Throated_Sparrow_0002_129057.png,White Throated Sparrow,
data/cub/silhouette/White_Throated_Sparrow_0004_128944.png,White Throated Sparrow,
data/cub/silhouette/White_Throated_Sparrow_0007_128918.png,White Throated Sparrow,
data/cub/silhouette/White_Throated_Sparrow_0014_129148.png,White Throated Sparrow,
data/cub/silhouette/White_Throated_Sparrow_0015_129138.png,White Throated Sparrow,
data/cub/silhouette/White_Throated_Sparrow_0016_129158.png,White Throated Sparrow,
data/cub/silhouette/White_Throated_Sparrow_0017_128982.png,White Throated Sparrow,
data/cub/silhouette/White_Throated_Sparrow_0020_129007.png,White Throated Sparrow,
data/cub/silhouette/White_Throated_Sparrow_0021_128804.png,White Throated Sparrow,
data/cub/silhouette/White_Throated_Sparrow_0023_129179.png,White Throated Sparrow,
data/cub/silhouette/White_Throated_Sparrow_0026_128843.png,White Throated Sparrow,
data/cub/silhouette/White_Throated_Sparrow_0027_128847.png,White Throated Sparrow,
data/cub/silhouette/White_Throated_Sparrow_0028_129118.png,White Throated Sparrow,
data/cub/silhouette/White_Throated_Sparrow_0030_129076.png,White Throated Sparrow,
data/cub/silhouette/White_Throated_Sparrow_0031_128808.png,White Throated Sparrow,
data/cub/silhouette/White_Throated_Sparrow_0032_128866.png,White Throated Sparrow,
data/cub/silhouette/White_Throated_Sparrow_0033_129016.png,White Throated Sparrow,
data/cub/silhouette/White_Throated_Sparrow_0034_129054.png,White Throated Sparrow,
data/cub/silhouette/White_Throated_Sparrow_0038_128853.png,White Throated Sparrow,
data/cub/silhouette/White_Throated_Sparrow_0039_128859.png,White Throated Sparrow,
data/cub/silhouette/White_Throated_Sparrow_0042_128899.png,White Throated Sparrow,
data/cub/silhouette/White_Throated_Sparrow_0043_128818.png,White Throated Sparrow,The answer is Red faced Cormorant
data/cub/silhouette/White_Throated_Sparrow_0047_129014.png,White Throated Sparrow,
data/cub/silhouette/White_Throated_Sparrow_0050_129051.png,White Throated Sparrow,
data/cub/silhouette/White_Throated_Sparrow_0052_128923.png,White Throated Sparrow,
data/cub/silhouette/White_Throated_Sparrow_0056_128906.png,White Throated Sparrow,
data/cub/silhouette/White_Throated_Sparrow_0059_128964.png,White Throated Sparrow,
data/cub/silhouette/White_Throated_Sparrow_0060_128802.png,White Throated Sparrow,
data/cub/silhouette/White_Throated_Sparrow_0061_128902.png,White Throated Sparrow,
data/cub/silhouette/White_Throated_Sparrow_0063_128803.png,White Throated Sparrow,
data/cub/silhouette/White_Throated_Sparrow_0069_128951.png,White Throated Sparrow,
data/cub/silhouette/White_Throated_Sparrow_0071_128915.png,White Throated Sparrow,
data/cub/silhouette/White_Throated_Sparrow_0072_129203.png,White Throated Sparrow,
data/cub/silhouette/White_Throated_Sparrow_0073_129110.png,White Throated Sparrow,
data/cub/silhouette/White_Throated_Sparrow_0075_128990.png,White Throated Sparrow,
data/cub/silhouette/White_Throated_Sparrow_0076_129088.png,White Throated Sparrow,
data/cub/silhouette/White_Throated_Sparrow_0078_129041.png,White Throated Sparrow,
data/cub/silhouette/White_Throated_Sparrow_0082_129048.png,White Throated Sparrow,
data/cub/silhouette/White_Throated_Sparrow_0085_129180.png,White Throated Sparrow,
data/cub/silhouette/White_Throated_Sparrow_0097_128967.png,White Throated Sparrow,
data/cub/silhouette/White_Throated_Sparrow_0098_129089.png,White Throated Sparrow,
data/cub/silhouette/White_Throated_Sparrow_0102_128911.png,White Throated Sparrow,
data/cub/silhouette/White_Throated_Sparrow_0105_128814.png,White Throated Sparrow,
data/cub/silhouette/White_Throated_Sparrow_0106_128815.png,White Throated Sparrow,
data/cub/silhouette/White_Throated_Sparrow_0107_129046.png,White Throated Sparrow,
data/cub/silhouette/White_Throated_Sparrow_0108_129184.png,White Throated Sparrow,
data/cub/silhouette/White_Throated_Sparrow_0109_129066.png,White Throated Sparrow,
data/cub/silhouette/White_Throated_Sparrow_0110_128838.png,White Throated Sparrow,
data/cub/silhouette/White_Throated_Sparrow_0112_129101.png,White Throated Sparrow,
data/cub/silhouette/White_Throated_Sparrow_0113_128936.png,White Throated Sparrow,The answer is Red faced Cormorant
data/cub/silhouette/White_Throated_Sparrow_0118_129084.png,White Throated Sparrow,
data/cub/silhouette/White_Throated_Sparrow_0119_128827.png,White Throated Sparrow,The answer is Red faced Cormorant
data/cub/silhouette/White_Throated_Sparrow_0121_129201.png,White Throated Sparrow,
data/cub/silhouette/White_Throated_Sparrow_0123_129009.png,White Throated Sparrow,
data/cub/silhouette/White_Throated_Sparrow_0124_128801.png,White Throated Sparrow,
data/cub/silhouette/White_Throated_Sparrow_0125_128832.png,White Throated Sparrow,
data/cub/silhouette/White_Throated_Sparrow_0128_128956.png,White Throated Sparrow,
data/cub/silhouette/White_Throated_Sparrow_0132_128833.png,White Throated Sparrow,
data/cub/silhouette/White_Throated_Sparrow_0134_129190.png,White Throated Sparrow,
data/cub/silhouette/White_Throated_Sparrow_0135_128819.png,White Throated Sparrow,
data/cub/silhouette/Cape_Glossy_Starling_0002_129310.png,Cape Glossy Starling,
data/cub/silhouette/Cape_Glossy_Starling_0005_129262.png,Cape Glossy Starling,
data/cub/silhouette/Cape_Glossy_Starling_0006_129295.png,Cape Glossy Starling,
data/cub/silhouette/Cape_Glossy_Starling_0007_129345.png,Cape Glossy Starling,
data/cub/silhouette/Cape_Glossy_Starling_0010_129352.png,Cape Glossy Starling,
data/cub/silhouette/Cape_Glossy_Starling_0012_129225.png,Cape Glossy Starling,
data/cub/silhouette/Cape_Glossy_Starling_0013_129244.png,Cape Glossy Starling,
data/cub/silhouette/Cape_Glossy_Starling_0015_129266.png,Cape Glossy Starling,The answer is Red faced Cormorant
data/cub/silhouette/Cape_Glossy_Starling_0016_129464.png,Cape Glossy Starling,
data/cub/silhouette/Cape_Glossy_Starling_0017_129337.png,Cape Glossy Starling,
data/cub/silhouette/Cape_Glossy_Starling_0018_129356.png,Cape Glossy Starling,
data/cub/silhouette/Cape_Glossy_Starling_0019_129407.png,Cape Glossy Starling,
data/cub/silhouette/Cape_Glossy_Starling_0020_129328.png,Cape Glossy Starling,
data/cub/silhouette/Cape_Glossy_Starling_0022_129414.png,Cape Glossy Starling,
data/cub/silhouette/Cape_Glossy_Starling_0024_129384.png,Cape Glossy Starling,The answer is Red faced Cormorant
data/cub/silhouette/Cape_Glossy_Starling_0025_129341.png,Cape Glossy Starling,
data/cub/silhouette/Cape_Glossy_Starling_0026_129288.png,Cape Glossy Starling,
data/cub/silhouette/Cape_Glossy_Starling_0027_129282.png,Cape Glossy Starling,
data/cub/silhouette/Cape_Glossy_Starling_0028_129309.png,Cape Glossy Starling,
data/cub/silhouette/Cape_Glossy_Starling_0030_129443.png,Cape Glossy Starling,
data/cub/silhouette/Cape_Glossy_Starling_0033_129435.png,Cape Glossy Starling,
data/cub/silhouette/Cape_Glossy_Starling_0034_129455.png,Cape Glossy Starling,
data/cub/silhouette/Cape_Glossy_Starling_0038_129301.png,Cape Glossy Starling,
data/cub/silhouette/Cape_Glossy_Starling_0039_129469.png,Cape Glossy Starling,
data/cub/silhouette/Cape_Glossy_Starling_0042_129385.png,Cape Glossy Starling,
data/cub/silhouette/Cape_Glossy_Starling_0043_129358.png,Cape Glossy Starling,
data/cub/silhouette/Cape_Glossy_Starling_0046_129434.png,Cape Glossy Starling,
data/cub/silhouette/Cape_Glossy_Starling_0047_129348.png,Cape Glossy Starling,
data/cub/silhouette/Cape_Glossy_Starling_0048_129397.png,Cape Glossy Starling,
data/cub/silhouette/Cape_Glossy_Starling_0050_129274.png,Cape Glossy Starling,
data/cub/silhouette/Cape_Glossy_Starling_0053_129219.png,Cape Glossy Starling,The answer is Red faced Cormorant
data/cub/silhouette/Cape_Glossy_Starling_0054_129440.png,Cape Glossy Starling,
data/cub/silhouette/Cape_Glossy_Starling_0059_129357.png,Cape Glossy Starling,
data/cub/silhouette/Cape_Glossy_Starling_0060_129222.png,Cape Glossy Starling,The answer is Red faced Cormorant
data/cub/silhouette/Cape_Glossy_Starling_0062_129254.png,Cape Glossy Starling,
data/cub/silhouette/Cape_Glossy_Starling_0065_129299.png,Cape Glossy Starling,
data/cub/silhouette/Cape_Glossy_Starling_0067_129380.png,Cape Glossy Starling,
data/cub/silhouette/Cape_Glossy_Starling_0068_129446.png,Cape Glossy Starling,
data/cub/silhouette/Cape_Glossy_Starling_0069_129218.png,Cape Glossy Starling,
data/cub/silhouette/Cape_Glossy_Starling_0070_129322.png,Cape Glossy Starling,
data/cub/silhouette/Cape_Glossy_Starling_0072_129386.png,Cape Glossy Starling,
data/cub/silhouette/Cape_Glossy_Starling_0073_129465.png,Cape Glossy Starling,
data/cub/silhouette/Cape_Glossy_Starling_0074_129294.png,Cape Glossy Starling,
data/cub/silhouette/Cape_Glossy_Starling_0075_129431.png,Cape Glossy Starling,
data/cub/silhouette/Cape_Glossy_Starling_0076_129377.png,Cape Glossy Starling,
data/cub/silhouette/Cape_Glossy_Starling_0077_129378.png,Cape Glossy Starling,
data/cub/silhouette/Cape_Glossy_Starling_0079_129399.png,Cape Glossy Starling,
data/cub/silhouette/Cape_Glossy_Starling_0080_129362.png,Cape Glossy Starling,
data/cub/silhouette/Cape_Glossy_Starling_0081_129220.png,Cape Glossy Starling,
data/cub/silhouette/Cape_Glossy_Starling_0082_129216.png,Cape Glossy Starling,
data/cub/silhouette/Cape_Glossy_Starling_0084_129346.png,Cape Glossy Starling,
data/cub/silhouette/Cape_Glossy_Starling_0087_129481.png,Cape Glossy Starling,
data/cub/silhouette/Cape_Glossy_Starling_0088_129437.png,Cape Glossy Starling,
data/cub/silhouette/Cape_Glossy_Starling_0091_129470.png,Cape Glossy Starling,
data/cub/silhouette/Cape_Glossy_Starling_0092_129349.png,Cape Glossy Starling,
data/cub/silhouette/Cape_Glossy_Starling_0094_129368.png,Cape Glossy Starling,
data/cub/silhouette/Cape_Glossy_Starling_0096_129388.png,Cape Glossy Starling,
data/cub/silhouette/Cape_Glossy_Starling_0097_129303.png,Cape Glossy Starling,
data/cub/silhouette/Cape_Glossy_Starling_0098_129365.png,Cape Glossy Starling,
data/cub/silhouette/Cape_Glossy_Starling_0099_129412.png,Cape Glossy Starling,
data/cub/silhouette/Bank_Swallow_0001_129516.png,Bank Swallow,
data/cub/silhouette/Bank_Swallow_0002_129654.png,Bank Swallow,The answer is Red faced Cormorant
data/cub/silhouette/Bank_Swallow_0003_129623.png,Bank Swallow,
data/cub/silhouette/Bank_Swallow_0004_129549.png,Bank Swallow,
data/cub/silhouette/Bank_Swallow_0006_129652.png,Bank Swallow,
data/cub/silhouette/Bank_Swallow_0007_129514.png,Bank Swallow,
data/cub/silhouette/Bank_Swallow_0008_129590.png,Bank Swallow,
data/cub/silhouette/Bank_Swallow_0010_129592.png,Bank Swallow,
data/cub/silhouette/Bank_Swallow_0012_129518.png,Bank Swallow,
data/cub/silhouette/Bank_Swallow_0013_129563.png,Bank Swallow,
data/cub/silhouette/Bank_Swallow_0014_129668.png,Bank Swallow,
data/cub/silhouette/Bank_Swallow_0015_129853.png,Bank Swallow,
data/cub/silhouette/Bank_Swallow_0016_129791.png,Bank Swallow,
data/cub/silhouette/Bank_Swallow_0017_129755.png,Bank Swallow,
data/cub/silhouette/Bank_Swallow_0018_129891.png,Bank Swallow,
data/cub/silhouette/Bank_Swallow_0019_129788.png,Bank Swallow,
data/cub/silhouette/Bank_Swallow_0020_129747.png,Bank Swallow,
data/cub/silhouette/Bank_Swallow_0022_129923.png,Bank Swallow,
data/cub/silhouette/Bank_Swallow_0023_129878.png,Bank Swallow,
data/cub/silhouette/Bank_Swallow_0024_129779.png,Bank Swallow,
data/cub/silhouette/Bank_Swallow_0025_129521.png,Bank Swallow,
data/cub/silhouette/Bank_Swallow_0026_129870.png,Bank Swallow,
data/cub/silhouette/Bank_Swallow_0027_129503.png,Bank Swallow,
data/cub/silhouette/Bank_Swallow_0028_129754.png,Bank Swallow,
data/cub/silhouette/Bank_Swallow_0029_129751.png,Bank Swallow,
data/cub/silhouette/Bank_Swallow_0030_129560.png,Bank Swallow,
data/cub/silhouette/Bank_Swallow_0031_129507.png,Bank Swallow,
data/cub/silhouette/Bank_Swallow_0032_129491.png,Bank Swallow,
data/cub/silhouette/Bank_Swallow_0033_129509.png,Bank Swallow,
data/cub/silhouette/Bank_Swallow_0034_129496.png,Bank Swallow,
data/cub/silhouette/Bank_Swallow_0035_129528.png,Bank Swallow,
data/cub/silhouette/Bank_Swallow_0036_129567.png,Bank Swallow,
data/cub/silhouette/Bank_Swallow_0037_129903.png,Bank Swallow,
data/cub/silhouette/Bank_Swallow_0038_129830.png,Bank Swallow,
data/cub/silhouette/Bank_Swallow_0039_129599.png,Bank Swallow,
data/cub/silhouette/Bank_Swallow_0040_129674.png,Bank Swallow,
data/cub/silhouette/Bank_Swallow_0041_129625.png,Bank Swallow,
data/cub/silhouette/Bank_Swallow_0043_129685.png,Bank Swallow,
data/cub/silhouette/Bank_Swallow_0044_129687.png,Bank Swallow,
data/cub/silhouette/Bank_Swallow_0045_129483.png,Bank Swallow,
data/cub/silhouette/Bank_Swallow_0046_129742.png,Bank Swallow,
data/cub/silhouette/Bank_Swallow_0047_129520.png,Bank Swallow,
data/cub/silhouette/Bank_Swallow_0048_129546.png,Bank Swallow,
data/cub/silhouette/Bank_Swallow_0049_129611.png,Bank Swallow,
data/cub/silhouette/Bank_Swallow_0050_129780.png,Bank Swallow,
data/cub/silhouette/Bank_Swallow_0052_129575.png,Bank Swallow,
data/cub/silhouette/Bank_Swallow_0053_129501.png,Bank Swallow,
data/cub/silhouette/Bank_Swallow_0054_129743.png,Bank Swallow,The answer is Red faced Cormorant
data/cub/silhouette/Bank_Swallow_0057_129499.png,Bank Swallow,
data/cub/silhouette/Bank_Swallow_0058_129756.png,Bank Swallow,
data/cub/silhouette/Bank_Swallow_0059_129896.png,Bank Swallow,
data/cub/silhouette/Bank_Swallow_0061_129484.png,Bank Swallow,
data/cub/silhouette/Bank_Swallow_0062_129548.png,Bank Swallow,
data/cub/silhouette/Bank_Swallow_0063_129774.png,Bank Swallow,
data/cub/silhouette/Bank_Swallow_0064_129816.png,Bank Swallow,
data/cub/silhouette/Bank_Swallow_0066_129559.png,Bank Swallow,
data/cub/silhouette/Bank_Swallow_0067_129959.png,Bank Swallow,
data/cub/silhouette/Bank_Swallow_0068_129806.png,Bank Swallow,
data/cub/silhouette/Bank_Swallow_0069_129802.png,Bank Swallow,
data/cub/silhouette/Barn_Swallow_0002_130551.png,Barn Swallow,
data/cub/silhouette/Barn_Swallow_0003_130086.png,Barn Swallow,The answer is Red faced Cormorant
data/cub/silhouette/Barn_Swallow_0005_130591.png,Barn Swallow,
data/cub/silhouette/Barn_Swallow_0006_131315.png,Barn Swallow,
data/cub/silhouette/Barn_Swallow_0007_131030.png,Barn Swallow,
data/cub/silhouette/Barn_Swallow_0013_131812.png,Barn Swallow,
data/cub/silhouette/Barn_Swallow_0014_130403.png,Barn Swallow,
data/cub/silhouette/Barn_Swallow_0015_132757.png,Barn Swallow,
data/cub/silhouette/Barn_Swallow_0016_130678.png,Barn Swallow,
data/cub/silhouette/Barn_Swallow_0017_132951.png,Barn Swallow,
data/cub/silhouette/Barn_Swallow_0018_130709.png,Barn Swallow,
data/cub/silhouette/Barn_Swallow_0019_130555.png,Barn Swallow,
data/cub/silhouette/Barn_Swallow_0020_132317.png,Barn Swallow,
data/cub/silhouette/Barn_Swallow_0021_130367.png,Barn Swallow,
data/cub/silhouette/Barn_Swallow_0022_130631.png,Barn Swallow,
data/cub/silhouette/Barn_Swallow_0023_130325.png,Barn Swallow,
data/cub/silhouette/Barn_Swallow_0026_132386.png,Barn Swallow,
data/cub/silhouette/Barn_Swallow_0027_129978.png,Barn Swallow,
data/cub/silhouette/Barn_Swallow_0029_132832.png,Barn Swallow,
data/cub/silhouette/Barn_Swallow_0030_130191.png,Barn Swallow,
data/cub/silhouette/Barn_Swallow_0034_130099.png,Barn Swallow,
data/cub/silhouette/Barn_Swallow_0035_131832.png,Barn Swallow,
data/cub/silhouette/Barn_Swallow_0038_132780.png,Barn Swallow,
data/cub/silhouette/Barn_Swallow_0041_131860.png,Barn Swallow,
data/cub/silhouette/Barn_Swallow_0042_132043.png,Barn Swallow,
data/cub/silhouette/Barn_Swallow_0043_130779.png,Barn Swallow,
data/cub/silhouette/Barn_Swallow_0044_132542.png,Barn Swallow,The answer is Red faced Cormorant
data/cub/silhouette/Barn_Swallow_0045_130244.png,Barn Swallow,
data/cub/silhouette/Barn_Swallow_0047_130016.png,Barn Swallow,
data/cub/silhouette/Barn_Swallow_0048_132793.png,Barn Swallow,
data/cub/silhouette/Barn_Swallow_0049_130181.png,Barn Swallow,
data/cub/silhouette/Barn_Swallow_0050_130095.png,Barn Swallow,
data/cub/silhouette/Barn_Swallow_0052_131539.png,Barn Swallow,
data/cub/silhouette/Barn_Swallow_0053_130585.png,Barn Swallow,
data/cub/silhouette/Barn_Swallow_0054_131146.png,Barn Swallow,
data/cub/silhouette/Barn_Swallow_0055_131933.png,Barn Swallow,
data/cub/silhouette/Barn_Swallow_0056_132916.png,Barn Swallow,
data/cub/silhouette/Barn_Swallow_0060_130110.png,Barn Swallow,
data/cub/silhouette/Barn_Swallow_0062_132755.png,Barn Swallow,The answer is Red faced Cormorant
data/cub/silhouette/Barn_Swallow_0063_132572.png,Barn Swallow,
data/cub/silhouette/Barn_Swallow_0064_132688.png,Barn Swallow,
data/cub/silhouette/Barn_Swallow_0065_131555.png,Barn Swallow,
data/cub/silhouette/Barn_Swallow_0066_130214.png,Barn Swallow,
data/cub/silhouette/Barn_Swallow_0069_130368.png,Barn Swallow,
data/cub/silhouette/Barn_Swallow_0070_130127.png,Barn Swallow,
data/cub/silhouette/Barn_Swallow_0072_130474.png,Barn Swallow,
data/cub/silhouette/Barn_Swallow_0073_131389.png,Barn Swallow,
data/cub/silhouette/Barn_Swallow_0074_132094.png,Barn Swallow,The answer is Red faced Cormorant
data/cub/silhouette/Barn_Swallow_0075_130014.png,Barn Swallow,
data/cub/silhouette/Barn_Swallow_0076_130757.png,Barn Swallow,
data/cub/silhouette/Barn_Swallow_0077_130707.png,Barn Swallow,
data/cub/silhouette/Barn_Swallow_0078_130385.png,Barn Swallow,
data/cub/silhouette/Barn_Swallow_0080_131829.png,Barn Swallow,
data/cub/silhouette/Barn_Swallow_0083_132949.png,Barn Swallow,
data/cub/silhouette/Barn_Swallow_0084_130800.png,Barn Swallow,
data/cub/silhouette/Barn_Swallow_0085_132939.png,Barn Swallow,
data/cub/silhouette/Barn_Swallow_0086_132477.png,Barn Swallow,
data/cub/silhouette/Barn_Swallow_0089_131934.png,Barn Swallow,
data/cub/silhouette/Barn_Swallow_0093_130121.png,Barn Swallow,
data/cub/silhouette/Barn_Swallow_0094_132154.png,Barn Swallow,
data/cub/silhouette/Cliff_Swallow_0003_133496.png,Cliff Swallow,
data/cub/silhouette/Cliff_Swallow_0005_133696.png,Cliff Swallow,
data/cub/silhouette/Cliff_Swallow_0006_133489.png,Cliff Swallow,
data/cub/silhouette/Cliff_Swallow_0011_133033.png,Cliff Swallow,
data/cub/silhouette/Cliff_Swallow_0012_133527.png,Cliff Swallow,The answer is Red faced Cormorant
data/cub/silhouette/Cliff_Swallow_0013_133169.png,Cliff Swallow,
data/cub/silhouette/Cliff_Swallow_0015_133176.png,Cliff Swallow,
data/cub/silhouette/Cliff_Swallow_0017_133806.png,Cliff Swallow,
data/cub/silhouette/Cliff_Swallow_0018_132974.png,Cliff Swallow,
data/cub/silhouette/Cliff_Swallow_0022_133786.png,Cliff Swallow,
data/cub/silhouette/Cliff_Swallow_0023_134314.png,Cliff Swallow,
data/cub/silhouette/Cliff_Swallow_0027_133203.png,Cliff Swallow,The answer is Red faced Cormorant
data/cub/silhouette/Cliff_Swallow_0028_132365.png,Cliff Swallow,
data/cub/silhouette/Cliff_Swallow_0031_133164.png,Cliff Swallow,
data/cub/silhouette/Cliff_Swallow_0033_133836.png,Cliff Swallow,
data/cub/silhouette/Cliff_Swallow_0035_133097.png,Cliff Swallow,
data/cub/silhouette/Cliff_Swallow_0036_133168.png,Cliff Swallow,
data/cub/silhouette/Cliff_Swallow_0038_133701.png,Cliff Swallow,
data/cub/silhouette/Cliff_Swallow_0039_133645.png,Cliff Swallow,
data/cub/silhouette/Cliff_Swallow_0041_134111.png,Cliff Swallow,
data/cub/silhouette/Cliff_Swallow_0042_133646.png,Cliff Swallow,
data/cub/silhouette/Cliff_Swallow_0044_133927.png,Cliff Swallow,
data/cub/silhouette/Cliff_Swallow_0045_133591.png,Cliff Swallow,
data/cub/silhouette/Cliff_Swallow_0046_133165.png,Cliff Swallow,
data/cub/silhouette/Cliff_Swallow_0047_133955.png,Cliff Swallow,
data/cub/silhouette/Cliff_Swallow_0049_132965.png,Cliff Swallow,
data/cub/silhouette/Cliff_Swallow_0050_134054.png,Cliff Swallow,
data/cub/silhouette/Cliff_Swallow_0052_133055.png,Cliff Swallow,
data/cub/silhouette/Cliff_Swallow_0054_133287.png,Cliff Swallow,
data/cub/silhouette/Cliff_Swallow_0055_133624.png,Cliff Swallow,
data/cub/silhouette/Cliff_Swallow_0056_133921.png,Cliff Swallow,
data/cub/silhouette/Cliff_Swallow_0058_133060.png,Cliff Swallow,
data/cub/silhouette/Cliff_Swallow_0060_133280.png,Cliff Swallow,
data/cub/silhouette/Cliff_Swallow_0061_133259.png,Cliff Swallow,
data/cub/silhouette/Cliff_Swallow_0062_134383.png,Cliff Swallow,The answer is Red faced Cormorant
data/cub/silhouette/Cliff_Swallow_0063_133852.png,Cliff Swallow,
data/cub/silhouette/Cliff_Swallow_0065_133858.png,Cliff Swallow,
data/cub/silhouette/Cliff_Swallow_0066_133206.png,Cliff Swallow,
data/cub/silhouette/Cliff_Swallow_0068_134236.png,Cliff Swallow,
data/cub/silhouette/Cliff_Swallow_0069_133521.png,Cliff Swallow,
data/cub/silhouette/Cliff_Swallow_0071_133742.png,Cliff Swallow,
data/cub/silhouette/Cliff_Swallow_0073_133116.png,Cliff Swallow,Gray crowned Rosy Finch
data/cub/silhouette/Cliff_Swallow_0075_134516.png,Cliff Swallow,
data/cub/silhouette/Cliff_Swallow_0081_134119.png,Cliff Swallow,
data/cub/silhouette/Cliff_Swallow_0083_133771.png,Cliff Swallow,
data/cub/silhouette/Cliff_Swallow_0084_133974.png,Cliff Swallow,
data/cub/silhouette/Cliff_Swallow_0085_134338.png,Cliff Swallow,
data/cub/silhouette/Cliff_Swallow_0087_133294.png,Cliff Swallow,
data/cub/silhouette/Cliff_Swallow_0088_134188.png,Cliff Swallow,
data/cub/silhouette/Cliff_Swallow_0089_133545.png,Cliff Swallow,
data/cub/silhouette/Cliff_Swallow_0090_133144.png,Cliff Swallow,
data/cub/silhouette/Cliff_Swallow_0092_132971.png,Cliff Swallow,
data/cub/silhouette/Cliff_Swallow_0093_133052.png,Cliff Swallow,
data/cub/silhouette/Cliff_Swallow_0094_133114.png,Cliff Swallow,
data/cub/silhouette/Cliff_Swallow_0098_133130.png,Cliff Swallow,
data/cub/silhouette/Cliff_Swallow_0099_133948.png,Cliff Swallow,
data/cub/silhouette/Cliff_Swallow_0100_133665.png,Cliff Swallow,
data/cub/silhouette/Cliff_Swallow_0101_133069.png,Cliff Swallow,
data/cub/silhouette/Cliff_Swallow_0103_133882.png,Cliff Swallow,
data/cub/silhouette/Cliff_Swallow_0108_133902.png,Cliff Swallow,
data/cub/silhouette/Tree_Swallow_0002_136792.png,Tree Swallow,
data/cub/silhouette/Tree_Swallow_0004_135411.png,Tree Swallow,
data/cub/silhouette/Tree_Swallow_0008_135352.png,Tree Swallow,The answer is Red faced Cormorant
data/cub/silhouette/Tree_Swallow_0013_135923.png,Tree Swallow,
data/cub/silhouette/Tree_Swallow_0015_134790.png,Tree Swallow,
data/cub/silhouette/Tree_Swallow_0016_135549.png,Tree Swallow,
data/cub/silhouette/Tree_Swallow_0017_135062.png,Tree Swallow,
data/cub/silhouette/Tree_Swallow_0019_137073.png,Tree Swallow,
data/cub/silhouette/Tree_Swallow_0020_136587.png,Tree Swallow,
data/cub/silhouette/Tree_Swallow_0023_135345.png,Tree Swallow,
data/cub/silhouette/Tree_Swallow_0029_134882.png,Tree Swallow,
data/cub/silhouette/Tree_Swallow_0030_134942.png,Tree Swallow,
data/cub/silhouette/Tree_Swallow_0032_136216.png,Tree Swallow,
data/cub/silhouette/Tree_Swallow_0035_136589.png,Tree Swallow,
data/cub/silhouette/Tree_Swallow_0037_134647.png,Tree Swallow,
data/cub/silhouette/Tree_Swallow_0039_135038.png,Tree Swallow,
data/cub/silhouette/Tree_Swallow_0040_135172.png,Tree Swallow,
data/cub/silhouette/Tree_Swallow_0041_136439.png,Tree Swallow,
data/cub/silhouette/Tree_Swallow_0042_136401.png,Tree Swallow,
data/cub/silhouette/Tree_Swallow_0043_136878.png,Tree Swallow,
data/cub/silhouette/Tree_Swallow_0044_135984.png,Tree Swallow,
data/cub/silhouette/Tree_Swallow_0046_135770.png,Tree Swallow,
data/cub/silhouette/Tree_Swallow_0049_134740.png,Tree Swallow,
data/cub/silhouette/Tree_Swallow_0050_135104.png,Tree Swallow,
data/cub/silhouette/Tree_Swallow_0056_135079.png,Tree Swallow,
data/cub/silhouette/Tree_Swallow_0058_134987.png,Tree Swallow,
data/cub/silhouette/Tree_Swallow_0060_134961.png,Tree Swallow,The correct answer is Black throated Grosbeak.
data/cub/silhouette/Tree_Swallow_0061_134712.png,Tree Swallow,
data/cub/silhouette/Tree_Swallow_0062_137426.png,Tree Swallow,
data/cub/silhouette/Tree_Swallow_0064_136322.png,Tree Swallow,
data/cub/silhouette/Tree_Swallow_0066_135788.png,Tree Swallow,
data/cub/silhouette/Tree_Swallow_0067_136244.png,Tree Swallow,
data/cub/silhouette/Tree_Swallow_0069_135148.png,Tree Swallow,
data/cub/silhouette/Tree_Swallow_0071_136749.png,Tree Swallow,
data/cub/silhouette/Tree_Swallow_0073_134997.png,Tree Swallow,
data/cub/silhouette/Tree_Swallow_0074_135219.png,Tree Swallow,
data/cub/silhouette/Tree_Swallow_0075_136081.png,Tree Swallow,
data/cub/silhouette/Tree_Swallow_0076_137232.png,Tree Swallow,
data/cub/silhouette/Tree_Swallow_0082_135006.png,Tree Swallow,
data/cub/silhouette/Tree_Swallow_0083_136800.png,Tree Swallow,
data/cub/silhouette/Tree_Swallow_0087_137354.png,Tree Swallow,
data/cub/silhouette/Tree_Swallow_0090_135325.png,Tree Swallow,
data/cub/silhouette/Tree_Swallow_0091_136870.png,Tree Swallow,
data/cub/silhouette/Tree_Swallow_0092_136236.png,Tree Swallow,
data/cub/silhouette/Tree_Swallow_0095_135829.png,Tree Swallow,
data/cub/silhouette/Tree_Swallow_0098_134916.png,Tree Swallow,
data/cub/silhouette/Tree_Swallow_0100_137493.png,Tree Swallow,
data/cub/silhouette/Tree_Swallow_0102_135061.png,Tree Swallow,
data/cub/silhouette/Tree_Swallow_0103_137272.png,Tree Swallow,
data/cub/silhouette/Tree_Swallow_0105_134648.png,Tree Swallow,
data/cub/silhouette/Tree_Swallow_0107_136223.png,Tree Swallow,
data/cub/silhouette/Tree_Swallow_0108_135068.png,Tree Swallow,
data/cub/silhouette/Tree_Swallow_0109_135272.png,Tree Swallow,
data/cub/silhouette/Tree_Swallow_0110_136921.png,Tree Swallow,
data/cub/silhouette/Tree_Swallow_0111_135253.png,Tree Swallow,
data/cub/silhouette/Tree_Swallow_0113_136849.png,Tree Swallow,
data/cub/silhouette/Tree_Swallow_0114_136265.png,Tree Swallow,
data/cub/silhouette/Tree_Swallow_0115_135832.png,Tree Swallow,
data/cub/silhouette/Tree_Swallow_0117_134925.png,Tree Swallow,
data/cub/silhouette/Tree_Swallow_0127_135912.png,Tree Swallow,
data/cub/silhouette/Scarlet_Tanager_0003_137724.png,Scarlet Tanager,
data/cub/silhouette/Scarlet_Tanager_0008_137607.png,Scarlet Tanager,
data/cub/silhouette/Scarlet_Tanager_0009_138076.png,Scarlet Tanager,
data/cub/silhouette/Scarlet_Tanager_0012_138410.png,Scarlet Tanager,
data/cub/silhouette/Scarlet_Tanager_0014_138298.png,Scarlet Tanager,
data/cub/silhouette/Scarlet_Tanager_0016_138008.png,Scarlet Tanager,
data/cub/silhouette/Scarlet_Tanager_0017_138484.png,Scarlet Tanager,
data/cub/silhouette/Scarlet_Tanager_0018_138294.png,Scarlet Tanager,
data/cub/silhouette/Scarlet_Tanager_0021_138199.png,Scarlet Tanager,
data/cub/silhouette/Scarlet_Tanager_0022_138049.png,Scarlet Tanager,
data/cub/silhouette/Scarlet_Tanager_0024_137712.png,Scarlet Tanager,
data/cub/silhouette/Scarlet_Tanager_0025_138712.png,Scarlet Tanager,
data/cub/silhouette/Scarlet_Tanager_0033_137603.png,Scarlet Tanager,The answer is Red faced Cormorant
data/cub/silhouette/Scarlet_Tanager_0038_138198.png,Scarlet Tanager,
data/cub/silhouette/Scarlet_Tanager_0039_138010.png,Scarlet Tanager,
data/cub/silhouette/Scarlet_Tanager_0040_137885.png,Scarlet Tanager,
data/cub/silhouette/Scarlet_Tanager_0042_138287.png,Scarlet Tanager,
data/cub/silhouette/Scarlet_Tanager_0043_138236.png,Scarlet Tanager,
data/cub/silhouette/Scarlet_Tanager_0050_137874.png,Scarlet Tanager,
data/cub/silhouette/Scarlet_Tanager_0053_138940.png,Scarlet Tanager,
data/cub/silhouette/Scarlet_Tanager_0054_138210.png,Scarlet Tanager,
data/cub/silhouette/Scarlet_Tanager_0055_138186.png,Scarlet Tanager,
data/cub/silhouette/Scarlet_Tanager_0058_137710.png,Scarlet Tanager,
data/cub/silhouette/Scarlet_Tanager_0060_138384.png,Scarlet Tanager,
data/cub/silhouette/Scarlet_Tanager_0063_138227.png,Scarlet Tanager,The class is Cuckoo.
data/cub/silhouette/Scarlet_Tanager_0065_138683.png,Scarlet Tanager,The answer is Red faced Cormorant
data/cub/silhouette/Scarlet_Tanager_0068_137758.png,Scarlet Tanager,
data/cub/silhouette/Scarlet_Tanager_0073_138108.png,Scarlet Tanager,
data/cub/silhouette/Scarlet_Tanager_0075_137602.png,Scarlet Tanager,
data/cub/silhouette/Scarlet_Tanager_0076_137702.png,Scarlet Tanager,
data/cub/silhouette/Scarlet_Tanager_0077_137626.png,Scarlet Tanager,
data/cub/silhouette/Scarlet_Tanager_0079_138669.png,Scarlet Tanager,
data/cub/silhouette/Scarlet_Tanager_0082_137978.png,Scarlet Tanager,
data/cub/silhouette/Scarlet_Tanager_0083_138500.png,Scarlet Tanager,
data/cub/silhouette/Scarlet_Tanager_0086_138272.png,Scarlet Tanager,
data/cub/silhouette/Scarlet_Tanager_0087_137937.png,Scarlet Tanager,
data/cub/silhouette/Scarlet_Tanager_0089_138281.png,Scarlet Tanager,
data/cub/silhouette/Scarlet_Tanager_0090_137703.png,Scarlet Tanager,
data/cub/silhouette/Scarlet_Tanager_0092_138688.png,Scarlet Tanager,
data/cub/silhouette/Scarlet_Tanager_0093_138250.png,Scarlet Tanager,The answer is Red faced Cormorant
data/cub/silhouette/Scarlet_Tanager_0095_137618.png,Scarlet Tanager,
data/cub/silhouette/Scarlet_Tanager_0096_138022.png,Scarlet Tanager,
data/cub/silhouette/Scarlet_Tanager_0097_137717.png,Scarlet Tanager,
data/cub/silhouette/Scarlet_Tanager_0099_137783.png,Scarlet Tanager,
data/cub/silhouette/Scarlet_Tanager_0100_138006.png,Scarlet Tanager,
data/cub/silhouette/Scarlet_Tanager_0107_138577.png,Scarlet Tanager,
data/cub/silhouette/Scarlet_Tanager_0109_137698.png,Scarlet Tanager,
data/cub/silhouette/Scarlet_Tanager_0110_138274.png,Scarlet Tanager,
data/cub/silhouette/Scarlet_Tanager_0112_138695.png,Scarlet Tanager,The answer is Red faced Cormorant
data/cub/silhouette/Scarlet_Tanager_0113_138262.png,Scarlet Tanager,
data/cub/silhouette/Scarlet_Tanager_0116_138242.png,Scarlet Tanager,
data/cub/silhouette/Scarlet_Tanager_0119_138291.png,Scarlet Tanager,
data/cub/silhouette/Scarlet_Tanager_0120_138344.png,Scarlet Tanager,
data/cub/silhouette/Scarlet_Tanager_0121_138255.png,Scarlet Tanager,
data/cub/silhouette/Scarlet_Tanager_0128_138711.png,Scarlet Tanager,
data/cub/silhouette/Scarlet_Tanager_0129_137745.png,Scarlet Tanager,
data/cub/silhouette/Scarlet_Tanager_0130_138661.png,Scarlet Tanager,
data/cub/silhouette/Scarlet_Tanager_0131_138740.png,Scarlet Tanager,
data/cub/silhouette/Scarlet_Tanager_0132_138001.png,Scarlet Tanager,
data/cub/silhouette/Scarlet_Tanager_0135_137699.png,Scarlet Tanager,
data/cub/silhouette/Summer_Tanager_0001_139289.png,Summer Tanager,
data/cub/silhouette/Summer_Tanager_0004_139916.png,Summer Tanager,
data/cub/silhouette/Summer_Tanager_0006_140137.png,Summer Tanager,The answer is Red faced Cormorant
data/cub/silhouette/Summer_Tanager_0010_139948.png,Summer Tanager,
data/cub/silhouette/Summer_Tanager_0013_140828.png,Summer Tanager,The answer is Red faced Cormorant
data/cub/silhouette/Summer_Tanager_0017_140173.png,Summer Tanager,
data/cub/silhouette/Summer_Tanager_0018_139290.png,Summer Tanager,The correct answer is Black throated Grosbeak
data/cub/silhouette/Summer_Tanager_0023_139859.png,Summer Tanager,
data/cub/silhouette/Summer_Tanager_0025_139320.png,Summer Tanager,
data/cub/silhouette/Summer_Tanager_0030_139210.png,Summer Tanager,
data/cub/silhouette/Summer_Tanager_0032_140425.png,Summer Tanager,
data/cub/silhouette/Summer_Tanager_0033_140268.png,Summer Tanager,
data/cub/silhouette/Summer_Tanager_0034_139781.png,Summer Tanager,
data/cub/silhouette/Summer_Tanager_0035_139561.png,Summer Tanager,
data/cub/silhouette/Summer_Tanager_0037_140330.png,Summer Tanager,
data/cub/silhouette/Summer_Tanager_0038_139371.png,Summer Tanager,
data/cub/silhouette/Summer_Tanager_0041_139902.png,Summer Tanager,
data/cub/silhouette/Summer_Tanager_0043_139884.png,Summer Tanager,
data/cub/silhouette/Summer_Tanager_0044_140611.png,Summer Tanager,
data/cub/silhouette/Summer_Tanager_0046_139802.png,Summer Tanager,
data/cub/silhouette/Summer_Tanager_0047_140164.png,Summer Tanager,
data/cub/silhouette/Summer_Tanager_0050_139358.png,Summer Tanager,
data/cub/silhouette/Summer_Tanager_0052_139804.png,Summer Tanager,
data/cub/silhouette/Summer_Tanager_0056_139211.png,Summer Tanager,
data/cub/silhouette/Summer_Tanager_0058_139427.png,Summer Tanager,
data/cub/silhouette/Summer_Tanager_0059_140582.png,Summer Tanager,
data/cub/silhouette/Summer_Tanager_0062_140633.png,Summer Tanager,
data/cub/silhouette/Summer_Tanager_0063_139743.png,Summer Tanager,
data/cub/silhouette/Summer_Tanager_0064_140725.png,Summer Tanager,
data/cub/silhouette/Summer_Tanager_0065_139198.png,Summer Tanager,
data/cub/silhouette/Summer_Tanager_0066_140621.png,Summer Tanager,
data/cub/silhouette/Summer_Tanager_0068_139875.png,Summer Tanager,
data/cub/silhouette/Summer_Tanager_0069_139941.png,Summer Tanager,
data/cub/silhouette/Summer_Tanager_0070_137714.png,Summer Tanager,
data/cub/silhouette/Summer_Tanager_0071_140289.png,Summer Tanager,
data/cub/silhouette/Summer_Tanager_0073_139379.png,Summer Tanager,
data/cub/silhouette/Summer_Tanager_0074_139592.png,Summer Tanager,
data/cub/silhouette/Summer_Tanager_0075_139858.png,Summer Tanager,
data/cub/silhouette/Summer_Tanager_0080_140110.png,Summer Tanager,The answer is Red faced Cormorant
data/cub/silhouette/Summer_Tanager_0088_139473.png,Summer Tanager,
data/cub/silhouette/Summer_Tanager_0091_139602.png,Summer Tanager,
data/cub/silhouette/Summer_Tanager_0093_139517.png,Summer Tanager,
data/cub/silhouette/Summer_Tanager_0094_139351.png,Summer Tanager,
data/cub/silhouette/Summer_Tanager_0095_139882.png,Summer Tanager,
data/cub/silhouette/Summer_Tanager_0097_140042.png,Summer Tanager,
data/cub/silhouette/Summer_Tanager_0099_139310.png,Summer Tanager,
data/cub/silhouette/Summer_Tanager_0101_139441.png,Summer Tanager,
data/cub/silhouette/Summer_Tanager_0103_139267.png,Summer Tanager,
data/cub/silhouette/Summer_Tanager_0106_139801.png,Summer Tanager,
data/cub/silhouette/Summer_Tanager_0107_139488.png,Summer Tanager,
data/cub/silhouette/Summer_Tanager_0109_139522.png,Summer Tanager,
data/cub/silhouette/Summer_Tanager_0111_139605.png,Summer Tanager,
data/cub/silhouette/Summer_Tanager_0115_139253.png,Summer Tanager,
data/cub/silhouette/Summer_Tanager_0116_139923.png,Summer Tanager,The answer is Red faced Cormorant
data/cub/silhouette/Summer_Tanager_0117_140812.png,Summer Tanager,
data/cub/silhouette/Summer_Tanager_0119_140617.png,Summer Tanager,
data/cub/silhouette/Summer_Tanager_0120_140060.png,Summer Tanager,
data/cub/silhouette/Summer_Tanager_0124_139963.png,Summer Tanager,
data/cub/silhouette/Summer_Tanager_0125_139399.png,Summer Tanager,
data/cub/silhouette/Summer_Tanager_0127_139297.png,Summer Tanager,
data/cub/silhouette/Artic_Tern_0011_143355.png,Artic Tern,
data/cub/silhouette/Artic_Tern_0012_143410.png,Artic Tern,
data/cub/silhouette/Artic_Tern_0014_141716.png,Artic Tern,
data/cub/silhouette/Artic_Tern_0015_141829.png,Artic Tern,
data/cub/silhouette/Artic_Tern_0019_141922.png,Artic Tern,
data/cub/silhouette/Artic_Tern_0021_143477.png,Artic Tern,
data/cub/silhouette/Artic_Tern_0023_140898.png,Artic Tern,
data/cub/silhouette/Artic_Tern_0024_143268.png,Artic Tern,
data/cub/silhouette/Artic_Tern_0026_141839.png,Artic Tern,
data/cub/silhouette/Artic_Tern_0027_141617.png,Artic Tern,
data/cub/silhouette/Artic_Tern_0029_142220.png,Artic Tern,
data/cub/silhouette/Artic_Tern_0030_141816.png,Artic Tern,
data/cub/silhouette/Artic_Tern_0032_141313.png,Artic Tern,
data/cub/silhouette/Artic_Tern_0034_142022.png,Artic Tern,
data/cub/silhouette/Artic_Tern_0035_143366.png,Artic Tern,
data/cub/silhouette/Artic_Tern_0036_142447.png,Artic Tern,
data/cub/silhouette/Artic_Tern_0037_141141.png,Artic Tern,The answer is Red faced Cormorant
data/cub/silhouette/Artic_Tern_0039_141390.png,Artic Tern,
data/cub/silhouette/Artic_Tern_0041_142079.png,Artic Tern,
data/cub/silhouette/Artic_Tern_0044_142151.png,Artic Tern,
data/cub/silhouette/Artic_Tern_0046_140986.png,Artic Tern,
data/cub/silhouette/Artic_Tern_0047_143549.png,Artic Tern,
data/cub/silhouette/Artic_Tern_0048_142372.png,Artic Tern,
data/cub/silhouette/Artic_Tern_0050_140887.png,Artic Tern,
data/cub/silhouette/Artic_Tern_0052_143244.png,Artic Tern,
data/cub/silhouette/Artic_Tern_0055_141524.png,Artic Tern,
data/cub/silhouette/Artic_Tern_0056_141858.png,Artic Tern,
data/cub/silhouette/Artic_Tern_0059_141876.png,Artic Tern,
data/cub/silhouette/Artic_Tern_0060_141955.png,Artic Tern,The answer is Red faced Cormorant
data/cub/silhouette/Artic_Tern_0063_142495.png,Artic Tern,
data/cub/silhouette/Artic_Tern_0065_141472.png,Artic Tern,The answer is Red faced Cormorant
data/cub/silhouette/Artic_Tern_0073_143486.png,Artic Tern,
data/cub/silhouette/Artic_Tern_0080_140889.png,Artic Tern,
data/cub/silhouette/Artic_Tern_0082_142127.png,Artic Tern,
data/cub/silhouette/Artic_Tern_0083_141579.png,Artic Tern,
data/cub/silhouette/Artic_Tern_0085_142083.png,Artic Tern,
data/cub/silhouette/Artic_Tern_0089_141652.png,Artic Tern,
data/cub/silhouette/Artic_Tern_0090_143583.png,Artic Tern,
data/cub/silhouette/Artic_Tern_0092_141849.png,Artic Tern,
data/cub/silhouette/Artic_Tern_0093_141880.png,Artic Tern,
data/cub/silhouette/Artic_Tern_0099_141170.png,Artic Tern,The answer is Red faced Cormorant
data/cub/silhouette/Artic_Tern_0101_141075.png,Artic Tern,
data/cub/silhouette/Artic_Tern_0102_141453.png,Artic Tern,
data/cub/silhouette/Artic_Tern_0105_141098.png,Artic Tern,
data/cub/silhouette/Artic_Tern_0107_141181.png,Artic Tern,
data/cub/silhouette/Artic_Tern_0111_143101.png,Artic Tern,
data/cub/silhouette/Artic_Tern_0112_141893.png,Artic Tern,
data/cub/silhouette/Artic_Tern_0115_142570.png,Artic Tern,
data/cub/silhouette/Artic_Tern_0116_143613.png,Artic Tern,
data/cub/silhouette/Artic_Tern_0117_143394.png,Artic Tern,
data/cub/silhouette/Artic_Tern_0119_142682.png,Artic Tern,
data/cub/silhouette/Artic_Tern_0122_142448.png,Artic Tern,
data/cub/silhouette/Artic_Tern_0124_142121.png,Artic Tern,
data/cub/silhouette/Artic_Tern_0127_142440.png,Artic Tern,
data/cub/silhouette/Artic_Tern_0129_141395.png,Artic Tern,
data/cub/silhouette/Artic_Tern_0133_141069.png,Artic Tern,
data/cub/silhouette/Artic_Tern_0138_142527.png,Artic Tern,
data/cub/silhouette/Artic_Tern_0142_142078.png,Artic Tern,
data/cub/silhouette/Black_Tern_0004_143881.png,Black Tern,
data/cub/silhouette/Black_Tern_0006_144646.png,Black Tern,
data/cub/silhouette/Black_Tern_0008_143965.png,Black Tern,
data/cub/silhouette/Black_Tern_0009_144046.png,Black Tern,
data/cub/silhouette/Black_Tern_0010_144341.png,Black Tern,
data/cub/silhouette/Black_Tern_0012_144091.png,Black Tern,The answer is Red faced Cormorant
data/cub/silhouette/Black_Tern_0013_143892.png,Black Tern,
data/cub/silhouette/Black_Tern_0014_143939.png,Black Tern,
data/cub/silhouette/Black_Tern_0015_143979.png,Black Tern,The answer is Red faced Cormorant
data/cub/silhouette/Black_Tern_0017_143876.png,Black Tern,
data/cub/silhouette/Black_Tern_0019_144680.png,Black Tern,
data/cub/silhouette/Black_Tern_0020_144163.png,Black Tern,
data/cub/silhouette/Black_Tern_0023_143985.png,Black Tern,
data/cub/silhouette/Black_Tern_0024_144039.png,Black Tern,
data/cub/silhouette/Black_Tern_0025_144503.png,Black Tern,
data/cub/silhouette/Black_Tern_0029_144140.png,Black Tern,
data/cub/silhouette/Black_Tern_0032_144029.png,Black Tern,
data/cub/silhouette/Black_Tern_0033_144328.png,Black Tern,
data/cub/silhouette/Black_Tern_0034_144106.png,Black Tern,
data/cub/silhouette/Black_Tern_0037_144110.png,Black Tern,
data/cub/silhouette/Black_Tern_0038_144102.png,Black Tern,
data/cub/silhouette/Black_Tern_0041_144103.png,Black Tern,
data/cub/silhouette/Black_Tern_0044_144021.png,Black Tern,
data/cub/silhouette/Black_Tern_0046_144229.png,Black Tern,
data/cub/silhouette/Black_Tern_0048_144001.png,Black Tern,
data/cub/silhouette/Black_Tern_0050_144000.png,Black Tern,
data/cub/silhouette/Black_Tern_0053_143882.png,Black Tern,
data/cub/silhouette/Black_Tern_0055_144607.png,Black Tern,
data/cub/silhouette/Black_Tern_0056_143906.png,Black Tern,
data/cub/silhouette/Black_Tern_0057_143884.png,Black Tern,
data/cub/silhouette/Black_Tern_0058_143981.png,Black Tern,
data/cub/silhouette/Black_Tern_0059_144159.png,Black Tern,
data/cub/silhouette/Black_Tern_0061_143959.png,Black Tern,
data/cub/silhouette/Black_Tern_0063_144731.png,Black Tern,
data/cub/silhouette/Black_Tern_0064_143990.png,Black Tern,The answer is Red faced Cormorant
data/cub/silhouette/Black_Tern_0065_144076.png,Black Tern,
data/cub/silhouette/Black_Tern_0066_144541.png,Black Tern,
data/cub/silhouette/Black_Tern_0069_144359.png,Black Tern,
data/cub/silhouette/Black_Tern_0070_144292.png,Black Tern,
data/cub/silhouette/Black_Tern_0073_144638.png,Black Tern,The answer is Red faced Cormorant
data/cub/silhouette/Black_Tern_0077_144117.png,Black Tern,
data/cub/silhouette/Black_Tern_0079_143998.png,Black Tern,
data/cub/silhouette/Black_Tern_0080_144130.png,Black Tern,
data/cub/silhouette/Black_Tern_0082_144372.png,Black Tern,
data/cub/silhouette/Black_Tern_0083_144083.png,Black Tern,
data/cub/silhouette/Black_Tern_0089_144174.png,Black Tern,
data/cub/silhouette/Black_Tern_0090_143880.png,Black Tern,
data/cub/silhouette/Black_Tern_0091_144063.png,Black Tern,
data/cub/silhouette/Black_Tern_0094_144466.png,Black Tern,
data/cub/silhouette/Black_Tern_0096_143917.png,Black Tern,
data/cub/silhouette/Black_Tern_0097_144724.png,Black Tern,
data/cub/silhouette/Black_Tern_0098_144089.png,Black Tern,
data/cub/silhouette/Black_Tern_0099_144242.png,Black Tern,
data/cub/silhouette/Black_Tern_0100_144597.png,Black Tern,
data/cub/silhouette/Black_Tern_0101_144331.png,Black Tern,
data/cub/silhouette/Black_Tern_0102_144344.png,Black Tern,
data/cub/silhouette/Black_Tern_0103_143956.png,Black Tern,
data/cub/silhouette/Black_Tern_0104_144038.png,Black Tern,
data/cub/silhouette/Black_Tern_0105_144380.png,Black Tern,
data/cub/silhouette/Black_Tern_0107_144661.png,Black Tern,
data/cub/silhouette/Caspian_Tern_0005_145929.png,Caspian Tern,
data/cub/silhouette/Caspian_Tern_0006_145594.png,Caspian Tern,
data/cub/silhouette/Caspian_Tern_0009_145057.png,Caspian Tern,
data/cub/silhouette/Caspian_Tern_0010_145667.png,Caspian Tern,
data/cub/silhouette/Caspian_Tern_0011_146058.png,Caspian Tern,
data/cub/silhouette/Caspian_Tern_0012_147632.png,Caspian Tern,
data/cub/silhouette/Caspian_Tern_0013_145553.png,Caspian Tern,
data/cub/silhouette/Caspian_Tern_0014_145640.png,Caspian Tern,
data/cub/silhouette/Caspian_Tern_0015_145664.png,Caspian Tern,
data/cub/silhouette/Caspian_Tern_0016_145314.png,Caspian Tern,The answer is Red faced Cormorant
data/cub/silhouette/Caspian_Tern_0018_146010.png,Caspian Tern,
data/cub/silhouette/Caspian_Tern_0022_144922.png,Caspian Tern,The answer is Red faced Cormorant
data/cub/silhouette/Caspian_Tern_0023_147194.png,Caspian Tern,
data/cub/silhouette/Caspian_Tern_0024_146033.png,Caspian Tern,
data/cub/silhouette/Caspian_Tern_0026_145125.png,Caspian Tern,
data/cub/silhouette/Caspian_Tern_0027_145899.png,Caspian Tern,
data/cub/silhouette/Caspian_Tern_0029_147589.png,Caspian Tern,
data/cub/silhouette/Caspian_Tern_0034_147643.png,Caspian Tern,
data/cub/silhouette/Caspian_Tern_0041_144964.png,Caspian Tern,
data/cub/silhouette/Caspian_Tern_0045_145554.png,Caspian Tern,
data/cub/silhouette/Caspian_Tern_0046_145627.png,Caspian Tern,
data/cub/silhouette/Caspian_Tern_0048_145672.png,Caspian Tern,
data/cub/silhouette/Caspian_Tern_0049_145755.png,Caspian Tern,
data/cub/silhouette/Caspian_Tern_0051_145930.png,Caspian Tern,
data/cub/silhouette/Caspian_Tern_0054_145890.png,Caspian Tern,
data/cub/silhouette/Caspian_Tern_0055_146014.png,Caspian Tern,
data/cub/silhouette/Caspian_Tern_0058_145886.png,Caspian Tern,
data/cub/silhouette/Caspian_Tern_0059_145582.png,Caspian Tern,
data/cub/silhouette/Caspian_Tern_0060_146007.png,Caspian Tern,
data/cub/silhouette/Caspian_Tern_0062_145981.png,Caspian Tern,
data/cub/silhouette/Caspian_Tern_0063_146082.png,Caspian Tern,
data/cub/silhouette/Caspian_Tern_0066_147680.png,Caspian Tern,
data/cub/silhouette/Caspian_Tern_0067_145107.png,Caspian Tern,
data/cub/silhouette/Caspian_Tern_0068_146615.png,Caspian Tern,
data/cub/silhouette/Caspian_Tern_0069_145931.png,Caspian Tern,
data/cub/silhouette/Caspian_Tern_0070_147545.png,Caspian Tern,
data/cub/silhouette/Caspian_Tern_0072_147667.png,Caspian Tern,
data/cub/silhouette/Caspian_Tern_0074_145964.png,Caspian Tern,
data/cub/silhouette/Caspian_Tern_0075_147650.png,Caspian Tern,
data/cub/silhouette/Caspian_Tern_0078_146824.png,Caspian Tern,
data/cub/silhouette/Caspian_Tern_0079_145777.png,Caspian Tern,
data/cub/silhouette/Caspian_Tern_0096_145009.png,Caspian Tern,
data/cub/silhouette/Caspian_Tern_0097_145923.png,Caspian Tern,
data/cub/silhouette/Caspian_Tern_0099_145939.png,Caspian Tern,
data/cub/silhouette/Caspian_Tern_0101_145164.png,Caspian Tern,
data/cub/silhouette/Caspian_Tern_0102_145928.png,Caspian Tern,
data/cub/silhouette/Caspian_Tern_0105_145673.png,Caspian Tern,
data/cub/silhouette/Caspian_Tern_0106_147645.png,Caspian Tern,
data/cub/silhouette/Caspian_Tern_0107_145639.png,Caspian Tern,
data/cub/silhouette/Caspian_Tern_0108_145278.png,Caspian Tern,
data/cub/silhouette/Caspian_Tern_0109_145948.png,Caspian Tern,
data/cub/silhouette/Caspian_Tern_0111_145995.png,Caspian Tern,
data/cub/silhouette/Caspian_Tern_0113_146828.png,Caspian Tern,
data/cub/silhouette/Caspian_Tern_0114_145612.png,Caspian Tern,
data/cub/silhouette/Caspian_Tern_0115_145927.png,Caspian Tern,
data/cub/silhouette/Caspian_Tern_0116_145607.png,Caspian Tern,
data/cub/silhouette/Caspian_Tern_0117_146009.png,Caspian Tern,
data/cub/silhouette/Caspian_Tern_0119_145492.png,Caspian Tern,
data/cub/silhouette/Caspian_Tern_0120_145650.png,Caspian Tern,
data/cub/silhouette/Caspian_Tern_0123_145774.png,Caspian Tern,
data/cub/silhouette/Common_Tern_0001_149721.png,Common Tern,
data/cub/silhouette/Common_Tern_0004_148977.png,Common Tern,
data/cub/silhouette/Common_Tern_0009_149609.png,Common Tern,
data/cub/silhouette/Common_Tern_0012_148477.png,Common Tern,
data/cub/silhouette/Common_Tern_0014_149194.png,Common Tern,
data/cub/silhouette/Common_Tern_0019_149769.png,Common Tern,
data/cub/silhouette/Common_Tern_0025_147728.png,Common Tern,
data/cub/silhouette/Common_Tern_0027_150113.png,Common Tern,
data/cub/silhouette/Common_Tern_0028_150117.png,Common Tern,
data/cub/silhouette/Common_Tern_0029_148035.png,Common Tern,The answer is Red faced Cormorant
data/cub/silhouette/Common_Tern_0030_147825.png,Common Tern,
data/cub/silhouette/Common_Tern_0033_148675.png,Common Tern,The answer is Red faced Cormorant
data/cub/silhouette/Common_Tern_0037_148048.png,Common Tern,
data/cub/silhouette/Common_Tern_0040_147973.png,Common Tern,
data/cub/silhouette/Common_Tern_0042_147897.png,Common Tern,
data/cub/silhouette/Common_Tern_0043_147753.png,Common Tern,
data/cub/silhouette/Common_Tern_0044_148680.png,Common Tern,
data/cub/silhouette/Common_Tern_0045_150067.png,Common Tern,
data/cub/silhouette/Common_Tern_0047_149195.png,Common Tern,
data/cub/silhouette/Common_Tern_0049_149159.png,Common Tern,
data/cub/silhouette/Common_Tern_0050_148928.png,Common Tern,
data/cub/silhouette/Common_Tern_0051_150469.png,Common Tern,
data/cub/silhouette/Common_Tern_0053_148472.png,Common Tern,
data/cub/silhouette/Common_Tern_0054_148028.png,Common Tern,
data/cub/silhouette/Common_Tern_0055_149486.png,Common Tern,
data/cub/silhouette/Common_Tern_0056_148549.png,Common Tern,
data/cub/silhouette/Common_Tern_0057_149749.png,Common Tern,
data/cub/silhouette/Common_Tern_0062_147947.png,Common Tern,
data/cub/silhouette/Common_Tern_0063_147789.png,Common Tern,
data/cub/silhouette/Common_Tern_0064_148761.png,Common Tern,
data/cub/silhouette/Common_Tern_0067_149540.png,Common Tern,
data/cub/silhouette/Common_Tern_0070_150292.png,Common Tern,
data/cub/silhouette/Common_Tern_0071_148796.png,Common Tern,
data/cub/silhouette/Common_Tern_0075_148528.png,Common Tern,
data/cub/silhouette/Common_Tern_0076_148391.png,Common Tern,
data/cub/silhouette/Common_Tern_0077_149196.png,Common Tern,
data/cub/silhouette/Common_Tern_0078_149161.png,Common Tern,
data/cub/silhouette/Common_Tern_0079_148844.png,Common Tern,
data/cub/silhouette/Common_Tern_0081_149228.png,Common Tern,
data/cub/silhouette/Common_Tern_0083_148096.png,Common Tern,
data/cub/silhouette/Common_Tern_0084_147980.png,Common Tern,
data/cub/silhouette/Common_Tern_0085_147937.png,Common Tern,
data/cub/silhouette/Common_Tern_0087_147945.png,Common Tern,
data/cub/silhouette/Common_Tern_0088_147941.png,Common Tern,
data/cub/silhouette/Common_Tern_0092_147779.png,Common Tern,
data/cub/silhouette/Common_Tern_0094_148309.png,Common Tern,
data/cub/silhouette/Common_Tern_0095_149960.png,Common Tern,
data/cub/silhouette/Common_Tern_0097_148874.png,Common Tern,
data/cub/silhouette/Common_Tern_0098_148785.png,Common Tern,
data/cub/silhouette/Common_Tern_0100_149541.png,Common Tern,
data/cub/silhouette/Common_Tern_0103_149733.png,Common Tern,
data/cub/silhouette/Common_Tern_0105_149841.png,Common Tern,
data/cub/silhouette/Common_Tern_0106_149345.png,Common Tern,
data/cub/silhouette/Common_Tern_0108_149672.png,Common Tern,
data/cub/silhouette/Common_Tern_0113_147949.png,Common Tern,
data/cub/silhouette/Common_Tern_0115_149482.png,Common Tern,
data/cub/silhouette/Common_Tern_0117_148944.png,Common Tern,
data/cub/silhouette/Common_Tern_0118_148201.png,Common Tern,
data/cub/silhouette/Common_Tern_0120_148670.png,Common Tern,
data/cub/silhouette/Common_Tern_0125_148767.png,Common Tern,
data/cub/silhouette/Elegant_Tern_0004_150948.png,Elegant Tern,
data/cub/silhouette/Elegant_Tern_0005_150708.png,Elegant Tern,
data/cub/silhouette/Elegant_Tern_0006_150963.png,Elegant Tern,
data/cub/silhouette/Elegant_Tern_0008_145044.png,Elegant Tern,
data/cub/silhouette/Elegant_Tern_0009_150954.png,Elegant Tern,
data/cub/silhouette/Elegant_Tern_0014_150523.png,Elegant Tern,
data/cub/silhouette/Elegant_Tern_0023_150654.png,Elegant Tern,
data/cub/silhouette/Elegant_Tern_0024_150852.png,Elegant Tern,
data/cub/silhouette/Elegant_Tern_0026_150869.png,Elegant Tern,
data/cub/silhouette/Elegant_Tern_0028_151019.png,Elegant Tern,
data/cub/silhouette/Elegant_Tern_0029_150494.png,Elegant Tern,
data/cub/silhouette/Elegant_Tern_0030_151067.png,Elegant Tern,
data/cub/silhouette/Elegant_Tern_0032_150488.png,Elegant Tern,
data/cub/silhouette/Elegant_Tern_0033_150687.png,Elegant Tern,
data/cub/silhouette/Elegant_Tern_0034_45914.png,Elegant Tern,
data/cub/silhouette/Elegant_Tern_0035_150744.png,Elegant Tern,
data/cub/silhouette/Elegant_Tern_0036_150972.png,Elegant Tern,
data/cub/silhouette/Elegant_Tern_0039_150944.png,Elegant Tern,
data/cub/silhouette/Elegant_Tern_0042_150851.png,Elegant Tern,
data/cub/silhouette/Elegant_Tern_0044_150946.png,Elegant Tern,
data/cub/silhouette/Elegant_Tern_0045_150752.png,Elegant Tern,
data/cub/silhouette/Elegant_Tern_0046_150905.png,Elegant Tern,
data/cub/silhouette/Elegant_Tern_0047_150626.png,Elegant Tern,
data/cub/silhouette/Elegant_Tern_0048_150693.png,Elegant Tern,
data/cub/silhouette/Elegant_Tern_0050_150521.png,Elegant Tern,
data/cub/silhouette/Elegant_Tern_0052_150695.png,Elegant Tern,
data/cub/silhouette/Elegant_Tern_0053_150507.png,Elegant Tern,
data/cub/silhouette/Elegant_Tern_0058_150853.png,Elegant Tern,
data/cub/silhouette/Elegant_Tern_0060_150837.png,Elegant Tern,
data/cub/silhouette/Elegant_Tern_0061_150524.png,Elegant Tern,
data/cub/silhouette/Elegant_Tern_0063_150873.png,Elegant Tern,
data/cub/silhouette/Elegant_Tern_0064_150822.png,Elegant Tern,The answer is Red faced Cormorant
data/cub/silhouette/Elegant_Tern_0065_151021.png,Elegant Tern,
data/cub/silhouette/Elegant_Tern_0066_150864.png,Elegant Tern,
data/cub/silhouette/Elegant_Tern_0067_151185.png,Elegant Tern,
data/cub/silhouette/Elegant_Tern_0068_150526.png,Elegant Tern,
data/cub/silhouette/Elegant_Tern_0070_147548.png,Elegant Tern,
data/cub/silhouette/Elegant_Tern_0072_150911.png,Elegant Tern,
data/cub/silhouette/Elegant_Tern_0073_150925.png,Elegant Tern,
data/cub/silhouette/Elegant_Tern_0074_151036.png,Elegant Tern,
data/cub/silhouette/Elegant_Tern_0076_150519.png,Elegant Tern,
data/cub/silhouette/Elegant_Tern_0077_150548.png,Elegant Tern,
data/cub/silhouette/Elegant_Tern_0078_151196.png,Elegant Tern,
data/cub/silhouette/Elegant_Tern_0079_150953.png,Elegant Tern,
data/cub/silhouette/Elegant_Tern_0080_150538.png,Elegant Tern,
data/cub/silhouette/Elegant_Tern_0082_150517.png,Elegant Tern,
data/cub/silhouette/Elegant_Tern_0083_150829.png,Elegant Tern,
data/cub/silhouette/Elegant_Tern_0084_150922.png,Elegant Tern,
data/cub/silhouette/Elegant_Tern_0085_151091.png,Elegant Tern,
data/cub/silhouette/Elegant_Tern_0088_151089.png,Elegant Tern,
data/cub/silhouette/Elegant_Tern_0089_150854.png,Elegant Tern,
data/cub/silhouette/Elegant_Tern_0090_45924.png,Elegant Tern,
data/cub/silhouette/Elegant_Tern_0093_150534.png,Elegant Tern,
data/cub/silhouette/Elegant_Tern_0096_151068.png,Elegant Tern,
data/cub/silhouette/Elegant_Tern_0098_151028.png,Elegant Tern,
data/cub/silhouette/Elegant_Tern_0099_150682.png,Elegant Tern,
data/cub/silhouette/Elegant_Tern_0101_150715.png,Elegant Tern,
data/cub/silhouette/Elegant_Tern_0103_150493.png,Elegant Tern,
data/cub/silhouette/Elegant_Tern_0106_150872.png,Elegant Tern,
data/cub/silhouette/Elegant_Tern_0107_150960.png,Elegant Tern,
data/cub/silhouette/Forsters_Tern_0001_152174.png,Forsters Tern,
data/cub/silhouette/Forsters_Tern_0002_151622.png,Forsters Tern,
data/cub/silhouette/Forsters_Tern_0003_151547.png,Forsters Tern,
data/cub/silhouette/Forsters_Tern_0004_152358.png,Forsters Tern,
data/cub/silhouette/Forsters_Tern_0007_152110.png,Forsters Tern,
data/cub/silhouette/Forsters_Tern_0010_151243.png,Forsters Tern,
data/cub/silhouette/Forsters_Tern_0012_151558.png,Forsters Tern,
data/cub/silhouette/Forsters_Tern_0016_152463.png,Forsters Tern,
data/cub/silhouette/Forsters_Tern_0017_152696.png,Forsters Tern,The answer is Red throated Grosbeak
data/cub/silhouette/Forsters_Tern_0021_144734.png,Forsters Tern,The answer is Red faced Cormorant
data/cub/silhouette/Forsters_Tern_0027_151456.png,Forsters Tern,
data/cub/silhouette/Forsters_Tern_0029_151228.png,Forsters Tern,
data/cub/silhouette/Forsters_Tern_0032_151384.png,Forsters Tern,
data/cub/silhouette/Forsters_Tern_0034_152667.png,Forsters Tern,
data/cub/silhouette/Forsters_Tern_0035_151757.png,Forsters Tern,
data/cub/silhouette/Forsters_Tern_0041_149586.png,Forsters Tern,
data/cub/silhouette/Forsters_Tern_0042_151644.png,Forsters Tern,
data/cub/silhouette/Forsters_Tern_0043_151332.png,Forsters Tern,
data/cub/silhouette/Forsters_Tern_0045_151227.png,Forsters Tern,
data/cub/silhouette/Forsters_Tern_0049_151631.png,Forsters Tern,
data/cub/silhouette/Forsters_Tern_0053_152175.png,Forsters Tern,
data/cub/silhouette/Forsters_Tern_0057_151570.png,Forsters Tern,
data/cub/silhouette/Forsters_Tern_0059_151269.png,Forsters Tern,
data/cub/silhouette/Forsters_Tern_0060_152190.png,Forsters Tern,
data/cub/silhouette/Forsters_Tern_0062_151780.png,Forsters Tern,
data/cub/silhouette/Forsters_Tern_0064_152047.png,Forsters Tern,
data/cub/silhouette/Forsters_Tern_0065_152206.png,Forsters Tern,
data/cub/silhouette/Forsters_Tern_0066_151478.png,Forsters Tern,
data/cub/silhouette/Forsters_Tern_0068_152078.png,Forsters Tern,
data/cub/silhouette/Forsters_Tern_0069_151229.png,Forsters Tern,
data/cub/silhouette/Forsters_Tern_0070_152107.png,Forsters Tern,
data/cub/silhouette/Forsters_Tern_0071_152142.png,Forsters Tern,
data/cub/silhouette/Forsters_Tern_0075_152258.png,Forsters Tern,
data/cub/silhouette/Forsters_Tern_0076_151330.png,Forsters Tern,
data/cub/silhouette/Forsters_Tern_0077_152255.png,Forsters Tern,
data/cub/silhouette/Forsters_Tern_0080_152521.png,Forsters Tern,
data/cub/silhouette/Forsters_Tern_0082_151937.png,Forsters Tern,
data/cub/silhouette/Forsters_Tern_0083_151282.png,Forsters Tern,
data/cub/silhouette/Forsters_Tern_0086_152738.png,Forsters Tern,
data/cub/silhouette/Forsters_Tern_0087_151226.png,Forsters Tern,
data/cub/silhouette/Forsters_Tern_0088_151893.png,Forsters Tern,
data/cub/silhouette/Forsters_Tern_0089_152372.png,Forsters Tern,
data/cub/silhouette/Forsters_Tern_0091_151895.png,Forsters Tern,
data/cub/silhouette/Forsters_Tern_0092_152119.png,Forsters Tern,
data/cub/silhouette/Forsters_Tern_0095_152067.png,Forsters Tern,
data/cub/silhouette/Forsters_Tern_0097_151731.png,Forsters Tern,
data/cub/silhouette/Forsters_Tern_0098_151258.png,Forsters Tern,
data/cub/silhouette/Forsters_Tern_0099_152529.png,Forsters Tern,
data/cub/silhouette/Forsters_Tern_0100_151774.png,Forsters Tern,
data/cub/silhouette/Forsters_Tern_0104_152666.png,Forsters Tern,
data/cub/silhouette/Forsters_Tern_0109_152094.png,Forsters Tern,
data/cub/silhouette/Forsters_Tern_0114_152768.png,Forsters Tern,
data/cub/silhouette/Forsters_Tern_0116_151688.png,Forsters Tern,
data/cub/silhouette/Forsters_Tern_0118_151564.png,Forsters Tern,
data/cub/silhouette/Forsters_Tern_0119_152709.png,Forsters Tern,
data/cub/silhouette/Forsters_Tern_0121_151385.png,Forsters Tern,
data/cub/silhouette/Forsters_Tern_0123_151789.png,Forsters Tern,
data/cub/silhouette/Forsters_Tern_0125_151399.png,Forsters Tern,
data/cub/silhouette/Forsters_Tern_0126_151257.png,Forsters Tern,
data/cub/silhouette/Forsters_Tern_0127_150418.png,Forsters Tern,
data/cub/silhouette/Least_Tern_0006_153921.png,Least Tern,
data/cub/silhouette/Least_Tern_0007_153661.png,Least Tern,
data/cub/silhouette/Least_Tern_0008_153313.png,Least Tern,
data/cub/silhouette/Least_Tern_0011_153722.png,Least Tern,
data/cub/silhouette/Least_Tern_0012_153871.png,Least Tern,
data/cub/silhouette/Least_Tern_0014_153757.png,Least Tern,
data/cub/silhouette/Least_Tern_0016_153560.png,Least Tern,
data/cub/silhouette/Least_Tern_0020_153458.png,Least Tern,
data/cub/silhouette/Least_Tern_0021_153979.png,Least Tern,
data/cub/silhouette/Least_Tern_0024_153317.png,Least Tern,
data/cub/silhouette/Least_Tern_0025_153678.png,Least Tern,
data/cub/silhouette/Least_Tern_0026_153702.png,Least Tern,
data/cub/silhouette/Least_Tern_0028_153781.png,Least Tern,
data/cub/silhouette/Least_Tern_0029_154064.png,Least Tern,
data/cub/silhouette/Least_Tern_0033_153796.png,Least Tern,
data/cub/silhouette/Least_Tern_0034_153963.png,Least Tern,
data/cub/silhouette/Least_Tern_0035_152932.png,Least Tern,
data/cub/silhouette/Least_Tern_0036_153658.png,Least Tern,
data/cub/silhouette/Least_Tern_0037_153637.png,Least Tern,
data/cub/silhouette/Least_Tern_0038_153087.png,Least Tern,
data/cub/silhouette/Least_Tern_0040_153039.png,Least Tern,
data/cub/silhouette/Least_Tern_0041_153470.png,Least Tern,
data/cub/silhouette/Least_Tern_0042_153809.png,Least Tern,
data/cub/silhouette/Least_Tern_0046_153006.png,Least Tern,
data/cub/silhouette/Least_Tern_0048_153550.png,Least Tern,
data/cub/silhouette/Least_Tern_0050_153254.png,Least Tern,
data/cub/silhouette/Least_Tern_0052_154021.png,Least Tern,
data/cub/silhouette/Least_Tern_0056_153965.png,Least Tern,
data/cub/silhouette/Least_Tern_0058_153747.png,Least Tern,
data/cub/silhouette/Least_Tern_0059_153746.png,Least Tern,
data/cub/silhouette/Least_Tern_0060_153190.png,Least Tern,
data/cub/silhouette/Least_Tern_0062_153259.png,Least Tern,
data/cub/silhouette/Least_Tern_0067_154145.png,Least Tern,
data/cub/silhouette/Least_Tern_0068_153738.png,Least Tern,
data/cub/silhouette/Least_Tern_0075_153691.png,Least Tern,
data/cub/silhouette/Least_Tern_0082_154396.png,Least Tern,
data/cub/silhouette/Least_Tern_0088_152941.png,Least Tern,
data/cub/silhouette/Least_Tern_0089_152912.png,Least Tern,
data/cub/silhouette/Least_Tern_0092_153361.png,Least Tern,
data/cub/silhouette/Least_Tern_0095_154680.png,Least Tern,
data/cub/silhouette/Least_Tern_0096_153868.png,Least Tern,
data/cub/silhouette/Least_Tern_0098_153820.png,Least Tern,
data/cub/silhouette/Least_Tern_0100_153461.png,Least Tern,
data/cub/silhouette/Least_Tern_0104_152950.png,Least Tern,
data/cub/silhouette/Least_Tern_0107_154015.png,Least Tern,
data/cub/silhouette/Least_Tern_0109_154127.png,Least Tern,
data/cub/silhouette/Least_Tern_0111_153308.png,Least Tern,
data/cub/silhouette/Least_Tern_0112_153074.png,Least Tern,
data/cub/silhouette/Least_Tern_0113_153415.png,Least Tern,
data/cub/silhouette/Least_Tern_0114_153840.png,Least Tern,
data/cub/silhouette/Least_Tern_0116_153715.png,Least Tern,
data/cub/silhouette/Least_Tern_0119_153950.png,Least Tern,The answer is Red faced Cormorant
data/cub/silhouette/Least_Tern_0122_153012.png,Least Tern,
data/cub/silhouette/Least_Tern_0125_153996.png,Least Tern,
data/cub/silhouette/Least_Tern_0127_154141.png,Least Tern,
data/cub/silhouette/Least_Tern_0128_153732.png,Least Tern,
data/cub/silhouette/Least_Tern_0129_153449.png,Least Tern,
data/cub/silhouette/Least_Tern_0131_153983.png,Least Tern,
data/cub/silhouette/Least_Tern_0132_154149.png,Least Tern,
data/cub/silhouette/Least_Tern_0133_153816.png,Least Tern,
data/cub/silhouette/Green_Tailed_Towhee_0001_797412.png,Green Tailed Towhee,
data/cub/silhouette/Green_Tailed_Towhee_0003_797414.png,Green Tailed Towhee,
data/cub/silhouette/Green_Tailed_Towhee_0004_154951.png,Green Tailed Towhee,
data/cub/silhouette/Green_Tailed_Towhee_0005_154784.png,Green Tailed Towhee,
data/cub/silhouette/Green_Tailed_Towhee_0010_797431.png,Green Tailed Towhee,
data/cub/silhouette/Green_Tailed_Towhee_0011_797410.png,Green Tailed Towhee,
data/cub/silhouette/Green_Tailed_Towhee_0012_797435.png,Green Tailed Towhee,
data/cub/silhouette/Green_Tailed_Towhee_0014_797415.png,Green Tailed Towhee,
data/cub/silhouette/Green_Tailed_Towhee_0015_797425.png,Green Tailed Towhee,
data/cub/silhouette/Green_Tailed_Towhee_0017_797400.png,Green Tailed Towhee,
data/cub/silhouette/Green_Tailed_Towhee_0018_154825.png,Green Tailed Towhee,
data/cub/silhouette/Green_Tailed_Towhee_0021_797404.png,Green Tailed Towhee,
data/cub/silhouette/Green_Tailed_Towhee_0022_154892.png,Green Tailed Towhee,
data/cub/silhouette/Green_Tailed_Towhee_0024_154855.png,Green Tailed Towhee,
data/cub/silhouette/Green_Tailed_Towhee_0025_797401.png,Green Tailed Towhee,
data/cub/silhouette/Green_Tailed_Towhee_0027_154823.png,Green Tailed Towhee,
data/cub/silhouette/Green_Tailed_Towhee_0030_797417.png,Green Tailed Towhee,
data/cub/silhouette/Green_Tailed_Towhee_0035_154888.png,Green Tailed Towhee,
data/cub/silhouette/Green_Tailed_Towhee_0036_154875.png,Green Tailed Towhee,
data/cub/silhouette/Green_Tailed_Towhee_0037_797405.png,Green Tailed Towhee,
data/cub/silhouette/Green_Tailed_Towhee_0039_154802.png,Green Tailed Towhee,
data/cub/silhouette/Green_Tailed_Towhee_0042_154801.png,Green Tailed Towhee,
data/cub/silhouette/Green_Tailed_Towhee_0043_797430.png,Green Tailed Towhee,
data/cub/silhouette/Green_Tailed_Towhee_0044_154934.png,Green Tailed Towhee,
data/cub/silhouette/Green_Tailed_Towhee_0046_154967.png,Green Tailed Towhee,
data/cub/silhouette/Green_Tailed_Towhee_0047_154776.png,Green Tailed Towhee,
data/cub/silhouette/Green_Tailed_Towhee_0050_154898.png,Green Tailed Towhee,
data/cub/silhouette/Green_Tailed_Towhee_0051_154768.png,Green Tailed Towhee,
data/cub/silhouette/Green_Tailed_Towhee_0053_154921.png,Green Tailed Towhee,
data/cub/silhouette/Green_Tailed_Towhee_0054_154938.png,Green Tailed Towhee,
data/cub/silhouette/Green_Tailed_Towhee_0058_797399.png,Green Tailed Towhee,
data/cub/silhouette/Green_Tailed_Towhee_0060_154820.png,Green Tailed Towhee,
data/cub/silhouette/Green_Tailed_Towhee_0061_154880.png,Green Tailed Towhee,
data/cub/silhouette/Green_Tailed_Towhee_0062_797424.png,Green Tailed Towhee,
data/cub/silhouette/Green_Tailed_Towhee_0064_154771.png,Green Tailed Towhee,The answer is Red faced Cormorant
data/cub/silhouette/Green_Tailed_Towhee_0066_797439.png,Green Tailed Towhee,
data/cub/silhouette/Green_Tailed_Towhee_0067_797426.png,Green Tailed Towhee,
data/cub/silhouette/Green_Tailed_Towhee_0068_154783.png,Green Tailed Towhee,
data/cub/silhouette/Green_Tailed_Towhee_0069_797441.png,Green Tailed Towhee,
data/cub/silhouette/Green_Tailed_Towhee_0070_154844.png,Green Tailed Towhee,
data/cub/silhouette/Green_Tailed_Towhee_0071_154870.png,Green Tailed Towhee,
data/cub/silhouette/Green_Tailed_Towhee_0072_154946.png,Green Tailed Towhee,
data/cub/silhouette/Green_Tailed_Towhee_0074_154915.png,Green Tailed Towhee,
data/cub/silhouette/Green_Tailed_Towhee_0076_154999.png,Green Tailed Towhee,
data/cub/silhouette/Green_Tailed_Towhee_0077_797443.png,Green Tailed Towhee,The answer is Red faced Cormorant
data/cub/silhouette/Green_Tailed_Towhee_0079_154764.png,Green Tailed Towhee,
data/cub/silhouette/Green_Tailed_Towhee_0082_797395.png,Green Tailed Towhee,
data/cub/silhouette/Green_Tailed_Towhee_0085_154822.png,Green Tailed Towhee,
data/cub/silhouette/Green_Tailed_Towhee_0090_797434.png,Green Tailed Towhee,The answer is Red faced Cormorant
data/cub/silhouette/Green_Tailed_Towhee_0092_797397.png,Green Tailed Towhee,The answer is Red faced Cormorant
data/cub/silhouette/Green_Tailed_Towhee_0094_797396.png,Green Tailed Towhee,
data/cub/silhouette/Green_Tailed_Towhee_0096_154945.png,Green Tailed Towhee,
data/cub/silhouette/Green_Tailed_Towhee_0099_154882.png,Green Tailed Towhee,
data/cub/silhouette/Green_Tailed_Towhee_0100_154966.png,Green Tailed Towhee,
data/cub/silhouette/Green_Tailed_Towhee_0101_154907.png,Green Tailed Towhee,
data/cub/silhouette/Green_Tailed_Towhee_0102_797420.png,Green Tailed Towhee,
data/cub/silhouette/Green_Tailed_Towhee_0104_797403.png,Green Tailed Towhee,
data/cub/silhouette/Green_Tailed_Towhee_0105_797438.png,Green Tailed Towhee,
data/cub/silhouette/Green_Tailed_Towhee_0109_797440.png,Green Tailed Towhee,
data/cub/silhouette/Green_Tailed_Towhee_0110_154868.png,Green Tailed Towhee,
data/cub/silhouette/Brown_Thrasher_0001_155380.png,Brown Thrasher,
data/cub/silhouette/Brown_Thrasher_0005_155176.png,Brown Thrasher,
data/cub/silhouette/Brown_Thrasher_0006_155106.png,Brown Thrasher,
data/cub/silhouette/Brown_Thrasher_0009_155221.png,Brown Thrasher,
data/cub/silhouette/Brown_Thrasher_0010_155231.png,Brown Thrasher,
data/cub/silhouette/Brown_Thrasher_0011_155370.png,Brown Thrasher,
data/cub/silhouette/Brown_Thrasher_0012_155121.png,Brown Thrasher,
data/cub/silhouette/Brown_Thrasher_0013_155329.png,Brown Thrasher,
data/cub/silhouette/Brown_Thrasher_0014_155421.png,Brown Thrasher,
data/cub/silhouette/Brown_Thrasher_0015_155165.png,Brown Thrasher,
data/cub/silhouette/Brown_Thrasher_0019_155216.png,Brown Thrasher,
data/cub/silhouette/Brown_Thrasher_0020_155223.png,Brown Thrasher,
data/cub/silhouette/Brown_Thrasher_0021_155160.png,Brown Thrasher,The answer is Red faced Cormorant
data/cub/silhouette/Brown_Thrasher_0024_155363.png,Brown Thrasher,
data/cub/silhouette/Brown_Thrasher_0026_155438.png,Brown Thrasher,
data/cub/silhouette/Brown_Thrasher_0030_155152.png,Brown Thrasher,
data/cub/silhouette/Brown_Thrasher_0033_155156.png,Brown Thrasher,
data/cub/silhouette/Brown_Thrasher_0034_155139.png,Brown Thrasher,
data/cub/silhouette/Brown_Thrasher_0038_155246.png,Brown Thrasher,
data/cub/silhouette/Brown_Thrasher_0042_155213.png,Brown Thrasher,
data/cub/silhouette/Brown_Thrasher_0045_155182.png,Brown Thrasher,
data/cub/silhouette/Brown_Thrasher_0046_155154.png,Brown Thrasher,
data/cub/silhouette/Brown_Thrasher_0049_155110.png,Brown Thrasher,
data/cub/silhouette/Brown_Thrasher_0051_155344.png,Brown Thrasher,
data/cub/silhouette/Brown_Thrasher_0052_155254.png,Brown Thrasher,
data/cub/silhouette/Brown_Thrasher_0054_155145.png,Brown Thrasher,
data/cub/silhouette/Brown_Thrasher_0056_155048.png,Brown Thrasher,
data/cub/silhouette/Brown_Thrasher_0057_155164.png,Brown Thrasher,
data/cub/silhouette/Brown_Thrasher_0061_155140.png,Brown Thrasher,
data/cub/silhouette/Brown_Thrasher_0063_155127.png,Brown Thrasher,
data/cub/silhouette/Brown_Thrasher_0065_155229.png,Brown Thrasher,
data/cub/silhouette/Brown_Thrasher_0069_155151.png,Brown Thrasher,
data/cub/silhouette/Brown_Thrasher_0070_155343.png,Brown Thrasher,
data/cub/silhouette/Brown_Thrasher_0072_155406.png,Brown Thrasher,
data/cub/silhouette/Brown_Thrasher_0073_155376.png,Brown Thrasher,
data/cub/silhouette/Brown_Thrasher_0074_155339.png,Brown Thrasher,
data/cub/silhouette/Brown_Thrasher_0079_155394.png,Brown Thrasher,
data/cub/silhouette/Brown_Thrasher_0080_155200.png,Brown Thrasher,
data/cub/silhouette/Brown_Thrasher_0081_155256.png,Brown Thrasher,
data/cub/silhouette/Brown_Thrasher_0084_155189.png,Brown Thrasher,
data/cub/silhouette/Brown_Thrasher_0085_155445.png,Brown Thrasher,
data/cub/silhouette/Brown_Thrasher_0092_155415.png,Brown Thrasher,
data/cub/silhouette/Brown_Thrasher_0093_155309.png,Brown Thrasher,
data/cub/silhouette/Brown_Thrasher_0095_155082.png,Brown Thrasher,
data/cub/silhouette/Brown_Thrasher_0096_155412.png,Brown Thrasher,
data/cub/silhouette/Brown_Thrasher_0100_155129.png,Brown Thrasher,
data/cub/silhouette/Brown_Thrasher_0105_155187.png,Brown Thrasher,
data/cub/silhouette/Brown_Thrasher_0106_155083.png,Brown Thrasher,
data/cub/silhouette/Brown_Thrasher_0112_155183.png,Brown Thrasher,
data/cub/silhouette/Brown_Thrasher_0113_155111.png,Brown Thrasher,
data/cub/silhouette/Brown_Thrasher_0119_155170.png,Brown Thrasher,
data/cub/silhouette/Brown_Thrasher_0120_155133.png,Brown Thrasher,
data/cub/silhouette/Brown_Thrasher_0121_155320.png,Brown Thrasher,
data/cub/silhouette/Brown_Thrasher_0124_155052.png,Brown Thrasher,
data/cub/silhouette/Brown_Thrasher_0126_155199.png,Brown Thrasher,
data/cub/silhouette/Brown_Thrasher_0127_155193.png,Brown Thrasher,
data/cub/silhouette/Brown_Thrasher_0130_155350.png,Brown Thrasher,
data/cub/silhouette/Brown_Thrasher_0132_155337.png,Brown Thrasher,
data/cub/silhouette/Brown_Thrasher_0135_155366.png,Brown Thrasher,
data/cub/silhouette/Sage_Thrasher_0002_155455.png,Sage Thrasher,
data/cub/silhouette/Sage_Thrasher_0003_155479.png,Sage Thrasher,
data/cub/silhouette/Sage_Thrasher_0005_155569.png,Sage Thrasher,
data/cub/silhouette/Sage_Thrasher_0006_155478.png,Sage Thrasher,
data/cub/silhouette/Sage_Thrasher_0009_155463.png,Sage Thrasher,
data/cub/silhouette/Sage_Thrasher_0014_155541.png,Sage Thrasher,
data/cub/silhouette/Sage_Thrasher_0016_155566.png,Sage Thrasher,
data/cub/silhouette/Sage_Thrasher_0018_796443.png,Sage Thrasher,The correct answer is Black throated Grosbeak.
data/cub/silhouette/Sage_Thrasher_0019_107436.png,Sage Thrasher,
data/cub/silhouette/Sage_Thrasher_0021_155548.png,Sage Thrasher,
data/cub/silhouette/Sage_Thrasher_0022_155447.png,Sage Thrasher,
data/cub/silhouette/Sage_Thrasher_0023_796458.png,Sage Thrasher,
data/cub/silhouette/Sage_Thrasher_0024_796463.png,Sage Thrasher,
data/cub/silhouette/Sage_Thrasher_0025_155661.png,Sage Thrasher,The answer is Red faced Cormorant
data/cub/silhouette/Sage_Thrasher_0026_155646.png,Sage Thrasher,
data/cub/silhouette/Sage_Thrasher_0029_796459.png,Sage Thrasher,
data/cub/silhouette/Sage_Thrasher_0031_796455.png,Sage Thrasher,
data/cub/silhouette/Sage_Thrasher_0033_155511.png,Sage Thrasher,The answer is Red faced Cormorant
data/cub/silhouette/Sage_Thrasher_0036_796444.png,Sage Thrasher,
data/cub/silhouette/Sage_Thrasher_0038_155498.png,Sage Thrasher,
data/cub/silhouette/Sage_Thrasher_0039_796449.png,Sage Thrasher,
data/cub/silhouette/Sage_Thrasher_0040_155667.png,Sage Thrasher,The answer is Red faced Cormorant
data/cub/silhouette/Sage_Thrasher_0043_155574.png,Sage Thrasher,
data/cub/silhouette/Sage_Thrasher_0044_155610.png,Sage Thrasher,
data/cub/silhouette/Sage_Thrasher_0045_155448.png,Sage Thrasher,The answer is Red faced Cormorant
data/cub/silhouette/Sage_Thrasher_0050_155475.png,Sage Thrasher,
data/cub/silhouette/Sage_Thrasher_0051_155464.png,Sage Thrasher,
data/cub/silhouette/Sage_Thrasher_0052_155605.png,Sage Thrasher,
data/cub/silhouette/Sage_Thrasher_0055_155467.png,Sage Thrasher,
data/cub/silhouette/Sage_Thrasher_0056_796457.png,Sage Thrasher,The answer is Red faced Cormorant
data/cub/silhouette/Sage_Thrasher_0057_155488.png,Sage Thrasher,
data/cub/silhouette/Sage_Thrasher_0060_155728.png,Sage Thrasher,
data/cub/silhouette/Sage_Thrasher_0061_155462.png,Sage Thrasher,
data/cub/silhouette/Sage_Thrasher_0062_796462.png,Sage Thrasher,
data/cub/silhouette/Sage_Thrasher_0064_155531.png,Sage Thrasher,
data/cub/silhouette/Sage_Thrasher_0066_155666.png,Sage Thrasher,
data/cub/silhouette/Sage_Thrasher_0068_155452.png,Sage Thrasher,
data/cub/silhouette/Sage_Thrasher_0069_155544.png,Sage Thrasher,
data/cub/silhouette/Sage_Thrasher_0070_155732.png,Sage Thrasher,
data/cub/silhouette/Sage_Thrasher_0071_155642.png,Sage Thrasher,
data/cub/silhouette/Sage_Thrasher_0072_155539.png,Sage Thrasher,
data/cub/silhouette/Sage_Thrasher_0073_155614.png,Sage Thrasher,
data/cub/silhouette/Sage_Thrasher_0075_155527.png,Sage Thrasher,
data/cub/silhouette/Sage_Thrasher_0076_796445.png,Sage Thrasher,
data/cub/silhouette/Sage_Thrasher_0077_155608.png,Sage Thrasher,
data/cub/silhouette/Sage_Thrasher_0079_155718.png,Sage Thrasher,
data/cub/silhouette/Sage_Thrasher_0081_155724.png,Sage Thrasher,
data/cub/silhouette/Sage_Thrasher_0083_796450.png,Sage Thrasher,
data/cub/silhouette/Sage_Thrasher_0084_155490.png,Sage Thrasher,The answer is Red faced Cormorant
data/cub/silhouette/Sage_Thrasher_0085_155562.png,Sage Thrasher,
data/cub/silhouette/Sage_Thrasher_0090_155713.png,Sage Thrasher,
data/cub/silhouette/Sage_Thrasher_0092_155482.png,Sage Thrasher,
data/cub/silhouette/Sage_Thrasher_0093_155501.png,Sage Thrasher,
data/cub/silhouette/Sage_Thrasher_0095_796446.png,Sage Thrasher,
data/cub/silhouette/Sage_Thrasher_0096_155449.png,Sage Thrasher,
data/cub/silhouette/Sage_Thrasher_0097_155564.png,Sage Thrasher,
data/cub/silhouette/Sage_Thrasher_0098_796448.png,Sage Thrasher,
data/cub/silhouette/Sage_Thrasher_0103_155575.png,Sage Thrasher,
data/cub/silhouette/Sage_Thrasher_0104_155529.png,Sage Thrasher,
data/cub/silhouette/Sage_Thrasher_0106_155618.png,Sage Thrasher,
data/cub/silhouette/Black_Capped_Vireo_0002_797466.png,Black Capped Vireo,
data/cub/silhouette/Black_Capped_Vireo_0003_797467.png,Black Capped Vireo,
data/cub/silhouette/Black_Capped_Vireo_0004_797476.png,Black Capped Vireo,
data/cub/silhouette/Black_Capped_Vireo_0005_797453.png,Black Capped Vireo,
data/cub/silhouette/Black_Capped_Vireo_0006_797491.png,Black Capped Vireo,
data/cub/silhouette/Black_Capped_Vireo_0007_797481.png,Black Capped Vireo,
data/cub/silhouette/Black_Capped_Vireo_0008_797454.png,Black Capped Vireo,
data/cub/silhouette/Black_Capped_Vireo_0009_797493.png,Black Capped Vireo,
data/cub/silhouette/Black_Capped_Vireo_0010_155832.png,Black Capped Vireo,The answer is Red faced Cormorant
data/cub/silhouette/Black_Capped_Vireo_0011_797488.png,Black Capped Vireo,
data/cub/silhouette/Black_Capped_Vireo_0012_797473.png,Black Capped Vireo,
data/cub/silhouette/Black_Capped_Vireo_0013_155815.png,Black Capped Vireo,
data/cub/silhouette/Black_Capped_Vireo_0014_797462.png,Black Capped Vireo,
data/cub/silhouette/Black_Capped_Vireo_0015_797450.png,Black Capped Vireo,
data/cub/silhouette/Black_Capped_Vireo_0016_797489.png,Black Capped Vireo,
data/cub/silhouette/Black_Capped_Vireo_0017_797492.png,Black Capped Vireo,
data/cub/silhouette/Black_Capped_Vireo_0018_155868.png,Black Capped Vireo,
data/cub/silhouette/Black_Capped_Vireo_0019_797479.png,Black Capped Vireo,
data/cub/silhouette/Black_Capped_Vireo_0020_797461.png,Black Capped Vireo,
data/cub/silhouette/Black_Capped_Vireo_0021_797480.png,Black Capped Vireo,
data/cub/silhouette/Black_Capped_Vireo_0022_797459.png,Black Capped Vireo,
data/cub/silhouette/Black_Capped_Vireo_0023_797486.png,Black Capped Vireo,
data/cub/silhouette/Black_Capped_Vireo_0024_155905.png,Black Capped Vireo,
data/cub/silhouette/Black_Capped_Vireo_0026_155745.png,Black Capped Vireo,
data/cub/silhouette/Black_Capped_Vireo_0027_797455.png,Black Capped Vireo,The answer is Red faced Cormorant
data/cub/silhouette/Black_Capped_Vireo_0028_155799.png,Black Capped Vireo,
data/cub/silhouette/Black_Capped_Vireo_0029_797469.png,Black Capped Vireo,
data/cub/silhouette/Black_Capped_Vireo_0030_155861.png,Black Capped Vireo,The answer is Red faced Cormorant
data/cub/silhouette/Black_Capped_Vireo_0031_797446.png,Black Capped Vireo,The answer is Red faced Cormorant
data/cub/silhouette/Black_Capped_Vireo_0032_797470.png,Black Capped Vireo,
data/cub/silhouette/Black_Capped_Vireo_0033_797474.png,Black Capped Vireo,
data/cub/silhouette/Black_Capped_Vireo_0034_797448.png,Black Capped Vireo,
data/cub/silhouette/Black_Capped_Vireo_0035_797471.png,Black Capped Vireo,
data/cub/silhouette/Black_Capped_Vireo_0036_797475.png,Black Capped Vireo,
data/cub/silhouette/Black_Capped_Vireo_0037_797495.png,Black Capped Vireo,
data/cub/silhouette/Black_Capped_Vireo_0038_797465.png,Black Capped Vireo,
data/cub/silhouette/Black_Capped_Vireo_0039_797451.png,Black Capped Vireo,
data/cub/silhouette/Black_Capped_Vireo_0040_797463.png,Black Capped Vireo,
data/cub/silhouette/Black_Capped_Vireo_0041_797452.png,Black Capped Vireo,
data/cub/silhouette/Black_Capped_Vireo_0042_797483.png,Black Capped Vireo,
data/cub/silhouette/Black_Capped_Vireo_0043_797458.png,Black Capped Vireo,
data/cub/silhouette/Black_Capped_Vireo_0044_155819.png,Black Capped Vireo,
data/cub/silhouette/Black_Capped_Vireo_0045_797464.png,Black Capped Vireo,
data/cub/silhouette/Black_Capped_Vireo_0046_797494.png,Black Capped Vireo,The answer is Red faced Cormorant
data/cub/silhouette/Black_Capped_Vireo_0047_155743.png,Black Capped Vireo,
data/cub/silhouette/Black_Capped_Vireo_0048_797449.png,Black Capped Vireo,
data/cub/silhouette/Black_Capped_Vireo_0049_797468.png,Black Capped Vireo,The answer is Red faced Cormorant
data/cub/silhouette/Black_Capped_Vireo_0050_155836.png,Black Capped Vireo,
data/cub/silhouette/Black_Capped_Vireo_0051_797456.png,Black Capped Vireo,The answer is Red faced Cormorant
data/cub/silhouette/Black_Capped_Vireo_0052_797487.png,Black Capped Vireo,
data/cub/silhouette/Black_Capped_Vireo_0053_797478.png,Black Capped Vireo,
data/cub/silhouette/Blue_Headed_Vireo_0002_156241.png,Blue Headed Vireo,
data/cub/silhouette/Blue_Headed_Vireo_0005_156007.png,Blue Headed Vireo,
data/cub/silhouette/Blue_Headed_Vireo_0008_155950.png,Blue Headed Vireo,
data/cub/silhouette/Blue_Headed_Vireo_0009_155953.png,Blue Headed Vireo,The answer is Red faced Cormorant
data/cub/silhouette/Blue_Headed_Vireo_0010_156344.png,Blue Headed Vireo,
data/cub/silhouette/Blue_Headed_Vireo_0011_156276.png,Blue Headed Vireo,
data/cub/silhouette/Blue_Headed_Vireo_0012_156434.png,Blue Headed Vireo,
data/cub/silhouette/Blue_Headed_Vireo_0017_156063.png,Blue Headed Vireo,
data/cub/silhouette/Blue_Headed_Vireo_0019_156311.png,Blue Headed Vireo,
data/cub/silhouette/Blue_Headed_Vireo_0020_155994.png,Blue Headed Vireo,
data/cub/silhouette/Blue_Headed_Vireo_0022_156184.png,Blue Headed Vireo,
data/cub/silhouette/Blue_Headed_Vireo_0023_156112.png,Blue Headed Vireo,
data/cub/silhouette/Blue_Headed_Vireo_0025_156439.png,Blue Headed Vireo,
data/cub/silhouette/Blue_Headed_Vireo_0026_156245.png,Blue Headed Vireo,
data/cub/silhouette/Blue_Headed_Vireo_0027_155999.png,Blue Headed Vireo,
data/cub/silhouette/Blue_Headed_Vireo_0028_156217.png,Blue Headed Vireo,
data/cub/silhouette/Blue_Headed_Vireo_0031_156056.png,Blue Headed Vireo,
data/cub/silhouette/Blue_Headed_Vireo_0032_156239.png,Blue Headed Vireo,
data/cub/silhouette/Blue_Headed_Vireo_0034_156251.png,Blue Headed Vireo,
data/cub/silhouette/Blue_Headed_Vireo_0037_155955.png,Blue Headed Vireo,
data/cub/silhouette/Blue_Headed_Vireo_0039_156397.png,Blue Headed Vireo,The answer is Red faced Cormorant
data/cub/silhouette/Blue_Headed_Vireo_0044_156080.png,Blue Headed Vireo,
data/cub/silhouette/Blue_Headed_Vireo_0049_156082.png,Blue Headed Vireo,
data/cub/silhouette/Blue_Headed_Vireo_0054_156455.png,Blue Headed Vireo,
data/cub/silhouette/Blue_Headed_Vireo_0055_156247.png,Blue Headed Vireo,
data/cub/silhouette/Blue_Headed_Vireo_0058_156261.png,Blue Headed Vireo,
data/cub/silhouette/Blue_Headed_Vireo_0060_156171.png,Blue Headed Vireo,
data/cub/silhouette/Blue_Headed_Vireo_0062_156109.png,Blue Headed Vireo,
data/cub/silhouette/Blue_Headed_Vireo_0065_156260.png,Blue Headed Vireo,
data/cub/silhouette/Blue_Headed_Vireo_0068_156222.png,Blue Headed Vireo,
data/cub/silhouette/Blue_Headed_Vireo_0072_155987.png,Blue Headed Vireo,
data/cub/silhouette/Blue_Headed_Vireo_0075_156181.png,Blue Headed Vireo,
data/cub/silhouette/Blue_Headed_Vireo_0076_156209.png,Blue Headed Vireo,
data/cub/silhouette/Blue_Headed_Vireo_0079_156086.png,Blue Headed Vireo,
data/cub/silhouette/Blue_Headed_Vireo_0082_155965.png,Blue Headed Vireo,
data/cub/silhouette/Blue_Headed_Vireo_0086_156244.png,Blue Headed Vireo,
data/cub/silhouette/Blue_Headed_Vireo_0087_156461.png,Blue Headed Vireo,
data/cub/silhouette/Blue_Headed_Vireo_0088_156416.png,Blue Headed Vireo,The answer is Red faced Cormorant
data/cub/silhouette/Blue_Headed_Vireo_0089_156062.png,Blue Headed Vireo,
data/cub/silhouette/Blue_Headed_Vireo_0091_155934.png,Blue Headed Vireo,
data/cub/silhouette/Blue_Headed_Vireo_0095_156092.png,Blue Headed Vireo,
data/cub/silhouette/Blue_Headed_Vireo_0096_155969.png,Blue Headed Vireo,
data/cub/silhouette/Blue_Headed_Vireo_0097_156272.png,Blue Headed Vireo,
data/cub/silhouette/Blue_Headed_Vireo_0098_156348.png,Blue Headed Vireo,
data/cub/silhouette/Blue_Headed_Vireo_0101_156203.png,Blue Headed Vireo,
data/cub/silhouette/Blue_Headed_Vireo_0103_156382.png,Blue Headed Vireo,
data/cub/silhouette/Blue_Headed_Vireo_0105_156229.png,Blue Headed Vireo,
data/cub/silhouette/Blue_Headed_Vireo_0107_156111.png,Blue Headed Vireo,
data/cub/silhouette/Blue_Headed_Vireo_0110_155952.png,Blue Headed Vireo,
data/cub/silhouette/Blue_Headed_Vireo_0111_156258.png,Blue Headed Vireo,
data/cub/silhouette/Blue_Headed_Vireo_0112_156196.png,Blue Headed Vireo,
data/cub/silhouette/Blue_Headed_Vireo_0113_156332.png,Blue Headed Vireo,The answer is Red faced Cormorant
data/cub/silhouette/Blue_Headed_Vireo_0115_156099.png,Blue Headed Vireo,
data/cub/silhouette/Blue_Headed_Vireo_0116_156049.png,Blue Headed Vireo,
data/cub/silhouette/Blue_Headed_Vireo_0117_156026.png,Blue Headed Vireo,
data/cub/silhouette/Blue_Headed_Vireo_0118_156193.png,Blue Headed Vireo,The answer is Red faced Cormorant
data/cub/silhouette/Blue_Headed_Vireo_0119_156259.png,Blue Headed Vireo,
data/cub/silhouette/Blue_Headed_Vireo_0121_156233.png,Blue Headed Vireo,
data/cub/silhouette/Blue_Headed_Vireo_0122_156017.png,Blue Headed Vireo,
data/cub/silhouette/Blue_Headed_Vireo_0123_156443.png,Blue Headed Vireo,
data/cub/silhouette/Philadelphia_Vireo_0001_156554.png,Philadelphia Vireo,
data/cub/silhouette/Philadelphia_Vireo_0002_156591.png,Philadelphia Vireo,
data/cub/silhouette/Philadelphia_Vireo_0003_156565.png,Philadelphia Vireo,
data/cub/silhouette/Philadelphia_Vireo_0005_156599.png,Philadelphia Vireo,
data/cub/silhouette/Philadelphia_Vireo_0007_156617.png,Philadelphia Vireo,
data/cub/silhouette/Philadelphia_Vireo_0008_156551.png,Philadelphia Vireo,
data/cub/silhouette/Philadelphia_Vireo_0010_794769.png,Philadelphia Vireo,
data/cub/silhouette/Philadelphia_Vireo_0012_794785.png,Philadelphia Vireo,
data/cub/silhouette/Philadelphia_Vireo_0013_794772.png,Philadelphia Vireo,
data/cub/silhouette/Philadelphia_Vireo_0015_794778.png,Philadelphia Vireo,
data/cub/silhouette/Philadelphia_Vireo_0016_156598.png,Philadelphia Vireo,
data/cub/silhouette/Philadelphia_Vireo_0019_156640.png,Philadelphia Vireo,
data/cub/silhouette/Philadelphia_Vireo_0020_156663.png,Philadelphia Vireo,
data/cub/silhouette/Philadelphia_Vireo_0021_794765.png,Philadelphia Vireo,The answer is Red faced Cormorant
data/cub/silhouette/Philadelphia_Vireo_0022_156546.png,Philadelphia Vireo,The answer is Red faced Cormorant
data/cub/silhouette/Philadelphia_Vireo_0023_794797.png,Philadelphia Vireo,
data/cub/silhouette/Philadelphia_Vireo_0024_156645.png,Philadelphia Vireo,
data/cub/silhouette/Philadelphia_Vireo_0027_156585.png,Philadelphia Vireo,
data/cub/silhouette/Philadelphia_Vireo_0028_156510.png,Philadelphia Vireo,
data/cub/silhouette/Philadelphia_Vireo_0029_794760.png,Philadelphia Vireo,
data/cub/silhouette/Philadelphia_Vireo_0030_156533.png,Philadelphia Vireo,
data/cub/silhouette/Philadelphia_Vireo_0031_156632.png,Philadelphia Vireo,
data/cub/silhouette/Philadelphia_Vireo_0034_794766.png,Philadelphia Vireo,
data/cub/silhouette/Philadelphia_Vireo_0035_156596.png,Philadelphia Vireo,
data/cub/silhouette/Philadelphia_Vireo_0037_794770.png,Philadelphia Vireo,The answer is Red faced Cormorant
data/cub/silhouette/Philadelphia_Vireo_0038_794759.png,Philadelphia Vireo,
data/cub/silhouette/Philadelphia_Vireo_0039_794794.png,Philadelphia Vireo,
data/cub/silhouette/Philadelphia_Vireo_0040_794764.png,Philadelphia Vireo,
data/cub/silhouette/Philadelphia_Vireo_0041_156642.png,Philadelphia Vireo,
data/cub/silhouette/Philadelphia_Vireo_0042_156528.png,Philadelphia Vireo,
data/cub/silhouette/Philadelphia_Vireo_0043_794792.png,Philadelphia Vireo,
data/cub/silhouette/Philadelphia_Vireo_0044_156548.png,Philadelphia Vireo,
data/cub/silhouette/Philadelphia_Vireo_0045_156608.png,Philadelphia Vireo,
data/cub/silhouette/Philadelphia_Vireo_0046_794798.png,Philadelphia Vireo,
data/cub/silhouette/Philadelphia_Vireo_0047_156521.png,Philadelphia Vireo,
data/cub/silhouette/Philadelphia_Vireo_0049_794756.png,Philadelphia Vireo,
data/cub/silhouette/Philadelphia_Vireo_0050_156538.png,Philadelphia Vireo,
data/cub/silhouette/Philadelphia_Vireo_0052_794774.png,Philadelphia Vireo,
data/cub/silhouette/Philadelphia_Vireo_0055_156575.png,Philadelphia Vireo,
data/cub/silhouette/Philadelphia_Vireo_0056_156502.png,Philadelphia Vireo,
data/cub/silhouette/Philadelphia_Vireo_0057_156525.png,Philadelphia Vireo,
data/cub/silhouette/Philadelphia_Vireo_0058_156558.png,Philadelphia Vireo,
data/cub/silhouette/Philadelphia_Vireo_0059_794799.png,Philadelphia Vireo,
data/cub/silhouette/Philadelphia_Vireo_0060_156555.png,Philadelphia Vireo,
data/cub/silhouette/Philadelphia_Vireo_0061_156613.png,Philadelphia Vireo,
data/cub/silhouette/Philadelphia_Vireo_0062_794777.png,Philadelphia Vireo,
data/cub/silhouette/Philadelphia_Vireo_0063_794781.png,Philadelphia Vireo,
data/cub/silhouette/Philadelphia_Vireo_0067_156584.png,Philadelphia Vireo,
data/cub/silhouette/Philadelphia_Vireo_0068_794763.png,Philadelphia Vireo,
data/cub/silhouette/Philadelphia_Vireo_0070_794758.png,Philadelphia Vireo,
data/cub/silhouette/Philadelphia_Vireo_0071_794796.png,Philadelphia Vireo,
data/cub/silhouette/Philadelphia_Vireo_0072_156655.png,Philadelphia Vireo,
data/cub/silhouette/Philadelphia_Vireo_0074_156492.png,Philadelphia Vireo,
data/cub/silhouette/Philadelphia_Vireo_0078_794776.png,Philadelphia Vireo,
data/cub/silhouette/Philadelphia_Vireo_0082_156574.png,Philadelphia Vireo,
data/cub/silhouette/Philadelphia_Vireo_0083_794761.png,Philadelphia Vireo,The answer is Red faced Cormorant
data/cub/silhouette/Philadelphia_Vireo_0084_794790.png,Philadelphia Vireo,
data/cub/silhouette/Philadelphia_Vireo_0085_794757.png,Philadelphia Vireo,
data/cub/silhouette/Philadelphia_Vireo_0087_794767.png,Philadelphia Vireo,
data/cub/silhouette/Red_Eyed_Vireo_0002_156470.png,Red Eyed Vireo,
data/cub/silhouette/Red_Eyed_Vireo_0003_157226.png,Red Eyed Vireo,
data/cub/silhouette/Red_Eyed_Vireo_0004_157224.png,Red Eyed Vireo,
data/cub/silhouette/Red_Eyed_Vireo_0006_157025.png,Red Eyed Vireo,
data/cub/silhouette/Red_Eyed_Vireo_0014_157062.png,Red Eyed Vireo,
data/cub/silhouette/Red_Eyed_Vireo_0016_156971.png,Red Eyed Vireo,
data/cub/silhouette/Red_Eyed_Vireo_0019_156921.png,Red Eyed Vireo,
data/cub/silhouette/Red_Eyed_Vireo_0020_156875.png,Red Eyed Vireo,
data/cub/silhouette/Red_Eyed_Vireo_0023_156800.png,Red Eyed Vireo,
data/cub/silhouette/Red_Eyed_Vireo_0025_157173.png,Red Eyed Vireo,
data/cub/silhouette/Red_Eyed_Vireo_0026_156751.png,Red Eyed Vireo,
data/cub/silhouette/Red_Eyed_Vireo_0029_156777.png,Red Eyed Vireo,
data/cub/silhouette/Red_Eyed_Vireo_0030_156987.png,Red Eyed Vireo,
data/cub/silhouette/Red_Eyed_Vireo_0032_156897.png,Red Eyed Vireo,
data/cub/silhouette/Red_Eyed_Vireo_0034_157219.png,Red Eyed Vireo,
data/cub/silhouette/Red_Eyed_Vireo_0036_156727.png,Red Eyed Vireo,
data/cub/silhouette/Red_Eyed_Vireo_0038_156963.png,Red Eyed Vireo,
data/cub/silhouette/Red_Eyed_Vireo_0041_156954.png,Red Eyed Vireo,
data/cub/silhouette/Red_Eyed_Vireo_0043_157162.png,Red Eyed Vireo,
data/cub/silhouette/Red_Eyed_Vireo_0044_156708.png,Red Eyed Vireo,
data/cub/silhouette/Red_Eyed_Vireo_0045_157252.png,Red Eyed Vireo,
data/cub/silhouette/Red_Eyed_Vireo_0046_157265.png,Red Eyed Vireo,
data/cub/silhouette/Red_Eyed_Vireo_0049_156785.png,Red Eyed Vireo,The answer is Red faced Cormorant
data/cub/silhouette/Red_Eyed_Vireo_0052_157185.png,Red Eyed Vireo,
data/cub/silhouette/Red_Eyed_Vireo_0053_156885.png,Red Eyed Vireo,
data/cub/silhouette/Red_Eyed_Vireo_0054_157158.png,Red Eyed Vireo,
data/cub/silhouette/Red_Eyed_Vireo_0055_157096.png,Red Eyed Vireo,
data/cub/silhouette/Red_Eyed_Vireo_0056_156968.png,Red Eyed Vireo,
data/cub/silhouette/Red_Eyed_Vireo_0058_156965.png,Red Eyed Vireo,
data/cub/silhouette/Red_Eyed_Vireo_0059_156974.png,Red Eyed Vireo,
data/cub/silhouette/Red_Eyed_Vireo_0061_157202.png,Red Eyed Vireo,
data/cub/silhouette/Red_Eyed_Vireo_0062_157324.png,Red Eyed Vireo,
data/cub/silhouette/Red_Eyed_Vireo_0065_157019.png,Red Eyed Vireo,
data/cub/silhouette/Red_Eyed_Vireo_0071_156967.png,Red Eyed Vireo,
data/cub/silhouette/Red_Eyed_Vireo_0073_156944.png,Red Eyed Vireo,
data/cub/silhouette/Red_Eyed_Vireo_0074_157170.png,Red Eyed Vireo,
data/cub/silhouette/Red_Eyed_Vireo_0075_158151.png,Red Eyed Vireo,
data/cub/silhouette/Red_Eyed_Vireo_0077_157005.png,Red Eyed Vireo,
data/cub/silhouette/Red_Eyed_Vireo_0079_158198.png,Red Eyed Vireo,
data/cub/silhouette/Red_Eyed_Vireo_0083_157063.png,Red Eyed Vireo,The answer is Red faced Cormorant
data/cub/silhouette/Red_Eyed_Vireo_0084_156943.png,Red Eyed Vireo,
data/cub/silhouette/Red_Eyed_Vireo_0086_157038.png,Red Eyed Vireo,
data/cub/silhouette/Red_Eyed_Vireo_0095_157082.png,Red Eyed Vireo,The answer is Red faced Cormorant
data/cub/silhouette/Red_Eyed_Vireo_0096_157013.png,Red Eyed Vireo,
data/cub/silhouette/Red_Eyed_Vireo_0101_156988.png,Red Eyed Vireo,
data/cub/silhouette/Red_Eyed_Vireo_0106_157102.png,Red Eyed Vireo,
data/cub/silhouette/Red_Eyed_Vireo_0109_157176.png,Red Eyed Vireo,
data/cub/silhouette/Red_Eyed_Vireo_0111_157030.png,Red Eyed Vireo,
data/cub/silhouette/Red_Eyed_Vireo_0112_156742.png,Red Eyed Vireo,
data/cub/silhouette/Red_Eyed_Vireo_0115_157004.png,Red Eyed Vireo,The answer is Red faced Cormorant
data/cub/silhouette/Red_Eyed_Vireo_0123_156780.png,Red Eyed Vireo,
data/cub/silhouette/Red_Eyed_Vireo_0126_157179.png,Red Eyed Vireo,The answer is Red faced Cormorant
data/cub/silhouette/Red_Eyed_Vireo_0129_156781.png,Red Eyed Vireo,
data/cub/silhouette/Red_Eyed_Vireo_0131_156765.png,Red Eyed Vireo,
data/cub/silhouette/Red_Eyed_Vireo_0132_156686.png,Red Eyed Vireo,
data/cub/silhouette/Red_Eyed_Vireo_0133_156668.png,Red Eyed Vireo,
data/cub/silhouette/Red_Eyed_Vireo_0134_156919.png,Red Eyed Vireo,
data/cub/silhouette/Red_Eyed_Vireo_0138_156798.png,Red Eyed Vireo,
data/cub/silhouette/Red_Eyed_Vireo_0140_157237.png,Red Eyed Vireo,
data/cub/silhouette/Red_Eyed_Vireo_0141_157205.png,Red Eyed Vireo,
data/cub/silhouette/Warbling_Vireo_0001_158397.png,Warbling Vireo,
data/cub/silhouette/Warbling_Vireo_0002_158319.png,Warbling Vireo,
data/cub/silhouette/Warbling_Vireo_0003_158484.png,Warbling Vireo,
data/cub/silhouette/Warbling_Vireo_0004_158376.png,Warbling Vireo,The answer is Red faced Cormorant
data/cub/silhouette/Warbling_Vireo_0006_158467.png,Warbling Vireo,
data/cub/silhouette/Warbling_Vireo_0007_158717.png,Warbling Vireo,
data/cub/silhouette/Warbling_Vireo_0009_158721.png,Warbling Vireo,
data/cub/silhouette/Warbling_Vireo_0014_158412.png,Warbling Vireo,
data/cub/silhouette/Warbling_Vireo_0016_158681.png,Warbling Vireo,
data/cub/silhouette/Warbling_Vireo_0017_158271.png,Warbling Vireo,
data/cub/silhouette/Warbling_Vireo_0018_158304.png,Warbling Vireo,
data/cub/silhouette/Warbling_Vireo_0019_158313.png,Warbling Vireo,
data/cub/silhouette/Warbling_Vireo_0022_158144.png,Warbling Vireo,
data/cub/silhouette/Warbling_Vireo_0027_158576.png,Warbling Vireo,
data/cub/silhouette/Warbling_Vireo_0028_158492.png,Warbling Vireo,
data/cub/silhouette/Warbling_Vireo_0029_158679.png,Warbling Vireo,
data/cub/silhouette/Warbling_Vireo_0030_158488.png,Warbling Vireo,
data/cub/silhouette/Warbling_Vireo_0036_158268.png,Warbling Vireo,The answer is Red faced Cormorant
data/cub/silhouette/Warbling_Vireo_0045_158399.png,Warbling Vireo,
data/cub/silhouette/Warbling_Vireo_0047_158250.png,Warbling Vireo,
data/cub/silhouette/Warbling_Vireo_0052_158534.png,Warbling Vireo,
data/cub/silhouette/Warbling_Vireo_0053_158675.png,Warbling Vireo,
data/cub/silhouette/Warbling_Vireo_0054_158321.png,Warbling Vireo,
data/cub/silhouette/Warbling_Vireo_0056_21117.png,Warbling Vireo,
data/cub/silhouette/Warbling_Vireo_0058_158539.png,Warbling Vireo,
data/cub/silhouette/Warbling_Vireo_0061_158494.png,Warbling Vireo,
data/cub/silhouette/Warbling_Vireo_0064_158437.png,Warbling Vireo,
data/cub/silhouette/Warbling_Vireo_0067_158283.png,Warbling Vireo,
data/cub/silhouette/Warbling_Vireo_0068_158684.png,Warbling Vireo,
data/cub/silhouette/Warbling_Vireo_0070_158459.png,Warbling Vireo,
data/cub/silhouette/Warbling_Vireo_0072_158422.png,Warbling Vireo,
data/cub/silhouette/Warbling_Vireo_0073_158315.png,Warbling Vireo,
data/cub/silhouette/Warbling_Vireo_0075_158480.png,Warbling Vireo,
data/cub/silhouette/Warbling_Vireo_0076_158500.png,Warbling Vireo,
data/cub/silhouette/Warbling_Vireo_0077_158427.png,Warbling Vireo,
data/cub/silhouette/Warbling_Vireo_0079_158791.png,Warbling Vireo,
data/cub/silhouette/Warbling_Vireo_0081_158344.png,Warbling Vireo,
data/cub/silhouette/Warbling_Vireo_0083_158284.png,Warbling Vireo,
data/cub/silhouette/Warbling_Vireo_0086_158564.png,Warbling Vireo,
data/cub/silhouette/Warbling_Vireo_0087_158355.png,Warbling Vireo,
data/cub/silhouette/Warbling_Vireo_0088_158452.png,Warbling Vireo,
data/cub/silhouette/Warbling_Vireo_0089_158519.png,Warbling Vireo,
data/cub/silhouette/Warbling_Vireo_0090_158403.png,Warbling Vireo,
data/cub/silhouette/Warbling_Vireo_0091_158419.png,Warbling Vireo,
data/cub/silhouette/Warbling_Vireo_0092_158688.png,Warbling Vireo,
data/cub/silhouette/Warbling_Vireo_0097_158579.png,Warbling Vireo,
data/cub/silhouette/Warbling_Vireo_0099_158744.png,Warbling Vireo,
data/cub/silhouette/Warbling_Vireo_0102_158704.png,Warbling Vireo,
data/cub/silhouette/Warbling_Vireo_0104_158800.png,Warbling Vireo,
data/cub/silhouette/Warbling_Vireo_0105_158727.png,Warbling Vireo,
data/cub/silhouette/Warbling_Vireo_0107_158453.png,Warbling Vireo,
data/cub/silhouette/Warbling_Vireo_0111_158423.png,Warbling Vireo,
data/cub/silhouette/Warbling_Vireo_0113_158588.png,Warbling Vireo,
data/cub/silhouette/Warbling_Vireo_0116_158740.png,Warbling Vireo,
data/cub/silhouette/Warbling_Vireo_0118_158285.png,Warbling Vireo,
data/cub/silhouette/Warbling_Vireo_0119_158819.png,Warbling Vireo,
data/cub/silhouette/Warbling_Vireo_0126_158696.png,Warbling Vireo,
data/cub/silhouette/Warbling_Vireo_0127_158601.png,Warbling Vireo,
data/cub/silhouette/Warbling_Vireo_0131_158522.png,Warbling Vireo,
data/cub/silhouette/Warbling_Vireo_0132_158420.png,Warbling Vireo,
data/cub/silhouette/White_Eyed_Vireo_0001_159237.png,White Eyed Vireo,
data/cub/silhouette/White_Eyed_Vireo_0002_159180.png,White Eyed Vireo,
data/cub/silhouette/White_Eyed_Vireo_0009_158830.png,White Eyed Vireo,
data/cub/silhouette/White_Eyed_Vireo_0012_159495.png,White Eyed Vireo,
data/cub/silhouette/White_Eyed_Vireo_0015_159081.png,White Eyed Vireo,
data/cub/silhouette/White_Eyed_Vireo_0016_158978.png,White Eyed Vireo,
data/cub/silhouette/White_Eyed_Vireo_0018_159450.png,White Eyed Vireo,
data/cub/silhouette/White_Eyed_Vireo_0019_159095.png,White Eyed Vireo,The answer is Red faced Cormorant
data/cub/silhouette/White_Eyed_Vireo_0022_159037.png,White Eyed Vireo,
data/cub/silhouette/White_Eyed_Vireo_0024_159193.png,White Eyed Vireo,
data/cub/silhouette/White_Eyed_Vireo_0026_158963.png,White Eyed Vireo,The answer is Red faced Cormorant
data/cub/silhouette/White_Eyed_Vireo_0029_159334.png,White Eyed Vireo,
data/cub/silhouette/White_Eyed_Vireo_0030_159265.png,White Eyed Vireo,
data/cub/silhouette/White_Eyed_Vireo_0032_159145.png,White Eyed Vireo,
data/cub/silhouette/White_Eyed_Vireo_0033_159079.png,White Eyed Vireo,
data/cub/silhouette/White_Eyed_Vireo_0040_159101.png,White Eyed Vireo,
data/cub/silhouette/White_Eyed_Vireo_0041_159032.png,White Eyed Vireo,
data/cub/silhouette/White_Eyed_Vireo_0042_159012.png,White Eyed Vireo,
data/cub/silhouette/White_Eyed_Vireo_0045_159232.png,White Eyed Vireo,
data/cub/silhouette/White_Eyed_Vireo_0046_158849.png,White Eyed Vireo,
data/cub/silhouette/White_Eyed_Vireo_0049_158835.png,White Eyed Vireo,
data/cub/silhouette/White_Eyed_Vireo_0050_158829.png,White Eyed Vireo,
data/cub/silhouette/White_Eyed_Vireo_0051_159033.png,White Eyed Vireo,
data/cub/silhouette/White_Eyed_Vireo_0059_159225.png,White Eyed Vireo,
data/cub/silhouette/White_Eyed_Vireo_0061_159042.png,White Eyed Vireo,
data/cub/silhouette/White_Eyed_Vireo_0064_159286.png,White Eyed Vireo,
data/cub/silhouette/White_Eyed_Vireo_0066_159477.png,White Eyed Vireo,
data/cub/silhouette/White_Eyed_Vireo_0071_159072.png,White Eyed Vireo,
data/cub/silhouette/White_Eyed_Vireo_0074_159279.png,White Eyed Vireo,
data/cub/silhouette/White_Eyed_Vireo_0078_159382.png,White Eyed Vireo,
data/cub/silhouette/White_Eyed_Vireo_0080_159087.png,White Eyed Vireo,
data/cub/silhouette/White_Eyed_Vireo_0082_159186.png,White Eyed Vireo,
data/cub/silhouette/White_Eyed_Vireo_0083_159203.png,White Eyed Vireo,
data/cub/silhouette/White_Eyed_Vireo_0085_159119.png,White Eyed Vireo,
data/cub/silhouette/White_Eyed_Vireo_0086_159202.png,White Eyed Vireo,
data/cub/silhouette/White_Eyed_Vireo_0088_159084.png,White Eyed Vireo,
data/cub/silhouette/White_Eyed_Vireo_0090_158958.png,White Eyed Vireo,
data/cub/silhouette/White_Eyed_Vireo_0091_159045.png,White Eyed Vireo,
data/cub/silhouette/White_Eyed_Vireo_0094_158894.png,White Eyed Vireo,The answer is Red faced Cormorant
data/cub/silhouette/White_Eyed_Vireo_0095_158886.png,White Eyed Vireo,
data/cub/silhouette/White_Eyed_Vireo_0099_158933.png,White Eyed Vireo,
data/cub/silhouette/White_Eyed_Vireo_0102_159420.png,White Eyed Vireo,
data/cub/silhouette/White_Eyed_Vireo_0110_158947.png,White Eyed Vireo,
data/cub/silhouette/White_Eyed_Vireo_0111_158864.png,White Eyed Vireo,
data/cub/silhouette/White_Eyed_Vireo_0112_159147.png,White Eyed Vireo,
data/cub/silhouette/White_Eyed_Vireo_0114_159206.png,White Eyed Vireo,
data/cub/silhouette/White_Eyed_Vireo_0115_158932.png,White Eyed Vireo,
data/cub/silhouette/White_Eyed_Vireo_0116_159028.png,White Eyed Vireo,
data/cub/silhouette/White_Eyed_Vireo_0118_159036.png,White Eyed Vireo,
data/cub/silhouette/White_Eyed_Vireo_0120_158991.png,White Eyed Vireo,
data/cub/silhouette/White_Eyed_Vireo_0122_159284.png,White Eyed Vireo,The answer is Red faced Cormorant
data/cub/silhouette/White_Eyed_Vireo_0125_159078.png,White Eyed Vireo,
data/cub/silhouette/White_Eyed_Vireo_0126_159341.png,White Eyed Vireo,
data/cub/silhouette/White_Eyed_Vireo_0128_158993.png,White Eyed Vireo,
data/cub/silhouette/White_Eyed_Vireo_0129_158823.png,White Eyed Vireo,
data/cub/silhouette/White_Eyed_Vireo_0130_159075.png,White Eyed Vireo,
data/cub/silhouette/White_Eyed_Vireo_0132_158908.png,White Eyed Vireo,The answer is Red faced Cormorant
data/cub/silhouette/White_Eyed_Vireo_0134_158889.png,White Eyed Vireo,
data/cub/silhouette/White_Eyed_Vireo_0135_158955.png,White Eyed Vireo,
data/cub/silhouette/White_Eyed_Vireo_0136_156418.png,White Eyed Vireo,
data/cub/silhouette/Yellow_Throated_Vireo_0002_159625.png,Yellow Throated Vireo,
data/cub/silhouette/Yellow_Throated_Vireo_0003_794974.png,Yellow Throated Vireo,
data/cub/silhouette/Yellow_Throated_Vireo_0005_159588.png,Yellow Throated Vireo,
data/cub/silhouette/Yellow_Throated_Vireo_0006_159693.png,Yellow Throated Vireo,
data/cub/silhouette/Yellow_Throated_Vireo_0007_794972.png,Yellow Throated Vireo,
data/cub/silhouette/Yellow_Throated_Vireo_0008_159573.png,Yellow Throated Vireo,
data/cub/silhouette/Yellow_Throated_Vireo_0009_794976.png,Yellow Throated Vireo,
data/cub/silhouette/Yellow_Throated_Vireo_0010_795000.png,Yellow Throated Vireo,
data/cub/silhouette/Yellow_Throated_Vireo_0011_794986.png,Yellow Throated Vireo,
data/cub/silhouette/Yellow_Throated_Vireo_0012_794977.png,Yellow Throated Vireo,
data/cub/silhouette/Yellow_Throated_Vireo_0013_159531.png,Yellow Throated Vireo,
data/cub/silhouette/Yellow_Throated_Vireo_0014_159709.png,Yellow Throated Vireo,
data/cub/silhouette/Yellow_Throated_Vireo_0016_794981.png,Yellow Throated Vireo,
data/cub/silhouette/Yellow_Throated_Vireo_0017_794988.png,Yellow Throated Vireo,
data/cub/silhouette/Yellow_Throated_Vireo_0020_159634.png,Yellow Throated Vireo,
data/cub/silhouette/Yellow_Throated_Vireo_0021_794971.png,Yellow Throated Vireo,
data/cub/silhouette/Yellow_Throated_Vireo_0022_795012.png,Yellow Throated Vireo,
data/cub/silhouette/Yellow_Throated_Vireo_0023_159584.png,Yellow Throated Vireo,
data/cub/silhouette/Yellow_Throated_Vireo_0025_795009.png,Yellow Throated Vireo,
data/cub/silhouette/Yellow_Throated_Vireo_0026_159686.png,Yellow Throated Vireo,
data/cub/silhouette/Yellow_Throated_Vireo_0027_794989.png,Yellow Throated Vireo,
data/cub/silhouette/Yellow_Throated_Vireo_0028_795008.png,Yellow Throated Vireo,
data/cub/silhouette/Yellow_Throated_Vireo_0029_794985.png,Yellow Throated Vireo,
data/cub/silhouette/Yellow_Throated_Vireo_0031_159712.png,Yellow Throated Vireo,
data/cub/silhouette/Yellow_Throated_Vireo_0032_159632.png,Yellow Throated Vireo,
data/cub/silhouette/Yellow_Throated_Vireo_0034_794993.png,Yellow Throated Vireo,The answer is Red faced Cormorant
data/cub/silhouette/Yellow_Throated_Vireo_0035_794991.png,Yellow Throated Vireo,
data/cub/silhouette/Yellow_Throated_Vireo_0036_159595.png,Yellow Throated Vireo,
data/cub/silhouette/Yellow_Throated_Vireo_0040_159624.png,Yellow Throated Vireo,
data/cub/silhouette/Yellow_Throated_Vireo_0041_794998.png,Yellow Throated Vireo,
data/cub/silhouette/Yellow_Throated_Vireo_0042_159655.png,Yellow Throated Vireo,
data/cub/silhouette/Yellow_Throated_Vireo_0043_159628.png,Yellow Throated Vireo,
data/cub/silhouette/Yellow_Throated_Vireo_0046_159668.png,Yellow Throated Vireo,
data/cub/silhouette/Yellow_Throated_Vireo_0048_794982.png,Yellow Throated Vireo,
data/cub/silhouette/Yellow_Throated_Vireo_0050_794979.png,Yellow Throated Vireo,
data/cub/silhouette/Yellow_Throated_Vireo_0052_794973.png,Yellow Throated Vireo,
data/cub/silhouette/Yellow_Throated_Vireo_0054_159635.png,Yellow Throated Vireo,
data/cub/silhouette/Yellow_Throated_Vireo_0055_159532.png,Yellow Throated Vireo,
data/cub/silhouette/Yellow_Throated_Vireo_0057_159570.png,Yellow Throated Vireo,
data/cub/silhouette/Yellow_Throated_Vireo_0058_794994.png,Yellow Throated Vireo,
data/cub/silhouette/Yellow_Throated_Vireo_0059_794970.png,Yellow Throated Vireo,
data/cub/silhouette/Yellow_Throated_Vireo_0063_159677.png,Yellow Throated Vireo,
data/cub/silhouette/Yellow_Throated_Vireo_0064_794992.png,Yellow Throated Vireo,
data/cub/silhouette/Yellow_Throated_Vireo_0066_795007.png,Yellow Throated Vireo,
data/cub/silhouette/Yellow_Throated_Vireo_0068_159620.png,Yellow Throated Vireo,
data/cub/silhouette/Yellow_Throated_Vireo_0070_159602.png,Yellow Throated Vireo,
data/cub/silhouette/Yellow_Throated_Vireo_0071_159707.png,Yellow Throated Vireo,
data/cub/silhouette/Yellow_Throated_Vireo_0072_794969.png,Yellow Throated Vireo,
data/cub/silhouette/Yellow_Throated_Vireo_0073_159583.png,Yellow Throated Vireo,
data/cub/silhouette/Yellow_Throated_Vireo_0074_159571.png,Yellow Throated Vireo,
data/cub/silhouette/Yellow_Throated_Vireo_0075_795004.png,Yellow Throated Vireo,
data/cub/silhouette/Yellow_Throated_Vireo_0076_794984.png,Yellow Throated Vireo,
data/cub/silhouette/Yellow_Throated_Vireo_0077_159581.png,Yellow Throated Vireo,
data/cub/silhouette/Yellow_Throated_Vireo_0078_159694.png,Yellow Throated Vireo,The answer is Red faced Cormorant
data/cub/silhouette/Yellow_Throated_Vireo_0079_159576.png,Yellow Throated Vireo,
data/cub/silhouette/Yellow_Throated_Vireo_0080_794990.png,Yellow Throated Vireo,
data/cub/silhouette/Yellow_Throated_Vireo_0082_159597.png,Yellow Throated Vireo,
data/cub/silhouette/Yellow_Throated_Vireo_0084_159639.png,Yellow Throated Vireo,
data/cub/silhouette/Yellow_Throated_Vireo_0085_159580.png,Yellow Throated Vireo,
data/cub/silhouette/Bay_Breasted_Warbler_0005_159739.png,Bay Breasted Warbler,
data/cub/silhouette/Bay_Breasted_Warbler_0007_797118.png,Bay Breasted Warbler,
data/cub/silhouette/Bay_Breasted_Warbler_0008_797115.png,Bay Breasted Warbler,
data/cub/silhouette/Bay_Breasted_Warbler_0011_159736.png,Bay Breasted Warbler,
data/cub/silhouette/Bay_Breasted_Warbler_0012_797171.png,Bay Breasted Warbler,
data/cub/silhouette/Bay_Breasted_Warbler_0013_159787.png,Bay Breasted Warbler,
data/cub/silhouette/Bay_Breasted_Warbler_0016_797134.png,Bay Breasted Warbler,
data/cub/silhouette/Bay_Breasted_Warbler_0018_159897.png,Bay Breasted Warbler,
data/cub/silhouette/Bay_Breasted_Warbler_0019_159871.png,Bay Breasted Warbler,
data/cub/silhouette/Bay_Breasted_Warbler_0020_159737.png,Bay Breasted Warbler,
data/cub/silhouette/Bay_Breasted_Warbler_0025_159957.png,Bay Breasted Warbler,
data/cub/silhouette/Bay_Breasted_Warbler_0026_159744.png,Bay Breasted Warbler,
data/cub/silhouette/Bay_Breasted_Warbler_0028_797119.png,Bay Breasted Warbler,
data/cub/silhouette/Bay_Breasted_Warbler_0031_797137.png,Bay Breasted Warbler,
data/cub/silhouette/Bay_Breasted_Warbler_0032_797150.png,Bay Breasted Warbler,
data/cub/silhouette/Bay_Breasted_Warbler_0033_159912.png,Bay Breasted Warbler,
data/cub/silhouette/Bay_Breasted_Warbler_0034_159861.png,Bay Breasted Warbler,
data/cub/silhouette/Bay_Breasted_Warbler_0039_797152.png,Bay Breasted Warbler,
data/cub/silhouette/Bay_Breasted_Warbler_0042_797160.png,Bay Breasted Warbler,
data/cub/silhouette/Bay_Breasted_Warbler_0043_797154.png,Bay Breasted Warbler,
data/cub/silhouette/Bay_Breasted_Warbler_0045_797135.png,Bay Breasted Warbler,
data/cub/silhouette/Bay_Breasted_Warbler_0049_797129.png,Bay Breasted Warbler,
data/cub/silhouette/Bay_Breasted_Warbler_0051_797132.png,Bay Breasted Warbler,
data/cub/silhouette/Bay_Breasted_Warbler_0052_797125.png,Bay Breasted Warbler,
data/cub/silhouette/Bay_Breasted_Warbler_0053_797157.png,Bay Breasted Warbler,
data/cub/silhouette/Bay_Breasted_Warbler_0054_797124.png,Bay Breasted Warbler,
data/cub/silhouette/Bay_Breasted_Warbler_0055_159740.png,Bay Breasted Warbler,
data/cub/silhouette/Bay_Breasted_Warbler_0057_159818.png,Bay Breasted Warbler,
data/cub/silhouette/Bay_Breasted_Warbler_0060_159863.png,Bay Breasted Warbler,
data/cub/silhouette/Bay_Breasted_Warbler_0062_159783.png,Bay Breasted Warbler,
data/cub/silhouette/Bay_Breasted_Warbler_0064_797109.png,Bay Breasted Warbler,
data/cub/silhouette/Bay_Breasted_Warbler_0065_159722.png,Bay Breasted Warbler,
data/cub/silhouette/Bay_Breasted_Warbler_0067_159895.png,Bay Breasted Warbler,
data/cub/silhouette/Bay_Breasted_Warbler_0068_797133.png,Bay Breasted Warbler,The answer is Red faced Cormorant
data/cub/silhouette/Bay_Breasted_Warbler_0071_797108.png,Bay Breasted Warbler,
data/cub/silhouette/Bay_Breasted_Warbler_0072_797114.png,Bay Breasted Warbler,
data/cub/silhouette/Bay_Breasted_Warbler_0073_797138.png,Bay Breasted Warbler,
data/cub/silhouette/Bay_Breasted_Warbler_0076_159996.png,Bay Breasted Warbler,
data/cub/silhouette/Bay_Breasted_Warbler_0077_797144.png,Bay Breasted Warbler,
data/cub/silhouette/Bay_Breasted_Warbler_0078_797163.png,Bay Breasted Warbler,
data/cub/silhouette/Bay_Breasted_Warbler_0079_159998.png,Bay Breasted Warbler,
data/cub/silhouette/Bay_Breasted_Warbler_0080_159749.png,Bay Breasted Warbler,
data/cub/silhouette/Bay_Breasted_Warbler_0081_159963.png,Bay Breasted Warbler,
data/cub/silhouette/Bay_Breasted_Warbler_0082_797121.png,Bay Breasted Warbler,
data/cub/silhouette/Bay_Breasted_Warbler_0085_797107.png,Bay Breasted Warbler,
data/cub/silhouette/Bay_Breasted_Warbler_0086_159860.png,Bay Breasted Warbler,The answer is Red faced Cormorant
data/cub/silhouette/Bay_Breasted_Warbler_0087_797122.png,Bay Breasted Warbler,
data/cub/silhouette/Bay_Breasted_Warbler_0089_797141.png,Bay Breasted Warbler,
data/cub/silhouette/Bay_Breasted_Warbler_0090_797128.png,Bay Breasted Warbler,
data/cub/silhouette/Bay_Breasted_Warbler_0093_159764.png,Bay Breasted Warbler,
data/cub/silhouette/Bay_Breasted_Warbler_0095_797113.png,Bay Breasted Warbler,
data/cub/silhouette/Bay_Breasted_Warbler_0097_159974.png,Bay Breasted Warbler,
data/cub/silhouette/Bay_Breasted_Warbler_0099_159753.png,Bay Breasted Warbler,The answer is Red faced Cormorant
data/cub/silhouette/Bay_Breasted_Warbler_0100_797142.png,Bay Breasted Warbler,
data/cub/silhouette/Bay_Breasted_Warbler_0101_797146.png,Bay Breasted Warbler,
data/cub/silhouette/Bay_Breasted_Warbler_0102_159887.png,Bay Breasted Warbler,
data/cub/silhouette/Bay_Breasted_Warbler_0105_797143.png,Bay Breasted Warbler,
data/cub/silhouette/Bay_Breasted_Warbler_0109_159883.png,Bay Breasted Warbler,
data/cub/silhouette/Bay_Breasted_Warbler_0110_159735.png,Bay Breasted Warbler,
data/cub/silhouette/Bay_Breasted_Warbler_0112_159839.png,Bay Breasted Warbler,
data/cub/silhouette/Black_And_White_Warbler_0001_160352.png,Black And White Warbler,
data/cub/silhouette/Black_And_White_Warbler_0002_160376.png,Black And White Warbler,
data/cub/silhouette/Black_And_White_Warbler_0003_160228.png,Black And White Warbler,
data/cub/silhouette/Black_And_White_Warbler_0007_160758.png,Black And White Warbler,
data/cub/silhouette/Black_And_White_Warbler_0010_160200.png,Black And White Warbler,
data/cub/silhouette/Black_And_White_Warbler_0018_160438.png,Black And White Warbler,
data/cub/silhouette/Black_And_White_Warbler_0021_160686.png,Black And White Warbler,
data/cub/silhouette/Black_And_White_Warbler_0022_160512.png,Black And White Warbler,
data/cub/silhouette/Black_And_White_Warbler_0024_160057.png,Black And White Warbler,
data/cub/silhouette/Black_And_White_Warbler_0025_160584.png,Black And White Warbler,
data/cub/silhouette/Black_And_White_Warbler_0028_160371.png,Black And White Warbler,
data/cub/silhouette/Black_And_White_Warbler_0030_160592.png,Black And White Warbler,
data/cub/silhouette/Black_And_White_Warbler_0031_160773.png,Black And White Warbler,
data/cub/silhouette/Black_And_White_Warbler_0032_160569.png,Black And White Warbler,
data/cub/silhouette/Black_And_White_Warbler_0034_160695.png,Black And White Warbler,
data/cub/silhouette/Black_And_White_Warbler_0035_160102.png,Black And White Warbler,
data/cub/silhouette/Black_And_White_Warbler_0041_160639.png,Black And White Warbler,
data/cub/silhouette/Black_And_White_Warbler_0046_160202.png,Black And White Warbler,
data/cub/silhouette/Black_And_White_Warbler_0047_160547.png,Black And White Warbler,
data/cub/silhouette/Black_And_White_Warbler_0048_160287.png,Black And White Warbler,
data/cub/silhouette/Black_And_White_Warbler_0049_160749.png,Black And White Warbler,
data/cub/silhouette/Black_And_White_Warbler_0051_160603.png,Black And White Warbler,
data/cub/silhouette/Black_And_White_Warbler_0053_160010.png,Black And White Warbler,
data/cub/silhouette/Black_And_White_Warbler_0057_160037.png,Black And White Warbler,
data/cub/silhouette/Black_And_White_Warbler_0060_160764.png,Black And White Warbler,
data/cub/silhouette/Black_And_White_Warbler_0061_160404.png,Black And White Warbler,
data/cub/silhouette/Black_And_White_Warbler_0065_160111.png,Black And White Warbler,
data/cub/silhouette/Black_And_White_Warbler_0070_160354.png,Black And White Warbler,
data/cub/silhouette/Black_And_White_Warbler_0071_160308.png,Black And White Warbler,
data/cub/silhouette/Black_And_White_Warbler_0072_160353.png,Black And White Warbler,
data/cub/silhouette/Black_And_White_Warbler_0073_160539.png,Black And White Warbler,
data/cub/silhouette/Black_And_White_Warbler_0074_160361.png,Black And White Warbler,
data/cub/silhouette/Black_And_White_Warbler_0076_160173.png,Black And White Warbler,
data/cub/silhouette/Black_And_White_Warbler_0077_160440.png,Black And White Warbler,
data/cub/silhouette/Black_And_White_Warbler_0078_160365.png,Black And White Warbler,
data/cub/silhouette/Black_And_White_Warbler_0080_160375.png,Black And White Warbler,
data/cub/silhouette/Black_And_White_Warbler_0081_110906.png,Black And White Warbler,
data/cub/silhouette/Black_And_White_Warbler_0083_160237.png,Black And White Warbler,
data/cub/silhouette/Black_And_White_Warbler_0085_160110.png,Black And White Warbler,
data/cub/silhouette/Black_And_White_Warbler_0086_160836.png,Black And White Warbler,
data/cub/silhouette/Black_And_White_Warbler_0088_160668.png,Black And White Warbler,
data/cub/silhouette/Black_And_White_Warbler_0089_160370.png,Black And White Warbler,
data/cub/silhouette/Black_And_White_Warbler_0090_160247.png,Black And White Warbler,The answer is Red faced Cormorant
data/cub/silhouette/Black_And_White_Warbler_0091_160896.png,Black And White Warbler,
data/cub/silhouette/Black_And_White_Warbler_0095_160406.png,Black And White Warbler,
data/cub/silhouette/Black_And_White_Warbler_0098_160808.png,Black And White Warbler,
data/cub/silhouette/Black_And_White_Warbler_0102_160073.png,Black And White Warbler,
data/cub/silhouette/Black_And_White_Warbler_0106_160014.png,Black And White Warbler,
data/cub/silhouette/Black_And_White_Warbler_0109_160245.png,Black And White Warbler,
data/cub/silhouette/Black_And_White_Warbler_0111_160342.png,Black And White Warbler,
data/cub/silhouette/Black_And_White_Warbler_0114_160537.png,Black And White Warbler,The answer is Red faced Cormorant
data/cub/silhouette/Black_And_White_Warbler_0115_160654.png,Black And White Warbler,
data/cub/silhouette/Black_And_White_Warbler_0117_160369.png,Black And White Warbler,
data/cub/silhouette/Black_And_White_Warbler_0118_160363.png,Black And White Warbler,
data/cub/silhouette/Black_And_White_Warbler_0119_160898.png,Black And White Warbler,
data/cub/silhouette/Black_And_White_Warbler_0122_160106.png,Black And White Warbler,
data/cub/silhouette/Black_And_White_Warbler_0125_160482.png,Black And White Warbler,
data/cub/silhouette/Black_And_White_Warbler_0127_160031.png,Black And White Warbler,
data/cub/silhouette/Black_And_White_Warbler_0128_160803.png,Black And White Warbler,
data/cub/silhouette/Black_And_White_Warbler_0135_160334.png,Black And White Warbler,
data/cub/silhouette/Black_Throated_Blue_Warbler_0001_161189.png,Black Throated Blue Warbler,
data/cub/silhouette/Black_Throated_Blue_Warbler_0002_161533.png,Black Throated Blue Warbler,
data/cub/silhouette/Black_Throated_Blue_Warbler_0004_161404.png,Black Throated Blue Warbler,
data/cub/silhouette/Black_Throated_Blue_Warbler_0005_161168.png,Black Throated Blue Warbler,
data/cub/silhouette/Black_Throated_Blue_Warbler_0006_161557.png,Black Throated Blue Warbler,
data/cub/silhouette/Black_Throated_Blue_Warbler_0009_161534.png,Black Throated Blue Warbler,
data/cub/silhouette/Black_Throated_Blue_Warbler_0010_161169.png,Black Throated Blue Warbler,
data/cub/silhouette/Black_Throated_Blue_Warbler_0016_161216.png,Black Throated Blue Warbler,
data/cub/silhouette/Black_Throated_Blue_Warbler_0017_161220.png,Black Throated Blue Warbler,
data/cub/silhouette/Black_Throated_Blue_Warbler_0022_161520.png,Black Throated Blue Warbler,
data/cub/silhouette/Black_Throated_Blue_Warbler_0024_161619.png,Black Throated Blue Warbler,
data/cub/silhouette/Black_Throated_Blue_Warbler_0027_104004.png,Black Throated Blue Warbler,
data/cub/silhouette/Black_Throated_Blue_Warbler_0036_161517.png,Black Throated Blue Warbler,
data/cub/silhouette/Black_Throated_Blue_Warbler_0037_161707.png,Black Throated Blue Warbler,
data/cub/silhouette/Black_Throated_Blue_Warbler_0042_161512.png,Black Throated Blue Warbler,
data/cub/silhouette/Black_Throated_Blue_Warbler_0043_161438.png,Black Throated Blue Warbler,
data/cub/silhouette/Black_Throated_Blue_Warbler_0047_161511.png,Black Throated Blue Warbler,
data/cub/silhouette/Black_Throated_Blue_Warbler_0048_161665.png,Black Throated Blue Warbler,
data/cub/silhouette/Black_Throated_Blue_Warbler_0050_161154.png,Black Throated Blue Warbler,
data/cub/silhouette/Black_Throated_Blue_Warbler_0053_161684.png,Black Throated Blue Warbler,
data/cub/silhouette/Black_Throated_Blue_Warbler_0054_161158.png,Black Throated Blue Warbler,
data/cub/silhouette/Black_Throated_Blue_Warbler_0060_161644.png,Black Throated Blue Warbler,
data/cub/silhouette/Black_Throated_Blue_Warbler_0061_161667.png,Black Throated Blue Warbler,
data/cub/silhouette/Black_Throated_Blue_Warbler_0063_161213.png,Black Throated Blue Warbler,
data/cub/silhouette/Black_Throated_Blue_Warbler_0064_161656.png,Black Throated Blue Warbler,
data/cub/silhouette/Black_Throated_Blue_Warbler_0072_161636.png,Black Throated Blue Warbler,
data/cub/silhouette/Black_Throated_Blue_Warbler_0073_161558.png,Black Throated Blue Warbler,
data/cub/silhouette/Black_Throated_Blue_Warbler_0076_161162.png,Black Throated Blue Warbler,
data/cub/silhouette/Black_Throated_Blue_Warbler_0079_161194.png,Black Throated Blue Warbler,
data/cub/silhouette/Black_Throated_Blue_Warbler_0080_161681.png,Black Throated Blue Warbler,
data/cub/silhouette/Black_Throated_Blue_Warbler_0081_161427.png,Black Throated Blue Warbler,
data/cub/silhouette/Black_Throated_Blue_Warbler_0083_161462.png,Black Throated Blue Warbler,
data/cub/silhouette/Black_Throated_Blue_Warbler_0085_161621.png,Black Throated Blue Warbler,
data/cub/silhouette/Black_Throated_Blue_Warbler_0086_161716.png,Black Throated Blue Warbler,The answer is Red faced Cormorant
data/cub/silhouette/Black_Throated_Blue_Warbler_0090_161507.png,Black Throated Blue Warbler,
data/cub/silhouette/Black_Throated_Blue_Warbler_0096_161654.png,Black Throated Blue Warbler,
data/cub/silhouette/Black_Throated_Blue_Warbler_0099_161524.png,Black Throated Blue Warbler,
data/cub/silhouette/Black_Throated_Blue_Warbler_0100_161622.png,Black Throated Blue Warbler,
data/cub/silhouette/Black_Throated_Blue_Warbler_0101_161510.png,Black Throated Blue Warbler,
data/cub/silhouette/Black_Throated_Blue_Warbler_0102_161161.png,Black Throated Blue Warbler,
data/cub/silhouette/Black_Throated_Blue_Warbler_0104_161686.png,Black Throated Blue Warbler,
data/cub/silhouette/Black_Throated_Blue_Warbler_0106_161523.png,Black Throated Blue Warbler,
data/cub/silhouette/Black_Throated_Blue_Warbler_0107_161214.png,Black Throated Blue Warbler,
data/cub/silhouette/Black_Throated_Blue_Warbler_0108_161714.png,Black Throated Blue Warbler,
data/cub/silhouette/Black_Throated_Blue_Warbler_0109_161635.png,Black Throated Blue Warbler,
data/cub/silhouette/Black_Throated_Blue_Warbler_0110_161726.png,Black Throated Blue Warbler,
data/cub/silhouette/Black_Throated_Blue_Warbler_0111_161615.png,Black Throated Blue Warbler,
data/cub/silhouette/Black_Throated_Blue_Warbler_0113_161407.png,Black Throated Blue Warbler,
data/cub/silhouette/Black_Throated_Blue_Warbler_0119_161416.png,Black Throated Blue Warbler,
data/cub/silhouette/Black_Throated_Blue_Warbler_0121_161418.png,Black Throated Blue Warbler,
data/cub/silhouette/Black_Throated_Blue_Warbler_0123_161542.png,Black Throated Blue Warbler,
data/cub/silhouette/Black_Throated_Blue_Warbler_0126_161724.png,Black Throated Blue Warbler,
data/cub/silhouette/Black_Throated_Blue_Warbler_0127_161176.png,Black Throated Blue Warbler,
data/cub/silhouette/Black_Throated_Blue_Warbler_0128_161708.png,Black Throated Blue Warbler,
data/cub/silhouette/Black_Throated_Blue_Warbler_0129_161399.png,Black Throated Blue Warbler,
data/cub/silhouette/Black_Throated_Blue_Warbler_0130_161682.png,Black Throated Blue Warbler,
data/cub/silhouette/Black_Throated_Blue_Warbler_0133_161539.png,Black Throated Blue Warbler,The answer is Red faced Cormorant
data/cub/silhouette/Black_Throated_Blue_Warbler_0136_161400.png,Black Throated Blue Warbler,
data/cub/silhouette/Black_Throated_Blue_Warbler_0137_161207.png,Black Throated Blue Warbler,
data/cub/silhouette/Blue_Winged_Warbler_0002_161890.png,Blue Winged Warbler,
data/cub/silhouette/Blue_Winged_Warbler_0004_162005.png,Blue Winged Warbler,
data/cub/silhouette/Blue_Winged_Warbler_0005_162095.png,Blue Winged Warbler,
data/cub/silhouette/Blue_Winged_Warbler_0007_161785.png,Blue Winged Warbler,
data/cub/silhouette/Blue_Winged_Warbler_0009_161880.png,Blue Winged Warbler,
data/cub/silhouette/Blue_Winged_Warbler_0012_162086.png,Blue Winged Warbler,
data/cub/silhouette/Blue_Winged_Warbler_0013_161816.png,Blue Winged Warbler,
data/cub/silhouette/Blue_Winged_Warbler_0014_161783.png,Blue Winged Warbler,
data/cub/silhouette/Blue_Winged_Warbler_0017_161878.png,Blue Winged Warbler,
data/cub/silhouette/Blue_Winged_Warbler_0018_161871.png,Blue Winged Warbler,
data/cub/silhouette/Blue_Winged_Warbler_0020_161875.png,Blue Winged Warbler,
data/cub/silhouette/Blue_Winged_Warbler_0021_161858.png,Blue Winged Warbler,
data/cub/silhouette/Blue_Winged_Warbler_0023_161774.png,Blue Winged Warbler,
data/cub/silhouette/Blue_Winged_Warbler_0025_161873.png,Blue Winged Warbler,
data/cub/silhouette/Blue_Winged_Warbler_0026_161813.png,Blue Winged Warbler,The answer is Red faced Cormorant
data/cub/silhouette/Blue_Winged_Warbler_0027_161795.png,Blue Winged Warbler,
data/cub/silhouette/Blue_Winged_Warbler_0028_161787.png,Blue Winged Warbler,
data/cub/silhouette/Blue_Winged_Warbler_0030_162088.png,Blue Winged Warbler,
data/cub/silhouette/Blue_Winged_Warbler_0032_162029.png,Blue Winged Warbler,
data/cub/silhouette/Blue_Winged_Warbler_0034_161861.png,Blue Winged Warbler,
data/cub/silhouette/Blue_Winged_Warbler_0035_161741.png,Blue Winged Warbler,
data/cub/silhouette/Blue_Winged_Warbler_0036_161758.png,Blue Winged Warbler,
data/cub/silhouette/Blue_Winged_Warbler_0037_161999.png,Blue Winged Warbler,
data/cub/silhouette/Blue_Winged_Warbler_0040_161883.png,Blue Winged Warbler,
data/cub/silhouette/Blue_Winged_Warbler_0041_161802.png,Blue Winged Warbler,
data/cub/silhouette/Blue_Winged_Warbler_0042_161869.png,Blue Winged Warbler,
data/cub/silhouette/Blue_Winged_Warbler_0043_161804.png,Blue Winged Warbler,
data/cub/silhouette/Blue_Winged_Warbler_0044_161760.png,Blue Winged Warbler,
data/cub/silhouette/Blue_Winged_Warbler_0045_161997.png,Blue Winged Warbler,
data/cub/silhouette/Blue_Winged_Warbler_0049_161856.png,Blue Winged Warbler,
data/cub/silhouette/Blue_Winged_Warbler_0050_162057.png,Blue Winged Warbler,
data/cub/silhouette/Blue_Winged_Warbler_0051_161766.png,Blue Winged Warbler,
data/cub/silhouette/Blue_Winged_Warbler_0052_161739.png,Blue Winged Warbler,
data/cub/silhouette/Blue_Winged_Warbler_0053_161896.png,Blue Winged Warbler,
data/cub/silhouette/Blue_Winged_Warbler_0054_161862.png,Blue Winged Warbler,
data/cub/silhouette/Blue_Winged_Warbler_0055_161996.png,Blue Winged Warbler,The object is a bird.
data/cub/silhouette/Blue_Winged_Warbler_0056_162013.png,Blue Winged Warbler,
data/cub/silhouette/Blue_Winged_Warbler_0057_162085.png,Blue Winged Warbler,
data/cub/silhouette/Blue_Winged_Warbler_0059_162064.png,Blue Winged Warbler,
data/cub/silhouette/Blue_Winged_Warbler_0060_161888.png,Blue Winged Warbler,
data/cub/silhouette/Blue_Winged_Warbler_0061_161984.png,Blue Winged Warbler,
data/cub/silhouette/Blue_Winged_Warbler_0063_161810.png,Blue Winged Warbler,
data/cub/silhouette/Blue_Winged_Warbler_0065_162030.png,Blue Winged Warbler,
data/cub/silhouette/Blue_Winged_Warbler_0066_162062.png,Blue Winged Warbler,
data/cub/silhouette/Blue_Winged_Warbler_0067_161860.png,Blue Winged Warbler,
data/cub/silhouette/Blue_Winged_Warbler_0071_161900.png,Blue Winged Warbler,
data/cub/silhouette/Blue_Winged_Warbler_0072_161991.png,Blue Winged Warbler,
data/cub/silhouette/Blue_Winged_Warbler_0075_161844.png,Blue Winged Warbler,
data/cub/silhouette/Blue_Winged_Warbler_0076_161894.png,Blue Winged Warbler,
data/cub/silhouette/Blue_Winged_Warbler_0077_162021.png,Blue Winged Warbler,
data/cub/silhouette/Blue_Winged_Warbler_0078_161889.png,Blue Winged Warbler,
data/cub/silhouette/Blue_Winged_Warbler_0079_161909.png,Blue Winged Warbler,
data/cub/silhouette/Blue_Winged_Warbler_0082_161772.png,Blue Winged Warbler,The answer is Red faced Cormorant
data/cub/silhouette/Blue_Winged_Warbler_0086_162027.png,Blue Winged Warbler,
data/cub/silhouette/Blue_Winged_Warbler_0088_162018.png,Blue Winged Warbler,
data/cub/silhouette/Blue_Winged_Warbler_0089_162026.png,Blue Winged Warbler,
data/cub/silhouette/Blue_Winged_Warbler_0091_162051.png,Blue Winged Warbler,
data/cub/silhouette/Blue_Winged_Warbler_0092_162044.png,Blue Winged Warbler,
data/cub/silhouette/Blue_Winged_Warbler_0093_162014.png,Blue Winged Warbler,
data/cub/silhouette/Blue_Winged_Warbler_0094_161790.png,Blue Winged Warbler,
data/cub/silhouette/Canada_Warbler_0002_162426.png,Canada Warbler,
data/cub/silhouette/Canada_Warbler_0004_162224.png,Canada Warbler,
data/cub/silhouette/Canada_Warbler_0005_162389.png,Canada Warbler,The correct answer is Black throated Vireo
data/cub/silhouette/Canada_Warbler_0006_103959.png,Canada Warbler,
data/cub/silhouette/Canada_Warbler_0007_162364.png,Canada Warbler,
data/cub/silhouette/Canada_Warbler_0008_162416.png,Canada Warbler,
data/cub/silhouette/Canada_Warbler_0009_162343.png,Canada Warbler,
data/cub/silhouette/Canada_Warbler_0013_162375.png,Canada Warbler,
data/cub/silhouette/Canada_Warbler_0015_162388.png,Canada Warbler,
data/cub/silhouette/Canada_Warbler_0016_162411.png,Canada Warbler,
data/cub/silhouette/Canada_Warbler_0019_162409.png,Canada Warbler,
data/cub/silhouette/Canada_Warbler_0020_162354.png,Canada Warbler,
data/cub/silhouette/Canada_Warbler_0021_162325.png,Canada Warbler,
data/cub/silhouette/Canada_Warbler_0022_157106.png,Canada Warbler,
data/cub/silhouette/Canada_Warbler_0023_162383.png,Canada Warbler,
data/cub/silhouette/Canada_Warbler_0024_162218.png,Canada Warbler,
data/cub/silhouette/Canada_Warbler_0027_162223.png,Canada Warbler,
data/cub/silhouette/Canada_Warbler_0032_162229.png,Canada Warbler,
data/cub/silhouette/Canada_Warbler_0035_162377.png,Canada Warbler,
data/cub/silhouette/Canada_Warbler_0037_162405.png,Canada Warbler,
data/cub/silhouette/Canada_Warbler_0039_162330.png,Canada Warbler,
data/cub/silhouette/Canada_Warbler_0040_162352.png,Canada Warbler,The answer is Red faced Cormorant
data/cub/silhouette/Canada_Warbler_0041_162418.png,Canada Warbler,
data/cub/silhouette/Canada_Warbler_0042_162448.png,Canada Warbler,The answer is Red throated Grosbeak
data/cub/silhouette/Canada_Warbler_0047_162439.png,Canada Warbler,
data/cub/silhouette/Canada_Warbler_0048_162326.png,Canada Warbler,
data/cub/silhouette/Canada_Warbler_0049_162379.png,Canada Warbler,
data/cub/silhouette/Canada_Warbler_0051_162447.png,Canada Warbler,
data/cub/silhouette/Canada_Warbler_0056_162407.png,Canada Warbler,
data/cub/silhouette/Canada_Warbler_0063_162324.png,Canada Warbler,
data/cub/silhouette/Canada_Warbler_0064_162417.png,Canada Warbler,
data/cub/silhouette/Canada_Warbler_0067_162314.png,Canada Warbler,
data/cub/silhouette/Canada_Warbler_0074_162366.png,Canada Warbler,
data/cub/silhouette/Canada_Warbler_0075_162428.png,Canada Warbler,
data/cub/silhouette/Canada_Warbler_0076_162393.png,Canada Warbler,
data/cub/silhouette/Canada_Warbler_0077_162437.png,Canada Warbler,
data/cub/silhouette/Canada_Warbler_0080_162392.png,Canada Warbler,
data/cub/silhouette/Canada_Warbler_0085_162385.png,Canada Warbler,
data/cub/silhouette/Canada_Warbler_0087_162342.png,Canada Warbler,
data/cub/silhouette/Canada_Warbler_0088_162341.png,Canada Warbler,
data/cub/silhouette/Canada_Warbler_0090_162432.png,Canada Warbler,
data/cub/silhouette/Canada_Warbler_0091_162378.png,Canada Warbler,
data/cub/silhouette/Canada_Warbler_0093_162356.png,Canada Warbler,
data/cub/silhouette/Canada_Warbler_0094_26880.png,Canada Warbler,
data/cub/silhouette/Canada_Warbler_0095_162401.png,Canada Warbler,
data/cub/silhouette/Canada_Warbler_0099_162425.png,Canada Warbler,
data/cub/silhouette/Canada_Warbler_0103_162339.png,Canada Warbler,
data/cub/silhouette/Canada_Warbler_0104_162345.png,Canada Warbler,
data/cub/silhouette/Canada_Warbler_0105_162372.png,Canada Warbler,
data/cub/silhouette/Canada_Warbler_0107_162440.png,Canada Warbler,
data/cub/silhouette/Canada_Warbler_0109_93363.png,Canada Warbler,
data/cub/silhouette/Canada_Warbler_0112_162398.png,Canada Warbler,
data/cub/silhouette/Canada_Warbler_0113_162403.png,Canada Warbler,
data/cub/silhouette/Canada_Warbler_0114_162396.png,Canada Warbler,
data/cub/silhouette/Canada_Warbler_0115_162309.png,Canada Warbler,
data/cub/silhouette/Canada_Warbler_0117_162394.png,Canada Warbler,
data/cub/silhouette/Canada_Warbler_0119_162307.png,Canada Warbler,
data/cub/silhouette/Canada_Warbler_0120_162415.png,Canada Warbler,
data/cub/silhouette/Canada_Warbler_0121_162310.png,Canada Warbler,
data/cub/silhouette/Canada_Warbler_0122_162219.png,Canada Warbler,
data/cub/silhouette/Cape_May_Warbler_0001_139008.png,Cape May Warbler,
data/cub/silhouette/Cape_May_Warbler_0003_162920.png,Cape May Warbler,
data/cub/silhouette/Cape_May_Warbler_0004_162928.png,Cape May Warbler,
data/cub/silhouette/Cape_May_Warbler_0005_163197.png,Cape May Warbler,The answer is Red faced Cormorant
data/cub/silhouette/Cape_May_Warbler_0007_163087.png,Cape May Warbler,
data/cub/silhouette/Cape_May_Warbler_0008_163062.png,Cape May Warbler,
data/cub/silhouette/Cape_May_Warbler_0012_162701.png,Cape May Warbler,The answer is Red faced Cormorant
data/cub/silhouette/Cape_May_Warbler_0013_163052.png,Cape May Warbler,
data/cub/silhouette/Cape_May_Warbler_0015_163159.png,Cape May Warbler,
data/cub/silhouette/Cape_May_Warbler_0020_162629.png,Cape May Warbler,
data/cub/silhouette/Cape_May_Warbler_0022_162912.png,Cape May Warbler,
data/cub/silhouette/Cape_May_Warbler_0023_163133.png,Cape May Warbler,
data/cub/silhouette/Cape_May_Warbler_0026_162913.png,Cape May Warbler,
data/cub/silhouette/Cape_May_Warbler_0028_163177.png,Cape May Warbler,The answer is Red faced Cormorant
data/cub/silhouette/Cape_May_Warbler_0031_163012.png,Cape May Warbler,
data/cub/silhouette/Cape_May_Warbler_0032_162659.png,Cape May Warbler,
data/cub/silhouette/Cape_May_Warbler_0033_162657.png,Cape May Warbler,
data/cub/silhouette/Cape_May_Warbler_0035_162658.png,Cape May Warbler,
data/cub/silhouette/Cape_May_Warbler_0040_163036.png,Cape May Warbler,
data/cub/silhouette/Cape_May_Warbler_0043_163172.png,Cape May Warbler,
data/cub/silhouette/Cape_May_Warbler_0044_163055.png,Cape May Warbler,
data/cub/silhouette/Cape_May_Warbler_0046_163167.png,Cape May Warbler,
data/cub/silhouette/Cape_May_Warbler_0048_162915.png,Cape May Warbler,
data/cub/silhouette/Cape_May_Warbler_0049_162909.png,Cape May Warbler,
data/cub/silhouette/Cape_May_Warbler_0053_162950.png,Cape May Warbler,
data/cub/silhouette/Cape_May_Warbler_0055_163171.png,Cape May Warbler,
data/cub/silhouette/Cape_May_Warbler_0058_162948.png,Cape May Warbler,
data/cub/silhouette/Cape_May_Warbler_0060_162949.png,Cape May Warbler,
data/cub/silhouette/Cape_May_Warbler_0061_163061.png,Cape May Warbler,
data/cub/silhouette/Cape_May_Warbler_0062_162955.png,Cape May Warbler,
data/cub/silhouette/Cape_May_Warbler_0066_163005.png,Cape May Warbler,
data/cub/silhouette/Cape_May_Warbler_0067_162539.png,Cape May Warbler,
data/cub/silhouette/Cape_May_Warbler_0068_163147.png,Cape May Warbler,
data/cub/silhouette/Cape_May_Warbler_0069_162980.png,Cape May Warbler,
data/cub/silhouette/Cape_May_Warbler_0073_162993.png,Cape May Warbler,
data/cub/silhouette/Cape_May_Warbler_0076_163075.png,Cape May Warbler,
data/cub/silhouette/Cape_May_Warbler_0077_162979.png,Cape May Warbler,
data/cub/silhouette/Cape_May_Warbler_0081_162936.png,Cape May Warbler,
data/cub/silhouette/Cape_May_Warbler_0084_163132.png,Cape May Warbler,
data/cub/silhouette/Cape_May_Warbler_0085_162628.png,Cape May Warbler,
data/cub/silhouette/Cape_May_Warbler_0088_163149.png,Cape May Warbler,
data/cub/silhouette/Cape_May_Warbler_0092_163057.png,Cape May Warbler,
data/cub/silhouette/Cape_May_Warbler_0093_163089.png,Cape May Warbler,
data/cub/silhouette/Cape_May_Warbler_0095_162965.png,Cape May Warbler,
data/cub/silhouette/Cape_May_Warbler_0096_163093.png,Cape May Warbler,
data/cub/silhouette/Cape_May_Warbler_0100_162923.png,Cape May Warbler,
data/cub/silhouette/Cape_May_Warbler_0101_163169.png,Cape May Warbler,
data/cub/silhouette/Cape_May_Warbler_0103_162972.png,Cape May Warbler,
data/cub/silhouette/Cape_May_Warbler_0104_162958.png,Cape May Warbler,
data/cub/silhouette/Cape_May_Warbler_0107_162941.png,Cape May Warbler,
data/cub/silhouette/Cape_May_Warbler_0108_163108.png,Cape May Warbler,
data/cub/silhouette/Cape_May_Warbler_0111_162959.png,Cape May Warbler,
data/cub/silhouette/Cape_May_Warbler_0113_163130.png,Cape May Warbler,
data/cub/silhouette/Cape_May_Warbler_0115_163121.png,Cape May Warbler,
data/cub/silhouette/Cape_May_Warbler_0117_163079.png,Cape May Warbler,
data/cub/silhouette/Cape_May_Warbler_0119_162976.png,Cape May Warbler,
data/cub/silhouette/Cape_May_Warbler_0122_163131.png,Cape May Warbler,
data/cub/silhouette/Cape_May_Warbler_0124_163037.png,Cape May Warbler,
data/cub/silhouette/Cape_May_Warbler_0128_162971.png,Cape May Warbler,
data/cub/silhouette/Cape_May_Warbler_0129_163157.png,Cape May Warbler,
data/cub/silhouette/Cerulean_Warbler_0002_797219.png,Cerulean Warbler,
data/cub/silhouette/Cerulean_Warbler_0003_163305.png,Cerulean Warbler,
data/cub/silhouette/Cerulean_Warbler_0004_797199.png,Cerulean Warbler,
data/cub/silhouette/Cerulean_Warbler_0005_797206.png,Cerulean Warbler,
data/cub/silhouette/Cerulean_Warbler_0007_797215.png,Cerulean Warbler,
data/cub/silhouette/Cerulean_Warbler_0009_797201.png,Cerulean Warbler,
data/cub/silhouette/Cerulean_Warbler_0010_797210.png,Cerulean Warbler,
data/cub/silhouette/Cerulean_Warbler_0012_163417.png,Cerulean Warbler,
data/cub/silhouette/Cerulean_Warbler_0014_797226.png,Cerulean Warbler,
data/cub/silhouette/Cerulean_Warbler_0016_163265.png,Cerulean Warbler,
data/cub/silhouette/Cerulean_Warbler_0017_797198.png,Cerulean Warbler,
data/cub/silhouette/Cerulean_Warbler_0018_797183.png,Cerulean Warbler,
data/cub/silhouette/Cerulean_Warbler_0019_797186.png,Cerulean Warbler,
data/cub/silhouette/Cerulean_Warbler_0020_163353.png,Cerulean Warbler,
data/cub/silhouette/Cerulean_Warbler_0022_797189.png,Cerulean Warbler,
data/cub/silhouette/Cerulean_Warbler_0023_797191.png,Cerulean Warbler,
data/cub/silhouette/Cerulean_Warbler_0024_163406.png,Cerulean Warbler,
data/cub/silhouette/Cerulean_Warbler_0025_797232.png,Cerulean Warbler,
data/cub/silhouette/Cerulean_Warbler_0028_163302.png,Cerulean Warbler,
data/cub/silhouette/Cerulean_Warbler_0033_797176.png,Cerulean Warbler,
data/cub/silhouette/Cerulean_Warbler_0035_163269.png,Cerulean Warbler,
data/cub/silhouette/Cerulean_Warbler_0037_797212.png,Cerulean Warbler,
data/cub/silhouette/Cerulean_Warbler_0038_797230.png,Cerulean Warbler,The answer is Red faced Cormorant
data/cub/silhouette/Cerulean_Warbler_0039_163420.png,Cerulean Warbler,
data/cub/silhouette/Cerulean_Warbler_0040_163219.png,Cerulean Warbler,
data/cub/silhouette/Cerulean_Warbler_0041_163535.png,Cerulean Warbler,
data/cub/silhouette/Cerulean_Warbler_0042_797223.png,Cerulean Warbler,
data/cub/silhouette/Cerulean_Warbler_0043_797203.png,Cerulean Warbler,
data/cub/silhouette/Cerulean_Warbler_0045_797217.png,Cerulean Warbler,
data/cub/silhouette/Cerulean_Warbler_0046_797222.png,Cerulean Warbler,
data/cub/silhouette/Cerulean_Warbler_0047_797211.png,Cerulean Warbler,
data/cub/silhouette/Cerulean_Warbler_0051_163244.png,Cerulean Warbler,
data/cub/silhouette/Cerulean_Warbler_0053_797197.png,Cerulean Warbler,
data/cub/silhouette/Cerulean_Warbler_0054_797235.png,Cerulean Warbler,
data/cub/silhouette/Cerulean_Warbler_0055_163524.png,Cerulean Warbler,
data/cub/silhouette/Cerulean_Warbler_0056_163339.png,Cerulean Warbler,
data/cub/silhouette/Cerulean_Warbler_0057_163227.png,Cerulean Warbler,
data/cub/silhouette/Cerulean_Warbler_0060_797209.png,Cerulean Warbler,
data/cub/silhouette/Cerulean_Warbler_0063_797204.png,Cerulean Warbler,
data/cub/silhouette/Cerulean_Warbler_0067_797220.png,Cerulean Warbler,The correct answer is Black throated Vireo
data/cub/silhouette/Cerulean_Warbler_0071_163201.png,Cerulean Warbler,
data/cub/silhouette/Cerulean_Warbler_0072_163200.png,Cerulean Warbler,
data/cub/silhouette/Cerulean_Warbler_0075_797233.png,Cerulean Warbler,
data/cub/silhouette/Cerulean_Warbler_0076_163294.png,Cerulean Warbler,
data/cub/silhouette/Cerulean_Warbler_0077_797202.png,Cerulean Warbler,
data/cub/silhouette/Cerulean_Warbler_0078_163271.png,Cerulean Warbler,
data/cub/silhouette/Cerulean_Warbler_0080_163399.png,Cerulean Warbler,
data/cub/silhouette/Cerulean_Warbler_0081_797179.png,Cerulean Warbler,The answer is Red faced Cormorant
data/cub/silhouette/Cerulean_Warbler_0082_797180.png,Cerulean Warbler,
data/cub/silhouette/Cerulean_Warbler_0083_163380.png,Cerulean Warbler,
data/cub/silhouette/Cerulean_Warbler_0084_797177.png,Cerulean Warbler,
data/cub/silhouette/Cerulean_Warbler_0086_797214.png,Cerulean Warbler,
data/cub/silhouette/Cerulean_Warbler_0087_163451.png,Cerulean Warbler,The answer is Red faced Cormorant
data/cub/silhouette/Cerulean_Warbler_0088_797194.png,Cerulean Warbler,
data/cub/silhouette/Cerulean_Warbler_0089_163412.png,Cerulean Warbler,
data/cub/silhouette/Cerulean_Warbler_0090_797195.png,Cerulean Warbler,
data/cub/silhouette/Cerulean_Warbler_0091_163331.png,Cerulean Warbler,
data/cub/silhouette/Cerulean_Warbler_0092_163455.png,Cerulean Warbler,
data/cub/silhouette/Cerulean_Warbler_0093_797196.png,Cerulean Warbler,
data/cub/silhouette/Cerulean_Warbler_0094_797200.png,Cerulean Warbler,The answer is Red faced Cormorant
data/cub/silhouette/Chestnut_Sided_Warbler_0001_163813.png,Chestnut Sided Warbler,
data/cub/silhouette/Chestnut_Sided_Warbler_0004_164279.png,Chestnut Sided Warbler,
data/cub/silhouette/Chestnut_Sided_Warbler_0005_164061.png,Chestnut Sided Warbler,
data/cub/silhouette/Chestnut_Sided_Warbler_0006_163858.png,Chestnut Sided Warbler,
data/cub/silhouette/Chestnut_Sided_Warbler_0008_164001.png,Chestnut Sided Warbler,
data/cub/silhouette/Chestnut_Sided_Warbler_0013_163749.png,Chestnut Sided Warbler,
data/cub/silhouette/Chestnut_Sided_Warbler_0014_163801.png,Chestnut Sided Warbler,
data/cub/silhouette/Chestnut_Sided_Warbler_0016_164060.png,Chestnut Sided Warbler,
data/cub/silhouette/Chestnut_Sided_Warbler_0018_164148.png,Chestnut Sided Warbler,
data/cub/silhouette/Chestnut_Sided_Warbler_0023_164308.png,Chestnut Sided Warbler,
data/cub/silhouette/Chestnut_Sided_Warbler_0030_163847.png,Chestnut Sided Warbler,The object is a bird.
data/cub/silhouette/Chestnut_Sided_Warbler_0033_163607.png,Chestnut Sided Warbler,
data/cub/silhouette/Chestnut_Sided_Warbler_0034_163911.png,Chestnut Sided Warbler,
data/cub/silhouette/Chestnut_Sided_Warbler_0035_163587.png,Chestnut Sided Warbler,
data/cub/silhouette/Chestnut_Sided_Warbler_0036_163622.png,Chestnut Sided Warbler,The answer is Red faced Cormorant
data/cub/silhouette/Chestnut_Sided_Warbler_0037_164233.png,Chestnut Sided Warbler,
data/cub/silhouette/Chestnut_Sided_Warbler_0038_164354.png,Chestnut Sided Warbler,
data/cub/silhouette/Chestnut_Sided_Warbler_0041_163944.png,Chestnut Sided Warbler,
data/cub/silhouette/Chestnut_Sided_Warbler_0043_164114.png,Chestnut Sided Warbler,
data/cub/silhouette/Chestnut_Sided_Warbler_0044_163975.png,Chestnut Sided Warbler,
data/cub/silhouette/Chestnut_Sided_Warbler_0046_163856.png,Chestnut Sided Warbler,The answer is Red faced Cormorant
data/cub/silhouette/Chestnut_Sided_Warbler_0049_163735.png,Chestnut Sided Warbler,
data/cub/silhouette/Chestnut_Sided_Warbler_0052_163728.png,Chestnut Sided Warbler,
data/cub/silhouette/Chestnut_Sided_Warbler_0053_163615.png,Chestnut Sided Warbler,
data/cub/silhouette/Chestnut_Sided_Warbler_0057_163957.png,Chestnut Sided Warbler,
data/cub/silhouette/Chestnut_Sided_Warbler_0058_163990.png,Chestnut Sided Warbler,
data/cub/silhouette/Chestnut_Sided_Warbler_0061_163978.png,Chestnut Sided Warbler,
data/cub/silhouette/Chestnut_Sided_Warbler_0062_163859.png,Chestnut Sided Warbler,
data/cub/silhouette/Chestnut_Sided_Warbler_0063_163927.png,Chestnut Sided Warbler,
data/cub/silhouette/Chestnut_Sided_Warbler_0066_164078.png,Chestnut Sided Warbler,
data/cub/silhouette/Chestnut_Sided_Warbler_0068_164184.png,Chestnut Sided Warbler,
data/cub/silhouette/Chestnut_Sided_Warbler_0069_163921.png,Chestnut Sided Warbler,
data/cub/silhouette/Chestnut_Sided_Warbler_0071_163784.png,Chestnut Sided Warbler,
data/cub/silhouette/Chestnut_Sided_Warbler_0073_163868.png,Chestnut Sided Warbler,
data/cub/silhouette/Chestnut_Sided_Warbler_0075_164231.png,Chestnut Sided Warbler,
data/cub/silhouette/Chestnut_Sided_Warbler_0081_163854.png,Chestnut Sided Warbler,
data/cub/silhouette/Chestnut_Sided_Warbler_0083_164056.png,Chestnut Sided Warbler,
data/cub/silhouette/Chestnut_Sided_Warbler_0084_163872.png,Chestnut Sided Warbler,The answer is Red faced Cormorant
data/cub/silhouette/Chestnut_Sided_Warbler_0086_164024.png,Chestnut Sided Warbler,
data/cub/silhouette/Chestnut_Sided_Warbler_0087_164221.png,Chestnut Sided Warbler,
data/cub/silhouette/Chestnut_Sided_Warbler_0089_163776.png,Chestnut Sided Warbler,
data/cub/silhouette/Chestnut_Sided_Warbler_0090_163629.png,Chestnut Sided Warbler,
data/cub/silhouette/Chestnut_Sided_Warbler_0094_164152.png,Chestnut Sided Warbler,
data/cub/silhouette/Chestnut_Sided_Warbler_0096_163672.png,Chestnut Sided Warbler,
data/cub/silhouette/Chestnut_Sided_Warbler_0097_163750.png,Chestnut Sided Warbler,
data/cub/silhouette/Chestnut_Sided_Warbler_0098_164352.png,Chestnut Sided Warbler,
data/cub/silhouette/Chestnut_Sided_Warbler_0101_164324.png,Chestnut Sided Warbler,
data/cub/silhouette/Chestnut_Sided_Warbler_0103_163669.png,Chestnut Sided Warbler,
data/cub/silhouette/Chestnut_Sided_Warbler_0104_163638.png,Chestnut Sided Warbler,
data/cub/silhouette/Chestnut_Sided_Warbler_0105_163996.png,Chestnut Sided Warbler,
data/cub/silhouette/Chestnut_Sided_Warbler_0107_164040.png,Chestnut Sided Warbler,
data/cub/silhouette/Chestnut_Sided_Warbler_0108_164356.png,Chestnut Sided Warbler,
data/cub/silhouette/Chestnut_Sided_Warbler_0110_164023.png,Chestnut Sided Warbler,
data/cub/silhouette/Chestnut_Sided_Warbler_0117_164066.png,Chestnut Sided Warbler,
data/cub/silhouette/Chestnut_Sided_Warbler_0121_164125.png,Chestnut Sided Warbler,
data/cub/silhouette/Chestnut_Sided_Warbler_0124_164109.png,Chestnut Sided Warbler,
data/cub/silhouette/Chestnut_Sided_Warbler_0125_164247.png,Chestnut Sided Warbler,
data/cub/silhouette/Chestnut_Sided_Warbler_0126_164090.png,Chestnut Sided Warbler,
data/cub/silhouette/Chestnut_Sided_Warbler_0127_163860.png,Chestnut Sided Warbler,
data/cub/silhouette/Chestnut_Sided_Warbler_0128_163696.png,Chestnut Sided Warbler,
data/cub/silhouette/Golden_Winged_Warbler_0003_164469.png,Golden Winged Warbler,
data/cub/silhouette/Golden_Winged_Warbler_0004_164470.png,Golden Winged Warbler,
data/cub/silhouette/Golden_Winged_Warbler_0009_794813.png,Golden Winged Warbler,
data/cub/silhouette/Golden_Winged_Warbler_0011_794812.png,Golden Winged Warbler,The correct answer is Black throated Grosbeak
data/cub/silhouette/Golden_Winged_Warbler_0012_164496.png,Golden Winged Warbler,
data/cub/silhouette/Golden_Winged_Warbler_0013_794837.png,Golden Winged Warbler,
data/cub/silhouette/Golden_Winged_Warbler_0014_164464.png,Golden Winged Warbler,
data/cub/silhouette/Golden_Winged_Warbler_0015_794819.png,Golden Winged Warbler,
data/cub/silhouette/Golden_Winged_Warbler_0016_794841.png,Golden Winged Warbler,
data/cub/silhouette/Golden_Winged_Warbler_0018_164558.png,Golden Winged Warbler,The answer is Red faced Cormorant
data/cub/silhouette/Golden_Winged_Warbler_0021_794821.png,Golden Winged Warbler,
data/cub/silhouette/Golden_Winged_Warbler_0022_794833.png,Golden Winged Warbler,
data/cub/silhouette/Golden_Winged_Warbler_0024_794807.png,Golden Winged Warbler,Black throated Grosbeak
data/cub/silhouette/Golden_Winged_Warbler_0030_164462.png,Golden Winged Warbler,
data/cub/silhouette/Golden_Winged_Warbler_0031_794840.png,Golden Winged Warbler,
data/cub/silhouette/Golden_Winged_Warbler_0032_794849.png,Golden Winged Warbler,
data/cub/silhouette/Golden_Winged_Warbler_0034_794800.png,Golden Winged Warbler,The answer is Red faced Cormorant
data/cub/silhouette/Golden_Winged_Warbler_0035_164362.png,Golden Winged Warbler,
data/cub/silhouette/Golden_Winged_Warbler_0036_794817.png,Golden Winged Warbler,
data/cub/silhouette/Golden_Winged_Warbler_0037_794839.png,Golden Winged Warbler,
data/cub/silhouette/Golden_Winged_Warbler_0039_794818.png,Golden Winged Warbler,
data/cub/silhouette/Golden_Winged_Warbler_0040_164605.png,Golden Winged Warbler,
data/cub/silhouette/Golden_Winged_Warbler_0041_164379.png,Golden Winged Warbler,The answer is Red faced Cormorant
data/cub/silhouette/Golden_Winged_Warbler_0042_164437.png,Golden Winged Warbler,
data/cub/silhouette/Golden_Winged_Warbler_0043_164476.png,Golden Winged Warbler,
data/cub/silhouette/Golden_Winged_Warbler_0044_794836.png,Golden Winged Warbler,
data/cub/silhouette/Golden_Winged_Warbler_0046_794828.png,Golden Winged Warbler,The answer is Red faced Cormorant
data/cub/silhouette/Golden_Winged_Warbler_0049_164509.png,Golden Winged Warbler,
data/cub/silhouette/Golden_Winged_Warbler_0050_164589.png,Golden Winged Warbler,
data/cub/silhouette/Golden_Winged_Warbler_0051_794805.png,Golden Winged Warbler,
data/cub/silhouette/Golden_Winged_Warbler_0052_164529.png,Golden Winged Warbler,
data/cub/silhouette/Golden_Winged_Warbler_0054_794847.png,Golden Winged Warbler,
data/cub/silhouette/Golden_Winged_Warbler_0056_794845.png,Golden Winged Warbler,
data/cub/silhouette/Golden_Winged_Warbler_0059_794855.png,Golden Winged Warbler,
data/cub/silhouette/Golden_Winged_Warbler_0060_164368.png,Golden Winged Warbler,
data/cub/silhouette/Golden_Winged_Warbler_0061_164516.png,Golden Winged Warbler,
data/cub/silhouette/Golden_Winged_Warbler_0062_794850.png,Golden Winged Warbler,
data/cub/silhouette/Golden_Winged_Warbler_0065_794842.png,Golden Winged Warbler,
data/cub/silhouette/Golden_Winged_Warbler_0066_794803.png,Golden Winged Warbler,
data/cub/silhouette/Golden_Winged_Warbler_0067_794846.png,Golden Winged Warbler,
data/cub/silhouette/Golden_Winged_Warbler_0068_794825.png,Golden Winged Warbler,
data/cub/silhouette/Golden_Winged_Warbler_0069_164456.png,Golden Winged Warbler,
data/cub/silhouette/Golden_Winged_Warbler_0070_164460.png,Golden Winged Warbler,
data/cub/silhouette/Golden_Winged_Warbler_0071_164370.png,Golden Winged Warbler,
data/cub/silhouette/Golden_Winged_Warbler_0075_794848.png,Golden Winged Warbler,
data/cub/silhouette/Golden_Winged_Warbler_0076_164591.png,Golden Winged Warbler,
data/cub/silhouette/Golden_Winged_Warbler_0077_164432.png,Golden Winged Warbler,
data/cub/silhouette/Golden_Winged_Warbler_0078_794827.png,Golden Winged Warbler,
data/cub/silhouette/Golden_Winged_Warbler_0079_794820.png,Golden Winged Warbler,
data/cub/silhouette/Golden_Winged_Warbler_0081_164487.png,Golden Winged Warbler,
data/cub/silhouette/Golden_Winged_Warbler_0082_164544.png,Golden Winged Warbler,
data/cub/silhouette/Golden_Winged_Warbler_0083_794801.png,Golden Winged Warbler,
data/cub/silhouette/Golden_Winged_Warbler_0084_164541.png,Golden Winged Warbler,The answer is Red faced Cormorant
data/cub/silhouette/Golden_Winged_Warbler_0086_794844.png,Golden Winged Warbler,
data/cub/silhouette/Golden_Winged_Warbler_0087_794810.png,Golden Winged Warbler,
data/cub/silhouette/Golden_Winged_Warbler_0090_794830.png,Golden Winged Warbler,
data/cub/silhouette/Golden_Winged_Warbler_0091_794808.png,Golden Winged Warbler,
data/cub/silhouette/Golden_Winged_Warbler_0092_164465.png,Golden Winged Warbler,
data/cub/silhouette/Golden_Winged_Warbler_0095_794809.png,Golden Winged Warbler,The answer is Red faced Cormorant
data/cub/silhouette/Hooded_Warbler_0001_164704.png,Hooded Warbler,
data/cub/silhouette/Hooded_Warbler_0003_164915.png,Hooded Warbler,
data/cub/silhouette/Hooded_Warbler_0007_164633.png,Hooded Warbler,
data/cub/silhouette/Hooded_Warbler_0008_164641.png,Hooded Warbler,
data/cub/silhouette/Hooded_Warbler_0011_164801.png,Hooded Warbler,
data/cub/silhouette/Hooded_Warbler_0012_164891.png,Hooded Warbler,
data/cub/silhouette/Hooded_Warbler_0013_164627.png,Hooded Warbler,
data/cub/silhouette/Hooded_Warbler_0014_164672.png,Hooded Warbler,
data/cub/silhouette/Hooded_Warbler_0016_164837.png,Hooded Warbler,
data/cub/silhouette/Hooded_Warbler_0017_164911.png,Hooded Warbler,
data/cub/silhouette/Hooded_Warbler_0019_164710.png,Hooded Warbler,
data/cub/silhouette/Hooded_Warbler_0021_165057.png,Hooded Warbler,
data/cub/silhouette/Hooded_Warbler_0028_164883.png,Hooded Warbler,
data/cub/silhouette/Hooded_Warbler_0030_164897.png,Hooded Warbler,
data/cub/silhouette/Hooded_Warbler_0033_165213.png,Hooded Warbler,
data/cub/silhouette/Hooded_Warbler_0035_165040.png,Hooded Warbler,
data/cub/silhouette/Hooded_Warbler_0036_164779.png,Hooded Warbler,
data/cub/silhouette/Hooded_Warbler_0039_164928.png,Hooded Warbler,
data/cub/silhouette/Hooded_Warbler_0040_165173.png,Hooded Warbler,
data/cub/silhouette/Hooded_Warbler_0041_164807.png,Hooded Warbler,
data/cub/silhouette/Hooded_Warbler_0042_164895.png,Hooded Warbler,
data/cub/silhouette/Hooded_Warbler_0043_164864.png,Hooded Warbler,
data/cub/silhouette/Hooded_Warbler_0048_164622.png,Hooded Warbler,
data/cub/silhouette/Hooded_Warbler_0050_164662.png,Hooded Warbler,
data/cub/silhouette/Hooded_Warbler_0051_164892.png,Hooded Warbler,
data/cub/silhouette/Hooded_Warbler_0053_164631.png,Hooded Warbler,
data/cub/silhouette/Hooded_Warbler_0057_164137.png,Hooded Warbler,
data/cub/silhouette/Hooded_Warbler_0058_164674.png,Hooded Warbler,
data/cub/silhouette/Hooded_Warbler_0062_165199.png,Hooded Warbler,
data/cub/silhouette/Hooded_Warbler_0067_164743.png,Hooded Warbler,
data/cub/silhouette/Hooded_Warbler_0068_164872.png,Hooded Warbler,
data/cub/silhouette/Hooded_Warbler_0070_164930.png,Hooded Warbler,
data/cub/silhouette/Hooded_Warbler_0072_22097.png,Hooded Warbler,
data/cub/silhouette/Hooded_Warbler_0078_165123.png,Hooded Warbler,
data/cub/silhouette/Hooded_Warbler_0084_164944.png,Hooded Warbler,
data/cub/silhouette/Hooded_Warbler_0085_164846.png,Hooded Warbler,
data/cub/silhouette/Hooded_Warbler_0087_164833.png,Hooded Warbler,
data/cub/silhouette/Hooded_Warbler_0089_164640.png,Hooded Warbler,
data/cub/silhouette/Hooded_Warbler_0090_164794.png,Hooded Warbler,
data/cub/silhouette/Hooded_Warbler_0095_164709.png,Hooded Warbler,
data/cub/silhouette/Hooded_Warbler_0096_164739.png,Hooded Warbler,
data/cub/silhouette/Hooded_Warbler_0101_164806.png,Hooded Warbler,
data/cub/silhouette/Hooded_Warbler_0104_164982.png,Hooded Warbler,
data/cub/silhouette/Hooded_Warbler_0105_165095.png,Hooded Warbler,
data/cub/silhouette/Hooded_Warbler_0106_164869.png,Hooded Warbler,
data/cub/silhouette/Hooded_Warbler_0112_164650.png,Hooded Warbler,The answer is Red faced Cormorant
data/cub/silhouette/Hooded_Warbler_0115_165041.png,Hooded Warbler,
data/cub/silhouette/Hooded_Warbler_0116_164630.png,Hooded Warbler,
data/cub/silhouette/Hooded_Warbler_0117_165106.png,Hooded Warbler,
data/cub/silhouette/Hooded_Warbler_0118_164991.png,Hooded Warbler,
data/cub/silhouette/Hooded_Warbler_0121_164639.png,Hooded Warbler,
data/cub/silhouette/Hooded_Warbler_0122_164635.png,Hooded Warbler,
data/cub/silhouette/Hooded_Warbler_0124_164923.png,Hooded Warbler,
data/cub/silhouette/Hooded_Warbler_0125_164925.png,Hooded Warbler,
data/cub/silhouette/Hooded_Warbler_0128_164620.png,Hooded Warbler,The answer is Red faced Cormorant
data/cub/silhouette/Hooded_Warbler_0129_90165.png,Hooded Warbler,
data/cub/silhouette/Hooded_Warbler_0130_164826.png,Hooded Warbler,
data/cub/silhouette/Hooded_Warbler_0133_165016.png,Hooded Warbler,
data/cub/silhouette/Hooded_Warbler_0134_164708.png,Hooded Warbler,
data/cub/silhouette/Hooded_Warbler_0135_164824.png,Hooded Warbler,
data/cub/silhouette/Kentucky_Warbler_0002_795886.png,Kentucky Warbler,
data/cub/silhouette/Kentucky_Warbler_0003_795892.png,Kentucky Warbler,
data/cub/silhouette/Kentucky_Warbler_0004_165358.png,Kentucky Warbler,
data/cub/silhouette/Kentucky_Warbler_0005_795919.png,Kentucky Warbler,
data/cub/silhouette/Kentucky_Warbler_0008_165369.png,Kentucky Warbler,
data/cub/silhouette/Kentucky_Warbler_0009_795865.png,Kentucky Warbler,
data/cub/silhouette/Kentucky_Warbler_0010_795912.png,Kentucky Warbler,
data/cub/silhouette/Kentucky_Warbler_0012_795875.png,Kentucky Warbler,
data/cub/silhouette/Kentucky_Warbler_0013_165228.png,Kentucky Warbler,
data/cub/silhouette/Kentucky_Warbler_0014_165336.png,Kentucky Warbler,
data/cub/silhouette/Kentucky_Warbler_0015_795867.png,Kentucky Warbler,
data/cub/silhouette/Kentucky_Warbler_0019_165389.png,Kentucky Warbler,
data/cub/silhouette/Kentucky_Warbler_0020_795903.png,Kentucky Warbler,
data/cub/silhouette/Kentucky_Warbler_0021_165230.png,Kentucky Warbler,
data/cub/silhouette/Kentucky_Warbler_0022_795882.png,Kentucky Warbler,
data/cub/silhouette/Kentucky_Warbler_0023_165247.png,Kentucky Warbler,
data/cub/silhouette/Kentucky_Warbler_0024_165405.png,Kentucky Warbler,
data/cub/silhouette/Kentucky_Warbler_0025_165304.png,Kentucky Warbler,
data/cub/silhouette/Kentucky_Warbler_0027_795917.png,Kentucky Warbler,
data/cub/silhouette/Kentucky_Warbler_0030_795885.png,Kentucky Warbler,
data/cub/silhouette/Kentucky_Warbler_0031_165363.png,Kentucky Warbler,
data/cub/silhouette/Kentucky_Warbler_0033_165271.png,Kentucky Warbler,
data/cub/silhouette/Kentucky_Warbler_0035_795878.png,Kentucky Warbler,
data/cub/silhouette/Kentucky_Warbler_0036_795872.png,Kentucky Warbler,
data/cub/silhouette/Kentucky_Warbler_0038_795909.png,Kentucky Warbler,
data/cub/silhouette/Kentucky_Warbler_0039_165324.png,Kentucky Warbler,
data/cub/silhouette/Kentucky_Warbler_0040_795868.png,Kentucky Warbler,
data/cub/silhouette/Kentucky_Warbler_0041_795888.png,Kentucky Warbler,
data/cub/silhouette/Kentucky_Warbler_0042_165268.png,Kentucky Warbler,
data/cub/silhouette/Kentucky_Warbler_0043_165240.png,Kentucky Warbler,
data/cub/silhouette/Kentucky_Warbler_0044_165436.png,Kentucky Warbler,
data/cub/silhouette/Kentucky_Warbler_0047_165298.png,Kentucky Warbler,
data/cub/silhouette/Kentucky_Warbler_0048_165360.png,Kentucky Warbler,The answer is Red faced Cormorant
data/cub/silhouette/Kentucky_Warbler_0049_165313.png,Kentucky Warbler,
data/cub/silhouette/Kentucky_Warbler_0050_165278.png,Kentucky Warbler,
data/cub/silhouette/Kentucky_Warbler_0051_795884.png,Kentucky Warbler,
data/cub/silhouette/Kentucky_Warbler_0052_795874.png,Kentucky Warbler,
data/cub/silhouette/Kentucky_Warbler_0053_165332.png,Kentucky Warbler,
data/cub/silhouette/Kentucky_Warbler_0055_165426.png,Kentucky Warbler,
data/cub/silhouette/Kentucky_Warbler_0057_165349.png,Kentucky Warbler,
data/cub/silhouette/Kentucky_Warbler_0058_165441.png,Kentucky Warbler,
data/cub/silhouette/Kentucky_Warbler_0059_795905.png,Kentucky Warbler,
data/cub/silhouette/Kentucky_Warbler_0062_795897.png,Kentucky Warbler,
data/cub/silhouette/Kentucky_Warbler_0063_795904.png,Kentucky Warbler,
data/cub/silhouette/Kentucky_Warbler_0065_795899.png,Kentucky Warbler,
data/cub/silhouette/Kentucky_Warbler_0066_165290.png,Kentucky Warbler,
data/cub/silhouette/Kentucky_Warbler_0067_165404.png,Kentucky Warbler,
data/cub/silhouette/Kentucky_Warbler_0068_795893.png,Kentucky Warbler,
data/cub/silhouette/Kentucky_Warbler_0069_165318.png,Kentucky Warbler,
data/cub/silhouette/Kentucky_Warbler_0071_165342.png,Kentucky Warbler,
data/cub/silhouette/Kentucky_Warbler_0072_165305.png,Kentucky Warbler,
data/cub/silhouette/Kentucky_Warbler_0073_795895.png,Kentucky Warbler,
data/cub/silhouette/Kentucky_Warbler_0074_165269.png,Kentucky Warbler,
data/cub/silhouette/Kentucky_Warbler_0076_795907.png,Kentucky Warbler,
data/cub/silhouette/Kentucky_Warbler_0078_795889.png,Kentucky Warbler,
data/cub/silhouette/Kentucky_Warbler_0079_165339.png,Kentucky Warbler,
data/cub/silhouette/Kentucky_Warbler_0080_165351.png,Kentucky Warbler,
data/cub/silhouette/Kentucky_Warbler_0082_795869.png,Kentucky Warbler,
data/cub/silhouette/Kentucky_Warbler_0083_795883.png,Kentucky Warbler,
data/cub/silhouette/Magnolia_Warbler_0001_166266.png,Magnolia Warbler,
data/cub/silhouette/Magnolia_Warbler_0004_165535.png,Magnolia Warbler,
data/cub/silhouette/Magnolia_Warbler_0011_166382.png,Magnolia Warbler,
data/cub/silhouette/Magnolia_Warbler_0015_165817.png,Magnolia Warbler,
data/cub/silhouette/Magnolia_Warbler_0018_165958.png,Magnolia Warbler,
data/cub/silhouette/Magnolia_Warbler_0020_166211.png,Magnolia Warbler,
data/cub/silhouette/Magnolia_Warbler_0021_165919.png,Magnolia Warbler,
data/cub/silhouette/Magnolia_Warbler_0022_165693.png,Magnolia Warbler,
data/cub/silhouette/Magnolia_Warbler_0023_165827.png,Magnolia Warbler,
data/cub/silhouette/Magnolia_Warbler_0026_165498.png,Magnolia Warbler,
data/cub/silhouette/Magnolia_Warbler_0029_165567.png,Magnolia Warbler,
data/cub/silhouette/Magnolia_Warbler_0030_165782.png,Magnolia Warbler,
data/cub/silhouette/Magnolia_Warbler_0032_165960.png,Magnolia Warbler,
data/cub/silhouette/Magnolia_Warbler_0034_166097.png,Magnolia Warbler,
data/cub/silhouette/Magnolia_Warbler_0039_165532.png,Magnolia Warbler,
data/cub/silhouette/Magnolia_Warbler_0040_165921.png,Magnolia Warbler,
data/cub/silhouette/Magnolia_Warbler_0041_165709.png,Magnolia Warbler,
data/cub/silhouette/Magnolia_Warbler_0042_159690.png,Magnolia Warbler,
data/cub/silhouette/Magnolia_Warbler_0043_165774.png,Magnolia Warbler,
data/cub/silhouette/Magnolia_Warbler_0044_165599.png,Magnolia Warbler,
data/cub/silhouette/Magnolia_Warbler_0045_165448.png,Magnolia Warbler,
data/cub/silhouette/Magnolia_Warbler_0046_166150.png,Magnolia Warbler,
data/cub/silhouette/Magnolia_Warbler_0047_165900.png,Magnolia Warbler,
data/cub/silhouette/Magnolia_Warbler_0048_165862.png,Magnolia Warbler,
data/cub/silhouette/Magnolia_Warbler_0051_165646.png,Magnolia Warbler,
data/cub/silhouette/Magnolia_Warbler_0052_165474.png,Magnolia Warbler,
data/cub/silhouette/Magnolia_Warbler_0053_165682.png,Magnolia Warbler,The answer is Red faced Cormorant
data/cub/silhouette/Magnolia_Warbler_0054_165965.png,Magnolia Warbler,
data/cub/silhouette/Magnolia_Warbler_0057_165673.png,Magnolia Warbler,
data/cub/silhouette/Magnolia_Warbler_0063_166121.png,Magnolia Warbler,
data/cub/silhouette/Magnolia_Warbler_0064_165471.png,Magnolia Warbler,
data/cub/silhouette/Magnolia_Warbler_0066_166184.png,Magnolia Warbler,
data/cub/silhouette/Magnolia_Warbler_0067_165484.png,Magnolia Warbler,
data/cub/silhouette/Magnolia_Warbler_0072_165534.png,Magnolia Warbler,The answer is Red faced Cormorant
data/cub/silhouette/Magnolia_Warbler_0076_165832.png,Magnolia Warbler,
data/cub/silhouette/Magnolia_Warbler_0077_165674.png,Magnolia Warbler,
data/cub/silhouette/Magnolia_Warbler_0079_165783.png,Magnolia Warbler,
data/cub/silhouette/Magnolia_Warbler_0090_166087.png,Magnolia Warbler,
data/cub/silhouette/Magnolia_Warbler_0092_165807.png,Magnolia Warbler,
data/cub/silhouette/Magnolia_Warbler_0095_166098.png,Magnolia Warbler,
data/cub/silhouette/Magnolia_Warbler_0097_165455.png,Magnolia Warbler,
data/cub/silhouette/Magnolia_Warbler_0102_165884.png,Magnolia Warbler,
data/cub/silhouette/Magnolia_Warbler_0103_165647.png,Magnolia Warbler,
data/cub/silhouette/Magnolia_Warbler_0104_165696.png,Magnolia Warbler,
data/cub/silhouette/Magnolia_Warbler_0105_165661.png,Magnolia Warbler,
data/cub/silhouette/Magnolia_Warbler_0106_165689.png,Magnolia Warbler,The answer is Red faced Cormorant
data/cub/silhouette/Magnolia_Warbler_0111_165478.png,Magnolia Warbler,
data/cub/silhouette/Magnolia_Warbler_0112_166406.png,Magnolia Warbler,
data/cub/silhouette/Magnolia_Warbler_0113_166401.png,Magnolia Warbler,
data/cub/silhouette/Magnolia_Warbler_0114_165467.png,Magnolia Warbler,The answer is Red faced Cormorant
data/cub/silhouette/Magnolia_Warbler_0120_165462.png,Magnolia Warbler,
data/cub/silhouette/Magnolia_Warbler_0122_165940.png,Magnolia Warbler,
data/cub/silhouette/Magnolia_Warbler_0123_166389.png,Magnolia Warbler,
data/cub/silhouette/Magnolia_Warbler_0131_166197.png,Magnolia Warbler,
data/cub/silhouette/Magnolia_Warbler_0134_165801.png,Magnolia Warbler,
data/cub/silhouette/Magnolia_Warbler_0136_166388.png,Magnolia Warbler,
data/cub/silhouette/Magnolia_Warbler_0137_165507.png,Magnolia Warbler,
data/cub/silhouette/Magnolia_Warbler_0139_166081.png,Magnolia Warbler,
data/cub/silhouette/Magnolia_Warbler_0140_165543.png,Magnolia Warbler,
data/cub/silhouette/Mourning_Warbler_0002_166520.png,Mourning Warbler,The answer is Red faced Cormorant
data/cub/silhouette/Mourning_Warbler_0005_795372.png,Mourning Warbler,
data/cub/silhouette/Mourning_Warbler_0006_166595.png,Mourning Warbler,
data/cub/silhouette/Mourning_Warbler_0007_166500.png,Mourning Warbler,
data/cub/silhouette/Mourning_Warbler_0008_166467.png,Mourning Warbler,
data/cub/silhouette/Mourning_Warbler_0009_166429.png,Mourning Warbler,
data/cub/silhouette/Mourning_Warbler_0011_795380.png,Mourning Warbler,
data/cub/silhouette/Mourning_Warbler_0012_166515.png,Mourning Warbler,
data/cub/silhouette/Mourning_Warbler_0014_166427.png,Mourning Warbler,
data/cub/silhouette/Mourning_Warbler_0015_166535.png,Mourning Warbler,
data/cub/silhouette/Mourning_Warbler_0018_795386.png,Mourning Warbler,
data/cub/silhouette/Mourning_Warbler_0019_795347.png,Mourning Warbler,
data/cub/silhouette/Mourning_Warbler_0020_166440.png,Mourning Warbler,
data/cub/silhouette/Mourning_Warbler_0021_166560.png,Mourning Warbler,
data/cub/silhouette/Mourning_Warbler_0023_795362.png,Mourning Warbler,
data/cub/silhouette/Mourning_Warbler_0024_795363.png,Mourning Warbler,
data/cub/silhouette/Mourning_Warbler_0025_166608.png,Mourning Warbler,
data/cub/silhouette/Mourning_Warbler_0026_166538.png,Mourning Warbler,The answer is Red faced Cormorant
data/cub/silhouette/Mourning_Warbler_0029_166530.png,Mourning Warbler,
data/cub/silhouette/Mourning_Warbler_0031_166494.png,Mourning Warbler,
data/cub/silhouette/Mourning_Warbler_0033_166489.png,Mourning Warbler,
data/cub/silhouette/Mourning_Warbler_0034_795384.png,Mourning Warbler,
data/cub/silhouette/Mourning_Warbler_0035_166586.png,Mourning Warbler,
data/cub/silhouette/Mourning_Warbler_0036_166432.png,Mourning Warbler,
data/cub/silhouette/Mourning_Warbler_0037_795381.png,Mourning Warbler,
data/cub/silhouette/Mourning_Warbler_0038_166549.png,Mourning Warbler,The correct answer is Black throated Vireo
data/cub/silhouette/Mourning_Warbler_0039_166546.png,Mourning Warbler,
data/cub/silhouette/Mourning_Warbler_0040_795370.png,Mourning Warbler,
data/cub/silhouette/Mourning_Warbler_0041_795358.png,Mourning Warbler,
data/cub/silhouette/Mourning_Warbler_0042_166493.png,Mourning Warbler,
data/cub/silhouette/Mourning_Warbler_0045_166575.png,Mourning Warbler,
data/cub/silhouette/Mourning_Warbler_0047_795373.png,Mourning Warbler,
data/cub/silhouette/Mourning_Warbler_0048_166596.png,Mourning Warbler,
data/cub/silhouette/Mourning_Warbler_0049_166469.png,Mourning Warbler,
data/cub/silhouette/Mourning_Warbler_0050_795343.png,Mourning Warbler,
data/cub/silhouette/Mourning_Warbler_0051_795352.png,Mourning Warbler,
data/cub/silhouette/Mourning_Warbler_0052_166537.png,Mourning Warbler,
data/cub/silhouette/Mourning_Warbler_0053_795345.png,Mourning Warbler,
data/cub/silhouette/Mourning_Warbler_0054_795387.png,Mourning Warbler,
data/cub/silhouette/Mourning_Warbler_0055_166436.png,Mourning Warbler,
data/cub/silhouette/Mourning_Warbler_0056_166476.png,Mourning Warbler,
data/cub/silhouette/Mourning_Warbler_0057_795342.png,Mourning Warbler,
data/cub/silhouette/Mourning_Warbler_0059_795365.png,Mourning Warbler,
data/cub/silhouette/Mourning_Warbler_0060_795355.png,Mourning Warbler,
data/cub/silhouette/Mourning_Warbler_0061_166598.png,Mourning Warbler,
data/cub/silhouette/Mourning_Warbler_0062_166531.png,Mourning Warbler,
data/cub/silhouette/Mourning_Warbler_0064_166447.png,Mourning Warbler,
data/cub/silhouette/Mourning_Warbler_0065_795374.png,Mourning Warbler,
data/cub/silhouette/Mourning_Warbler_0066_166491.png,Mourning Warbler,
data/cub/silhouette/Mourning_Warbler_0067_795353.png,Mourning Warbler,
data/cub/silhouette/Mourning_Warbler_0069_166559.png,Mourning Warbler,
data/cub/silhouette/Mourning_Warbler_0072_795379.png,Mourning Warbler,The class is Cuckoo.
data/cub/silhouette/Mourning_Warbler_0073_166524.png,Mourning Warbler,
data/cub/silhouette/Mourning_Warbler_0074_795367.png,Mourning Warbler,
data/cub/silhouette/Mourning_Warbler_0077_166567.png,Mourning Warbler,
data/cub/silhouette/Mourning_Warbler_0078_795377.png,Mourning Warbler,
data/cub/silhouette/Mourning_Warbler_0079_166564.png,Mourning Warbler,
data/cub/silhouette/Mourning_Warbler_0081_166434.png,Mourning Warbler,
data/cub/silhouette/Mourning_Warbler_0082_166574.png,Mourning Warbler,
data/cub/silhouette/Mourning_Warbler_0083_795376.png,Mourning Warbler,
data/cub/silhouette/Myrtle_Warbler_0001_166770.png,Myrtle Warbler,
data/cub/silhouette/Myrtle_Warbler_0005_166853.png,Myrtle Warbler,The answer is Red faced Cormorant
data/cub/silhouette/Myrtle_Warbler_0007_166897.png,Myrtle Warbler,
data/cub/silhouette/Myrtle_Warbler_0008_166927.png,Myrtle Warbler,
data/cub/silhouette/Myrtle_Warbler_0009_166752.png,Myrtle Warbler,
data/cub/silhouette/Myrtle_Warbler_0014_166831.png,Myrtle Warbler,
data/cub/silhouette/Myrtle_Warbler_0015_166713.png,Myrtle Warbler,
data/cub/silhouette/Myrtle_Warbler_0016_166736.png,Myrtle Warbler,
data/cub/silhouette/Myrtle_Warbler_0020_166997.png,Myrtle Warbler,The answer is Red faced Cormorant
data/cub/silhouette/Myrtle_Warbler_0023_166764.png,Myrtle Warbler,
data/cub/silhouette/Myrtle_Warbler_0025_166704.png,Myrtle Warbler,
data/cub/silhouette/Myrtle_Warbler_0026_166680.png,Myrtle Warbler,
data/cub/silhouette/Myrtle_Warbler_0028_166905.png,Myrtle Warbler,
data/cub/silhouette/Myrtle_Warbler_0030_166732.png,Myrtle Warbler,
data/cub/silhouette/Myrtle_Warbler_0032_166847.png,Myrtle Warbler,
data/cub/silhouette/Myrtle_Warbler_0033_166727.png,Myrtle Warbler,
data/cub/silhouette/Myrtle_Warbler_0034_166720.png,Myrtle Warbler,
data/cub/silhouette/Myrtle_Warbler_0036_166833.png,Myrtle Warbler,
data/cub/silhouette/Myrtle_Warbler_0037_166690.png,Myrtle Warbler,
data/cub/silhouette/Myrtle_Warbler_0039_166709.png,Myrtle Warbler,
data/cub/silhouette/Myrtle_Warbler_0043_166708.png,Myrtle Warbler,
data/cub/silhouette/Myrtle_Warbler_0044_166852.png,Myrtle Warbler,
data/cub/silhouette/Myrtle_Warbler_0045_166710.png,Myrtle Warbler,
data/cub/silhouette/Myrtle_Warbler_0047_166987.png,Myrtle Warbler,
data/cub/silhouette/Myrtle_Warbler_0050_166820.png,Myrtle Warbler,
data/cub/silhouette/Myrtle_Warbler_0054_166985.png,Myrtle Warbler,
data/cub/silhouette/Myrtle_Warbler_0059_166946.png,Myrtle Warbler,
data/cub/silhouette/Myrtle_Warbler_0061_166816.png,Myrtle Warbler,
data/cub/silhouette/Myrtle_Warbler_0063_93378.png,Myrtle Warbler,
data/cub/silhouette/Myrtle_Warbler_0064_166679.png,Myrtle Warbler,
data/cub/silhouette/Myrtle_Warbler_0065_166885.png,Myrtle Warbler,
data/cub/silhouette/Myrtle_Warbler_0067_166828.png,Myrtle Warbler,
data/cub/silhouette/Myrtle_Warbler_0068_166892.png,Myrtle Warbler,
data/cub/silhouette/Myrtle_Warbler_0069_166914.png,Myrtle Warbler,
data/cub/silhouette/Myrtle_Warbler_0071_166692.png,Myrtle Warbler,
data/cub/silhouette/Myrtle_Warbler_0072_166702.png,Myrtle Warbler,
data/cub/silhouette/Myrtle_Warbler_0073_166798.png,Myrtle Warbler,
data/cub/silhouette/Myrtle_Warbler_0074_166637.png,Myrtle Warbler,
data/cub/silhouette/Myrtle_Warbler_0077_166749.png,Myrtle Warbler,
data/cub/silhouette/Myrtle_Warbler_0078_166875.png,Myrtle Warbler,
data/cub/silhouette/Myrtle_Warbler_0083_166738.png,Myrtle Warbler,
data/cub/silhouette/Myrtle_Warbler_0084_166747.png,Myrtle Warbler,The correct answer is Black throated Vireo
data/cub/silhouette/Myrtle_Warbler_0086_166926.png,Myrtle Warbler,
data/cub/silhouette/Myrtle_Warbler_0087_166783.png,Myrtle Warbler,
data/cub/silhouette/Myrtle_Warbler_0088_166639.png,Myrtle Warbler,
data/cub/silhouette/Myrtle_Warbler_0089_166896.png,Myrtle Warbler,
data/cub/silhouette/Myrtle_Warbler_0091_166762.png,Myrtle Warbler,
data/cub/silhouette/Myrtle_Warbler_0093_166986.png,Myrtle Warbler,
data/cub/silhouette/Myrtle_Warbler_0094_166922.png,Myrtle Warbler,
data/cub/silhouette/Myrtle_Warbler_0097_167001.png,Myrtle Warbler,
data/cub/silhouette/Myrtle_Warbler_0098_166794.png,Myrtle Warbler,
data/cub/silhouette/Myrtle_Warbler_0100_166871.png,Myrtle Warbler,
data/cub/silhouette/Myrtle_Warbler_0101_166942.png,Myrtle Warbler,
data/cub/silhouette/Myrtle_Warbler_0102_166725.png,Myrtle Warbler,
data/cub/silhouette/Myrtle_Warbler_0103_166963.png,Myrtle Warbler,
data/cub/silhouette/Myrtle_Warbler_0104_166829.png,Myrtle Warbler,
data/cub/silhouette/Myrtle_Warbler_0107_166917.png,Myrtle Warbler,
data/cub/silhouette/Myrtle_Warbler_0110_166785.png,Myrtle Warbler,
data/cub/silhouette/Myrtle_Warbler_0112_166754.png,Myrtle Warbler,
data/cub/silhouette/Myrtle_Warbler_0113_166834.png,Myrtle Warbler,
data/cub/silhouette/Nashville_Warbler_0001_167117.png,Nashville Warbler,
data/cub/silhouette/Nashville_Warbler_0004_167146.png,Nashville Warbler,
data/cub/silhouette/Nashville_Warbler_0005_167103.png,Nashville Warbler,
data/cub/silhouette/Nashville_Warbler_0006_167497.png,Nashville Warbler,
data/cub/silhouette/Nashville_Warbler_0013_167326.png,Nashville Warbler,
data/cub/silhouette/Nashville_Warbler_0014_167190.png,Nashville Warbler,
data/cub/silhouette/Nashville_Warbler_0015_167429.png,Nashville Warbler,
data/cub/silhouette/Nashville_Warbler_0018_167191.png,Nashville Warbler,
data/cub/silhouette/Nashville_Warbler_0020_167198.png,Nashville Warbler,
data/cub/silhouette/Nashville_Warbler_0023_167242.png,Nashville Warbler,
data/cub/silhouette/Nashville_Warbler_0027_167224.png,Nashville Warbler,
data/cub/silhouette/Nashville_Warbler_0028_167065.png,Nashville Warbler,
data/cub/silhouette/Nashville_Warbler_0029_167044.png,Nashville Warbler,
data/cub/silhouette/Nashville_Warbler_0032_167385.png,Nashville Warbler,
data/cub/silhouette/Nashville_Warbler_0035_167283.png,Nashville Warbler,
data/cub/silhouette/Nashville_Warbler_0036_167461.png,Nashville Warbler,
data/cub/silhouette/Nashville_Warbler_0037_167280.png,Nashville Warbler,
data/cub/silhouette/Nashville_Warbler_0040_167454.png,Nashville Warbler,
data/cub/silhouette/Nashville_Warbler_0041_167534.png,Nashville Warbler,
data/cub/silhouette/Nashville_Warbler_0042_167346.png,Nashville Warbler,
data/cub/silhouette/Nashville_Warbler_0044_167357.png,Nashville Warbler,
data/cub/silhouette/Nashville_Warbler_0048_167071.png,Nashville Warbler,
data/cub/silhouette/Nashville_Warbler_0050_167475.png,Nashville Warbler,
data/cub/silhouette/Nashville_Warbler_0051_167250.png,Nashville Warbler,The answer is Red faced Cormorant
data/cub/silhouette/Nashville_Warbler_0053_167403.png,Nashville Warbler,
data/cub/silhouette/Nashville_Warbler_0054_167258.png,Nashville Warbler,
data/cub/silhouette/Nashville_Warbler_0055_167331.png,Nashville Warbler,
data/cub/silhouette/Nashville_Warbler_0056_167123.png,Nashville Warbler,
data/cub/silhouette/Nashville_Warbler_0057_167008.png,Nashville Warbler,
data/cub/silhouette/Nashville_Warbler_0060_167347.png,Nashville Warbler,
data/cub/silhouette/Nashville_Warbler_0061_167355.png,Nashville Warbler,
data/cub/silhouette/Nashville_Warbler_0064_167411.png,Nashville Warbler,
data/cub/silhouette/Nashville_Warbler_0068_167266.png,Nashville Warbler,
data/cub/silhouette/Nashville_Warbler_0075_167419.png,Nashville Warbler,
data/cub/silhouette/Nashville_Warbler_0076_167389.png,Nashville Warbler,The answer is Red faced Cormorant
data/cub/silhouette/Nashville_Warbler_0079_167213.png,Nashville Warbler,
data/cub/silhouette/Nashville_Warbler_0081_167234.png,Nashville Warbler,
data/cub/silhouette/Nashville_Warbler_0086_167045.png,Nashville Warbler,
data/cub/silhouette/Nashville_Warbler_0092_167457.png,Nashville Warbler,
data/cub/silhouette/Nashville_Warbler_0098_167293.png,Nashville Warbler,
data/cub/silhouette/Nashville_Warbler_0100_167226.png,Nashville Warbler,
data/cub/silhouette/Nashville_Warbler_0102_167195.png,Nashville Warbler,
data/cub/silhouette/Nashville_Warbler_0103_167455.png,Nashville Warbler,
data/cub/silhouette/Nashville_Warbler_0104_167096.png,Nashville Warbler,
data/cub/silhouette/Nashville_Warbler_0105_167452.png,Nashville Warbler,
data/cub/silhouette/Nashville_Warbler_0107_167186.png,Nashville Warbler,
data/cub/silhouette/Nashville_Warbler_0108_167259.png,Nashville Warbler,
data/cub/silhouette/Nashville_Warbler_0109_167428.png,Nashville Warbler,
data/cub/silhouette/Nashville_Warbler_0110_167268.png,Nashville Warbler,
data/cub/silhouette/Nashville_Warbler_0115_167039.png,Nashville Warbler,
data/cub/silhouette/Nashville_Warbler_0118_167350.png,Nashville Warbler,
data/cub/silhouette/Nashville_Warbler_0120_167149.png,Nashville Warbler,
data/cub/silhouette/Nashville_Warbler_0121_167078.png,Nashville Warbler,
data/cub/silhouette/Nashville_Warbler_0123_167324.png,Nashville Warbler,
data/cub/silhouette/Nashville_Warbler_0124_167285.png,Nashville Warbler,
data/cub/silhouette/Nashville_Warbler_0126_167274.png,Nashville Warbler,
data/cub/silhouette/Nashville_Warbler_0127_167494.png,Nashville Warbler,
data/cub/silhouette/Nashville_Warbler_0128_166444.png,Nashville Warbler,
data/cub/silhouette/Nashville_Warbler_0129_167053.png,Nashville Warbler,
data/cub/silhouette/Nashville_Warbler_0130_167101.png,Nashville Warbler,
data/cub/silhouette/Orange_Crowned_Warbler_0001_167660.png,Orange Crowned Warbler,
data/cub/silhouette/Orange_Crowned_Warbler_0005_168314.png,Orange Crowned Warbler,
data/cub/silhouette/Orange_Crowned_Warbler_0006_167998.png,Orange Crowned Warbler,
data/cub/silhouette/Orange_Crowned_Warbler_0007_167545.png,Orange Crowned Warbler,
data/cub/silhouette/Orange_Crowned_Warbler_0009_168228.png,Orange Crowned Warbler,
data/cub/silhouette/Orange_Crowned_Warbler_0011_167615.png,Orange Crowned Warbler,
data/cub/silhouette/Orange_Crowned_Warbler_0015_168196.png,Orange Crowned Warbler,
data/cub/silhouette/Orange_Crowned_Warbler_0016_168082.png,Orange Crowned Warbler,
data/cub/silhouette/Orange_Crowned_Warbler_0018_168126.png,Orange Crowned Warbler,
data/cub/silhouette/Orange_Crowned_Warbler_0019_167626.png,Orange Crowned Warbler,
data/cub/silhouette/Orange_Crowned_Warbler_0021_168263.png,Orange Crowned Warbler,
data/cub/silhouette/Orange_Crowned_Warbler_0027_168381.png,Orange Crowned Warbler,
data/cub/silhouette/Orange_Crowned_Warbler_0028_167641.png,Orange Crowned Warbler,
data/cub/silhouette/Orange_Crowned_Warbler_0030_168376.png,Orange Crowned Warbler,
data/cub/silhouette/Orange_Crowned_Warbler_0032_167589.png,Orange Crowned Warbler,The answer is Red faced Cormorant
data/cub/silhouette/Orange_Crowned_Warbler_0033_167991.png,Orange Crowned Warbler,
data/cub/silhouette/Orange_Crowned_Warbler_0034_168185.png,Orange Crowned Warbler,
data/cub/silhouette/Orange_Crowned_Warbler_0037_167687.png,Orange Crowned Warbler,
data/cub/silhouette/Orange_Crowned_Warbler_0038_168384.png,Orange Crowned Warbler,
data/cub/silhouette/Orange_Crowned_Warbler_0040_168029.png,Orange Crowned Warbler,
data/cub/silhouette/Orange_Crowned_Warbler_0042_167614.png,Orange Crowned Warbler,
data/cub/silhouette/Orange_Crowned_Warbler_0048_167610.png,Orange Crowned Warbler,
data/cub/silhouette/Orange_Crowned_Warbler_0049_167974.png,Orange Crowned Warbler,
data/cub/silhouette/Orange_Crowned_Warbler_0050_168166.png,Orange Crowned Warbler,
data/cub/silhouette/Orange_Crowned_Warbler_0051_168002.png,Orange Crowned Warbler,
data/cub/silhouette/Orange_Crowned_Warbler_0052_168013.png,Orange Crowned Warbler,
data/cub/silhouette/Orange_Crowned_Warbler_0055_168600.png,Orange Crowned Warbler,
data/cub/silhouette/Orange_Crowned_Warbler_0056_167876.png,Orange Crowned Warbler,
data/cub/silhouette/Orange_Crowned_Warbler_0057_168424.png,Orange Crowned Warbler,
data/cub/silhouette/Orange_Crowned_Warbler_0059_168259.png,Orange Crowned Warbler,
data/cub/silhouette/Orange_Crowned_Warbler_0062_168119.png,Orange Crowned Warbler,
data/cub/silhouette/Orange_Crowned_Warbler_0064_166929.png,Orange Crowned Warbler,
data/cub/silhouette/Orange_Crowned_Warbler_0065_167952.png,Orange Crowned Warbler,
data/cub/silhouette/Orange_Crowned_Warbler_0066_167949.png,Orange Crowned Warbler,
data/cub/silhouette/Orange_Crowned_Warbler_0067_167588.png,Orange Crowned Warbler,
data/cub/silhouette/Orange_Crowned_Warbler_0068_167585.png,Orange Crowned Warbler,
data/cub/silhouette/Orange_Crowned_Warbler_0071_167595.png,Orange Crowned Warbler,
data/cub/silhouette/Orange_Crowned_Warbler_0078_167964.png,Orange Crowned Warbler,
data/cub/silhouette/Orange_Crowned_Warbler_0079_168372.png,Orange Crowned Warbler,
data/cub/silhouette/Orange_Crowned_Warbler_0080_167960.png,Orange Crowned Warbler,
data/cub/silhouette/Orange_Crowned_Warbler_0081_167647.png,Orange Crowned Warbler,
data/cub/silhouette/Orange_Crowned_Warbler_0083_167948.png,Orange Crowned Warbler,
data/cub/silhouette/Orange_Crowned_Warbler_0087_168439.png,Orange Crowned Warbler,
data/cub/silhouette/Orange_Crowned_Warbler_0088_168052.png,Orange Crowned Warbler,
data/cub/silhouette/Orange_Crowned_Warbler_0090_167607.png,Orange Crowned Warbler,
data/cub/silhouette/Orange_Crowned_Warbler_0091_167578.png,Orange Crowned Warbler,
data/cub/silhouette/Orange_Crowned_Warbler_0094_167584.png,Orange Crowned Warbler,
data/cub/silhouette/Orange_Crowned_Warbler_0097_168004.png,Orange Crowned Warbler,
data/cub/silhouette/Orange_Crowned_Warbler_0102_168189.png,Orange Crowned Warbler,
data/cub/silhouette/Orange_Crowned_Warbler_0103_168566.png,Orange Crowned Warbler,
data/cub/silhouette/Orange_Crowned_Warbler_0111_168040.png,Orange Crowned Warbler,
data/cub/silhouette/Orange_Crowned_Warbler_0112_168437.png,Orange Crowned Warbler,
data/cub/silhouette/Orange_Crowned_Warbler_0113_167984.png,Orange Crowned Warbler,
data/cub/silhouette/Orange_Crowned_Warbler_0114_167732.png,Orange Crowned Warbler,
data/cub/silhouette/Orange_Crowned_Warbler_0117_167987.png,Orange Crowned Warbler,
data/cub/silhouette/Orange_Crowned_Warbler_0118_167640.png,Orange Crowned Warbler,
data/cub/silhouette/Orange_Crowned_Warbler_0119_167658.png,Orange Crowned Warbler,
data/cub/silhouette/Orange_Crowned_Warbler_0120_167587.png,Orange Crowned Warbler,
data/cub/silhouette/Orange_Crowned_Warbler_0126_168445.png,Orange Crowned Warbler,
data/cub/silhouette/Orange_Crowned_Warbler_0128_168012.png,Orange Crowned Warbler,
data/cub/silhouette/Palm_Warbler_0001_170297.png,Palm Warbler,
data/cub/silhouette/Palm_Warbler_0002_169527.png,Palm Warbler,
data/cub/silhouette/Palm_Warbler_0003_170474.png,Palm Warbler,
data/cub/silhouette/Palm_Warbler_0004_168786.png,Palm Warbler,
data/cub/silhouette/Palm_Warbler_0005_169918.png,Palm Warbler,
data/cub/silhouette/Palm_Warbler_0006_169429.png,Palm Warbler,The answer is Red faced Cormorant
data/cub/silhouette/Palm_Warbler_0007_169473.png,Palm Warbler,
data/cub/silhouette/Palm_Warbler_0010_169452.png,Palm Warbler,The answer is Red faced Cormorant
data/cub/silhouette/Palm_Warbler_0012_170857.png,Palm Warbler,
data/cub/silhouette/Palm_Warbler_0013_169411.png,Palm Warbler,
data/cub/silhouette/Palm_Warbler_0015_169626.png,Palm Warbler,
data/cub/silhouette/Palm_Warbler_0020_168857.png,Palm Warbler,
data/cub/silhouette/Palm_Warbler_0024_170501.png,Palm Warbler,
data/cub/silhouette/Palm_Warbler_0028_169670.png,Palm Warbler,
data/cub/silhouette/Palm_Warbler_0034_170352.png,Palm Warbler,
data/cub/silhouette/Palm_Warbler_0039_170894.png,Palm Warbler,
data/cub/silhouette/Palm_Warbler_0040_169922.png,Palm Warbler,
data/cub/silhouette/Palm_Warbler_0044_169319.png,Palm Warbler,
data/cub/silhouette/Palm_Warbler_0046_169837.png,Palm Warbler,
data/cub/silhouette/Palm_Warbler_0047_169354.png,Palm Warbler,
data/cub/silhouette/Palm_Warbler_0049_169885.png,Palm Warbler,
data/cub/silhouette/Palm_Warbler_0050_170042.png,Palm Warbler,
data/cub/silhouette/Palm_Warbler_0051_169487.png,Palm Warbler,
data/cub/silhouette/Palm_Warbler_0054_169175.png,Palm Warbler,
data/cub/silhouette/Palm_Warbler_0055_170219.png,Palm Warbler,
data/cub/silhouette/Palm_Warbler_0056_168740.png,Palm Warbler,
data/cub/silhouette/Palm_Warbler_0060_168686.png,Palm Warbler,
data/cub/silhouette/Palm_Warbler_0061_169954.png,Palm Warbler,
data/cub/silhouette/Palm_Warbler_0066_169284.png,Palm Warbler,
data/cub/silhouette/Palm_Warbler_0067_169318.png,Palm Warbler,
data/cub/silhouette/Palm_Warbler_0068_170243.png,Palm Warbler,The answer is Red throated Grosbeak
data/cub/silhouette/Palm_Warbler_0073_169781.png,Palm Warbler,
data/cub/silhouette/Palm_Warbler_0075_168751.png,Palm Warbler,
data/cub/silhouette/Palm_Warbler_0077_169042.png,Palm Warbler,The answer is Red faced Cormorant
data/cub/silhouette/Palm_Warbler_0081_169256.png,Palm Warbler,
data/cub/silhouette/Palm_Warbler_0082_168709.png,Palm Warbler,
data/cub/silhouette/Palm_Warbler_0083_170281.png,Palm Warbler,
data/cub/silhouette/Palm_Warbler_0086_169676.png,Palm Warbler,
data/cub/silhouette/Palm_Warbler_0089_168968.png,Palm Warbler,
data/cub/silhouette/Palm_Warbler_0092_170604.png,Palm Warbler,
data/cub/silhouette/Palm_Warbler_0093_170499.png,Palm Warbler,
data/cub/silhouette/Palm_Warbler_0095_170610.png,Palm Warbler,
data/cub/silhouette/Palm_Warbler_0096_170867.png,Palm Warbler,
data/cub/silhouette/Palm_Warbler_0100_168725.png,Palm Warbler,
data/cub/silhouette/Palm_Warbler_0102_168829.png,Palm Warbler,
data/cub/silhouette/Palm_Warbler_0105_170429.png,Palm Warbler,
data/cub/silhouette/Palm_Warbler_0106_169571.png,Palm Warbler,
data/cub/silhouette/Palm_Warbler_0107_170620.png,Palm Warbler,
data/cub/silhouette/Palm_Warbler_0108_169426.png,Palm Warbler,
data/cub/silhouette/Palm_Warbler_0110_169490.png,Palm Warbler,
data/cub/silhouette/Palm_Warbler_0111_169663.png,Palm Warbler,
data/cub/silhouette/Palm_Warbler_0112_169595.png,Palm Warbler,
data/cub/silhouette/Palm_Warbler_0113_170080.png,Palm Warbler,
data/cub/silhouette/Palm_Warbler_0116_170319.png,Palm Warbler,
data/cub/silhouette/Palm_Warbler_0117_170073.png,Palm Warbler,
data/cub/silhouette/Palm_Warbler_0118_170081.png,Palm Warbler,
data/cub/silhouette/Palm_Warbler_0126_170311.png,Palm Warbler,
data/cub/silhouette/Palm_Warbler_0133_169575.png,Palm Warbler,
data/cub/silhouette/Palm_Warbler_0134_168943.png,Palm Warbler,
data/cub/silhouette/Palm_Warbler_0136_170276.png,Palm Warbler,
data/cub/silhouette/Pine_Warbler_0002_171176.png,Pine Warbler,
data/cub/silhouette/Pine_Warbler_0003_171639.png,Pine Warbler,
data/cub/silhouette/Pine_Warbler_0004_171215.png,Pine Warbler,The answer is Red faced Cormorant
data/cub/silhouette/Pine_Warbler_0005_171548.png,Pine Warbler,
data/cub/silhouette/Pine_Warbler_0007_171523.png,Pine Warbler,
data/cub/silhouette/Pine_Warbler_0008_171330.png,Pine Warbler,
data/cub/silhouette/Pine_Warbler_0009_171869.png,Pine Warbler,
data/cub/silhouette/Pine_Warbler_0010_171239.png,Pine Warbler,
data/cub/silhouette/Pine_Warbler_0017_171678.png,Pine Warbler,
data/cub/silhouette/Pine_Warbler_0020_171989.png,Pine Warbler,
data/cub/silhouette/Pine_Warbler_0021_171525.png,Pine Warbler,
data/cub/silhouette/Pine_Warbler_0022_172197.png,Pine Warbler,
data/cub/silhouette/Pine_Warbler_0025_171110.png,Pine Warbler,The bird species is Raven.
data/cub/silhouette/Pine_Warbler_0032_172080.png,Pine Warbler,
data/cub/silhouette/Pine_Warbler_0033_171657.png,Pine Warbler,
data/cub/silhouette/Pine_Warbler_0035_98396.png,Pine Warbler,
data/cub/silhouette/Pine_Warbler_0037_171649.png,Pine Warbler,
data/cub/silhouette/Pine_Warbler_0038_171386.png,Pine Warbler,
data/cub/silhouette/Pine_Warbler_0041_171477.png,Pine Warbler,The answer is Red faced Cormorant
data/cub/silhouette/Pine_Warbler_0044_171104.png,Pine Warbler,
data/cub/silhouette/Pine_Warbler_0045_171150.png,Pine Warbler,
data/cub/silhouette/Pine_Warbler_0046_171452.png,Pine Warbler,
data/cub/silhouette/Pine_Warbler_0050_159442.png,Pine Warbler,
data/cub/silhouette/Pine_Warbler_0052_171380.png,Pine Warbler,
data/cub/silhouette/Pine_Warbler_0054_171287.png,Pine Warbler,
data/cub/silhouette/Pine_Warbler_0056_172064.png,Pine Warbler,
data/cub/silhouette/Pine_Warbler_0060_171635.png,Pine Warbler,
data/cub/silhouette/Pine_Warbler_0065_172119.png,Pine Warbler,
data/cub/silhouette/Pine_Warbler_0074_172061.png,Pine Warbler,
data/cub/silhouette/Pine_Warbler_0075_171933.png,Pine Warbler,
data/cub/silhouette/Pine_Warbler_0076_172104.png,Pine Warbler,
data/cub/silhouette/Pine_Warbler_0078_171374.png,Pine Warbler,
data/cub/silhouette/Pine_Warbler_0080_171975.png,Pine Warbler,
data/cub/silhouette/Pine_Warbler_0083_171117.png,Pine Warbler,
data/cub/silhouette/Pine_Warbler_0084_172409.png,Pine Warbler,
data/cub/silhouette/Pine_Warbler_0085_170981.png,Pine Warbler,
data/cub/silhouette/Pine_Warbler_0088_170980.png,Pine Warbler,
data/cub/silhouette/Pine_Warbler_0091_171627.png,Pine Warbler,
data/cub/silhouette/Pine_Warbler_0095_171588.png,Pine Warbler,
data/cub/silhouette/Pine_Warbler_0097_171671.png,Pine Warbler,
data/cub/silhouette/Pine_Warbler_0101_171501.png,Pine Warbler,
data/cub/silhouette/Pine_Warbler_0102_171147.png,Pine Warbler,
data/cub/silhouette/Pine_Warbler_0103_171922.png,Pine Warbler,
data/cub/silhouette/Pine_Warbler_0104_171668.png,Pine Warbler,
data/cub/silhouette/Pine_Warbler_0105_170983.png,Pine Warbler,
data/cub/silhouette/Pine_Warbler_0106_171107.png,Pine Warbler,
data/cub/silhouette/Pine_Warbler_0108_170597.png,Pine Warbler,
data/cub/silhouette/Pine_Warbler_0111_171040.png,Pine Warbler,
data/cub/silhouette/Pine_Warbler_0113_172456.png,Pine Warbler,
data/cub/silhouette/Pine_Warbler_0118_171152.png,Pine Warbler,
data/cub/silhouette/Pine_Warbler_0119_171551.png,Pine Warbler,
data/cub/silhouette/Pine_Warbler_0120_172340.png,Pine Warbler,
data/cub/silhouette/Pine_Warbler_0122_171274.png,Pine Warbler,
data/cub/silhouette/Pine_Warbler_0126_171282.png,Pine Warbler,
data/cub/silhouette/Pine_Warbler_0127_171742.png,Pine Warbler,
data/cub/silhouette/Pine_Warbler_0129_171035.png,Pine Warbler,
data/cub/silhouette/Pine_Warbler_0132_171936.png,Pine Warbler,
data/cub/silhouette/Pine_Warbler_0133_171641.png,Pine Warbler,
data/cub/silhouette/Pine_Warbler_0136_171382.png,Pine Warbler,
data/cub/silhouette/Pine_Warbler_0141_171263.png,Pine Warbler,
data/cub/silhouette/Prairie_Warbler_0002_172622.png,Prairie Warbler,
data/cub/silhouette/Prairie_Warbler_0007_173081.png,Prairie Warbler,
data/cub/silhouette/Prairie_Warbler_0009_173022.png,Prairie Warbler,
data/cub/silhouette/Prairie_Warbler_0010_172547.png,Prairie Warbler,
data/cub/silhouette/Prairie_Warbler_0011_172744.png,Prairie Warbler,
data/cub/silhouette/Prairie_Warbler_0014_172542.png,Prairie Warbler,
data/cub/silhouette/Prairie_Warbler_0020_173359.png,Prairie Warbler,
data/cub/silhouette/Prairie_Warbler_0021_172902.png,Prairie Warbler,
data/cub/silhouette/Prairie_Warbler_0025_165306.png,Prairie Warbler,
data/cub/silhouette/Prairie_Warbler_0027_172465.png,Prairie Warbler,
data/cub/silhouette/Prairie_Warbler_0028_173123.png,Prairie Warbler,
data/cub/silhouette/Prairie_Warbler_0029_172618.png,Prairie Warbler,
data/cub/silhouette/Prairie_Warbler_0031_172818.png,Prairie Warbler,
data/cub/silhouette/Prairie_Warbler_0034_172549.png,Prairie Warbler,
data/cub/silhouette/Prairie_Warbler_0037_172550.png,Prairie Warbler,
data/cub/silhouette/Prairie_Warbler_0040_173056.png,Prairie Warbler,
data/cub/silhouette/Prairie_Warbler_0047_173210.png,Prairie Warbler,
data/cub/silhouette/Prairie_Warbler_0048_173095.png,Prairie Warbler,
data/cub/silhouette/Prairie_Warbler_0050_173281.png,Prairie Warbler,
data/cub/silhouette/Prairie_Warbler_0051_172585.png,Prairie Warbler,
data/cub/silhouette/Prairie_Warbler_0052_173400.png,Prairie Warbler,
data/cub/silhouette/Prairie_Warbler_0053_173290.png,Prairie Warbler,
data/cub/silhouette/Prairie_Warbler_0054_172602.png,Prairie Warbler,
data/cub/silhouette/Prairie_Warbler_0058_172573.png,Prairie Warbler,
data/cub/silhouette/Prairie_Warbler_0062_172755.png,Prairie Warbler,The class is Cuckoo.
data/cub/silhouette/Prairie_Warbler_0063_172682.png,Prairie Warbler,
data/cub/silhouette/Prairie_Warbler_0066_173350.png,Prairie Warbler,
data/cub/silhouette/Prairie_Warbler_0071_173140.png,Prairie Warbler,
data/cub/silhouette/Prairie_Warbler_0073_172771.png,Prairie Warbler,
data/cub/silhouette/Prairie_Warbler_0075_172709.png,Prairie Warbler,
data/cub/silhouette/Prairie_Warbler_0078_172729.png,Prairie Warbler,
data/cub/silhouette/Prairie_Warbler_0079_172735.png,Prairie Warbler,
data/cub/silhouette/Prairie_Warbler_0080_172724.png,Prairie Warbler,
data/cub/silhouette/Prairie_Warbler_0082_172783.png,Prairie Warbler,
data/cub/silhouette/Prairie_Warbler_0086_172534.png,Prairie Warbler,
data/cub/silhouette/Prairie_Warbler_0091_172597.png,Prairie Warbler,
data/cub/silhouette/Prairie_Warbler_0094_91950.png,Prairie Warbler,
data/cub/silhouette/Prairie_Warbler_0096_172577.png,Prairie Warbler,
data/cub/silhouette/Prairie_Warbler_0104_172615.png,Prairie Warbler,
data/cub/silhouette/Prairie_Warbler_0105_172982.png,Prairie Warbler,
data/cub/silhouette/Prairie_Warbler_0106_173071.png,Prairie Warbler,
data/cub/silhouette/Prairie_Warbler_0107_173080.png,Prairie Warbler,
data/cub/silhouette/Prairie_Warbler_0108_172559.png,Prairie Warbler,
data/cub/silhouette/Prairie_Warbler_0109_172909.png,Prairie Warbler,
data/cub/silhouette/Prairie_Warbler_0112_173383.png,Prairie Warbler,
data/cub/silhouette/Prairie_Warbler_0113_172544.png,Prairie Warbler,
data/cub/silhouette/Prairie_Warbler_0115_172689.png,Prairie Warbler,
data/cub/silhouette/Prairie_Warbler_0118_173261.png,Prairie Warbler,
data/cub/silhouette/Prairie_Warbler_0120_173097.png,Prairie Warbler,
data/cub/silhouette/Prairie_Warbler_0123_172603.png,Prairie Warbler,
data/cub/silhouette/Prairie_Warbler_0125_172536.png,Prairie Warbler,
data/cub/silhouette/Prairie_Warbler_0126_172931.png,Prairie Warbler,
data/cub/silhouette/Prairie_Warbler_0127_172913.png,Prairie Warbler,
data/cub/silhouette/Prairie_Warbler_0130_172609.png,Prairie Warbler,
data/cub/silhouette/Prairie_Warbler_0132_172705.png,Prairie Warbler,
data/cub/silhouette/Prairie_Warbler_0133_173279.png,Prairie Warbler,
data/cub/silhouette/Prairie_Warbler_0135_172745.png,Prairie Warbler,
data/cub/silhouette/Prairie_Warbler_0136_172768.png,Prairie Warbler,
data/cub/silhouette/Prairie_Warbler_0137_172610.png,Prairie Warbler,
data/cub/silhouette/Prairie_Warbler_0138_172695.png,Prairie Warbler,
data/cub/silhouette/Prothonotary_Warbler_0004_173475.png,Prothonotary Warbler,
data/cub/silhouette/Prothonotary_Warbler_0008_173425.png,Prothonotary Warbler,
data/cub/silhouette/Prothonotary_Warbler_0018_174196.png,Prothonotary Warbler,
data/cub/silhouette/Prothonotary_Warbler_0019_173838.png,Prothonotary Warbler,
data/cub/silhouette/Prothonotary_Warbler_0020_174122.png,Prothonotary Warbler,
data/cub/silhouette/Prothonotary_Warbler_0021_173816.png,Prothonotary Warbler,
data/cub/silhouette/Prothonotary_Warbler_0022_174138.png,Prothonotary Warbler,
data/cub/silhouette/Prothonotary_Warbler_0023_173788.png,Prothonotary Warbler,
data/cub/silhouette/Prothonotary_Warbler_0031_174578.png,Prothonotary Warbler,
data/cub/silhouette/Prothonotary_Warbler_0033_174123.png,Prothonotary Warbler,The answer is Red faced Cormorant
data/cub/silhouette/Prothonotary_Warbler_0037_173418.png,Prothonotary Warbler,
data/cub/silhouette/Prothonotary_Warbler_0038_173867.png,Prothonotary Warbler,
data/cub/silhouette/Prothonotary_Warbler_0040_173447.png,Prothonotary Warbler,
data/cub/silhouette/Prothonotary_Warbler_0045_173536.png,Prothonotary Warbler,
data/cub/silhouette/Prothonotary_Warbler_0046_174104.png,Prothonotary Warbler,
data/cub/silhouette/Prothonotary_Warbler_0047_174340.png,Prothonotary Warbler,
data/cub/silhouette/Prothonotary_Warbler_0049_174213.png,Prothonotary Warbler,
data/cub/silhouette/Prothonotary_Warbler_0054_174556.png,Prothonotary Warbler,
data/cub/silhouette/Prothonotary_Warbler_0055_173419.png,Prothonotary Warbler,
data/cub/silhouette/Prothonotary_Warbler_0057_173865.png,Prothonotary Warbler,
data/cub/silhouette/Prothonotary_Warbler_0058_173440.png,Prothonotary Warbler,
data/cub/silhouette/Prothonotary_Warbler_0059_173434.png,Prothonotary Warbler,
data/cub/silhouette/Prothonotary_Warbler_0062_174412.png,Prothonotary Warbler,
data/cub/silhouette/Prothonotary_Warbler_0063_173830.png,Prothonotary Warbler,
data/cub/silhouette/Prothonotary_Warbler_0064_174106.png,Prothonotary Warbler,
data/cub/silhouette/Prothonotary_Warbler_0065_173422.png,Prothonotary Warbler,
data/cub/silhouette/Prothonotary_Warbler_0066_174318.png,Prothonotary Warbler,
data/cub/silhouette/Prothonotary_Warbler_0069_174210.png,Prothonotary Warbler,
data/cub/silhouette/Prothonotary_Warbler_0070_174650.png,Prothonotary Warbler,
data/cub/silhouette/Prothonotary_Warbler_0071_173690.png,Prothonotary Warbler,
data/cub/silhouette/Prothonotary_Warbler_0073_174607.png,Prothonotary Warbler,
data/cub/silhouette/Prothonotary_Warbler_0074_173443.png,Prothonotary Warbler,
data/cub/silhouette/Prothonotary_Warbler_0076_174118.png,Prothonotary Warbler,
data/cub/silhouette/Prothonotary_Warbler_0079_173899.png,Prothonotary Warbler,
data/cub/silhouette/Prothonotary_Warbler_0081_173510.png,Prothonotary Warbler,
data/cub/silhouette/Prothonotary_Warbler_0082_173970.png,Prothonotary Warbler,
data/cub/silhouette/Prothonotary_Warbler_0083_173929.png,Prothonotary Warbler,
data/cub/silhouette/Prothonotary_Warbler_0084_173939.png,Prothonotary Warbler,
data/cub/silhouette/Prothonotary_Warbler_0085_173829.png,Prothonotary Warbler,
data/cub/silhouette/Prothonotary_Warbler_0088_173606.png,Prothonotary Warbler,
data/cub/silhouette/Prothonotary_Warbler_0089_174636.png,Prothonotary Warbler,
data/cub/silhouette/Prothonotary_Warbler_0090_174183.png,Prothonotary Warbler,
data/cub/silhouette/Prothonotary_Warbler_0094_173607.png,Prothonotary Warbler,
data/cub/silhouette/Prothonotary_Warbler_0096_174372.png,Prothonotary Warbler,
data/cub/silhouette/Prothonotary_Warbler_0097_174554.png,Prothonotary Warbler,
data/cub/silhouette/Prothonotary_Warbler_0098_173913.png,Prothonotary Warbler,
data/cub/silhouette/Prothonotary_Warbler_0100_174539.png,Prothonotary Warbler,
data/cub/silhouette/Prothonotary_Warbler_0102_174595.png,Prothonotary Warbler,
data/cub/silhouette/Prothonotary_Warbler_0105_174097.png,Prothonotary Warbler,
data/cub/silhouette/Prothonotary_Warbler_0106_174221.png,Prothonotary Warbler,
data/cub/silhouette/Prothonotary_Warbler_0107_173921.png,Prothonotary Warbler,
data/cub/silhouette/Prothonotary_Warbler_0108_174125.png,Prothonotary Warbler,
data/cub/silhouette/Prothonotary_Warbler_0109_174121.png,Prothonotary Warbler,
data/cub/silhouette/Prothonotary_Warbler_0110_173857.png,Prothonotary Warbler,
data/cub/silhouette/Prothonotary_Warbler_0112_174594.png,Prothonotary Warbler,
data/cub/silhouette/Prothonotary_Warbler_0116_173444.png,Prothonotary Warbler,
data/cub/silhouette/Prothonotary_Warbler_0117_174622.png,Prothonotary Warbler,
data/cub/silhouette/Prothonotary_Warbler_0121_174643.png,Prothonotary Warbler,
data/cub/silhouette/Prothonotary_Warbler_0124_173686.png,Prothonotary Warbler,
data/cub/silhouette/Prothonotary_Warbler_0127_174149.png,Prothonotary Warbler,
data/cub/silhouette/Swainson_Warbler_0001_794869.png,Swainson Warbler,
data/cub/silhouette/Swainson_Warbler_0002_174683.png,Swainson Warbler,
data/cub/silhouette/Swainson_Warbler_0003_794866.png,Swainson Warbler,
data/cub/silhouette/Swainson_Warbler_0004_794874.png,Swainson Warbler,
data/cub/silhouette/Swainson_Warbler_0005_794888.png,Swainson Warbler,The answer is Red faced Cormorant
data/cub/silhouette/Swainson_Warbler_0006_794857.png,Swainson Warbler,
data/cub/silhouette/Swainson_Warbler_0007_174745.png,Swainson Warbler,
data/cub/silhouette/Swainson_Warbler_0008_794886.png,Swainson Warbler,
data/cub/silhouette/Swainson_Warbler_0009_174746.png,Swainson Warbler,
data/cub/silhouette/Swainson_Warbler_0010_174724.png,Swainson Warbler,The answer is Red throated Vireo
data/cub/silhouette/Swainson_Warbler_0011_174680.png,Swainson Warbler,
data/cub/silhouette/Swainson_Warbler_0012_174739.png,Swainson Warbler,
data/cub/silhouette/Swainson_Warbler_0013_794892.png,Swainson Warbler,
data/cub/silhouette/Swainson_Warbler_0014_794858.png,Swainson Warbler,
data/cub/silhouette/Swainson_Warbler_0015_794891.png,Swainson Warbler,
data/cub/silhouette/Swainson_Warbler_0016_174705.png,Swainson Warbler,
data/cub/silhouette/Swainson_Warbler_0017_174685.png,Swainson Warbler,
data/cub/silhouette/Swainson_Warbler_0018_174715.png,Swainson Warbler,
data/cub/silhouette/Swainson_Warbler_0019_174692.png,Swainson Warbler,
data/cub/silhouette/Swainson_Warbler_0020_794863.png,Swainson Warbler,
data/cub/silhouette/Swainson_Warbler_0021_794898.png,Swainson Warbler,
data/cub/silhouette/Swainson_Warbler_0022_794868.png,Swainson Warbler,
data/cub/silhouette/Swainson_Warbler_0023_174717.png,Swainson Warbler,
data/cub/silhouette/Swainson_Warbler_0024_794885.png,Swainson Warbler,
data/cub/silhouette/Swainson_Warbler_0025_794881.png,Swainson Warbler,
data/cub/silhouette/Swainson_Warbler_0026_794884.png,Swainson Warbler,
data/cub/silhouette/Swainson_Warbler_0027_794877.png,Swainson Warbler,
data/cub/silhouette/Swainson_Warbler_0028_794896.png,Swainson Warbler,
data/cub/silhouette/Swainson_Warbler_0029_794883.png,Swainson Warbler,
data/cub/silhouette/Swainson_Warbler_0030_794864.png,Swainson Warbler,
data/cub/silhouette/Swainson_Warbler_0031_174696.png,Swainson Warbler,
data/cub/silhouette/Swainson_Warbler_0032_174728.png,Swainson Warbler,
data/cub/silhouette/Swainson_Warbler_0033_794856.png,Swainson Warbler,
data/cub/silhouette/Swainson_Warbler_0034_794890.png,Swainson Warbler,The answer is Red faced Cormorant
data/cub/silhouette/Swainson_Warbler_0035_174741.png,Swainson Warbler,
data/cub/silhouette/Swainson_Warbler_0036_174699.png,Swainson Warbler,
data/cub/silhouette/Swainson_Warbler_0037_174691.png,Swainson Warbler,
data/cub/silhouette/Swainson_Warbler_0038_794882.png,Swainson Warbler,
data/cub/silhouette/Swainson_Warbler_0039_794859.png,Swainson Warbler,
data/cub/silhouette/Swainson_Warbler_0040_794860.png,Swainson Warbler,
data/cub/silhouette/Swainson_Warbler_0041_794893.png,Swainson Warbler,
data/cub/silhouette/Swainson_Warbler_0042_794895.png,Swainson Warbler,
data/cub/silhouette/Swainson_Warbler_0043_794865.png,Swainson Warbler,
data/cub/silhouette/Swainson_Warbler_0044_794894.png,Swainson Warbler,
data/cub/silhouette/Swainson_Warbler_0045_794876.png,Swainson Warbler,
data/cub/silhouette/Swainson_Warbler_0046_794872.png,Swainson Warbler,
data/cub/silhouette/Swainson_Warbler_0047_794870.png,Swainson Warbler,
data/cub/silhouette/Swainson_Warbler_0048_794887.png,Swainson Warbler,
data/cub/silhouette/Swainson_Warbler_0049_794880.png,Swainson Warbler,
data/cub/silhouette/Swainson_Warbler_0050_794861.png,Swainson Warbler,
data/cub/silhouette/Swainson_Warbler_0051_794900.png,Swainson Warbler,
data/cub/silhouette/Swainson_Warbler_0052_794875.png,Swainson Warbler,
data/cub/silhouette/Swainson_Warbler_0053_174678.png,Swainson Warbler,
data/cub/silhouette/Swainson_Warbler_0054_174689.png,Swainson Warbler,
data/cub/silhouette/Swainson_Warbler_0055_794899.png,Swainson Warbler,
data/cub/silhouette/Swainson_Warbler_0056_794871.png,Swainson Warbler,
data/cub/silhouette/Tennessee_Warbler_0002_174884.png,Tennessee Warbler,
data/cub/silhouette/Tennessee_Warbler_0003_175154.png,Tennessee Warbler,
data/cub/silhouette/Tennessee_Warbler_0004_174997.png,Tennessee Warbler,
data/cub/silhouette/Tennessee_Warbler_0007_174796.png,Tennessee Warbler,
data/cub/silhouette/Tennessee_Warbler_0009_174937.png,Tennessee Warbler,
data/cub/silhouette/Tennessee_Warbler_0013_163552.png,Tennessee Warbler,
data/cub/silhouette/Tennessee_Warbler_0014_175126.png,Tennessee Warbler,
data/cub/silhouette/Tennessee_Warbler_0015_174847.png,Tennessee Warbler,
data/cub/silhouette/Tennessee_Warbler_0019_174786.png,Tennessee Warbler,
data/cub/silhouette/Tennessee_Warbler_0021_174761.png,Tennessee Warbler,
data/cub/silhouette/Tennessee_Warbler_0022_174799.png,Tennessee Warbler,
data/cub/silhouette/Tennessee_Warbler_0023_174977.png,Tennessee Warbler,
data/cub/silhouette/Tennessee_Warbler_0024_174980.png,Tennessee Warbler,
data/cub/silhouette/Tennessee_Warbler_0025_174973.png,Tennessee Warbler,
data/cub/silhouette/Tennessee_Warbler_0026_175118.png,Tennessee Warbler,
data/cub/silhouette/Tennessee_Warbler_0027_174805.png,Tennessee Warbler,
data/cub/silhouette/Tennessee_Warbler_0030_172338.png,Tennessee Warbler,
data/cub/silhouette/Tennessee_Warbler_0031_174802.png,Tennessee Warbler,
data/cub/silhouette/Tennessee_Warbler_0033_174772.png,Tennessee Warbler,
data/cub/silhouette/Tennessee_Warbler_0034_174854.png,Tennessee Warbler,
data/cub/silhouette/Tennessee_Warbler_0038_174760.png,Tennessee Warbler,
data/cub/silhouette/Tennessee_Warbler_0039_174883.png,Tennessee Warbler,
data/cub/silhouette/Tennessee_Warbler_0040_174933.png,Tennessee Warbler,
data/cub/silhouette/Tennessee_Warbler_0041_174900.png,Tennessee Warbler,
data/cub/silhouette/Tennessee_Warbler_0042_175092.png,Tennessee Warbler,
data/cub/silhouette/Tennessee_Warbler_0043_175003.png,Tennessee Warbler,
data/cub/silhouette/Tennessee_Warbler_0044_174824.png,Tennessee Warbler,
data/cub/silhouette/Tennessee_Warbler_0045_174913.png,Tennessee Warbler,
data/cub/silhouette/Tennessee_Warbler_0046_174798.png,Tennessee Warbler,
data/cub/silhouette/Tennessee_Warbler_0048_175079.png,Tennessee Warbler,
data/cub/silhouette/Tennessee_Warbler_0049_175006.png,Tennessee Warbler,
data/cub/silhouette/Tennessee_Warbler_0050_174851.png,Tennessee Warbler,
data/cub/silhouette/Tennessee_Warbler_0051_175015.png,Tennessee Warbler,
data/cub/silhouette/Tennessee_Warbler_0052_175089.png,Tennessee Warbler,
data/cub/silhouette/Tennessee_Warbler_0054_174914.png,Tennessee Warbler,
data/cub/silhouette/Tennessee_Warbler_0060_174840.png,Tennessee Warbler,
data/cub/silhouette/Tennessee_Warbler_0061_174775.png,Tennessee Warbler,
data/cub/silhouette/Tennessee_Warbler_0062_174949.png,Tennessee Warbler,
data/cub/silhouette/Tennessee_Warbler_0063_168561.png,Tennessee Warbler,
data/cub/silhouette/Tennessee_Warbler_0065_174757.png,Tennessee Warbler,
data/cub/silhouette/Tennessee_Warbler_0067_174999.png,Tennessee Warbler,The answer is Red faced Cormorant
data/cub/silhouette/Tennessee_Warbler_0070_174962.png,Tennessee Warbler,
data/cub/silhouette/Tennessee_Warbler_0071_175084.png,Tennessee Warbler,
data/cub/silhouette/Tennessee_Warbler_0074_175058.png,Tennessee Warbler,
data/cub/silhouette/Tennessee_Warbler_0075_174763.png,Tennessee Warbler,
data/cub/silhouette/Tennessee_Warbler_0076_174807.png,Tennessee Warbler,
data/cub/silhouette/Tennessee_Warbler_0080_167714.png,Tennessee Warbler,
data/cub/silhouette/Tennessee_Warbler_0081_174771.png,Tennessee Warbler,
data/cub/silhouette/Tennessee_Warbler_0084_174891.png,Tennessee Warbler,
data/cub/silhouette/Tennessee_Warbler_0085_156530.png,Tennessee Warbler,
data/cub/silhouette/Tennessee_Warbler_0087_174968.png,Tennessee Warbler,
data/cub/silhouette/Tennessee_Warbler_0088_175163.png,Tennessee Warbler,
data/cub/silhouette/Tennessee_Warbler_0089_174764.png,Tennessee Warbler,
data/cub/silhouette/Tennessee_Warbler_0091_175050.png,Tennessee Warbler,
data/cub/silhouette/Tennessee_Warbler_0092_174810.png,Tennessee Warbler,
data/cub/silhouette/Tennessee_Warbler_0095_174903.png,Tennessee Warbler,
data/cub/silhouette/Tennessee_Warbler_0096_174993.png,Tennessee Warbler,
data/cub/silhouette/Tennessee_Warbler_0098_174800.png,Tennessee Warbler,
data/cub/silhouette/Tennessee_Warbler_0100_175168.png,Tennessee Warbler,
data/cub/silhouette/Wilson_Warbler_0002_175571.png,Wilson Warbler,
data/cub/silhouette/Wilson_Warbler_0007_175618.png,Wilson Warbler,
data/cub/silhouette/Wilson_Warbler_0010_175750.png,Wilson Warbler,
data/cub/silhouette/Wilson_Warbler_0012_175328.png,Wilson Warbler,
data/cub/silhouette/Wilson_Warbler_0016_175532.png,Wilson Warbler,
data/cub/silhouette/Wilson_Warbler_0018_175389.png,Wilson Warbler,
data/cub/silhouette/Wilson_Warbler_0019_175175.png,Wilson Warbler,
data/cub/silhouette/Wilson_Warbler_0020_175505.png,Wilson Warbler,
data/cub/silhouette/Wilson_Warbler_0024_175278.png,Wilson Warbler,
data/cub/silhouette/Wilson_Warbler_0025_175859.png,Wilson Warbler,
data/cub/silhouette/Wilson_Warbler_0027_175290.png,Wilson Warbler,
data/cub/silhouette/Wilson_Warbler_0029_175417.png,Wilson Warbler,
data/cub/silhouette/Wilson_Warbler_0033_175259.png,Wilson Warbler,
data/cub/silhouette/Wilson_Warbler_0034_175443.png,Wilson Warbler,
data/cub/silhouette/Wilson_Warbler_0038_175449.png,Wilson Warbler,
data/cub/silhouette/Wilson_Warbler_0040_175347.png,Wilson Warbler,
data/cub/silhouette/Wilson_Warbler_0041_175464.png,Wilson Warbler,
data/cub/silhouette/Wilson_Warbler_0043_175491.png,Wilson Warbler,
data/cub/silhouette/Wilson_Warbler_0045_175623.png,Wilson Warbler,
data/cub/silhouette/Wilson_Warbler_0047_175304.png,Wilson Warbler,
data/cub/silhouette/Wilson_Warbler_0050_175573.png,Wilson Warbler,
data/cub/silhouette/Wilson_Warbler_0054_175285.png,Wilson Warbler,
data/cub/silhouette/Wilson_Warbler_0055_175183.png,Wilson Warbler,
data/cub/silhouette/Wilson_Warbler_0056_175269.png,Wilson Warbler,
data/cub/silhouette/Wilson_Warbler_0059_175249.png,Wilson Warbler,
data/cub/silhouette/Wilson_Warbler_0060_175420.png,Wilson Warbler,
data/cub/silhouette/Wilson_Warbler_0064_175361.png,Wilson Warbler,
data/cub/silhouette/Wilson_Warbler_0065_175924.png,Wilson Warbler,
data/cub/silhouette/Wilson_Warbler_0066_117820.png,Wilson Warbler,
data/cub/silhouette/Wilson_Warbler_0067_175261.png,Wilson Warbler,
data/cub/silhouette/Wilson_Warbler_0069_175181.png,Wilson Warbler,The answer is Red faced Cormorant
data/cub/silhouette/Wilson_Warbler_0070_175169.png,Wilson Warbler,
data/cub/silhouette/Wilson_Warbler_0072_175958.png,Wilson Warbler,Black throated Grosbeak
data/cub/silhouette/Wilson_Warbler_0073_175876.png,Wilson Warbler,
data/cub/silhouette/Wilson_Warbler_0074_175645.png,Wilson Warbler,
data/cub/silhouette/Wilson_Warbler_0075_175234.png,Wilson Warbler,
data/cub/silhouette/Wilson_Warbler_0076_175780.png,Wilson Warbler,
data/cub/silhouette/Wilson_Warbler_0080_175770.png,Wilson Warbler,The answer is Red faced Cormorant
data/cub/silhouette/Wilson_Warbler_0083_175253.png,Wilson Warbler,
data/cub/silhouette/Wilson_Warbler_0089_175619.png,Wilson Warbler,
data/cub/silhouette/Wilson_Warbler_0092_175676.png,Wilson Warbler,
data/cub/silhouette/Wilson_Warbler_0095_175595.png,Wilson Warbler,
data/cub/silhouette/Wilson_Warbler_0099_175559.png,Wilson Warbler,
data/cub/silhouette/Wilson_Warbler_0100_175726.png,Wilson Warbler,
data/cub/silhouette/Wilson_Warbler_0102_175769.png,Wilson Warbler,
data/cub/silhouette/Wilson_Warbler_0107_175320.png,Wilson Warbler,
data/cub/silhouette/Wilson_Warbler_0108_175179.png,Wilson Warbler,
data/cub/silhouette/Wilson_Warbler_0109_175578.png,Wilson Warbler,
data/cub/silhouette/Wilson_Warbler_0114_175295.png,Wilson Warbler,
data/cub/silhouette/Wilson_Warbler_0117_175262.png,Wilson Warbler,
data/cub/silhouette/Wilson_Warbler_0118_175779.png,Wilson Warbler,
data/cub/silhouette/Wilson_Warbler_0122_175937.png,Wilson Warbler,
data/cub/silhouette/Wilson_Warbler_0126_175368.png,Wilson Warbler,The answer is Red faced Cormorant
data/cub/silhouette/Wilson_Warbler_0127_175637.png,Wilson Warbler,
data/cub/silhouette/Wilson_Warbler_0129_175256.png,Wilson Warbler,
data/cub/silhouette/Wilson_Warbler_0131_175268.png,Wilson Warbler,
data/cub/silhouette/Wilson_Warbler_0132_175600.png,Wilson Warbler,
data/cub/silhouette/Wilson_Warbler_0133_175626.png,Wilson Warbler,The correct answer is Black throated Vireo
data/cub/silhouette/Wilson_Warbler_0134_175374.png,Wilson Warbler,
data/cub/silhouette/Wilson_Warbler_0136_175186.png,Wilson Warbler,
data/cub/silhouette/Worm_Eating_Warbler_0002_795533.png,Worm Eating Warbler,The answer is Red faced Cormorant
data/cub/silhouette/Worm_Eating_Warbler_0004_795550.png,Worm Eating Warbler,
data/cub/silhouette/Worm_Eating_Warbler_0005_175977.png,Worm Eating Warbler,
data/cub/silhouette/Worm_Eating_Warbler_0006_176037.png,Worm Eating Warbler,
data/cub/silhouette/Worm_Eating_Warbler_0011_795566.png,Worm Eating Warbler,
data/cub/silhouette/Worm_Eating_Warbler_0012_795515.png,Worm Eating Warbler,The correct answer is Black throated Grosbeak.
data/cub/silhouette/Worm_Eating_Warbler_0013_795534.png,Worm Eating Warbler,
data/cub/silhouette/Worm_Eating_Warbler_0014_176042.png,Worm Eating Warbler,
data/cub/silhouette/Worm_Eating_Warbler_0015_795570.png,Worm Eating Warbler,
data/cub/silhouette/Worm_Eating_Warbler_0016_795528.png,Worm Eating Warbler,
data/cub/silhouette/Worm_Eating_Warbler_0018_795546.png,Worm Eating Warbler,
data/cub/silhouette/Worm_Eating_Warbler_0019_795554.png,Worm Eating Warbler,
data/cub/silhouette/Worm_Eating_Warbler_0021_795545.png,Worm Eating Warbler,
data/cub/silhouette/Worm_Eating_Warbler_0022_176111.png,Worm Eating Warbler,
data/cub/silhouette/Worm_Eating_Warbler_0023_176118.png,Worm Eating Warbler,
data/cub/silhouette/Worm_Eating_Warbler_0026_176096.png,Worm Eating Warbler,
data/cub/silhouette/Worm_Eating_Warbler_0027_176062.png,Worm Eating Warbler,
data/cub/silhouette/Worm_Eating_Warbler_0031_176075.png,Worm Eating Warbler,The answer is Red faced Cormorant
data/cub/silhouette/Worm_Eating_Warbler_0034_795560.png,Worm Eating Warbler,
data/cub/silhouette/Worm_Eating_Warbler_0035_795575.png,Worm Eating Warbler,
data/cub/silhouette/Worm_Eating_Warbler_0036_795573.png,Worm Eating Warbler,
data/cub/silhouette/Worm_Eating_Warbler_0039_176120.png,Worm Eating Warbler,
data/cub/silhouette/Worm_Eating_Warbler_0042_795571.png,Worm Eating Warbler,
data/cub/silhouette/Worm_Eating_Warbler_0045_795518.png,Worm Eating Warbler,
data/cub/silhouette/Worm_Eating_Warbler_0046_176053.png,Worm Eating Warbler,
data/cub/silhouette/Worm_Eating_Warbler_0049_795561.png,Worm Eating Warbler,
data/cub/silhouette/Worm_Eating_Warbler_0050_176150.png,Worm Eating Warbler,The object is a bird.
data/cub/silhouette/Worm_Eating_Warbler_0051_176068.png,Worm Eating Warbler,
data/cub/silhouette/Worm_Eating_Warbler_0053_176079.png,Worm Eating Warbler,
data/cub/silhouette/Worm_Eating_Warbler_0054_176130.png,Worm Eating Warbler,
data/cub/silhouette/Worm_Eating_Warbler_0055_795555.png,Worm Eating Warbler,
data/cub/silhouette/Worm_Eating_Warbler_0056_795547.png,Worm Eating Warbler,
data/cub/silhouette/Worm_Eating_Warbler_0057_176006.png,Worm Eating Warbler,
data/cub/silhouette/Worm_Eating_Warbler_0060_175969.png,Worm Eating Warbler,
data/cub/silhouette/Worm_Eating_Warbler_0061_795537.png,Worm Eating Warbler,
data/cub/silhouette/Worm_Eating_Warbler_0062_795568.png,Worm Eating Warbler,
data/cub/silhouette/Worm_Eating_Warbler_0063_795553.png,Worm Eating Warbler,
data/cub/silhouette/Worm_Eating_Warbler_0065_795551.png,Worm Eating Warbler,
data/cub/silhouette/Worm_Eating_Warbler_0066_92460.png,Worm Eating Warbler,
data/cub/silhouette/Worm_Eating_Warbler_0067_795520.png,Worm Eating Warbler,
data/cub/silhouette/Worm_Eating_Warbler_0069_176055.png,Worm Eating Warbler,
data/cub/silhouette/Worm_Eating_Warbler_0072_795559.png,Worm Eating Warbler,
data/cub/silhouette/Worm_Eating_Warbler_0074_176093.png,Worm Eating Warbler,
data/cub/silhouette/Worm_Eating_Warbler_0075_176045.png,Worm Eating Warbler,
data/cub/silhouette/Worm_Eating_Warbler_0076_176086.png,Worm Eating Warbler,
data/cub/silhouette/Worm_Eating_Warbler_0078_795532.png,Worm Eating Warbler,
data/cub/silhouette/Worm_Eating_Warbler_0079_176036.png,Worm Eating Warbler,
data/cub/silhouette/Worm_Eating_Warbler_0081_175971.png,Worm Eating Warbler,
data/cub/silhouette/Worm_Eating_Warbler_0082_176144.png,Worm Eating Warbler,
data/cub/silhouette/Worm_Eating_Warbler_0085_795540.png,Worm Eating Warbler,
data/cub/silhouette/Worm_Eating_Warbler_0086_176073.png,Worm Eating Warbler,
data/cub/silhouette/Worm_Eating_Warbler_0087_175978.png,Worm Eating Warbler,
data/cub/silhouette/Worm_Eating_Warbler_0090_795523.png,Worm Eating Warbler,
data/cub/silhouette/Worm_Eating_Warbler_0092_795524.png,Worm Eating Warbler,
data/cub/silhouette/Worm_Eating_Warbler_0094_795522.png,Worm Eating Warbler,
data/cub/silhouette/Worm_Eating_Warbler_0097_176010.png,Worm Eating Warbler,
data/cub/silhouette/Worm_Eating_Warbler_0098_795565.png,Worm Eating Warbler,
data/cub/silhouette/Worm_Eating_Warbler_0101_795557.png,Worm Eating Warbler,
data/cub/silhouette/Worm_Eating_Warbler_0102_176069.png,Worm Eating Warbler,
data/cub/silhouette/Yellow_Warbler_0003_176429.png,Yellow Warbler,
data/cub/silhouette/Yellow_Warbler_0004_176947.png,Yellow Warbler,
data/cub/silhouette/Yellow_Warbler_0007_176616.png,Yellow Warbler,
data/cub/silhouette/Yellow_Warbler_0011_176676.png,Yellow Warbler,
data/cub/silhouette/Yellow_Warbler_0013_176437.png,Yellow Warbler,
data/cub/silhouette/Yellow_Warbler_0014_176414.png,Yellow Warbler,
data/cub/silhouette/Yellow_Warbler_0016_176452.png,Yellow Warbler,
data/cub/silhouette/Yellow_Warbler_0017_176888.png,Yellow Warbler,
data/cub/silhouette/Yellow_Warbler_0018_176674.png,Yellow Warbler,
data/cub/silhouette/Yellow_Warbler_0020_176364.png,Yellow Warbler,
data/cub/silhouette/Yellow_Warbler_0021_176421.png,Yellow Warbler,
data/cub/silhouette/Yellow_Warbler_0025_176189.png,Yellow Warbler,
data/cub/silhouette/Yellow_Warbler_0026_176337.png,Yellow Warbler,
data/cub/silhouette/Yellow_Warbler_0028_176391.png,Yellow Warbler,
data/cub/silhouette/Yellow_Warbler_0029_176855.png,Yellow Warbler,
data/cub/silhouette/Yellow_Warbler_0030_176236.png,Yellow Warbler,
data/cub/silhouette/Yellow_Warbler_0031_176282.png,Yellow Warbler,The answer is Red faced Cormorant
data/cub/silhouette/Yellow_Warbler_0034_176204.png,Yellow Warbler,
data/cub/silhouette/Yellow_Warbler_0035_176360.png,Yellow Warbler,
data/cub/silhouette/Yellow_Warbler_0038_176388.png,Yellow Warbler,
data/cub/silhouette/Yellow_Warbler_0039_176444.png,Yellow Warbler,
data/cub/silhouette/Yellow_Warbler_0040_176954.png,Yellow Warbler,
data/cub/silhouette/Yellow_Warbler_0042_176460.png,Yellow Warbler,
data/cub/silhouette/Yellow_Warbler_0043_176247.png,Yellow Warbler,
data/cub/silhouette/Yellow_Warbler_0044_176367.png,Yellow Warbler,
data/cub/silhouette/Yellow_Warbler_0046_176212.png,Yellow Warbler,
data/cub/silhouette/Yellow_Warbler_0047_176456.png,Yellow Warbler,
data/cub/silhouette/Yellow_Warbler_0049_176526.png,Yellow Warbler,The answer is Red faced Cormorant
data/cub/silhouette/Yellow_Warbler_0056_176320.png,Yellow Warbler,
data/cub/silhouette/Yellow_Warbler_0057_176675.png,Yellow Warbler,
data/cub/silhouette/Yellow_Warbler_0058_176891.png,Yellow Warbler,
data/cub/silhouette/Yellow_Warbler_0061_176559.png,Yellow Warbler,
data/cub/silhouette/Yellow_Warbler_0063_176800.png,Yellow Warbler,
data/cub/silhouette/Yellow_Warbler_0067_176856.png,Yellow Warbler,
data/cub/silhouette/Yellow_Warbler_0069_176346.png,Yellow Warbler,
data/cub/silhouette/Yellow_Warbler_0071_176655.png,Yellow Warbler,
data/cub/silhouette/Yellow_Warbler_0073_176218.png,Yellow Warbler,
data/cub/silhouette/Yellow_Warbler_0080_176542.png,Yellow Warbler,
data/cub/silhouette/Yellow_Warbler_0083_176292.png,Yellow Warbler,
data/cub/silhouette/Yellow_Warbler_0087_176591.png,Yellow Warbler,The answer is Red throated Grosbeak
data/cub/silhouette/Yellow_Warbler_0088_176336.png,Yellow Warbler,
data/cub/silhouette/Yellow_Warbler_0090_176366.png,Yellow Warbler,
data/cub/silhouette/Yellow_Warbler_0093_176490.png,Yellow Warbler,The answer is Red faced Cormorant
data/cub/silhouette/Yellow_Warbler_0094_176365.png,Yellow Warbler,
data/cub/silhouette/Yellow_Warbler_0095_176202.png,Yellow Warbler,
data/cub/silhouette/Yellow_Warbler_0096_176586.png,Yellow Warbler,
data/cub/silhouette/Yellow_Warbler_0097_176538.png,Yellow Warbler,
data/cub/silhouette/Yellow_Warbler_0100_176733.png,Yellow Warbler,
data/cub/silhouette/Yellow_Warbler_0101_176864.png,Yellow Warbler,
data/cub/silhouette/Yellow_Warbler_0102_176821.png,Yellow Warbler,
data/cub/silhouette/Yellow_Warbler_0104_176541.png,Yellow Warbler,
data/cub/silhouette/Yellow_Warbler_0105_176849.png,Yellow Warbler,
data/cub/silhouette/Yellow_Warbler_0106_176383.png,Yellow Warbler,
data/cub/silhouette/Yellow_Warbler_0112_176301.png,Yellow Warbler,
data/cub/silhouette/Yellow_Warbler_0114_176201.png,Yellow Warbler,
data/cub/silhouette/Yellow_Warbler_0118_176409.png,Yellow Warbler,
data/cub/silhouette/Yellow_Warbler_0119_176485.png,Yellow Warbler,
data/cub/silhouette/Yellow_Warbler_0121_176402.png,Yellow Warbler,
data/cub/silhouette/Yellow_Warbler_0122_176182.png,Yellow Warbler,
data/cub/silhouette/Yellow_Warbler_0123_176471.png,Yellow Warbler,
data/cub/silhouette/Northern_Waterthrush_0005_177023.png,Northern Waterthrush,
data/cub/silhouette/Northern_Waterthrush_0006_176988.png,Northern Waterthrush,
data/cub/silhouette/Northern_Waterthrush_0009_177078.png,Northern Waterthrush,
data/cub/silhouette/Northern_Waterthrush_0011_177311.png,Northern Waterthrush,
data/cub/silhouette/Northern_Waterthrush_0013_177343.png,Northern Waterthrush,
data/cub/silhouette/Northern_Waterthrush_0014_177305.png,Northern Waterthrush,
data/cub/silhouette/Northern_Waterthrush_0015_177075.png,Northern Waterthrush,
data/cub/silhouette/Northern_Waterthrush_0016_177345.png,Northern Waterthrush,
data/cub/silhouette/Northern_Waterthrush_0020_177149.png,Northern Waterthrush,
data/cub/silhouette/Northern_Waterthrush_0021_177187.png,Northern Waterthrush,The answer is Red faced Cormorant
data/cub/silhouette/Northern_Waterthrush_0022_177003.png,Northern Waterthrush,
data/cub/silhouette/Northern_Waterthrush_0023_177002.png,Northern Waterthrush,
data/cub/silhouette/Northern_Waterthrush_0024_177293.png,Northern Waterthrush,
data/cub/silhouette/Northern_Waterthrush_0027_177286.png,Northern Waterthrush,
data/cub/silhouette/Northern_Waterthrush_0033_177214.png,Northern Waterthrush,
data/cub/silhouette/Northern_Waterthrush_0036_177274.png,Northern Waterthrush,
data/cub/silhouette/Northern_Waterthrush_0038_177027.png,Northern Waterthrush,
data/cub/silhouette/Northern_Waterthrush_0041_177199.png,Northern Waterthrush,
data/cub/silhouette/Northern_Waterthrush_0042_177272.png,Northern Waterthrush,
data/cub/silhouette/Northern_Waterthrush_0043_177070.png,Northern Waterthrush,
data/cub/silhouette/Northern_Waterthrush_0044_176961.png,Northern Waterthrush,
data/cub/silhouette/Northern_Waterthrush_0046_176984.png,Northern Waterthrush,
data/cub/silhouette/Northern_Waterthrush_0047_177304.png,Northern Waterthrush,
data/cub/silhouette/Northern_Waterthrush_0048_177129.png,Northern Waterthrush,The answer is Red faced Cormorant
data/cub/silhouette/Northern_Waterthrush_0049_177173.png,Northern Waterthrush,
data/cub/silhouette/Northern_Waterthrush_0050_177331.png,Northern Waterthrush,
data/cub/silhouette/Northern_Waterthrush_0051_177120.png,Northern Waterthrush,
data/cub/silhouette/Northern_Waterthrush_0055_177114.png,Northern Waterthrush,
data/cub/silhouette/Northern_Waterthrush_0057_177291.png,Northern Waterthrush,
data/cub/silhouette/Northern_Waterthrush_0058_177143.png,Northern Waterthrush,
data/cub/silhouette/Northern_Waterthrush_0060_177213.png,Northern Waterthrush,
data/cub/silhouette/Northern_Waterthrush_0061_177172.png,Northern Waterthrush,
data/cub/silhouette/Northern_Waterthrush_0062_177364.png,Northern Waterthrush,
data/cub/silhouette/Northern_Waterthrush_0063_177346.png,Northern Waterthrush,
data/cub/silhouette/Northern_Waterthrush_0066_177110.png,Northern Waterthrush,
data/cub/silhouette/Northern_Waterthrush_0068_177273.png,Northern Waterthrush,
data/cub/silhouette/Northern_Waterthrush_0070_177096.png,Northern Waterthrush,
data/cub/silhouette/Northern_Waterthrush_0072_177121.png,Northern Waterthrush,
data/cub/silhouette/Northern_Waterthrush_0073_177063.png,Northern Waterthrush,
data/cub/silhouette/Northern_Waterthrush_0075_176978.png,Northern Waterthrush,
data/cub/silhouette/Northern_Waterthrush_0076_176986.png,Northern Waterthrush,
data/cub/silhouette/Northern_Waterthrush_0077_177152.png,Northern Waterthrush,
data/cub/silhouette/Northern_Waterthrush_0079_177008.png,Northern Waterthrush,
data/cub/silhouette/Northern_Waterthrush_0080_177080.png,Northern Waterthrush,
data/cub/silhouette/Northern_Waterthrush_0081_176972.png,Northern Waterthrush,
data/cub/silhouette/Northern_Waterthrush_0082_177243.png,Northern Waterthrush,
data/cub/silhouette/Northern_Waterthrush_0084_177239.png,Northern Waterthrush,
data/cub/silhouette/Northern_Waterthrush_0086_177358.png,Northern Waterthrush,
data/cub/silhouette/Northern_Waterthrush_0087_177148.png,Northern Waterthrush,
data/cub/silhouette/Northern_Waterthrush_0089_177167.png,Northern Waterthrush,
data/cub/silhouette/Northern_Waterthrush_0090_177283.png,Northern Waterthrush,
data/cub/silhouette/Northern_Waterthrush_0093_177141.png,Northern Waterthrush,
data/cub/silhouette/Northern_Waterthrush_0096_177007.png,Northern Waterthrush,
data/cub/silhouette/Northern_Waterthrush_0097_177045.png,Northern Waterthrush,
data/cub/silhouette/Northern_Waterthrush_0098_177116.png,Northern Waterthrush,
data/cub/silhouette/Northern_Waterthrush_0103_177162.png,Northern Waterthrush,
data/cub/silhouette/Northern_Waterthrush_0104_177137.png,Northern Waterthrush,
data/cub/silhouette/Northern_Waterthrush_0105_176970.png,Northern Waterthrush,
data/cub/silhouette/Northern_Waterthrush_0108_177059.png,Northern Waterthrush,
data/cub/silhouette/Northern_Waterthrush_0110_177074.png,Northern Waterthrush,
data/cub/silhouette/Louisiana_Waterthrush_0001_795271.png,Louisiana Waterthrush,
data/cub/silhouette/Louisiana_Waterthrush_0002_795285.png,Louisiana Waterthrush,
data/cub/silhouette/Louisiana_Waterthrush_0003_177479.png,Louisiana Waterthrush,
data/cub/silhouette/Louisiana_Waterthrush_0004_177455.png,Louisiana Waterthrush,
data/cub/silhouette/Louisiana_Waterthrush_0007_795258.png,Louisiana Waterthrush,Black throated Grosbeak
data/cub/silhouette/Louisiana_Waterthrush_0010_795255.png,Louisiana Waterthrush,
data/cub/silhouette/Louisiana_Waterthrush_0014_795238.png,Louisiana Waterthrush,
data/cub/silhouette/Louisiana_Waterthrush_0015_177515.png,Louisiana Waterthrush,
data/cub/silhouette/Louisiana_Waterthrush_0016_795240.png,Louisiana Waterthrush,
data/cub/silhouette/Louisiana_Waterthrush_0018_177557.png,Louisiana Waterthrush,
data/cub/silhouette/Louisiana_Waterthrush_0019_177062.png,Louisiana Waterthrush,
data/cub/silhouette/Louisiana_Waterthrush_0020_795265.png,Louisiana Waterthrush,
data/cub/silhouette/Louisiana_Waterthrush_0021_795250.png,Louisiana Waterthrush,
data/cub/silhouette/Louisiana_Waterthrush_0022_177397.png,Louisiana Waterthrush,
data/cub/silhouette/Louisiana_Waterthrush_0023_795269.png,Louisiana Waterthrush,
data/cub/silhouette/Louisiana_Waterthrush_0025_177403.png,Louisiana Waterthrush,
data/cub/silhouette/Louisiana_Waterthrush_0026_177503.png,Louisiana Waterthrush,
data/cub/silhouette/Louisiana_Waterthrush_0027_177539.png,Louisiana Waterthrush,
data/cub/silhouette/Louisiana_Waterthrush_0029_795262.png,Louisiana Waterthrush,
data/cub/silhouette/Louisiana_Waterthrush_0030_795248.png,Louisiana Waterthrush,
data/cub/silhouette/Louisiana_Waterthrush_0031_177509.png,Louisiana Waterthrush,
data/cub/silhouette/Louisiana_Waterthrush_0032_177385.png,Louisiana Waterthrush,
data/cub/silhouette/Louisiana_Waterthrush_0033_795281.png,Louisiana Waterthrush,
data/cub/silhouette/Louisiana_Waterthrush_0034_795242.png,Louisiana Waterthrush,
data/cub/silhouette/Louisiana_Waterthrush_0035_177457.png,Louisiana Waterthrush,
data/cub/silhouette/Louisiana_Waterthrush_0040_795251.png,Louisiana Waterthrush,
data/cub/silhouette/Louisiana_Waterthrush_0041_795279.png,Louisiana Waterthrush,
data/cub/silhouette/Louisiana_Waterthrush_0042_177551.png,Louisiana Waterthrush,
data/cub/silhouette/Louisiana_Waterthrush_0044_177526.png,Louisiana Waterthrush,
data/cub/silhouette/Louisiana_Waterthrush_0045_795274.png,Louisiana Waterthrush,
data/cub/silhouette/Louisiana_Waterthrush_0046_177604.png,Louisiana Waterthrush,
data/cub/silhouette/Louisiana_Waterthrush_0047_177523.png,Louisiana Waterthrush,The answer is Red faced Cormorant
data/cub/silhouette/Louisiana_Waterthrush_0048_795277.png,Louisiana Waterthrush,
data/cub/silhouette/Louisiana_Waterthrush_0049_795244.png,Louisiana Waterthrush,
data/cub/silhouette/Louisiana_Waterthrush_0052_177519.png,Louisiana Waterthrush,
data/cub/silhouette/Louisiana_Waterthrush_0053_795241.png,Louisiana Waterthrush,
data/cub/silhouette/Louisiana_Waterthrush_0054_176977.png,Louisiana Waterthrush,
data/cub/silhouette/Louisiana_Waterthrush_0055_795280.png,Louisiana Waterthrush,
data/cub/silhouette/Louisiana_Waterthrush_0056_795245.png,Louisiana Waterthrush,
data/cub/silhouette/Louisiana_Waterthrush_0057_795270.png,Louisiana Waterthrush,
data/cub/silhouette/Louisiana_Waterthrush_0058_177388.png,Louisiana Waterthrush,
data/cub/silhouette/Louisiana_Waterthrush_0059_177449.png,Louisiana Waterthrush,
data/cub/silhouette/Louisiana_Waterthrush_0060_177583.png,Louisiana Waterthrush,The answer is Red faced Cormorant
data/cub/silhouette/Louisiana_Waterthrush_0062_177285.png,Louisiana Waterthrush,
data/cub/silhouette/Louisiana_Waterthrush_0064_177380.png,Louisiana Waterthrush,
data/cub/silhouette/Louisiana_Waterthrush_0066_795259.png,Louisiana Waterthrush,The correct answer is Black throated Vireo
data/cub/silhouette/Louisiana_Waterthrush_0068_177462.png,Louisiana Waterthrush,
data/cub/silhouette/Louisiana_Waterthrush_0073_177558.png,Louisiana Waterthrush,
data/cub/silhouette/Louisiana_Waterthrush_0076_795257.png,Louisiana Waterthrush,
data/cub/silhouette/Louisiana_Waterthrush_0077_795247.png,Louisiana Waterthrush,
data/cub/silhouette/Louisiana_Waterthrush_0078_177444.png,Louisiana Waterthrush,
data/cub/silhouette/Louisiana_Waterthrush_0079_795252.png,Louisiana Waterthrush,
data/cub/silhouette/Louisiana_Waterthrush_0080_177379.png,Louisiana Waterthrush,
data/cub/silhouette/Louisiana_Waterthrush_0081_795283.png,Louisiana Waterthrush,
data/cub/silhouette/Louisiana_Waterthrush_0082_177596.png,Louisiana Waterthrush,
data/cub/silhouette/Louisiana_Waterthrush_0086_795263.png,Louisiana Waterthrush,
data/cub/silhouette/Louisiana_Waterthrush_0087_795261.png,Louisiana Waterthrush,
data/cub/silhouette/Louisiana_Waterthrush_0088_795284.png,Louisiana Waterthrush,
data/cub/silhouette/Louisiana_Waterthrush_0091_795246.png,Louisiana Waterthrush,
data/cub/silhouette/Louisiana_Waterthrush_0094_795264.png,Louisiana Waterthrush,
data/cub/silhouette/Bohemian_Waxwing_0001_796680.png,Bohemian Waxwing,
data/cub/silhouette/Bohemian_Waxwing_0002_177986.png,Bohemian Waxwing,
data/cub/silhouette/Bohemian_Waxwing_0004_796652.png,Bohemian Waxwing,
data/cub/silhouette/Bohemian_Waxwing_0006_796651.png,Bohemian Waxwing,
data/cub/silhouette/Bohemian_Waxwing_0009_177972.png,Bohemian Waxwing,The correct answer is Black throated Vireo
data/cub/silhouette/Bohemian_Waxwing_0010_796672.png,Bohemian Waxwing,
data/cub/silhouette/Bohemian_Waxwing_0013_796660.png,Bohemian Waxwing,
data/cub/silhouette/Bohemian_Waxwing_0015_177816.png,Bohemian Waxwing,
data/cub/silhouette/Bohemian_Waxwing_0019_177684.png,Bohemian Waxwing,
data/cub/silhouette/Bohemian_Waxwing_0021_796625.png,Bohemian Waxwing,
data/cub/silhouette/Bohemian_Waxwing_0022_177642.png,Bohemian Waxwing,
data/cub/silhouette/Bohemian_Waxwing_0024_177661.png,Bohemian Waxwing,
data/cub/silhouette/Bohemian_Waxwing_0026_177845.png,Bohemian Waxwing,
data/cub/silhouette/Bohemian_Waxwing_0028_796647.png,Bohemian Waxwing,
data/cub/silhouette/Bohemian_Waxwing_0029_177915.png,Bohemian Waxwing,
data/cub/silhouette/Bohemian_Waxwing_0030_177635.png,Bohemian Waxwing,
data/cub/silhouette/Bohemian_Waxwing_0031_796633.png,Bohemian Waxwing,
data/cub/silhouette/Bohemian_Waxwing_0034_796646.png,Bohemian Waxwing,The correct answer is Black throated Grosbeak.
data/cub/silhouette/Bohemian_Waxwing_0036_796661.png,Bohemian Waxwing,
data/cub/silhouette/Bohemian_Waxwing_0037_796638.png,Bohemian Waxwing,
data/cub/silhouette/Bohemian_Waxwing_0038_796632.png,Bohemian Waxwing,
data/cub/silhouette/Bohemian_Waxwing_0039_177702.png,Bohemian Waxwing,
data/cub/silhouette/Bohemian_Waxwing_0040_177914.png,Bohemian Waxwing,
data/cub/silhouette/Bohemian_Waxwing_0041_177630.png,Bohemian Waxwing,
data/cub/silhouette/Bohemian_Waxwing_0042_177887.png,Bohemian Waxwing,
data/cub/silhouette/Bohemian_Waxwing_0046_177864.png,Bohemian Waxwing,
data/cub/silhouette/Bohemian_Waxwing_0048_177821.png,Bohemian Waxwing,
data/cub/silhouette/Bohemian_Waxwing_0050_796630.png,Bohemian Waxwing,
data/cub/silhouette/Bohemian_Waxwing_0054_796623.png,Bohemian Waxwing,
data/cub/silhouette/Bohemian_Waxwing_0056_796645.png,Bohemian Waxwing,
data/cub/silhouette/Bohemian_Waxwing_0057_177784.png,Bohemian Waxwing,
data/cub/silhouette/Bohemian_Waxwing_0060_796642.png,Bohemian Waxwing,
data/cub/silhouette/Bohemian_Waxwing_0062_796683.png,Bohemian Waxwing,
data/cub/silhouette/Bohemian_Waxwing_0068_796682.png,Bohemian Waxwing,
data/cub/silhouette/Bohemian_Waxwing_0072_177901.png,Bohemian Waxwing,
data/cub/silhouette/Bohemian_Waxwing_0075_796678.png,Bohemian Waxwing,
data/cub/silhouette/Bohemian_Waxwing_0078_796649.png,Bohemian Waxwing,The answer is Red faced Cormorant
data/cub/silhouette/Bohemian_Waxwing_0079_796687.png,Bohemian Waxwing,
data/cub/silhouette/Bohemian_Waxwing_0081_796636.png,Bohemian Waxwing,
data/cub/silhouette/Bohemian_Waxwing_0082_796655.png,Bohemian Waxwing,
data/cub/silhouette/Bohemian_Waxwing_0084_796639.png,Bohemian Waxwing,
data/cub/silhouette/Bohemian_Waxwing_0091_796634.png,Bohemian Waxwing,
data/cub/silhouette/Bohemian_Waxwing_0092_796666.png,Bohemian Waxwing,
data/cub/silhouette/Bohemian_Waxwing_0094_177955.png,Bohemian Waxwing,
data/cub/silhouette/Bohemian_Waxwing_0095_177709.png,Bohemian Waxwing,
data/cub/silhouette/Bohemian_Waxwing_0096_177969.png,Bohemian Waxwing,
data/cub/silhouette/Bohemian_Waxwing_0097_177944.png,Bohemian Waxwing,
data/cub/silhouette/Bohemian_Waxwing_0098_178009.png,Bohemian Waxwing,The answer is Red faced Cormorant
data/cub/silhouette/Bohemian_Waxwing_0099_177747.png,Bohemian Waxwing,
data/cub/silhouette/Bohemian_Waxwing_0100_796627.png,Bohemian Waxwing,
data/cub/silhouette/Bohemian_Waxwing_0101_796653.png,Bohemian Waxwing,
data/cub/silhouette/Bohemian_Waxwing_0102_796692.png,Bohemian Waxwing,
data/cub/silhouette/Bohemian_Waxwing_0104_177676.png,Bohemian Waxwing,
data/cub/silhouette/Bohemian_Waxwing_0113_177823.png,Bohemian Waxwing,
data/cub/silhouette/Bohemian_Waxwing_0114_177621.png,Bohemian Waxwing,
data/cub/silhouette/Bohemian_Waxwing_0115_177724.png,Bohemian Waxwing,
data/cub/silhouette/Bohemian_Waxwing_0117_177858.png,Bohemian Waxwing,
data/cub/silhouette/Bohemian_Waxwing_0119_177942.png,Bohemian Waxwing,
data/cub/silhouette/Bohemian_Waxwing_0121_796658.png,Bohemian Waxwing,
data/cub/silhouette/Bohemian_Waxwing_0122_796654.png,Bohemian Waxwing,The answer is Red faced Cormorant
data/cub/silhouette/Cedar_Waxwing_0001_179170.png,Cedar Waxwing,The answer is Red faced Cormorant
data/cub/silhouette/Cedar_Waxwing_0002_179071.png,Cedar Waxwing,
data/cub/silhouette/Cedar_Waxwing_0003_178570.png,Cedar Waxwing,
data/cub/silhouette/Cedar_Waxwing_0004_179215.png,Cedar Waxwing,
data/cub/silhouette/Cedar_Waxwing_0006_179394.png,Cedar Waxwing,
data/cub/silhouette/Cedar_Waxwing_0008_178345.png,Cedar Waxwing,
data/cub/silhouette/Cedar_Waxwing_0010_178891.png,Cedar Waxwing,
data/cub/silhouette/Cedar_Waxwing_0011_179149.png,Cedar Waxwing,
data/cub/silhouette/Cedar_Waxwing_0013_178830.png,Cedar Waxwing,
data/cub/silhouette/Cedar_Waxwing_0015_178818.png,Cedar Waxwing,
data/cub/silhouette/Cedar_Waxwing_0016_178629.png,Cedar Waxwing,
data/cub/silhouette/Cedar_Waxwing_0019_178654.png,Cedar Waxwing,
data/cub/silhouette/Cedar_Waxwing_0024_178230.png,Cedar Waxwing,
data/cub/silhouette/Cedar_Waxwing_0026_178878.png,Cedar Waxwing,
data/cub/silhouette/Cedar_Waxwing_0028_179724.png,Cedar Waxwing,
data/cub/silhouette/Cedar_Waxwing_0029_179569.png,Cedar Waxwing,
data/cub/silhouette/Cedar_Waxwing_0030_178202.png,Cedar Waxwing,
data/cub/silhouette/Cedar_Waxwing_0031_178929.png,Cedar Waxwing,
data/cub/silhouette/Cedar_Waxwing_0033_178737.png,Cedar Waxwing,
data/cub/silhouette/Cedar_Waxwing_0034_179715.png,Cedar Waxwing,
data/cub/silhouette/Cedar_Waxwing_0037_179710.png,Cedar Waxwing,
data/cub/silhouette/Cedar_Waxwing_0041_179183.png,Cedar Waxwing,
data/cub/silhouette/Cedar_Waxwing_0042_179391.png,Cedar Waxwing,
data/cub/silhouette/Cedar_Waxwing_0043_178321.png,Cedar Waxwing,
data/cub/silhouette/Cedar_Waxwing_0048_178960.png,Cedar Waxwing,
data/cub/silhouette/Cedar_Waxwing_0049_178723.png,Cedar Waxwing,
data/cub/silhouette/Cedar_Waxwing_0051_178385.png,Cedar Waxwing,
data/cub/silhouette/Cedar_Waxwing_0053_178892.png,Cedar Waxwing,
data/cub/silhouette/Cedar_Waxwing_0054_178141.png,Cedar Waxwing,
data/cub/silhouette/Cedar_Waxwing_0057_178370.png,Cedar Waxwing,
data/cub/silhouette/Cedar_Waxwing_0058_178795.png,Cedar Waxwing,
data/cub/silhouette/Cedar_Waxwing_0059_178500.png,Cedar Waxwing,
data/cub/silhouette/Cedar_Waxwing_0060_178190.png,Cedar Waxwing,The answer is Red faced Cormorant
data/cub/silhouette/Cedar_Waxwing_0061_179305.png,Cedar Waxwing,
data/cub/silhouette/Cedar_Waxwing_0062_178788.png,Cedar Waxwing,
data/cub/silhouette/Cedar_Waxwing_0065_179017.png,Cedar Waxwing,
data/cub/silhouette/Cedar_Waxwing_0066_178719.png,Cedar Waxwing,
data/cub/silhouette/Cedar_Waxwing_0069_179310.png,Cedar Waxwing,
data/cub/silhouette/Cedar_Waxwing_0070_179007.png,Cedar Waxwing,
data/cub/silhouette/Cedar_Waxwing_0072_178058.png,Cedar Waxwing,
data/cub/silhouette/Cedar_Waxwing_0074_178888.png,Cedar Waxwing,
data/cub/silhouette/Cedar_Waxwing_0075_179114.png,Cedar Waxwing,
data/cub/silhouette/Cedar_Waxwing_0076_178732.png,Cedar Waxwing,
data/cub/silhouette/Cedar_Waxwing_0077_178191.png,Cedar Waxwing,
data/cub/silhouette/Cedar_Waxwing_0083_178743.png,Cedar Waxwing,The answer is Red faced Cormorant
data/cub/silhouette/Cedar_Waxwing_0092_179123.png,Cedar Waxwing,
data/cub/silhouette/Cedar_Waxwing_0093_178139.png,Cedar Waxwing,
data/cub/silhouette/Cedar_Waxwing_0094_178049.png,Cedar Waxwing,
data/cub/silhouette/Cedar_Waxwing_0095_178163.png,Cedar Waxwing,
data/cub/silhouette/Cedar_Waxwing_0096_178164.png,Cedar Waxwing,
data/cub/silhouette/Cedar_Waxwing_0098_178971.png,Cedar Waxwing,
data/cub/silhouette/Cedar_Waxwing_0100_178643.png,Cedar Waxwing,
data/cub/silhouette/Cedar_Waxwing_0101_179707.png,Cedar Waxwing,
data/cub/silhouette/Cedar_Waxwing_0103_179559.png,Cedar Waxwing,
data/cub/silhouette/Cedar_Waxwing_0107_179098.png,Cedar Waxwing,
data/cub/silhouette/Cedar_Waxwing_0113_178627.png,Cedar Waxwing,
data/cub/silhouette/Cedar_Waxwing_0118_178779.png,Cedar Waxwing,
data/cub/silhouette/Cedar_Waxwing_0124_178857.png,Cedar Waxwing,
data/cub/silhouette/Cedar_Waxwing_0125_178921.png,Cedar Waxwing,
data/cub/silhouette/Cedar_Waxwing_0130_178308.png,Cedar Waxwing,The answer is Red faced Cormorant
data/cub/silhouette/American_Three_Toed_Woodpecker_0001_179912.png,American Three Toed Woodpecker,
data/cub/silhouette/American_Three_Toed_Woodpecker_0002_179885.png,American Three Toed Woodpecker,
data/cub/silhouette/American_Three_Toed_Woodpecker_0003_179891.png,American Three Toed Woodpecker,
data/cub/silhouette/American_Three_Toed_Woodpecker_0004_179908.png,American Three Toed Woodpecker,
data/cub/silhouette/American_Three_Toed_Woodpecker_0005_179902.png,American Three Toed Woodpecker,
data/cub/silhouette/American_Three_Toed_Woodpecker_0006_179838.png,American Three Toed Woodpecker,
data/cub/silhouette/American_Three_Toed_Woodpecker_0007_179932.png,American Three Toed Woodpecker,
data/cub/silhouette/American_Three_Toed_Woodpecker_0008_179850.png,American Three Toed Woodpecker,
data/cub/silhouette/American_Three_Toed_Woodpecker_0009_179919.png,American Three Toed Woodpecker,
data/cub/silhouette/American_Three_Toed_Woodpecker_0010_179874.png,American Three Toed Woodpecker,
data/cub/silhouette/American_Three_Toed_Woodpecker_0011_179847.png,American Three Toed Woodpecker,
data/cub/silhouette/American_Three_Toed_Woodpecker_0012_179905.png,American Three Toed Woodpecker,
data/cub/silhouette/American_Three_Toed_Woodpecker_0013_179833.png,American Three Toed Woodpecker,
data/cub/silhouette/American_Three_Toed_Woodpecker_0014_179882.png,American Three Toed Woodpecker,The answer is Red faced Cormorant
data/cub/silhouette/American_Three_Toed_Woodpecker_0015_179827.png,American Three Toed Woodpecker,
data/cub/silhouette/American_Three_Toed_Woodpecker_0016_179927.png,American Three Toed Woodpecker,
data/cub/silhouette/American_Three_Toed_Woodpecker_0017_179830.png,American Three Toed Woodpecker,
data/cub/silhouette/American_Three_Toed_Woodpecker_0018_179831.png,American Three Toed Woodpecker,
data/cub/silhouette/American_Three_Toed_Woodpecker_0019_179870.png,American Three Toed Woodpecker,
data/cub/silhouette/American_Three_Toed_Woodpecker_0020_179828.png,American Three Toed Woodpecker,
data/cub/silhouette/American_Three_Toed_Woodpecker_0021_179832.png,American Three Toed Woodpecker,
data/cub/silhouette/American_Three_Toed_Woodpecker_0022_179933.png,American Three Toed Woodpecker,
data/cub/silhouette/American_Three_Toed_Woodpecker_0023_179909.png,American Three Toed Woodpecker,
data/cub/silhouette/American_Three_Toed_Woodpecker_0024_179876.png,American Three Toed Woodpecker,
data/cub/silhouette/American_Three_Toed_Woodpecker_0025_179918.png,American Three Toed Woodpecker,
data/cub/silhouette/American_Three_Toed_Woodpecker_0026_796157.png,American Three Toed Woodpecker,
data/cub/silhouette/American_Three_Toed_Woodpecker_0027_796147.png,American Three Toed Woodpecker,
data/cub/silhouette/American_Three_Toed_Woodpecker_0028_796175.png,American Three Toed Woodpecker,
data/cub/silhouette/American_Three_Toed_Woodpecker_0029_796143.png,American Three Toed Woodpecker,
data/cub/silhouette/American_Three_Toed_Woodpecker_0030_796144.png,American Three Toed Woodpecker,
data/cub/silhouette/American_Three_Toed_Woodpecker_0031_796172.png,American Three Toed Woodpecker,
data/cub/silhouette/American_Three_Toed_Woodpecker_0032_796170.png,American Three Toed Woodpecker,
data/cub/silhouette/American_Three_Toed_Woodpecker_0033_796169.png,American Three Toed Woodpecker,
data/cub/silhouette/American_Three_Toed_Woodpecker_0034_796165.png,American Three Toed Woodpecker,
data/cub/silhouette/American_Three_Toed_Woodpecker_0035_796158.png,American Three Toed Woodpecker,
data/cub/silhouette/American_Three_Toed_Woodpecker_0036_796146.png,American Three Toed Woodpecker,
data/cub/silhouette/American_Three_Toed_Woodpecker_0037_796166.png,American Three Toed Woodpecker,The answer is Red faced Cormorant
data/cub/silhouette/American_Three_Toed_Woodpecker_0038_796182.png,American Three Toed Woodpecker,
data/cub/silhouette/American_Three_Toed_Woodpecker_0039_796168.png,American Three Toed Woodpecker,
data/cub/silhouette/American_Three_Toed_Woodpecker_0040_796180.png,American Three Toed Woodpecker,
data/cub/silhouette/American_Three_Toed_Woodpecker_0041_796150.png,American Three Toed Woodpecker,
data/cub/silhouette/American_Three_Toed_Woodpecker_0042_796149.png,American Three Toed Woodpecker,
data/cub/silhouette/American_Three_Toed_Woodpecker_0043_796187.png,American Three Toed Woodpecker,
data/cub/silhouette/American_Three_Toed_Woodpecker_0044_796151.png,American Three Toed Woodpecker,
data/cub/silhouette/American_Three_Toed_Woodpecker_0045_796148.png,American Three Toed Woodpecker,
data/cub/silhouette/American_Three_Toed_Woodpecker_0046_796153.png,American Three Toed Woodpecker,
data/cub/silhouette/American_Three_Toed_Woodpecker_0047_796185.png,American Three Toed Woodpecker,
data/cub/silhouette/American_Three_Toed_Woodpecker_0048_796163.png,American Three Toed Woodpecker,
data/cub/silhouette/American_Three_Toed_Woodpecker_0049_796191.png,American Three Toed Woodpecker,The answer is Red faced Cormorant
data/cub/silhouette/American_Three_Toed_Woodpecker_0050_796186.png,American Three Toed Woodpecker,
data/cub/silhouette/Pileated_Woodpecker_0002_180024.png,Pileated Woodpecker,
data/cub/silhouette/Pileated_Woodpecker_0004_180307.png,Pileated Woodpecker,
data/cub/silhouette/Pileated_Woodpecker_0008_180400.png,Pileated Woodpecker,
data/cub/silhouette/Pileated_Woodpecker_0009_180460.png,Pileated Woodpecker,
data/cub/silhouette/Pileated_Woodpecker_0011_180519.png,Pileated Woodpecker,
data/cub/silhouette/Pileated_Woodpecker_0012_179976.png,Pileated Woodpecker,The answer is Red faced Cormorant
data/cub/silhouette/Pileated_Woodpecker_0013_180746.png,Pileated Woodpecker,
data/cub/silhouette/Pileated_Woodpecker_0015_180072.png,Pileated Woodpecker,
data/cub/silhouette/Pileated_Woodpecker_0025_180253.png,Pileated Woodpecker,
data/cub/silhouette/Pileated_Woodpecker_0026_180078.png,Pileated Woodpecker,
data/cub/silhouette/Pileated_Woodpecker_0027_179956.png,Pileated Woodpecker,
data/cub/silhouette/Pileated_Woodpecker_0028_180258.png,Pileated Woodpecker,
data/cub/silhouette/Pileated_Woodpecker_0030_180208.png,Pileated Woodpecker,
data/cub/silhouette/Pileated_Woodpecker_0032_180347.png,Pileated Woodpecker,
data/cub/silhouette/Pileated_Woodpecker_0033_180179.png,Pileated Woodpecker,
data/cub/silhouette/Pileated_Woodpecker_0034_180419.png,Pileated Woodpecker,
data/cub/silhouette/Pileated_Woodpecker_0038_180300.png,Pileated Woodpecker,
data/cub/silhouette/Pileated_Woodpecker_0039_180012.png,Pileated Woodpecker,
data/cub/silhouette/Pileated_Woodpecker_0041_180461.png,Pileated Woodpecker,
data/cub/silhouette/Pileated_Woodpecker_0050_180398.png,Pileated Woodpecker,
data/cub/silhouette/Pileated_Woodpecker_0051_179965.png,Pileated Woodpecker,
data/cub/silhouette/Pileated_Woodpecker_0053_179960.png,Pileated Woodpecker,
data/cub/silhouette/Pileated_Woodpecker_0056_180094.png,Pileated Woodpecker,
data/cub/silhouette/Pileated_Woodpecker_0057_180612.png,Pileated Woodpecker,
data/cub/silhouette/Pileated_Woodpecker_0059_180177.png,Pileated Woodpecker,The answer is Red faced Cormorant
data/cub/silhouette/Pileated_Woodpecker_0060_180443.png,Pileated Woodpecker,
data/cub/silhouette/Pileated_Woodpecker_0065_180324.png,Pileated Woodpecker,
data/cub/silhouette/Pileated_Woodpecker_0067_179979.png,Pileated Woodpecker,
data/cub/silhouette/Pileated_Woodpecker_0070_180034.png,Pileated Woodpecker,
data/cub/silhouette/Pileated_Woodpecker_0072_180006.png,Pileated Woodpecker,
data/cub/silhouette/Pileated_Woodpecker_0073_180345.png,Pileated Woodpecker,
data/cub/silhouette/Pileated_Woodpecker_0074_180306.png,Pileated Woodpecker,
data/cub/silhouette/Pileated_Woodpecker_0075_180480.png,Pileated Woodpecker,
data/cub/silhouette/Pileated_Woodpecker_0077_180286.png,Pileated Woodpecker,
data/cub/silhouette/Pileated_Woodpecker_0078_180236.png,Pileated Woodpecker,
data/cub/silhouette/Pileated_Woodpecker_0079_180388.png,Pileated Woodpecker,
data/cub/silhouette/Pileated_Woodpecker_0080_180589.png,Pileated Woodpecker,
data/cub/silhouette/Pileated_Woodpecker_0081_180249.png,Pileated Woodpecker,
data/cub/silhouette/Pileated_Woodpecker_0082_180523.png,Pileated Woodpecker,
data/cub/silhouette/Pileated_Woodpecker_0083_180038.png,Pileated Woodpecker,
data/cub/silhouette/Pileated_Woodpecker_0086_180096.png,Pileated Woodpecker,
data/cub/silhouette/Pileated_Woodpecker_0087_179959.png,Pileated Woodpecker,
data/cub/silhouette/Pileated_Woodpecker_0088_180054.png,Pileated Woodpecker,
data/cub/silhouette/Pileated_Woodpecker_0089_179969.png,Pileated Woodpecker,
data/cub/silhouette/Pileated_Woodpecker_0091_180343.png,Pileated Woodpecker,
data/cub/silhouette/Pileated_Woodpecker_0093_180205.png,Pileated Woodpecker,
data/cub/silhouette/Pileated_Woodpecker_0097_180392.png,Pileated Woodpecker,The answer is Red faced Cormorant
data/cub/silhouette/Pileated_Woodpecker_0098_180170.png,Pileated Woodpecker,
data/cub/silhouette/Pileated_Woodpecker_0105_180246.png,Pileated Woodpecker,
data/cub/silhouette/Pileated_Woodpecker_0106_180446.png,Pileated Woodpecker,
data/cub/silhouette/Pileated_Woodpecker_0110_180521.png,Pileated Woodpecker,
data/cub/silhouette/Pileated_Woodpecker_0112_180439.png,Pileated Woodpecker,
data/cub/silhouette/Pileated_Woodpecker_0114_180455.png,Pileated Woodpecker,
data/cub/silhouette/Pileated_Woodpecker_0116_179948.png,Pileated Woodpecker,
data/cub/silhouette/Pileated_Woodpecker_0118_180138.png,Pileated Woodpecker,
data/cub/silhouette/Pileated_Woodpecker_0119_180030.png,Pileated Woodpecker,
data/cub/silhouette/Pileated_Woodpecker_0121_180026.png,Pileated Woodpecker,
data/cub/silhouette/Pileated_Woodpecker_0123_180076.png,Pileated Woodpecker,
data/cub/silhouette/Pileated_Woodpecker_0124_180168.png,Pileated Woodpecker,
data/cub/silhouette/Pileated_Woodpecker_0125_179971.png,Pileated Woodpecker,
data/cub/silhouette/Red_Bellied_Woodpecker_0002_180879.png,Red Bellied Woodpecker,
data/cub/silhouette/Red_Bellied_Woodpecker_0007_182242.png,Red Bellied Woodpecker,
data/cub/silhouette/Red_Bellied_Woodpecker_0008_180858.png,Red Bellied Woodpecker,
data/cub/silhouette/Red_Bellied_Woodpecker_0009_180961.png,Red Bellied Woodpecker,
data/cub/silhouette/Red_Bellied_Woodpecker_0010_180772.png,Red Bellied Woodpecker,
data/cub/silhouette/Red_Bellied_Woodpecker_0012_181765.png,Red Bellied Woodpecker,
data/cub/silhouette/Red_Bellied_Woodpecker_0015_182320.png,Red Bellied Woodpecker,
data/cub/silhouette/Red_Bellied_Woodpecker_0016_180760.png,Red Bellied Woodpecker,
data/cub/silhouette/Red_Bellied_Woodpecker_0017_181131.png,Red Bellied Woodpecker,
data/cub/silhouette/Red_Bellied_Woodpecker_0020_182335.png,Red Bellied Woodpecker,
data/cub/silhouette/Red_Bellied_Woodpecker_0021_182303.png,Red Bellied Woodpecker,
data/cub/silhouette/Red_Bellied_Woodpecker_0022_181969.png,Red Bellied Woodpecker,
data/cub/silhouette/Red_Bellied_Woodpecker_0023_181958.png,Red Bellied Woodpecker,
data/cub/silhouette/Red_Bellied_Woodpecker_0025_180756.png,Red Bellied Woodpecker,
data/cub/silhouette/Red_Bellied_Woodpecker_0026_180783.png,Red Bellied Woodpecker,
data/cub/silhouette/Red_Bellied_Woodpecker_0028_181830.png,Red Bellied Woodpecker,
data/cub/silhouette/Red_Bellied_Woodpecker_0031_180975.png,Red Bellied Woodpecker,
data/cub/silhouette/Red_Bellied_Woodpecker_0032_181587.png,Red Bellied Woodpecker,
data/cub/silhouette/Red_Bellied_Woodpecker_0035_181913.png,Red Bellied Woodpecker,The answer is Red faced Cormorant
data/cub/silhouette/Red_Bellied_Woodpecker_0039_180814.png,Red Bellied Woodpecker,
data/cub/silhouette/Red_Bellied_Woodpecker_0042_181062.png,Red Bellied Woodpecker,
data/cub/silhouette/Red_Bellied_Woodpecker_0044_181122.png,Red Bellied Woodpecker,
data/cub/silhouette/Red_Bellied_Woodpecker_0049_180755.png,Red Bellied Woodpecker,
data/cub/silhouette/Red_Bellied_Woodpecker_0050_180751.png,Red Bellied Woodpecker,The answer is Red faced Cormorant
data/cub/silhouette/Red_Bellied_Woodpecker_0054_182031.png,Red Bellied Woodpecker,
data/cub/silhouette/Red_Bellied_Woodpecker_0055_180768.png,Red Bellied Woodpecker,
data/cub/silhouette/Red_Bellied_Woodpecker_0056_180946.png,Red Bellied Woodpecker,
data/cub/silhouette/Red_Bellied_Woodpecker_0057_182154.png,Red Bellied Woodpecker,
data/cub/silhouette/Red_Bellied_Woodpecker_0058_182317.png,Red Bellied Woodpecker,
data/cub/silhouette/Red_Bellied_Woodpecker_0066_182253.png,Red Bellied Woodpecker,
data/cub/silhouette/Red_Bellied_Woodpecker_0068_180949.png,Red Bellied Woodpecker,
data/cub/silhouette/Red_Bellied_Woodpecker_0069_181248.png,Red Bellied Woodpecker,
data/cub/silhouette/Red_Bellied_Woodpecker_0070_181182.png,Red Bellied Woodpecker,
data/cub/silhouette/Red_Bellied_Woodpecker_0071_180866.png,Red Bellied Woodpecker,
data/cub/silhouette/Red_Bellied_Woodpecker_0073_180994.png,Red Bellied Woodpecker,
data/cub/silhouette/Red_Bellied_Woodpecker_0074_180936.png,Red Bellied Woodpecker,
data/cub/silhouette/Red_Bellied_Woodpecker_0075_180788.png,Red Bellied Woodpecker,
data/cub/silhouette/Red_Bellied_Woodpecker_0077_182334.png,Red Bellied Woodpecker,
data/cub/silhouette/Red_Bellied_Woodpecker_0078_181887.png,Red Bellied Woodpecker,
data/cub/silhouette/Red_Bellied_Woodpecker_0079_181010.png,Red Bellied Woodpecker,
data/cub/silhouette/Red_Bellied_Woodpecker_0081_182336.png,Red Bellied Woodpecker,
data/cub/silhouette/Red_Bellied_Woodpecker_0086_181891.png,Red Bellied Woodpecker,
data/cub/silhouette/Red_Bellied_Woodpecker_0088_180941.png,Red Bellied Woodpecker,
data/cub/silhouette/Red_Bellied_Woodpecker_0089_181907.png,Red Bellied Woodpecker,
data/cub/silhouette/Red_Bellied_Woodpecker_0091_180938.png,Red Bellied Woodpecker,
data/cub/silhouette/Red_Bellied_Woodpecker_0092_182235.png,Red Bellied Woodpecker,
data/cub/silhouette/Red_Bellied_Woodpecker_0095_180948.png,Red Bellied Woodpecker,
data/cub/silhouette/Red_Bellied_Woodpecker_0097_181363.png,Red Bellied Woodpecker,
data/cub/silhouette/Red_Bellied_Woodpecker_0099_180766.png,Red Bellied Woodpecker,
data/cub/silhouette/Red_Bellied_Woodpecker_0103_180803.png,Red Bellied Woodpecker,
data/cub/silhouette/Red_Bellied_Woodpecker_0104_181616.png,Red Bellied Woodpecker,
data/cub/silhouette/Red_Bellied_Woodpecker_0106_180757.png,Red Bellied Woodpecker,
data/cub/silhouette/Red_Bellied_Woodpecker_0108_180956.png,Red Bellied Woodpecker,
data/cub/silhouette/Red_Bellied_Woodpecker_0110_181188.png,Red Bellied Woodpecker,
data/cub/silhouette/Red_Bellied_Woodpecker_0112_180827.png,Red Bellied Woodpecker,
data/cub/silhouette/Red_Bellied_Woodpecker_0114_181092.png,Red Bellied Woodpecker,
data/cub/silhouette/Red_Bellied_Woodpecker_0115_180775.png,Red Bellied Woodpecker,
data/cub/silhouette/Red_Bellied_Woodpecker_0120_181420.png,Red Bellied Woodpecker,
data/cub/silhouette/Red_Bellied_Woodpecker_0123_182116.png,Red Bellied Woodpecker,
data/cub/silhouette/Red_Bellied_Woodpecker_0125_180780.png,Red Bellied Woodpecker,
data/cub/silhouette/Red_Cockaded_Woodpecker_0001_182541.png,Red Cockaded Woodpecker,
data/cub/silhouette/Red_Cockaded_Woodpecker_0002_794696.png,Red Cockaded Woodpecker,
data/cub/silhouette/Red_Cockaded_Woodpecker_0003_794695.png,Red Cockaded Woodpecker,
data/cub/silhouette/Red_Cockaded_Woodpecker_0004_182340.png,Red Cockaded Woodpecker,
data/cub/silhouette/Red_Cockaded_Woodpecker_0006_182592.png,Red Cockaded Woodpecker,
data/cub/silhouette/Red_Cockaded_Woodpecker_0007_794755.png,Red Cockaded Woodpecker,The answer is Red faced Cormorant
data/cub/silhouette/Red_Cockaded_Woodpecker_0008_794753.png,Red Cockaded Woodpecker,
data/cub/silhouette/Red_Cockaded_Woodpecker_0009_182540.png,Red Cockaded Woodpecker,
data/cub/silhouette/Red_Cockaded_Woodpecker_0010_182451.png,Red Cockaded Woodpecker,
data/cub/silhouette/Red_Cockaded_Woodpecker_0012_794697.png,Red Cockaded Woodpecker,
data/cub/silhouette/Red_Cockaded_Woodpecker_0013_794740.png,Red Cockaded Woodpecker,
data/cub/silhouette/Red_Cockaded_Woodpecker_0014_794718.png,Red Cockaded Woodpecker,
data/cub/silhouette/Red_Cockaded_Woodpecker_0015_182459.png,Red Cockaded Woodpecker,
data/cub/silhouette/Red_Cockaded_Woodpecker_0016_182493.png,Red Cockaded Woodpecker,
data/cub/silhouette/Red_Cockaded_Woodpecker_0017_794712.png,Red Cockaded Woodpecker,
data/cub/silhouette/Red_Cockaded_Woodpecker_0018_794705.png,Red Cockaded Woodpecker,
data/cub/silhouette/Red_Cockaded_Woodpecker_0020_182683.png,Red Cockaded Woodpecker,
data/cub/silhouette/Red_Cockaded_Woodpecker_0021_182647.png,Red Cockaded Woodpecker,
data/cub/silhouette/Red_Cockaded_Woodpecker_0022_794700.png,Red Cockaded Woodpecker,
data/cub/silhouette/Red_Cockaded_Woodpecker_0023_794701.png,Red Cockaded Woodpecker,
data/cub/silhouette/Red_Cockaded_Woodpecker_0024_794708.png,Red Cockaded Woodpecker,
data/cub/silhouette/Red_Cockaded_Woodpecker_0025_794710.png,Red Cockaded Woodpecker,
data/cub/silhouette/Red_Cockaded_Woodpecker_0027_794713.png,Red Cockaded Woodpecker,The answer is Red throated Grosbeak
data/cub/silhouette/Red_Cockaded_Woodpecker_0028_182395.png,Red Cockaded Woodpecker,
data/cub/silhouette/Red_Cockaded_Woodpecker_0029_794724.png,Red Cockaded Woodpecker,
data/cub/silhouette/Red_Cockaded_Woodpecker_0030_794711.png,Red Cockaded Woodpecker,
data/cub/silhouette/Red_Cockaded_Woodpecker_0031_794737.png,Red Cockaded Woodpecker,
data/cub/silhouette/Red_Cockaded_Woodpecker_0032_182376.png,Red Cockaded Woodpecker,
data/cub/silhouette/Red_Cockaded_Woodpecker_0033_794721.png,Red Cockaded Woodpecker,
data/cub/silhouette/Red_Cockaded_Woodpecker_0034_794720.png,Red Cockaded Woodpecker,The answer is Red faced Cormorant
data/cub/silhouette/Red_Cockaded_Woodpecker_0035_182435.png,Red Cockaded Woodpecker,
data/cub/silhouette/Red_Cockaded_Woodpecker_0036_182519.png,Red Cockaded Woodpecker,
data/cub/silhouette/Red_Cockaded_Woodpecker_0037_794733.png,Red Cockaded Woodpecker,
data/cub/silhouette/Red_Cockaded_Woodpecker_0038_794719.png,Red Cockaded Woodpecker,
data/cub/silhouette/Red_Cockaded_Woodpecker_0039_794736.png,Red Cockaded Woodpecker,
data/cub/silhouette/Red_Cockaded_Woodpecker_0040_182502.png,Red Cockaded Woodpecker,
data/cub/silhouette/Red_Cockaded_Woodpecker_0041_182408.png,Red Cockaded Woodpecker,
data/cub/silhouette/Red_Cockaded_Woodpecker_0042_182373.png,Red Cockaded Woodpecker,
data/cub/silhouette/Red_Cockaded_Woodpecker_0044_182374.png,Red Cockaded Woodpecker,
data/cub/silhouette/Red_Cockaded_Woodpecker_0045_794727.png,Red Cockaded Woodpecker,
data/cub/silhouette/Red_Cockaded_Woodpecker_0046_794722.png,Red Cockaded Woodpecker,
data/cub/silhouette/Red_Cockaded_Woodpecker_0047_794704.png,Red Cockaded Woodpecker,
data/cub/silhouette/Red_Cockaded_Woodpecker_0048_182599.png,Red Cockaded Woodpecker,
data/cub/silhouette/Red_Cockaded_Woodpecker_0049_182452.png,Red Cockaded Woodpecker,
data/cub/silhouette/Red_Cockaded_Woodpecker_0050_794743.png,Red Cockaded Woodpecker,
data/cub/silhouette/Red_Cockaded_Woodpecker_0051_182347.png,Red Cockaded Woodpecker,
data/cub/silhouette/Red_Cockaded_Woodpecker_0052_794752.png,Red Cockaded Woodpecker,
data/cub/silhouette/Red_Cockaded_Woodpecker_0053_794707.png,Red Cockaded Woodpecker,
data/cub/silhouette/Red_Cockaded_Woodpecker_0054_794699.png,Red Cockaded Woodpecker,
data/cub/silhouette/Red_Cockaded_Woodpecker_0055_182520.png,Red Cockaded Woodpecker,
data/cub/silhouette/Red_Cockaded_Woodpecker_0056_794734.png,Red Cockaded Woodpecker,
data/cub/silhouette/Red_Cockaded_Woodpecker_0057_794725.png,Red Cockaded Woodpecker,
data/cub/silhouette/Red_Cockaded_Woodpecker_0058_794739.png,Red Cockaded Woodpecker,
data/cub/silhouette/Red_Cockaded_Woodpecker_0059_794709.png,Red Cockaded Woodpecker,
data/cub/silhouette/Red_Cockaded_Woodpecker_0060_182377.png,Red Cockaded Woodpecker,
data/cub/silhouette/Red_Cockaded_Woodpecker_0061_794728.png,Red Cockaded Woodpecker,
data/cub/silhouette/Red_Cockaded_Woodpecker_0062_182371.png,Red Cockaded Woodpecker,
data/cub/silhouette/Red_Cockaded_Woodpecker_0063_794726.png,Red Cockaded Woodpecker,
data/cub/silhouette/Red_Headed_Woodpecker_0005_183414.png,Red Headed Woodpecker,
data/cub/silhouette/Red_Headed_Woodpecker_0006_183383.png,Red Headed Woodpecker,
data/cub/silhouette/Red_Headed_Woodpecker_0007_182728.png,Red Headed Woodpecker,
data/cub/silhouette/Red_Headed_Woodpecker_0011_182803.png,Red Headed Woodpecker,
data/cub/silhouette/Red_Headed_Woodpecker_0012_183395.png,Red Headed Woodpecker,
data/cub/silhouette/Red_Headed_Woodpecker_0013_182721.png,Red Headed Woodpecker,
data/cub/silhouette/Red_Headed_Woodpecker_0014_183701.png,Red Headed Woodpecker,
data/cub/silhouette/Red_Headed_Woodpecker_0016_183007.png,Red Headed Woodpecker,
data/cub/silhouette/Red_Headed_Woodpecker_0017_183777.png,Red Headed Woodpecker,
data/cub/silhouette/Red_Headed_Woodpecker_0018_183455.png,Red Headed Woodpecker,
data/cub/silhouette/Red_Headed_Woodpecker_0020_183255.png,Red Headed Woodpecker,
data/cub/silhouette/Red_Headed_Woodpecker_0021_183454.png,Red Headed Woodpecker,
data/cub/silhouette/Red_Headed_Woodpecker_0022_183010.png,Red Headed Woodpecker,
data/cub/silhouette/Red_Headed_Woodpecker_0024_183297.png,Red Headed Woodpecker,
data/cub/silhouette/Red_Headed_Woodpecker_0027_183029.png,Red Headed Woodpecker,
data/cub/silhouette/Red_Headed_Woodpecker_0029_183337.png,Red Headed Woodpecker,
data/cub/silhouette/Red_Headed_Woodpecker_0031_183096.png,Red Headed Woodpecker,
data/cub/silhouette/Red_Headed_Woodpecker_0032_182815.png,Red Headed Woodpecker,
data/cub/silhouette/Red_Headed_Woodpecker_0034_182806.png,Red Headed Woodpecker,
data/cub/silhouette/Red_Headed_Woodpecker_0038_183280.png,Red Headed Woodpecker,
data/cub/silhouette/Red_Headed_Woodpecker_0039_183446.png,Red Headed Woodpecker,
data/cub/silhouette/Red_Headed_Woodpecker_0041_182788.png,Red Headed Woodpecker,
data/cub/silhouette/Red_Headed_Woodpecker_0042_182834.png,Red Headed Woodpecker,
data/cub/silhouette/Red_Headed_Woodpecker_0044_183141.png,Red Headed Woodpecker,
data/cub/silhouette/Red_Headed_Woodpecker_0045_182832.png,Red Headed Woodpecker,
data/cub/silhouette/Red_Headed_Woodpecker_0049_183229.png,Red Headed Woodpecker,
data/cub/silhouette/Red_Headed_Woodpecker_0051_182724.png,Red Headed Woodpecker,
data/cub/silhouette/Red_Headed_Woodpecker_0052_182702.png,Red Headed Woodpecker,
data/cub/silhouette/Red_Headed_Woodpecker_0055_183515.png,Red Headed Woodpecker,
data/cub/silhouette/Red_Headed_Woodpecker_0057_183234.png,Red Headed Woodpecker,
data/cub/silhouette/Red_Headed_Woodpecker_0058_183086.png,Red Headed Woodpecker,
data/cub/silhouette/Red_Headed_Woodpecker_0063_183358.png,Red Headed Woodpecker,
data/cub/silhouette/Red_Headed_Woodpecker_0065_182863.png,Red Headed Woodpecker,
data/cub/silhouette/Red_Headed_Woodpecker_0066_183322.png,Red Headed Woodpecker,
data/cub/silhouette/Red_Headed_Woodpecker_0067_183710.png,Red Headed Woodpecker,
data/cub/silhouette/Red_Headed_Woodpecker_0068_183662.png,Red Headed Woodpecker,
data/cub/silhouette/Red_Headed_Woodpecker_0071_183132.png,Red Headed Woodpecker,
data/cub/silhouette/Red_Headed_Woodpecker_0073_182784.png,Red Headed Woodpecker,
data/cub/silhouette/Red_Headed_Woodpecker_0076_183288.png,Red Headed Woodpecker,
data/cub/silhouette/Red_Headed_Woodpecker_0078_183427.png,Red Headed Woodpecker,
data/cub/silhouette/Red_Headed_Woodpecker_0081_182811.png,Red Headed Woodpecker,
data/cub/silhouette/Red_Headed_Woodpecker_0084_183004.png,Red Headed Woodpecker,
data/cub/silhouette/Red_Headed_Woodpecker_0085_182703.png,Red Headed Woodpecker,
data/cub/silhouette/Red_Headed_Woodpecker_0086_182715.png,Red Headed Woodpecker,
data/cub/silhouette/Red_Headed_Woodpecker_0087_183271.png,Red Headed Woodpecker,
data/cub/silhouette/Red_Headed_Woodpecker_0088_183246.png,Red Headed Woodpecker,
data/cub/silhouette/Red_Headed_Woodpecker_0089_183435.png,Red Headed Woodpecker,
data/cub/silhouette/Red_Headed_Woodpecker_0091_183144.png,Red Headed Woodpecker,
data/cub/silhouette/Red_Headed_Woodpecker_0092_182787.png,Red Headed Woodpecker,The answer is Red faced Cormorant
data/cub/silhouette/Red_Headed_Woodpecker_0093_182925.png,Red Headed Woodpecker,
data/cub/silhouette/Red_Headed_Woodpecker_0094_183401.png,Red Headed Woodpecker,
data/cub/silhouette/Red_Headed_Woodpecker_0095_183688.png,Red Headed Woodpecker,
data/cub/silhouette/Red_Headed_Woodpecker_0097_182903.png,Red Headed Woodpecker,
data/cub/silhouette/Red_Headed_Woodpecker_0098_182732.png,Red Headed Woodpecker,
data/cub/silhouette/Red_Headed_Woodpecker_0099_183524.png,Red Headed Woodpecker,
data/cub/silhouette/Red_Headed_Woodpecker_0101_182538.png,Red Headed Woodpecker,
data/cub/silhouette/Red_Headed_Woodpecker_0103_183571.png,Red Headed Woodpecker,
data/cub/silhouette/Red_Headed_Woodpecker_0107_183290.png,Red Headed Woodpecker,
data/cub/silhouette/Red_Headed_Woodpecker_0108_183403.png,Red Headed Woodpecker,
data/cub/silhouette/Red_Headed_Woodpecker_0109_183385.png,Red Headed Woodpecker,The answer is Red faced Cormorant
data/cub/silhouette/Downy_Woodpecker_0001_184484.png,Downy Woodpecker,
data/cub/silhouette/Downy_Woodpecker_0003_183933.png,Downy Woodpecker,
data/cub/silhouette/Downy_Woodpecker_0004_184648.png,Downy Woodpecker,
data/cub/silhouette/Downy_Woodpecker_0005_184098.png,Downy Woodpecker,
data/cub/silhouette/Downy_Woodpecker_0006_184538.png,Downy Woodpecker,
data/cub/silhouette/Downy_Woodpecker_0007_184051.png,Downy Woodpecker,
data/cub/silhouette/Downy_Woodpecker_0011_183934.png,Downy Woodpecker,
data/cub/silhouette/Downy_Woodpecker_0014_183975.png,Downy Woodpecker,
data/cub/silhouette/Downy_Woodpecker_0025_184545.png,Downy Woodpecker,
data/cub/silhouette/Downy_Woodpecker_0027_183940.png,Downy Woodpecker,
data/cub/silhouette/Downy_Woodpecker_0028_184131.png,Downy Woodpecker,
data/cub/silhouette/Downy_Woodpecker_0029_184046.png,Downy Woodpecker,
data/cub/silhouette/Downy_Woodpecker_0030_184368.png,Downy Woodpecker,
data/cub/silhouette/Downy_Woodpecker_0031_184120.png,Downy Woodpecker,
data/cub/silhouette/Downy_Woodpecker_0032_184622.png,Downy Woodpecker,
data/cub/silhouette/Downy_Woodpecker_0033_184636.png,Downy Woodpecker,
data/cub/silhouette/Downy_Woodpecker_0036_184048.png,Downy Woodpecker,
data/cub/silhouette/Downy_Woodpecker_0037_183968.png,Downy Woodpecker,
data/cub/silhouette/Downy_Woodpecker_0038_184418.png,Downy Woodpecker,
data/cub/silhouette/Downy_Woodpecker_0039_184243.png,Downy Woodpecker,
data/cub/silhouette/Downy_Woodpecker_0040_184061.png,Downy Woodpecker,
data/cub/silhouette/Downy_Woodpecker_0041_184528.png,Downy Woodpecker,
data/cub/silhouette/Downy_Woodpecker_0042_184144.png,Downy Woodpecker,
data/cub/silhouette/Downy_Woodpecker_0043_184314.png,Downy Woodpecker,
data/cub/silhouette/Downy_Woodpecker_0044_184170.png,Downy Woodpecker,
data/cub/silhouette/Downy_Woodpecker_0048_184164.png,Downy Woodpecker,
data/cub/silhouette/Downy_Woodpecker_0049_183920.png,Downy Woodpecker,
data/cub/silhouette/Downy_Woodpecker_0056_183913.png,Downy Woodpecker,
data/cub/silhouette/Downy_Woodpecker_0058_184520.png,Downy Woodpecker,
data/cub/silhouette/Downy_Woodpecker_0059_184396.png,Downy Woodpecker,
data/cub/silhouette/Downy_Woodpecker_0061_184285.png,Downy Woodpecker,
data/cub/silhouette/Downy_Woodpecker_0062_184343.png,Downy Woodpecker,
data/cub/silhouette/Downy_Woodpecker_0066_183953.png,Downy Woodpecker,
data/cub/silhouette/Downy_Woodpecker_0072_184401.png,Downy Woodpecker,
data/cub/silhouette/Downy_Woodpecker_0073_184430.png,Downy Woodpecker,
data/cub/silhouette/Downy_Woodpecker_0074_183907.png,Downy Woodpecker,
data/cub/silhouette/Downy_Woodpecker_0075_184346.png,Downy Woodpecker,The answer is Red faced Cormorant
data/cub/silhouette/Downy_Woodpecker_0078_184375.png,Downy Woodpecker,
data/cub/silhouette/Downy_Woodpecker_0080_184240.png,Downy Woodpecker,The answer is Red faced Cormorant
data/cub/silhouette/Downy_Woodpecker_0082_183922.png,Downy Woodpecker,
data/cub/silhouette/Downy_Woodpecker_0090_183964.png,Downy Woodpecker,
data/cub/silhouette/Downy_Woodpecker_0091_184537.png,Downy Woodpecker,
data/cub/silhouette/Downy_Woodpecker_0094_184478.png,Downy Woodpecker,
data/cub/silhouette/Downy_Woodpecker_0096_184532.png,Downy Woodpecker,
data/cub/silhouette/Downy_Woodpecker_0098_184567.png,Downy Woodpecker,
data/cub/silhouette/Downy_Woodpecker_0100_184584.png,Downy Woodpecker,
data/cub/silhouette/Downy_Woodpecker_0101_184139.png,Downy Woodpecker,
data/cub/silhouette/Downy_Woodpecker_0102_184263.png,Downy Woodpecker,
data/cub/silhouette/Downy_Woodpecker_0113_184413.png,Downy Woodpecker,
data/cub/silhouette/Downy_Woodpecker_0115_184096.png,Downy Woodpecker,
data/cub/silhouette/Downy_Woodpecker_0116_184326.png,Downy Woodpecker,
data/cub/silhouette/Downy_Woodpecker_0120_183926.png,Downy Woodpecker,
data/cub/silhouette/Downy_Woodpecker_0121_184002.png,Downy Woodpecker,
data/cub/silhouette/Downy_Woodpecker_0123_184692.png,Downy Woodpecker,
data/cub/silhouette/Downy_Woodpecker_0124_184364.png,Downy Woodpecker,
data/cub/silhouette/Downy_Woodpecker_0125_184656.png,Downy Woodpecker,
data/cub/silhouette/Downy_Woodpecker_0131_184446.png,Downy Woodpecker,
data/cub/silhouette/Downy_Woodpecker_0132_184408.png,Downy Woodpecker,The answer is Red faced Cormorant
data/cub/silhouette/Downy_Woodpecker_0136_184534.png,Downy Woodpecker,The answer is Red faced Cormorant
data/cub/silhouette/Downy_Woodpecker_0138_184385.png,Downy Woodpecker,
data/cub/silhouette/Bewick_Wren_0003_185072.png,Bewick Wren,
data/cub/silhouette/Bewick_Wren_0004_185202.png,Bewick Wren,
data/cub/silhouette/Bewick_Wren_0005_184699.png,Bewick Wren,
data/cub/silhouette/Bewick_Wren_0010_185142.png,Bewick Wren,
data/cub/silhouette/Bewick_Wren_0014_184810.png,Bewick Wren,
data/cub/silhouette/Bewick_Wren_0015_184981.png,Bewick Wren,
data/cub/silhouette/Bewick_Wren_0016_184999.png,Bewick Wren,
data/cub/silhouette/Bewick_Wren_0017_185127.png,Bewick Wren,
data/cub/silhouette/Bewick_Wren_0023_185400.png,Bewick Wren,
data/cub/silhouette/Bewick_Wren_0025_184932.png,Bewick Wren,
data/cub/silhouette/Bewick_Wren_0027_185212.png,Bewick Wren,
data/cub/silhouette/Bewick_Wren_0032_184870.png,Bewick Wren,
data/cub/silhouette/Bewick_Wren_0034_185130.png,Bewick Wren,
data/cub/silhouette/Bewick_Wren_0037_185332.png,Bewick Wren,The answer is Red faced Cormorant
data/cub/silhouette/Bewick_Wren_0039_184989.png,Bewick Wren,
data/cub/silhouette/Bewick_Wren_0042_184878.png,Bewick Wren,
data/cub/silhouette/Bewick_Wren_0047_184707.png,Bewick Wren,
data/cub/silhouette/Bewick_Wren_0049_185339.png,Bewick Wren,
data/cub/silhouette/Bewick_Wren_0050_184919.png,Bewick Wren,
data/cub/silhouette/Bewick_Wren_0051_185425.png,Bewick Wren,
data/cub/silhouette/Bewick_Wren_0052_184760.png,Bewick Wren,
data/cub/silhouette/Bewick_Wren_0054_184902.png,Bewick Wren,
data/cub/silhouette/Bewick_Wren_0055_185230.png,Bewick Wren,
data/cub/silhouette/Bewick_Wren_0056_184834.png,Bewick Wren,
data/cub/silhouette/Bewick_Wren_0060_185366.png,Bewick Wren,
data/cub/silhouette/Bewick_Wren_0061_184898.png,Bewick Wren,
data/cub/silhouette/Bewick_Wren_0062_185063.png,Bewick Wren,
data/cub/silhouette/Bewick_Wren_0065_185247.png,Bewick Wren,
data/cub/silhouette/Bewick_Wren_0066_184928.png,Bewick Wren,
data/cub/silhouette/Bewick_Wren_0067_184816.png,Bewick Wren,
data/cub/silhouette/Bewick_Wren_0068_184895.png,Bewick Wren,
data/cub/silhouette/Bewick_Wren_0070_184892.png,Bewick Wren,
data/cub/silhouette/Bewick_Wren_0073_185049.png,Bewick Wren,
data/cub/silhouette/Bewick_Wren_0075_185046.png,Bewick Wren,
data/cub/silhouette/Bewick_Wren_0081_185080.png,Bewick Wren,
data/cub/silhouette/Bewick_Wren_0082_185021.png,Bewick Wren,
data/cub/silhouette/Bewick_Wren_0083_185190.png,Bewick Wren,
data/cub/silhouette/Bewick_Wren_0084_184715.png,Bewick Wren,
data/cub/silhouette/Bewick_Wren_0085_185474.png,Bewick Wren,
data/cub/silhouette/Bewick_Wren_0087_184918.png,Bewick Wren,
data/cub/silhouette/Bewick_Wren_0088_184733.png,Bewick Wren,
data/cub/silhouette/Bewick_Wren_0092_184901.png,Bewick Wren,
data/cub/silhouette/Bewick_Wren_0096_185139.png,Bewick Wren,
data/cub/silhouette/Bewick_Wren_0097_185358.png,Bewick Wren,
data/cub/silhouette/Bewick_Wren_0099_185288.png,Bewick Wren,
data/cub/silhouette/Bewick_Wren_0104_185256.png,Bewick Wren,The answer is Red faced Cormorant
data/cub/silhouette/Bewick_Wren_0106_185013.png,Bewick Wren,
data/cub/silhouette/Bewick_Wren_0107_184908.png,Bewick Wren,
data/cub/silhouette/Bewick_Wren_0109_185170.png,Bewick Wren,
data/cub/silhouette/Bewick_Wren_0110_185216.png,Bewick Wren,
data/cub/silhouette/Bewick_Wren_0112_184956.png,Bewick Wren,
data/cub/silhouette/Bewick_Wren_0113_185113.png,Bewick Wren,
data/cub/silhouette/Bewick_Wren_0118_185169.png,Bewick Wren,
data/cub/silhouette/Bewick_Wren_0121_184765.png,Bewick Wren,
data/cub/silhouette/Bewick_Wren_0123_185069.png,Bewick Wren,
data/cub/silhouette/Bewick_Wren_0124_184771.png,Bewick Wren,
data/cub/silhouette/Bewick_Wren_0127_184756.png,Bewick Wren,The answer is Red faced Cormorant
data/cub/silhouette/Bewick_Wren_0132_184906.png,Bewick Wren,
data/cub/silhouette/Bewick_Wren_0135_185251.png,Bewick Wren,
data/cub/silhouette/Bewick_Wren_0139_184839.png,Bewick Wren,
data/cub/silhouette/Cactus_Wren_0001_185645.png,Cactus Wren,
data/cub/silhouette/Cactus_Wren_0002_185680.png,Cactus Wren,The answer is Red faced Cormorant
data/cub/silhouette/Cactus_Wren_0004_185797.png,Cactus Wren,
data/cub/silhouette/Cactus_Wren_0007_185634.png,Cactus Wren,
data/cub/silhouette/Cactus_Wren_0008_186083.png,Cactus Wren,The answer is Red faced Cormorant
data/cub/silhouette/Cactus_Wren_0009_185871.png,Cactus Wren,
data/cub/silhouette/Cactus_Wren_0014_185993.png,Cactus Wren,
data/cub/silhouette/Cactus_Wren_0016_185582.png,Cactus Wren,
data/cub/silhouette/Cactus_Wren_0017_185745.png,Cactus Wren,
data/cub/silhouette/Cactus_Wren_0020_186012.png,Cactus Wren,
data/cub/silhouette/Cactus_Wren_0025_185696.png,Cactus Wren,The answer is Red faced Cormorant
data/cub/silhouette/Cactus_Wren_0027_185893.png,Cactus Wren,
data/cub/silhouette/Cactus_Wren_0028_185795.png,Cactus Wren,
data/cub/silhouette/Cactus_Wren_0030_185798.png,Cactus Wren,
data/cub/silhouette/Cactus_Wren_0033_186014.png,Cactus Wren,
data/cub/silhouette/Cactus_Wren_0034_185817.png,Cactus Wren,
data/cub/silhouette/Cactus_Wren_0036_185563.png,Cactus Wren,
data/cub/silhouette/Cactus_Wren_0040_185859.png,Cactus Wren,
data/cub/silhouette/Cactus_Wren_0041_185691.png,Cactus Wren,
data/cub/silhouette/Cactus_Wren_0042_185514.png,Cactus Wren,
data/cub/silhouette/Cactus_Wren_0044_185492.png,Cactus Wren,
data/cub/silhouette/Cactus_Wren_0045_185556.png,Cactus Wren,
data/cub/silhouette/Cactus_Wren_0046_186017.png,Cactus Wren,
data/cub/silhouette/Cactus_Wren_0056_185626.png,Cactus Wren,
data/cub/silhouette/Cactus_Wren_0058_185903.png,Cactus Wren,The correct answer is Black throated Vireo
data/cub/silhouette/Cactus_Wren_0060_185950.png,Cactus Wren,
data/cub/silhouette/Cactus_Wren_0063_185589.png,Cactus Wren,
data/cub/silhouette/Cactus_Wren_0064_185826.png,Cactus Wren,
data/cub/silhouette/Cactus_Wren_0066_186028.png,Cactus Wren,
data/cub/silhouette/Cactus_Wren_0067_186034.png,Cactus Wren,
data/cub/silhouette/Cactus_Wren_0069_186033.png,Cactus Wren,
data/cub/silhouette/Cactus_Wren_0073_185670.png,Cactus Wren,
data/cub/silhouette/Cactus_Wren_0075_186066.png,Cactus Wren,
data/cub/silhouette/Cactus_Wren_0076_186067.png,Cactus Wren,
data/cub/silhouette/Cactus_Wren_0077_186003.png,Cactus Wren,
data/cub/silhouette/Cactus_Wren_0078_185899.png,Cactus Wren,
data/cub/silhouette/Cactus_Wren_0079_185560.png,Cactus Wren,
data/cub/silhouette/Cactus_Wren_0080_185901.png,Cactus Wren,
data/cub/silhouette/Cactus_Wren_0085_185515.png,Cactus Wren,
data/cub/silhouette/Cactus_Wren_0086_185630.png,Cactus Wren,
data/cub/silhouette/Cactus_Wren_0088_185873.png,Cactus Wren,
data/cub/silhouette/Cactus_Wren_0089_186023.png,Cactus Wren,
data/cub/silhouette/Cactus_Wren_0092_185951.png,Cactus Wren,
data/cub/silhouette/Cactus_Wren_0095_185633.png,Cactus Wren,
data/cub/silhouette/Cactus_Wren_0096_185898.png,Cactus Wren,
data/cub/silhouette/Cactus_Wren_0097_186015.png,Cactus Wren,
data/cub/silhouette/Cactus_Wren_0098_185637.png,Cactus Wren,
data/cub/silhouette/Cactus_Wren_0101_185627.png,Cactus Wren,The answer is Red faced Cormorant
data/cub/silhouette/Cactus_Wren_0102_185902.png,Cactus Wren,
data/cub/silhouette/Cactus_Wren_0103_185506.png,Cactus Wren,
data/cub/silhouette/Cactus_Wren_0108_185733.png,Cactus Wren,
data/cub/silhouette/Cactus_Wren_0114_185532.png,Cactus Wren,
data/cub/silhouette/Cactus_Wren_0115_185895.png,Cactus Wren,
data/cub/silhouette/Cactus_Wren_0116_185927.png,Cactus Wren,
data/cub/silhouette/Cactus_Wren_0117_185591.png,Cactus Wren,The answer is Red faced Cormorant
data/cub/silhouette/Cactus_Wren_0118_185788.png,Cactus Wren,
data/cub/silhouette/Cactus_Wren_0120_185956.png,Cactus Wren,
data/cub/silhouette/Cactus_Wren_0123_186068.png,Cactus Wren,
data/cub/silhouette/Cactus_Wren_0124_185501.png,Cactus Wren,
data/cub/silhouette/Cactus_Wren_0125_185648.png,Cactus Wren,
data/cub/silhouette/Carolina_Wren_0001_186455.png,Carolina Wren,
data/cub/silhouette/Carolina_Wren_0002_186506.png,Carolina Wren,
data/cub/silhouette/Carolina_Wren_0005_186109.png,Carolina Wren,
data/cub/silhouette/Carolina_Wren_0006_186742.png,Carolina Wren,
data/cub/silhouette/Carolina_Wren_0011_186871.png,Carolina Wren,
data/cub/silhouette/Carolina_Wren_0013_187086.png,Carolina Wren,
data/cub/silhouette/Carolina_Wren_0014_186525.png,Carolina Wren,
data/cub/silhouette/Carolina_Wren_0019_186527.png,Carolina Wren,
data/cub/silhouette/Carolina_Wren_0020_186702.png,Carolina Wren,
data/cub/silhouette/Carolina_Wren_0021_186683.png,Carolina Wren,
data/cub/silhouette/Carolina_Wren_0024_186377.png,Carolina Wren,
data/cub/silhouette/Carolina_Wren_0028_186526.png,Carolina Wren,
data/cub/silhouette/Carolina_Wren_0029_186212.png,Carolina Wren,
data/cub/silhouette/Carolina_Wren_0031_186713.png,Carolina Wren,
data/cub/silhouette/Carolina_Wren_0032_186566.png,Carolina Wren,
data/cub/silhouette/Carolina_Wren_0033_186848.png,Carolina Wren,
data/cub/silhouette/Carolina_Wren_0035_186356.png,Carolina Wren,
data/cub/silhouette/Carolina_Wren_0036_186722.png,Carolina Wren,
data/cub/silhouette/Carolina_Wren_0038_186436.png,Carolina Wren,
data/cub/silhouette/Carolina_Wren_0043_186286.png,Carolina Wren,
data/cub/silhouette/Carolina_Wren_0044_186645.png,Carolina Wren,
data/cub/silhouette/Carolina_Wren_0045_186165.png,Carolina Wren,
data/cub/silhouette/Carolina_Wren_0047_186928.png,Carolina Wren,
data/cub/silhouette/Carolina_Wren_0049_186129.png,Carolina Wren,
data/cub/silhouette/Carolina_Wren_0051_186510.png,Carolina Wren,
data/cub/silhouette/Carolina_Wren_0055_186154.png,Carolina Wren,
data/cub/silhouette/Carolina_Wren_0056_186313.png,Carolina Wren,
data/cub/silhouette/Carolina_Wren_0058_186409.png,Carolina Wren,
data/cub/silhouette/Carolina_Wren_0060_186296.png,Carolina Wren,
data/cub/silhouette/Carolina_Wren_0062_186390.png,Carolina Wren,
data/cub/silhouette/Carolina_Wren_0065_186517.png,Carolina Wren,
data/cub/silhouette/Carolina_Wren_0066_186818.png,Carolina Wren,
data/cub/silhouette/Carolina_Wren_0068_186830.png,Carolina Wren,
data/cub/silhouette/Carolina_Wren_0069_186230.png,Carolina Wren,
data/cub/silhouette/Carolina_Wren_0072_186309.png,Carolina Wren,
data/cub/silhouette/Carolina_Wren_0073_186587.png,Carolina Wren,
data/cub/silhouette/Carolina_Wren_0077_186294.png,Carolina Wren,The answer is Red faced Cormorant
data/cub/silhouette/Carolina_Wren_0078_186570.png,Carolina Wren,
data/cub/silhouette/Carolina_Wren_0080_186919.png,Carolina Wren,
data/cub/silhouette/Carolina_Wren_0082_186421.png,Carolina Wren,
data/cub/silhouette/Carolina_Wren_0083_186324.png,Carolina Wren,
data/cub/silhouette/Carolina_Wren_0086_186431.png,Carolina Wren,
data/cub/silhouette/Carolina_Wren_0090_186942.png,Carolina Wren,
data/cub/silhouette/Carolina_Wren_0091_186464.png,Carolina Wren,
data/cub/silhouette/Carolina_Wren_0095_186561.png,Carolina Wren,
data/cub/silhouette/Carolina_Wren_0099_186237.png,Carolina Wren,
data/cub/silhouette/Carolina_Wren_0102_186332.png,Carolina Wren,
data/cub/silhouette/Carolina_Wren_0107_186972.png,Carolina Wren,
data/cub/silhouette/Carolina_Wren_0108_186089.png,Carolina Wren,
data/cub/silhouette/Carolina_Wren_0112_186562.png,Carolina Wren,
data/cub/silhouette/Carolina_Wren_0113_186675.png,Carolina Wren,
data/cub/silhouette/Carolina_Wren_0117_186916.png,Carolina Wren,
data/cub/silhouette/Carolina_Wren_0119_186153.png,Carolina Wren,
data/cub/silhouette/Carolina_Wren_0122_186365.png,Carolina Wren,
data/cub/silhouette/Carolina_Wren_0125_187009.png,Carolina Wren,
data/cub/silhouette/Carolina_Wren_0126_186654.png,Carolina Wren,
data/cub/silhouette/Carolina_Wren_0128_186581.png,Carolina Wren,
data/cub/silhouette/Carolina_Wren_0130_186369.png,Carolina Wren,
data/cub/silhouette/Carolina_Wren_0141_186347.png,Carolina Wren,
data/cub/silhouette/Carolina_Wren_0142_186443.png,Carolina Wren,
data/cub/silhouette/House_Wren_0001_188047.png,House Wren,
data/cub/silhouette/House_Wren_0004_187448.png,House Wren,
data/cub/silhouette/House_Wren_0005_187493.png,House Wren,
data/cub/silhouette/House_Wren_0011_187547.png,House Wren,
data/cub/silhouette/House_Wren_0012_187973.png,House Wren,
data/cub/silhouette/House_Wren_0016_188006.png,House Wren,
data/cub/silhouette/House_Wren_0017_187330.png,House Wren,
data/cub/silhouette/House_Wren_0022_187848.png,House Wren,
data/cub/silhouette/House_Wren_0023_187192.png,House Wren,
data/cub/silhouette/House_Wren_0025_187160.png,House Wren,
data/cub/silhouette/House_Wren_0034_187120.png,House Wren,
data/cub/silhouette/House_Wren_0035_187708.png,House Wren,
data/cub/silhouette/House_Wren_0042_187098.png,House Wren,
data/cub/silhouette/House_Wren_0043_187224.png,House Wren,
data/cub/silhouette/House_Wren_0045_187374.png,House Wren,
data/cub/silhouette/House_Wren_0046_187477.png,House Wren,
data/cub/silhouette/House_Wren_0047_188036.png,House Wren,
data/cub/silhouette/House_Wren_0055_187397.png,House Wren,
data/cub/silhouette/House_Wren_0057_187157.png,House Wren,
data/cub/silhouette/House_Wren_0061_187911.png,House Wren,
data/cub/silhouette/House_Wren_0062_187194.png,House Wren,
data/cub/silhouette/House_Wren_0063_188076.png,House Wren,
data/cub/silhouette/House_Wren_0064_187489.png,House Wren,
data/cub/silhouette/House_Wren_0071_187399.png,House Wren,
data/cub/silhouette/House_Wren_0072_187899.png,House Wren,
data/cub/silhouette/House_Wren_0083_187406.png,House Wren,
data/cub/silhouette/House_Wren_0085_187723.png,House Wren,
data/cub/silhouette/House_Wren_0086_187815.png,House Wren,
data/cub/silhouette/House_Wren_0087_187946.png,House Wren,
data/cub/silhouette/House_Wren_0088_187243.png,House Wren,
data/cub/silhouette/House_Wren_0090_187762.png,House Wren,
data/cub/silhouette/House_Wren_0091_188046.png,House Wren,
data/cub/silhouette/House_Wren_0092_187100.png,House Wren,
data/cub/silhouette/House_Wren_0094_187226.png,House Wren,
data/cub/silhouette/House_Wren_0097_187760.png,House Wren,
data/cub/silhouette/House_Wren_0098_187368.png,House Wren,
data/cub/silhouette/House_Wren_0099_187240.png,House Wren,
data/cub/silhouette/House_Wren_0101_187133.png,House Wren,The answer is Red faced Cormorant
data/cub/silhouette/House_Wren_0103_187466.png,House Wren,
data/cub/silhouette/House_Wren_0107_187230.png,House Wren,
data/cub/silhouette/House_Wren_0108_187102.png,House Wren,
data/cub/silhouette/House_Wren_0110_187111.png,House Wren,
data/cub/silhouette/House_Wren_0112_187355.png,House Wren,
data/cub/silhouette/House_Wren_0114_188016.png,House Wren,
data/cub/silhouette/House_Wren_0116_187604.png,House Wren,
data/cub/silhouette/House_Wren_0117_187492.png,House Wren,
data/cub/silhouette/House_Wren_0118_187383.png,House Wren,
data/cub/silhouette/House_Wren_0119_187552.png,House Wren,
data/cub/silhouette/House_Wren_0122_187331.png,House Wren,
data/cub/silhouette/House_Wren_0123_187095.png,House Wren,
data/cub/silhouette/House_Wren_0125_187251.png,House Wren,
data/cub/silhouette/House_Wren_0126_187647.png,House Wren,
data/cub/silhouette/House_Wren_0127_187832.png,House Wren,
data/cub/silhouette/House_Wren_0129_187376.png,House Wren,
data/cub/silhouette/House_Wren_0130_187109.png,House Wren,
data/cub/silhouette/House_Wren_0133_187101.png,House Wren,The answer is Red faced Cormorant
data/cub/silhouette/House_Wren_0134_188077.png,House Wren,
data/cub/silhouette/House_Wren_0137_187273.png,House Wren,
data/cub/silhouette/House_Wren_0139_187177.png,House Wren,
data/cub/silhouette/Marsh_Wren_0004_188188.png,Marsh Wren,
data/cub/silhouette/Marsh_Wren_0005_188235.png,Marsh Wren,
data/cub/silhouette/Marsh_Wren_0006_188126.png,Marsh Wren,
data/cub/silhouette/Marsh_Wren_0008_188533.png,Marsh Wren,
data/cub/silhouette/Marsh_Wren_0012_188275.png,Marsh Wren,
data/cub/silhouette/Marsh_Wren_0014_188802.png,Marsh Wren,
data/cub/silhouette/Marsh_Wren_0015_188852.png,Marsh Wren,
data/cub/silhouette/Marsh_Wren_0018_188363.png,Marsh Wren,
data/cub/silhouette/Marsh_Wren_0019_188460.png,Marsh Wren,
data/cub/silhouette/Marsh_Wren_0022_188280.png,Marsh Wren,
data/cub/silhouette/Marsh_Wren_0027_188376.png,Marsh Wren,
data/cub/silhouette/Marsh_Wren_0028_188797.png,Marsh Wren,
data/cub/silhouette/Marsh_Wren_0033_188778.png,Marsh Wren,
data/cub/silhouette/Marsh_Wren_0036_188374.png,Marsh Wren,
data/cub/silhouette/Marsh_Wren_0038_188530.png,Marsh Wren,
data/cub/silhouette/Marsh_Wren_0039_188201.png,Marsh Wren,
data/cub/silhouette/Marsh_Wren_0040_188252.png,Marsh Wren,
data/cub/silhouette/Marsh_Wren_0042_188195.png,Marsh Wren,
data/cub/silhouette/Marsh_Wren_0043_188426.png,Marsh Wren,
data/cub/silhouette/Marsh_Wren_0044_188270.png,Marsh Wren,
data/cub/silhouette/Marsh_Wren_0048_188370.png,Marsh Wren,
data/cub/silhouette/Marsh_Wren_0049_188540.png,Marsh Wren,
data/cub/silhouette/Marsh_Wren_0050_188657.png,Marsh Wren,
data/cub/silhouette/Marsh_Wren_0051_188260.png,Marsh Wren,
data/cub/silhouette/Marsh_Wren_0053_188276.png,Marsh Wren,
data/cub/silhouette/Marsh_Wren_0055_188123.png,Marsh Wren,
data/cub/silhouette/Marsh_Wren_0056_188241.png,Marsh Wren,
data/cub/silhouette/Marsh_Wren_0058_188107.png,Marsh Wren,
data/cub/silhouette/Marsh_Wren_0062_188158.png,Marsh Wren,
data/cub/silhouette/Marsh_Wren_0068_188446.png,Marsh Wren,
data/cub/silhouette/Marsh_Wren_0069_188776.png,Marsh Wren,
data/cub/silhouette/Marsh_Wren_0070_188205.png,Marsh Wren,
data/cub/silhouette/Marsh_Wren_0071_188111.png,Marsh Wren,
data/cub/silhouette/Marsh_Wren_0072_188764.png,Marsh Wren,
data/cub/silhouette/Marsh_Wren_0075_188549.png,Marsh Wren,
data/cub/silhouette/Marsh_Wren_0076_188108.png,Marsh Wren,
data/cub/silhouette/Marsh_Wren_0080_188812.png,Marsh Wren,
data/cub/silhouette/Marsh_Wren_0082_188699.png,Marsh Wren,
data/cub/silhouette/Marsh_Wren_0089_188318.png,Marsh Wren,
data/cub/silhouette/Marsh_Wren_0094_188710.png,Marsh Wren,
data/cub/silhouette/Marsh_Wren_0095_188371.png,Marsh Wren,
data/cub/silhouette/Marsh_Wren_0097_188214.png,Marsh Wren,
data/cub/silhouette/Marsh_Wren_0099_188579.png,Marsh Wren,
data/cub/silhouette/Marsh_Wren_0102_188654.png,Marsh Wren,The answer is Red faced Cormorant
data/cub/silhouette/Marsh_Wren_0103_188483.png,Marsh Wren,
data/cub/silhouette/Marsh_Wren_0106_188100.png,Marsh Wren,
data/cub/silhouette/Marsh_Wren_0107_188390.png,Marsh Wren,
data/cub/silhouette/Marsh_Wren_0108_188788.png,Marsh Wren,
data/cub/silhouette/Marsh_Wren_0109_188329.png,Marsh Wren,
data/cub/silhouette/Marsh_Wren_0110_188434.png,Marsh Wren,
data/cub/silhouette/Marsh_Wren_0115_188443.png,Marsh Wren,
data/cub/silhouette/Marsh_Wren_0117_188676.png,Marsh Wren,The answer is Red faced Cormorant
data/cub/silhouette/Marsh_Wren_0118_188512.png,Marsh Wren,
data/cub/silhouette/Marsh_Wren_0119_188404.png,Marsh Wren,
data/cub/silhouette/Marsh_Wren_0122_188323.png,Marsh Wren,
data/cub/silhouette/Marsh_Wren_0133_188565.png,Marsh Wren,
data/cub/silhouette/Marsh_Wren_0134_188213.png,Marsh Wren,
data/cub/silhouette/Marsh_Wren_0141_188796.png,Marsh Wren,
data/cub/silhouette/Marsh_Wren_0145_188193.png,Marsh Wren,
data/cub/silhouette/Marsh_Wren_0147_188367.png,Marsh Wren,
data/cub/silhouette/Rock_Wren_0001_189289.png,Rock Wren,
data/cub/silhouette/Rock_Wren_0003_189167.png,Rock Wren,
data/cub/silhouette/Rock_Wren_0004_189046.png,Rock Wren,
data/cub/silhouette/Rock_Wren_0009_189162.png,Rock Wren,
data/cub/silhouette/Rock_Wren_0012_189021.png,Rock Wren,
data/cub/silhouette/Rock_Wren_0019_188968.png,Rock Wren,
data/cub/silhouette/Rock_Wren_0020_188895.png,Rock Wren,
data/cub/silhouette/Rock_Wren_0021_189175.png,Rock Wren,
data/cub/silhouette/Rock_Wren_0022_188958.png,Rock Wren,
data/cub/silhouette/Rock_Wren_0023_189075.png,Rock Wren,
data/cub/silhouette/Rock_Wren_0024_188942.png,Rock Wren,
data/cub/silhouette/Rock_Wren_0025_188897.png,Rock Wren,The answer is Red faced Cormorant
data/cub/silhouette/Rock_Wren_0026_189181.png,Rock Wren,
data/cub/silhouette/Rock_Wren_0027_189331.png,Rock Wren,
data/cub/silhouette/Rock_Wren_0029_189145.png,Rock Wren,
data/cub/silhouette/Rock_Wren_0033_189397.png,Rock Wren,
data/cub/silhouette/Rock_Wren_0034_187656.png,Rock Wren,
data/cub/silhouette/Rock_Wren_0035_188998.png,Rock Wren,
data/cub/silhouette/Rock_Wren_0036_189245.png,Rock Wren,
data/cub/silhouette/Rock_Wren_0037_189256.png,Rock Wren,
data/cub/silhouette/Rock_Wren_0038_189328.png,Rock Wren,
data/cub/silhouette/Rock_Wren_0040_189159.png,Rock Wren,
data/cub/silhouette/Rock_Wren_0041_189227.png,Rock Wren,
data/cub/silhouette/Rock_Wren_0042_189006.png,Rock Wren,
data/cub/silhouette/Rock_Wren_0043_188933.png,Rock Wren,
data/cub/silhouette/Rock_Wren_0044_189127.png,Rock Wren,
data/cub/silhouette/Rock_Wren_0045_189153.png,Rock Wren,
data/cub/silhouette/Rock_Wren_0050_189207.png,Rock Wren,
data/cub/silhouette/Rock_Wren_0053_189112.png,Rock Wren,
data/cub/silhouette/Rock_Wren_0058_189346.png,Rock Wren,
data/cub/silhouette/Rock_Wren_0059_188941.png,Rock Wren,
data/cub/silhouette/Rock_Wren_0062_189045.png,Rock Wren,
data/cub/silhouette/Rock_Wren_0063_189121.png,Rock Wren,
data/cub/silhouette/Rock_Wren_0065_188995.png,Rock Wren,
data/cub/silhouette/Rock_Wren_0066_189034.png,Rock Wren,
data/cub/silhouette/Rock_Wren_0067_189152.png,Rock Wren,
data/cub/silhouette/Rock_Wren_0069_188969.png,Rock Wren,
data/cub/silhouette/Rock_Wren_0071_189213.png,Rock Wren,
data/cub/silhouette/Rock_Wren_0073_188952.png,Rock Wren,
data/cub/silhouette/Rock_Wren_0076_189141.png,Rock Wren,
data/cub/silhouette/Rock_Wren_0078_188960.png,Rock Wren,
data/cub/silhouette/Rock_Wren_0080_189340.png,Rock Wren,
data/cub/silhouette/Rock_Wren_0086_188944.png,Rock Wren,
data/cub/silhouette/Rock_Wren_0087_188988.png,Rock Wren,
data/cub/silhouette/Rock_Wren_0094_189037.png,Rock Wren,
data/cub/silhouette/Rock_Wren_0096_188966.png,Rock Wren,
data/cub/silhouette/Rock_Wren_0098_188947.png,Rock Wren,
data/cub/silhouette/Rock_Wren_0100_189426.png,Rock Wren,
data/cub/silhouette/Rock_Wren_0104_189161.png,Rock Wren,
data/cub/silhouette/Rock_Wren_0109_189094.png,Rock Wren,
data/cub/silhouette/Rock_Wren_0111_189443.png,Rock Wren,
data/cub/silhouette/Rock_Wren_0113_189204.png,Rock Wren,
data/cub/silhouette/Rock_Wren_0114_189283.png,Rock Wren,
data/cub/silhouette/Rock_Wren_0116_189101.png,Rock Wren,
data/cub/silhouette/Rock_Wren_0118_188964.png,Rock Wren,
data/cub/silhouette/Rock_Wren_0121_188974.png,Rock Wren,
data/cub/silhouette/Rock_Wren_0122_189042.png,Rock Wren,The answer is Red faced Cormorant
data/cub/silhouette/Rock_Wren_0123_189405.png,Rock Wren,
data/cub/silhouette/Rock_Wren_0125_188951.png,Rock Wren,
data/cub/silhouette/Rock_Wren_0127_188931.png,Rock Wren,
data/cub/silhouette/Winter_Wren_0003_189838.png,Winter Wren,
data/cub/silhouette/Winter_Wren_0004_189670.png,Winter Wren,
data/cub/silhouette/Winter_Wren_0005_189750.png,Winter Wren,
data/cub/silhouette/Winter_Wren_0007_190052.png,Winter Wren,The answer is Red faced Cormorant
data/cub/silhouette/Winter_Wren_0013_189500.png,Winter Wren,
data/cub/silhouette/Winter_Wren_0015_190099.png,Winter Wren,
data/cub/silhouette/Winter_Wren_0019_189533.png,Winter Wren,
data/cub/silhouette/Winter_Wren_0021_189597.png,Winter Wren,
data/cub/silhouette/Winter_Wren_0026_189816.png,Winter Wren,
data/cub/silhouette/Winter_Wren_0029_190376.png,Winter Wren,
data/cub/silhouette/Winter_Wren_0030_190311.png,Winter Wren,
data/cub/silhouette/Winter_Wren_0033_189635.png,Winter Wren,
data/cub/silhouette/Winter_Wren_0037_190123.png,Winter Wren,
data/cub/silhouette/Winter_Wren_0038_189510.png,Winter Wren,
data/cub/silhouette/Winter_Wren_0044_190068.png,Winter Wren,
data/cub/silhouette/Winter_Wren_0047_190390.png,Winter Wren,
data/cub/silhouette/Winter_Wren_0048_189683.png,Winter Wren,
data/cub/silhouette/Winter_Wren_0049_189504.png,Winter Wren,
data/cub/silhouette/Winter_Wren_0050_189514.png,Winter Wren,
data/cub/silhouette/Winter_Wren_0051_189990.png,Winter Wren,
data/cub/silhouette/Winter_Wren_0056_189508.png,Winter Wren,
data/cub/silhouette/Winter_Wren_0062_189501.png,Winter Wren,
data/cub/silhouette/Winter_Wren_0063_189543.png,Winter Wren,
data/cub/silhouette/Winter_Wren_0065_189675.png,Winter Wren,
data/cub/silhouette/Winter_Wren_0066_189637.png,Winter Wren,
data/cub/silhouette/Winter_Wren_0071_189689.png,Winter Wren,
data/cub/silhouette/Winter_Wren_0072_189521.png,Winter Wren,
data/cub/silhouette/Winter_Wren_0073_190044.png,Winter Wren,
data/cub/silhouette/Winter_Wren_0075_189578.png,Winter Wren,
data/cub/silhouette/Winter_Wren_0077_190366.png,Winter Wren,
data/cub/silhouette/Winter_Wren_0081_190049.png,Winter Wren,
data/cub/silhouette/Winter_Wren_0082_189549.png,Winter Wren,
data/cub/silhouette/Winter_Wren_0083_190025.png,Winter Wren,
data/cub/silhouette/Winter_Wren_0086_189692.png,Winter Wren,
data/cub/silhouette/Winter_Wren_0087_190135.png,Winter Wren,
data/cub/silhouette/Winter_Wren_0090_190104.png,Winter Wren,
data/cub/silhouette/Winter_Wren_0093_189686.png,Winter Wren,
data/cub/silhouette/Winter_Wren_0095_189985.png,Winter Wren,
data/cub/silhouette/Winter_Wren_0097_190139.png,Winter Wren,
data/cub/silhouette/Winter_Wren_0102_189563.png,Winter Wren,
data/cub/silhouette/Winter_Wren_0103_189509.png,Winter Wren,
data/cub/silhouette/Winter_Wren_0109_189850.png,Winter Wren,The answer is Red faced Cormorant
data/cub/silhouette/Winter_Wren_0110_189569.png,Winter Wren,
data/cub/silhouette/Winter_Wren_0111_189596.png,Winter Wren,
data/cub/silhouette/Winter_Wren_0112_189507.png,Winter Wren,
data/cub/silhouette/Winter_Wren_0113_189558.png,Winter Wren,
data/cub/silhouette/Winter_Wren_0116_189834.png,Winter Wren,
data/cub/silhouette/Winter_Wren_0117_189999.png,Winter Wren,
data/cub/silhouette/Winter_Wren_0118_189805.png,Winter Wren,The answer is Red faced Cormorant
data/cub/silhouette/Winter_Wren_0119_189545.png,Winter Wren,
data/cub/silhouette/Winter_Wren_0122_189475.png,Winter Wren,
data/cub/silhouette/Winter_Wren_0126_190342.png,Winter Wren,
data/cub/silhouette/Winter_Wren_0127_190091.png,Winter Wren,
data/cub/silhouette/Winter_Wren_0128_190093.png,Winter Wren,
data/cub/silhouette/Winter_Wren_0129_189843.png,Winter Wren,
data/cub/silhouette/Winter_Wren_0130_189531.png,Winter Wren,
data/cub/silhouette/Winter_Wren_0131_190061.png,Winter Wren,
data/cub/silhouette/Winter_Wren_0132_189861.png,Winter Wren,
data/cub/silhouette/Winter_Wren_0141_190152.png,Winter Wren,
data/cub/silhouette/Winter_Wren_0142_190379.png,Winter Wren,
data/cub/silhouette/Common_Yellowthroat_0003_190521.png,Common Yellowthroat,
data/cub/silhouette/Common_Yellowthroat_0004_190606.png,Common Yellowthroat,
data/cub/silhouette/Common_Yellowthroat_0006_190576.png,Common Yellowthroat,
data/cub/silhouette/Common_Yellowthroat_0008_190703.png,Common Yellowthroat,
data/cub/silhouette/Common_Yellowthroat_0009_190578.png,Common Yellowthroat,
data/cub/silhouette/Common_Yellowthroat_0010_190572.png,Common Yellowthroat,
data/cub/silhouette/Common_Yellowthroat_0011_190401.png,Common Yellowthroat,
data/cub/silhouette/Common_Yellowthroat_0015_190556.png,Common Yellowthroat,
data/cub/silhouette/Common_Yellowthroat_0016_190986.png,Common Yellowthroat,
data/cub/silhouette/Common_Yellowthroat_0018_190904.png,Common Yellowthroat,
data/cub/silhouette/Common_Yellowthroat_0019_190524.png,Common Yellowthroat,
data/cub/silhouette/Common_Yellowthroat_0020_190720.png,Common Yellowthroat,
data/cub/silhouette/Common_Yellowthroat_0021_190655.png,Common Yellowthroat,
data/cub/silhouette/Common_Yellowthroat_0025_190547.png,Common Yellowthroat,
data/cub/silhouette/Common_Yellowthroat_0027_190869.png,Common Yellowthroat,
data/cub/silhouette/Common_Yellowthroat_0028_190527.png,Common Yellowthroat,The answer is Red faced Cormorant
data/cub/silhouette/Common_Yellowthroat_0029_190403.png,Common Yellowthroat,
data/cub/silhouette/Common_Yellowthroat_0031_190582.png,Common Yellowthroat,
data/cub/silhouette/Common_Yellowthroat_0032_190592.png,Common Yellowthroat,
data/cub/silhouette/Common_Yellowthroat_0035_190567.png,Common Yellowthroat,
data/cub/silhouette/Common_Yellowthroat_0037_190698.png,Common Yellowthroat,
data/cub/silhouette/Common_Yellowthroat_0039_190513.png,Common Yellowthroat,
data/cub/silhouette/Common_Yellowthroat_0040_190427.png,Common Yellowthroat,
data/cub/silhouette/Common_Yellowthroat_0045_190563.png,Common Yellowthroat,
data/cub/silhouette/Common_Yellowthroat_0046_190446.png,Common Yellowthroat,
data/cub/silhouette/Common_Yellowthroat_0049_190708.png,Common Yellowthroat,
data/cub/silhouette/Common_Yellowthroat_0050_190535.png,Common Yellowthroat,
data/cub/silhouette/Common_Yellowthroat_0054_190398.png,Common Yellowthroat,
data/cub/silhouette/Common_Yellowthroat_0055_190967.png,Common Yellowthroat,
data/cub/silhouette/Common_Yellowthroat_0058_190958.png,Common Yellowthroat,
data/cub/silhouette/Common_Yellowthroat_0059_190584.png,Common Yellowthroat,
data/cub/silhouette/Common_Yellowthroat_0063_190440.png,Common Yellowthroat,
data/cub/silhouette/Common_Yellowthroat_0066_190646.png,Common Yellowthroat,
data/cub/silhouette/Common_Yellowthroat_0069_190400.png,Common Yellowthroat,The answer is Red faced Cormorant
data/cub/silhouette/Common_Yellowthroat_0070_190678.png,Common Yellowthroat,
data/cub/silhouette/Common_Yellowthroat_0071_190665.png,Common Yellowthroat,
data/cub/silhouette/Common_Yellowthroat_0072_190402.png,Common Yellowthroat,
data/cub/silhouette/Common_Yellowthroat_0075_190900.png,Common Yellowthroat,
data/cub/silhouette/Common_Yellowthroat_0077_190990.png,Common Yellowthroat,
data/cub/silhouette/Common_Yellowthroat_0080_190663.png,Common Yellowthroat,
data/cub/silhouette/Common_Yellowthroat_0081_190525.png,Common Yellowthroat,
data/cub/silhouette/Common_Yellowthroat_0086_190639.png,Common Yellowthroat,
data/cub/silhouette/Common_Yellowthroat_0087_190414.png,Common Yellowthroat,
data/cub/silhouette/Common_Yellowthroat_0088_190594.png,Common Yellowthroat,
data/cub/silhouette/Common_Yellowthroat_0090_190503.png,Common Yellowthroat,
data/cub/silhouette/Common_Yellowthroat_0092_190573.png,Common Yellowthroat,
data/cub/silhouette/Common_Yellowthroat_0093_190609.png,Common Yellowthroat,
data/cub/silhouette/Common_Yellowthroat_0094_190690.png,Common Yellowthroat,
data/cub/silhouette/Common_Yellowthroat_0098_190430.png,Common Yellowthroat,The answer is Red faced Cormorant
data/cub/silhouette/Common_Yellowthroat_0099_190531.png,Common Yellowthroat,
data/cub/silhouette/Common_Yellowthroat_0104_190489.png,Common Yellowthroat,
data/cub/silhouette/Common_Yellowthroat_0106_190989.png,Common Yellowthroat,
data/cub/silhouette/Common_Yellowthroat_0111_190569.png,Common Yellowthroat,
data/cub/silhouette/Common_Yellowthroat_0112_190571.png,Common Yellowthroat,
data/cub/silhouette/Common_Yellowthroat_0114_190501.png,Common Yellowthroat,
data/cub/silhouette/Common_Yellowthroat_0118_190805.png,Common Yellowthroat,
data/cub/silhouette/Common_Yellowthroat_0121_190597.png,Common Yellowthroat,
data/cub/silhouette/Common_Yellowthroat_0122_190570.png,Common Yellowthroat,
data/cub/silhouette/Common_Yellowthroat_0125_190902.png,Common Yellowthroat,
data/cub/silhouette/Common_Yellowthroat_0126_190407.png,Common Yellowthroat,
