image_path,label,prediction
data/voc/hq/2007_000032.jpg,aeroplane,Aeroplane
data/voc/hq/2007_000033.jpg,aeroplane,Aeroplane
data/voc/hq/2007_000039.jpg,tvmonitor,TV Monitor
data/voc/hq/2007_000042.jpg,train,Train
data/voc/hq/2007_000061.jpg,boat,Boat
data/voc/hq/2007_000063.jpg,chair,Dog
data/voc/hq/2007_000068.jpg,bird,Bird
data/voc/hq/2007_000121.jpg,tvmonitor,TV Monitor
data/voc/hq/2007_000123.jpg,train,Train
data/voc/hq/2007_000129.jpg,person,Bicycle
data/voc/hq/2007_000170.jpg,person,Person
data/voc/hq/2007_000175.jpg,sheep,Sheep
data/voc/hq/2007_000187.jpg,tvmonitor,TV Monitor
data/voc/hq/2007_000241.jpg,boat,Boat
data/voc/hq/2007_000243.jpg,aeroplane,Aeroplane
data/voc/hq/2007_000250.jpg,diningtable,Dining Table
data/voc/hq/2007_000256.jpg,aeroplane,Aeroplane
data/voc/hq/2007_000323.jpg,person,Person
data/voc/hq/2007_000332.jpg,horse,Horse
data/voc/hq/2007_000333.jpg,train,Train
data/voc/hq/2007_000346.jpg,person,Bottle
data/voc/hq/2007_000363.jpg,bird,Bird
data/voc/hq/2007_000364.jpg,motorbike,Motorbike
data/voc/hq/2007_000392.jpg,horse,Horse
data/voc/hq/2007_000452.jpg,sofa,Sofa
data/voc/hq/2007_000464.jpg,cow,Cow
data/voc/hq/2007_000480.jpg,aeroplane,Aeroplane
data/voc/hq/2007_000491.jpg,cow,Cow
data/voc/hq/2007_000504.jpg,cow,Cow
data/voc/hq/2007_000515.jpg,person,Person
data/voc/hq/2007_000528.jpg,cat,Cat
data/voc/hq/2007_000529.jpg,boat,Boat
data/voc/hq/2007_000549.jpg,cat,Cat
data/voc/hq/2007_000559.jpg,tvmonitor,TV Monitor
data/voc/hq/2007_000572.jpg,bicycle,Bicycle
data/voc/hq/2007_000584.jpg,bicycle,Bicycle
data/voc/hq/2007_000629.jpg,train,Train
data/voc/hq/2007_000636.jpg,train,Train
data/voc/hq/2007_000645.jpg,bird,Bird
data/voc/hq/2007_000648.jpg,bus,Bus
data/voc/hq/2007_000661.jpg,sofa,Sofa
data/voc/hq/2007_000663.jpg,bus,Bus
data/voc/hq/2007_000676.jpg,sheep,Sheep
data/voc/hq/2007_000713.jpg,boat,Boat
data/voc/hq/2007_000720.jpg,dog,Dog
data/voc/hq/2007_000727.jpg,bus,Bus
data/voc/hq/2007_000733.jpg,motorbike,Motorbike
data/voc/hq/2007_000738.jpg,aeroplane,Aeroplane
data/voc/hq/2007_000762.jpg,diningtable,Dining Table
data/voc/hq/2007_000768.jpg,bus,Bus
data/voc/hq/2007_000783.jpg,horse,Horse
data/voc/hq/2007_000793.jpg,bicycle,Bicycle
data/voc/hq/2007_000799.jpg,horse,Horse
data/voc/hq/2007_000804.jpg,sofa,Sofa
data/voc/hq/2007_000822.jpg,motorbike,Motorbike
data/voc/hq/2007_000830.jpg,diningtable,Dining Table
data/voc/hq/2007_000836.jpg,horse,Horse
data/voc/hq/2007_000837.jpg,boat,Boat
data/voc/hq/2007_000847.jpg,person,Person
data/voc/hq/2007_000862.jpg,boat,Sofa
data/voc/hq/2007_000876.jpg,cat,Cat
data/voc/hq/2007_000904.jpg,horse,Horse
data/voc/hq/2007_000925.jpg,sheep,Sheep
data/voc/hq/2007_000999.jpg,person,Bottle
data/voc/hq/2007_001027.jpg,sofa,Sofa
data/voc/hq/2007_001073.jpg,cow,Cow
data/voc/hq/2007_001149.jpg,pottedplant,TV Monitor
data/voc/hq/2007_001154.jpg,sofa,Chair
data/voc/hq/2007_001175.jpg,person,Sofa
data/voc/hq/2007_001185.jpg,person,Cat
data/voc/hq/2007_001225.jpg,dog,Dog
data/voc/hq/2007_001239.jpg,dog,Dog
data/voc/hq/2007_001284.jpg,person,Boat
data/voc/hq/2007_001288.jpg,aeroplane,Aeroplane
data/voc/hq/2007_001289.jpg,bird,Bird
data/voc/hq/2007_001299.jpg,cow,Cow
data/voc/hq/2007_001311.jpg,person,Bicycle
data/voc/hq/2007_001321.jpg,car,Car
data/voc/hq/2007_001340.jpg,person,Horse
data/voc/hq/2007_001377.jpg,aeroplane,Aeroplane
data/voc/hq/2007_001397.jpg,dog,Dog
data/voc/hq/2007_001408.jpg,person,Bottle
data/voc/hq/2007_001416.jpg,sheep,Sheep
data/voc/hq/2007_001420.jpg,horse,Horse
data/voc/hq/2007_001423.jpg,person,Person
data/voc/hq/2007_001430.jpg,person,Person
data/voc/hq/2007_001439.jpg,diningtable,Dining Table
data/voc/hq/2007_001457.jpg,sofa,Sofa
data/voc/hq/2007_001458.jpg,sofa,Sofa
data/voc/hq/2007_001487.jpg,boat,Boat
data/voc/hq/2007_001526.jpg,person,Motorbike
data/voc/hq/2007_001568.jpg,aeroplane,Aeroplane
data/voc/hq/2007_001585.jpg,sofa,Person
data/voc/hq/2007_001586.jpg,horse,Horse
data/voc/hq/2007_001587.jpg,bicycle,Bicycle
data/voc/hq/2007_001594.jpg,person,Person
data/voc/hq/2007_001595.jpg,bus,Bus
data/voc/hq/2007_001602.jpg,bottle,Bottle
data/voc/hq/2007_001609.jpg,diningtable,Dining Table
data/voc/hq/2007_001630.jpg,person,Bicycle
data/voc/hq/2007_001677.jpg,diningtable,Dining Table
data/voc/hq/2007_001678.jpg,person,Computer
data/voc/hq/2007_001698.jpg,boat,Boat
data/voc/hq/2007_001704.jpg,tvmonitor,TV Monitor
data/voc/hq/2007_001709.jpg,motorbike,Motorbike
data/voc/hq/2007_001717.jpg,person,Person
data/voc/hq/2007_001724.jpg,horse,Dog
data/voc/hq/2007_001733.jpg,sheep,Sheep
data/voc/hq/2007_001761.jpg,aeroplane,Aeroplane
data/voc/hq/2007_001763.jpg,sofa,Dog
data/voc/hq/2007_001764.jpg,cow,Cow
data/voc/hq/2007_001774.jpg,cat,Cat
data/voc/hq/2007_001825.jpg,dog,Dog
data/voc/hq/2007_001834.jpg,diningtable,Dining Table
data/voc/hq/2007_001857.jpg,car,Car
data/voc/hq/2007_001872.jpg,sheep,Cow
data/voc/hq/2007_001884.jpg,aeroplane,Aeroplane
data/voc/hq/2007_001901.jpg,sofa,Chair
data/voc/hq/2007_001917.jpg,cow,Cow
data/voc/hq/2007_001955.jpg,horse,Horse
data/voc/hq/2007_001960.jpg,horse,Horse
data/voc/hq/2007_002024.jpg,bus,Bus
data/voc/hq/2007_002046.jpg,horse,Horse
data/voc/hq/2007_002055.jpg,sofa,Dog
data/voc/hq/2007_002088.jpg,cow,Cow
data/voc/hq/2007_002094.jpg,bird,Bird
data/voc/hq/2007_002099.jpg,aeroplane,Aeroplane
data/voc/hq/2007_002105.jpg,motorbike,Motorbike
data/voc/hq/2007_002107.jpg,aeroplane,Aeroplane
data/voc/hq/2007_002119.jpg,person,Person
data/voc/hq/2007_002120.jpg,person,Person
data/voc/hq/2007_002132.jpg,tvmonitor,TV Monitor
data/voc/hq/2007_002142.jpg,person,Person
data/voc/hq/2007_002198.jpg,aeroplane,Aeroplane
data/voc/hq/2007_002212.jpg,bird,Bird
data/voc/hq/2007_002216.jpg,bus,Bus
data/voc/hq/2007_002227.jpg,bicycle,Bicycle
data/voc/hq/2007_002234.jpg,boat,Boat
data/voc/hq/2007_002260.jpg,motorbike,Motorbike
data/voc/hq/2007_002266.jpg,aeroplane,Aeroplane
data/voc/hq/2007_002268.jpg,sofa,Cat
data/voc/hq/2007_002273.jpg,horse,Horse
data/voc/hq/2007_002281.jpg,car,Car
data/voc/hq/2007_002284.jpg,pottedplant,Potted Plant
data/voc/hq/2007_002293.jpg,person,Person
data/voc/hq/2007_002361.jpg,pottedplant,Potted Plant
data/voc/hq/2007_002368.jpg,diningtable,Dining Table
data/voc/hq/2007_002370.jpg,car,Car
data/voc/hq/2007_002376.jpg,aeroplane,Aeroplane
data/voc/hq/2007_002378.jpg,pottedplant,Person
data/voc/hq/2007_002387.jpg,cow,Cow
data/voc/hq/2007_002400.jpg,bird,Bird
data/voc/hq/2007_002403.jpg,boat,Boat
data/voc/hq/2007_002412.jpg,bird,Bird
data/voc/hq/2007_002426.jpg,person,Sofa
data/voc/hq/2007_002427.jpg,sofa,Chair
data/voc/hq/2007_002445.jpg,cat,Cat
data/voc/hq/2007_002462.jpg,train,Train
data/voc/hq/2007_002470.jpg,cat,Cat
data/voc/hq/2007_002488.jpg,motorbike,Motorbike
data/voc/hq/2007_002539.jpg,bus,Bus
data/voc/hq/2007_002545.jpg,sofa,Chair
data/voc/hq/2007_002565.jpg,train,Train
data/voc/hq/2007_002597.jpg,dog,Dog
data/voc/hq/2007_002611.jpg,person,Dog
data/voc/hq/2007_002618.jpg,sheep,Sheep
data/voc/hq/2007_002619.jpg,aeroplane,Aeroplane
data/voc/hq/2007_002624.jpg,person,Boat
data/voc/hq/2007_002639.jpg,person,Person
data/voc/hq/2007_002643.jpg,motorbike,Motorbike
data/voc/hq/2007_002648.jpg,sheep,Sheep
data/voc/hq/2007_002668.jpg,person,Dining Table
data/voc/hq/2007_002669.jpg,cow,Cow
data/voc/hq/2007_002719.jpg,boat,Boat
data/voc/hq/2007_002728.jpg,person,Person
data/voc/hq/2007_002760.jpg,cat,Cat
data/voc/hq/2007_002789.jpg,cow,Cow
data/voc/hq/2007_002823.jpg,motorbike,Motorbike
data/voc/hq/2007_002824.jpg,person,Person
data/voc/hq/2007_002845.jpg,sheep,Sheep
data/voc/hq/2007_002852.jpg,dog,Dog
data/voc/hq/2007_002895.jpg,person,Horse
data/voc/hq/2007_002896.jpg,bird,Bird
data/voc/hq/2007_002903.jpg,cow,Cow
data/voc/hq/2007_002914.jpg,person,Car
data/voc/hq/2007_002953.jpg,tvmonitor,Bottle
data/voc/hq/2007_002954.jpg,person,Person
data/voc/hq/2007_002967.jpg,pottedplant,Potted Plant
data/voc/hq/2007_003000.jpg,aeroplane,Aeroplane
data/voc/hq/2007_003011.jpg,sofa,Sofa
data/voc/hq/2007_003020.jpg,person,Person
data/voc/hq/2007_003022.jpg,horse,Horse
data/voc/hq/2007_003051.jpg,car,Car
data/voc/hq/2007_003088.jpg,person,Person
data/voc/hq/2007_003101.jpg,bus,Bus
data/voc/hq/2007_003106.jpg,person,Cat
data/voc/hq/2007_003110.jpg,dog,Dog
data/voc/hq/2007_003118.jpg,person,Bird
data/voc/hq/2007_003131.jpg,boat,Boat
data/voc/hq/2007_003134.jpg,person,Person
data/voc/hq/2007_003137.jpg,bus,Bus
data/voc/hq/2007_003143.jpg,car,Car
data/voc/hq/2007_003169.jpg,cat,Cat
data/voc/hq/2007_003178.jpg,train,Train
data/voc/hq/2007_003188.jpg,bicycle,Bicycle
data/voc/hq/2007_003189.jpg,person,Horse
data/voc/hq/2007_003190.jpg,sheep,Sheep
data/voc/hq/2007_003191.jpg,person,Person
data/voc/hq/2007_003194.jpg,dog,Dog
data/voc/hq/2007_003195.jpg,bus,Bus
data/voc/hq/2007_003201.jpg,cow,Cow
data/voc/hq/2007_003205.jpg,chair,Chair
data/voc/hq/2007_003207.jpg,bottle,Bottle
data/voc/hq/2007_003251.jpg,diningtable,Dining Table
data/voc/hq/2007_003267.jpg,bird,Bird
data/voc/hq/2007_003286.jpg,train,Train
data/voc/hq/2007_003330.jpg,bird,Bird
data/voc/hq/2007_003349.jpg,bird,Bird
data/voc/hq/2007_003367.jpg,motorbike,Motorbike
data/voc/hq/2007_003373.jpg,dog,Dog
data/voc/hq/2007_003431.jpg,person,Bottle
data/voc/hq/2007_003451.jpg,sofa,Sofa
data/voc/hq/2007_003499.jpg,train,Train
data/voc/hq/2007_003503.jpg,bus,Bus
data/voc/hq/2007_003506.jpg,pottedplant,Potted Plant
data/voc/hq/2007_003525.jpg,cat,Cat
data/voc/hq/2007_003529.jpg,person,Dining Table
data/voc/hq/2007_003530.jpg,person,Chair
data/voc/hq/2007_003541.jpg,person,Person
data/voc/hq/2007_003565.jpg,bird,Bird
data/voc/hq/2007_003571.jpg,boat,Boat
data/voc/hq/2007_003580.jpg,person,Person
data/voc/hq/2007_003587.jpg,train,Train
data/voc/hq/2007_003593.jpg,sheep,Sheep
data/voc/hq/2007_003604.jpg,dog,Dog
data/voc/hq/2007_003611.jpg,horse,Horse
data/voc/hq/2007_003621.jpg,bicycle,Bicycle
data/voc/hq/2007_003668.jpg,diningtable,Dining Table
data/voc/hq/2007_003682.jpg,bird,Bird
data/voc/hq/2007_003711.jpg,bus,Bus
data/voc/hq/2007_003714.jpg,sheep,Cat
data/voc/hq/2007_003715.jpg,bus,Bus
data/voc/hq/2007_003742.jpg,person,Dining Table
data/voc/hq/2007_003778.jpg,cat,Cat
data/voc/hq/2007_003786.jpg,bus,Bus
data/voc/hq/2007_003788.jpg,chair,Cat
data/voc/hq/2007_003815.jpg,car,Car
data/voc/hq/2007_003841.jpg,cow,Cow
data/voc/hq/2007_003848.jpg,train,Train
data/voc/hq/2007_003861.jpg,boat,Boat
data/voc/hq/2007_003872.jpg,dog,Dog
data/voc/hq/2007_003876.jpg,aeroplane,Aeroplane
data/voc/hq/2007_003889.jpg,horse,Horse
data/voc/hq/2007_003910.jpg,boat,Boat
data/voc/hq/2007_003917.jpg,car,Car
data/voc/hq/2007_003957.jpg,train,Train
data/voc/hq/2007_003991.jpg,cat,Cat
data/voc/hq/2007_004003.jpg,motorbike,Motorbike
data/voc/hq/2007_004009.jpg,aeroplane,Aeroplane
data/voc/hq/2007_004033.jpg,motorbike,Motorbike
data/voc/hq/2007_004052.jpg,aeroplane,Aeroplane
data/voc/hq/2007_004065.jpg,bus,Bus
data/voc/hq/2007_004081.jpg,pottedplant,Potted Plant
data/voc/hq/2007_004112.jpg,person,Dog
data/voc/hq/2007_004121.jpg,person,Person
data/voc/hq/2007_004143.jpg,bird,Bird
data/voc/hq/2007_004166.jpg,diningtable,Dining Table
data/voc/hq/2007_004189.jpg,dog,Dog
data/voc/hq/2007_004190.jpg,tvmonitor,TV Monitor
data/voc/hq/2007_004193.jpg,chair,Chair
data/voc/hq/2007_004241.jpg,boat,Boat
data/voc/hq/2007_004275.jpg,motorbike,Motorbike
data/voc/hq/2007_004281.jpg,train,Train
data/voc/hq/2007_004289.jpg,person,Chair
data/voc/hq/2007_004291.jpg,person,Person
data/voc/hq/2007_004328.jpg,person,Person
data/voc/hq/2007_004380.jpg,motorbike,Motorbike
data/voc/hq/2007_004392.jpg,person,Person
data/voc/hq/2007_004405.jpg,diningtable,Dining Table
data/voc/hq/2007_004423.jpg,sheep,Sheep
data/voc/hq/2007_004459.jpg,aeroplane,Aeroplane
data/voc/hq/2007_004468.jpg,bottle,Bottle
data/voc/hq/2007_004476.jpg,person,Person
data/voc/hq/2007_004481.jpg,car,Car
data/voc/hq/2007_004483.jpg,train,Train
data/voc/hq/2007_004500.jpg,cow,Cow
data/voc/hq/2007_004510.jpg,chair,Chair
data/voc/hq/2007_004537.jpg,horse,Horse
data/voc/hq/2007_004538.jpg,horse,Horse
data/voc/hq/2007_004558.jpg,pottedplant,Potted Plant
data/voc/hq/2007_004627.jpg,train,Train
data/voc/hq/2007_004644.jpg,dog,Dog
data/voc/hq/2007_004649.jpg,train,Train
data/voc/hq/2007_004663.jpg,train,Train
data/voc/hq/2007_004705.jpg,car,Car
data/voc/hq/2007_004707.jpg,pottedplant,Potted Plant
data/voc/hq/2007_004712.jpg,person,Person
data/voc/hq/2007_004722.jpg,person,Person
data/voc/hq/2007_004768.jpg,sheep,Sheep
data/voc/hq/2007_004769.jpg,bicycle,Bicycle
data/voc/hq/2007_004810.jpg,car,Car
data/voc/hq/2007_004830.jpg,car,Car
data/voc/hq/2007_004841.jpg,aeroplane,Aeroplane
data/voc/hq/2007_004856.jpg,cat,Cat
data/voc/hq/2007_004866.jpg,cat,Cat
data/voc/hq/2007_004902.jpg,person,Horse
data/voc/hq/2007_004948.jpg,pottedplant,Potted Plant
data/voc/hq/2007_004951.jpg,train,Train
data/voc/hq/2007_004969.jpg,sheep,Sheep
data/voc/hq/2007_004988.jpg,aeroplane,Aeroplane
data/voc/hq/2007_004998.jpg,cat,Cat
data/voc/hq/2007_005043.jpg,aeroplane,Aeroplane
data/voc/hq/2007_005058.jpg,sheep,Sheep
data/voc/hq/2007_005064.jpg,bicycle,Bicycle
data/voc/hq/2007_005074.jpg,boat,Boat
data/voc/hq/2007_005086.jpg,person,Dining Table
data/voc/hq/2007_005107.jpg,bicycle,Bicycle
data/voc/hq/2007_005114.jpg,person,Horse
data/voc/hq/2007_005124.jpg,cow,Cow
data/voc/hq/2007_005130.jpg,bird,Bird
data/voc/hq/2007_005144.jpg,person,Person
data/voc/hq/2007_005149.jpg,dog,Dog
data/voc/hq/2007_005173.jpg,person,Motorbike
data/voc/hq/2007_005210.jpg,tvmonitor,TV Monitor
data/voc/hq/2007_005212.jpg,sofa,Chair
data/voc/hq/2007_005227.jpg,person,Chair
data/voc/hq/2007_005248.jpg,horse,Horse
data/voc/hq/2007_005262.jpg,bus,Bus
data/voc/hq/2007_005264.jpg,bird,Bird
data/voc/hq/2007_005266.jpg,sofa,Sofa
data/voc/hq/2007_005273.jpg,bicycle,Bicycle
data/voc/hq/2007_005281.jpg,person,Person
data/voc/hq/2007_005294.jpg,bottle,Bottle
data/voc/hq/2007_005296.jpg,car,Car
data/voc/hq/2007_005304.jpg,person,Bottle
data/voc/hq/2007_005314.jpg,motorbike,Motorbike
data/voc/hq/2007_005331.jpg,horse,Horse
data/voc/hq/2007_005354.jpg,motorbike,Motorbike
data/voc/hq/2007_005358.jpg,aeroplane,Aeroplane
data/voc/hq/2007_005360.jpg,train,Train
data/voc/hq/2007_005368.jpg,person,Bicycle
data/voc/hq/2007_005428.jpg,bottle,Bottle
data/voc/hq/2007_005430.jpg,person,Bicycle
data/voc/hq/2007_005460.jpg,cat,Cat
data/voc/hq/2007_005469.jpg,sheep,Sheep
data/voc/hq/2007_005509.jpg,aeroplane,Aeroplane
data/voc/hq/2007_005547.jpg,car,Car
data/voc/hq/2007_005600.jpg,aeroplane,Aeroplane
data/voc/hq/2007_005608.jpg,motorbike,Motorbike
data/voc/hq/2007_005626.jpg,train,Train
data/voc/hq/2007_005647.jpg,diningtable,Dining Table
data/voc/hq/2007_005688.jpg,cat,Cat
data/voc/hq/2007_005689.jpg,train,Train
data/voc/hq/2007_005696.jpg,dog,Dog
data/voc/hq/2007_005702.jpg,person,Bicycle
data/voc/hq/2007_005705.jpg,boat,Boat
data/voc/hq/2007_005759.jpg,motorbike,Motorbike
data/voc/hq/2007_005790.jpg,person,Person
data/voc/hq/2007_005797.jpg,cow,Cow
data/voc/hq/2007_005803.jpg,diningtable,Dining Table
data/voc/hq/2007_005813.jpg,pottedplant,Potted Plant
data/voc/hq/2007_005828.jpg,aeroplane,Aeroplane
data/voc/hq/2007_005844.jpg,diningtable,Chair
data/voc/hq/2007_005845.jpg,person,Cat
data/voc/hq/2007_005857.jpg,pottedplant,Potted Plant
data/voc/hq/2007_005859.jpg,person,Person
data/voc/hq/2007_005878.jpg,motorbike,Motorbike
data/voc/hq/2007_005902.jpg,tvmonitor,TV Monitor
data/voc/hq/2007_005911.jpg,bus,Bus
data/voc/hq/2007_005915.jpg,sheep,Sheep
data/voc/hq/2007_005951.jpg,motorbike,Motorbike
data/voc/hq/2007_005978.jpg,bus,Bus
data/voc/hq/2007_005988.jpg,person,Dog
data/voc/hq/2007_005989.jpg,motorbike,Motorbike
data/voc/hq/2007_006004.jpg,chair,Sofa
data/voc/hq/2007_006028.jpg,person,Person
data/voc/hq/2007_006035.jpg,car,Car
data/voc/hq/2007_006046.jpg,boat,Boat
data/voc/hq/2007_006066.jpg,tvmonitor,TV Monitor
data/voc/hq/2007_006076.jpg,person,Bird
data/voc/hq/2007_006086.jpg,diningtable,Dining Table
data/voc/hq/2007_006117.jpg,person,Person
data/voc/hq/2007_006134.jpg,horse,Horse
data/voc/hq/2007_006136.jpg,sheep,Sheep
data/voc/hq/2007_006151.jpg,horse,Horse
data/voc/hq/2007_006171.jpg,dog,Dog
data/voc/hq/2007_006212.jpg,aeroplane,Aeroplane
data/voc/hq/2007_006232.jpg,aeroplane,Aeroplane
data/voc/hq/2007_006241.jpg,diningtable,Dining Table
data/voc/hq/2007_006254.jpg,train,Train
data/voc/hq/2007_006260.jpg,cat,Cat
data/voc/hq/2007_006277.jpg,car,Car
data/voc/hq/2007_006281.jpg,boat,Boat
data/voc/hq/2007_006303.jpg,pottedplant,Person
data/voc/hq/2007_006317.jpg,bus,Bicycle
data/voc/hq/2007_006348.jpg,chair,Chair
data/voc/hq/2007_006364.jpg,horse,Horse
data/voc/hq/2007_006373.jpg,sofa,Sofa
data/voc/hq/2007_006400.jpg,train,Train
data/voc/hq/2007_006409.jpg,diningtable,Dining Table
data/voc/hq/2007_006444.jpg,dog,Dog
data/voc/hq/2007_006445.jpg,horse,Horse
data/voc/hq/2007_006449.jpg,bicycle,Bicycle
data/voc/hq/2007_006477.jpg,person,Chair
data/voc/hq/2007_006483.jpg,person,Person
data/voc/hq/2007_006490.jpg,boat,Boat
data/voc/hq/2007_006530.jpg,sofa,Sofa
data/voc/hq/2007_006549.jpg,boat,Boat
data/voc/hq/2007_006553.jpg,chair,Chair
data/voc/hq/2007_006560.jpg,person,Person
data/voc/hq/2007_006581.jpg,bicycle,Bicycle
data/voc/hq/2007_006585.jpg,person,Motorbike
data/voc/hq/2007_006605.jpg,chair,Chair
data/voc/hq/2007_006615.jpg,person,Person
data/voc/hq/2007_006641.jpg,cat,Cat
data/voc/hq/2007_006647.jpg,motorbike,Motorbike
data/voc/hq/2007_006660.jpg,boat,Boat
data/voc/hq/2007_006661.jpg,person,Bicycle
data/voc/hq/2007_006673.jpg,boat,Boat
data/voc/hq/2007_006678.jpg,sheep,Sheep
data/voc/hq/2007_006680.jpg,train,Train
data/voc/hq/2007_006698.jpg,person,Person
data/voc/hq/2007_006699.jpg,person,Dining Table
data/voc/hq/2007_006704.jpg,tvmonitor,TV Monitor
data/voc/hq/2007_006761.jpg,cow,Cow
data/voc/hq/2007_006802.jpg,train,Train
data/voc/hq/2007_006803.jpg,train,Train
data/voc/hq/2007_006832.jpg,sheep,Sheep
data/voc/hq/2007_006837.jpg,sheep,Cat
data/voc/hq/2007_006841.jpg,cow,Cow
data/voc/hq/2007_006864.jpg,person,Person
data/voc/hq/2007_006865.jpg,bird,Bird
data/voc/hq/2007_006866.jpg,horse,Horse
data/voc/hq/2007_006899.jpg,sheep,Cow
data/voc/hq/2007_006900.jpg,car,Car
data/voc/hq/2007_006944.jpg,sheep,Sheep
data/voc/hq/2007_006946.jpg,aeroplane,Aeroplane
data/voc/hq/2007_007003.jpg,car,Car
data/voc/hq/2007_007007.jpg,person,Person
data/voc/hq/2007_007021.jpg,diningtable,Dining Table
data/voc/hq/2007_007048.jpg,sheep,Sheep
data/voc/hq/2007_007084.jpg,bird,Bird
data/voc/hq/2007_007098.jpg,cat,Cat
data/voc/hq/2007_007109.jpg,horse,Horse
data/voc/hq/2007_007130.jpg,tvmonitor,TV Monitor
data/voc/hq/2007_007154.jpg,person,Person
data/voc/hq/2007_007165.jpg,sheep,Sheep
data/voc/hq/2007_007168.jpg,train,Train
data/voc/hq/2007_007195.jpg,person,Train
data/voc/hq/2007_007196.jpg,tvmonitor,TV Monitor
data/voc/hq/2007_007203.jpg,tvmonitor,TV Monitor
data/voc/hq/2007_007211.jpg,motorbike,Motorbike
data/voc/hq/2007_007230.jpg,sheep,Sheep
data/voc/hq/2007_007235.jpg,bicycle,Bicycle
data/voc/hq/2007_007250.jpg,tvmonitor,TV Monitor
data/voc/hq/2007_007341.jpg,aeroplane,Aeroplane
data/voc/hq/2007_007355.jpg,motorbike,Motorbike
data/voc/hq/2007_007387.jpg,train,Train
data/voc/hq/2007_007398.jpg,bus,Bus
data/voc/hq/2007_007414.jpg,car,Car
data/voc/hq/2007_007415.jpg,boat,Boat
data/voc/hq/2007_007417.jpg,sofa,Dog
data/voc/hq/2007_007432.jpg,chair,Chair
data/voc/hq/2007_007447.jpg,person,Bicycle
data/voc/hq/2007_007470.jpg,aeroplane,Aeroplane
data/voc/hq/2007_007477.jpg,boat,Boat
data/voc/hq/2007_007480.jpg,bus,Bus
data/voc/hq/2007_007481.jpg,bird,Bird
data/voc/hq/2007_007493.jpg,person,Person
data/voc/hq/2007_007498.jpg,person,Dining Table
data/voc/hq/2007_007523.jpg,bird,Bird
data/voc/hq/2007_007524.jpg,cat,Cat
data/voc/hq/2007_007530.jpg,chair,Chair
data/voc/hq/2007_007534.jpg,sheep,Sheep
data/voc/hq/2007_007585.jpg,dog,Dog
data/voc/hq/2007_007591.jpg,bus,Bus
data/voc/hq/2007_007621.jpg,sheep,Sheep
data/voc/hq/2007_007624.jpg,pottedplant,Potted Plant
data/voc/hq/2007_007649.jpg,person,Person
data/voc/hq/2007_007651.jpg,diningtable,Dining Table
data/voc/hq/2007_007688.jpg,motorbike,Motorbike
data/voc/hq/2007_007698.jpg,aeroplane,Aeroplane
data/voc/hq/2007_007726.jpg,train,Train
data/voc/hq/2007_007748.jpg,horse,Horse
data/voc/hq/2007_007772.jpg,cow,Cow
data/voc/hq/2007_007773.jpg,bus,Bus
data/voc/hq/2007_007783.jpg,motorbike,Motorbike
data/voc/hq/2007_007795.jpg,person,Person
data/voc/hq/2007_007810.jpg,diningtable,Dining Table
data/voc/hq/2007_007815.jpg,car,Car
data/voc/hq/2007_007818.jpg,car,Car
data/voc/hq/2007_007836.jpg,bicycle,Bicycle
data/voc/hq/2007_007849.jpg,person,Person
data/voc/hq/2007_007878.jpg,cat,Cat
data/voc/hq/2007_007881.jpg,train,Train
data/voc/hq/2007_007890.jpg,pottedplant,Potted Plant
data/voc/hq/2007_007891.jpg,person,Person
data/voc/hq/2007_007902.jpg,motorbike,Motorbike
data/voc/hq/2007_007908.jpg,bus,Bus
data/voc/hq/2007_007930.jpg,dog,Dog
data/voc/hq/2007_007947.jpg,train,Train
data/voc/hq/2007_007948.jpg,car,Car
data/voc/hq/2007_007996.jpg,person,Person
data/voc/hq/2007_008043.jpg,person,Person
data/voc/hq/2007_008051.jpg,bird,Bird
data/voc/hq/2007_008072.jpg,person,Dining Table
data/voc/hq/2007_008084.jpg,bird,Bird
data/voc/hq/2007_008085.jpg,bird,Bird
data/voc/hq/2007_008106.jpg,chair,Chair
data/voc/hq/2007_008110.jpg,chair,Cat
data/voc/hq/2007_008140.jpg,pottedplant,Potted Plant
data/voc/hq/2007_008142.jpg,horse,Horse
data/voc/hq/2007_008203.jpg,sofa,Sofa
data/voc/hq/2007_008204.jpg,tvmonitor,TV Monitor
data/voc/hq/2007_008218.jpg,person,Train
data/voc/hq/2007_008219.jpg,person,Person
data/voc/hq/2007_008222.jpg,dog,Dog
data/voc/hq/2007_008256.jpg,horse,Horse
data/voc/hq/2007_008260.jpg,sofa,Dog
data/voc/hq/2007_008307.jpg,horse,Horse
data/voc/hq/2007_008339.jpg,train,Train
data/voc/hq/2007_008374.jpg,person,TV Monitor
data/voc/hq/2007_008403.jpg,cat,Cat
data/voc/hq/2007_008407.jpg,person,Computer
data/voc/hq/2007_008415.jpg,dog,Dog
data/voc/hq/2007_008430.jpg,person,Person
data/voc/hq/2007_008468.jpg,sofa,Sofa
data/voc/hq/2007_008526.jpg,horse,Horse
data/voc/hq/2007_008543.jpg,sofa,Chair
data/voc/hq/2007_008547.jpg,pottedplant,Potted Plant
data/voc/hq/2007_008571.jpg,boat,Boat
data/voc/hq/2007_008575.jpg,cat,Cat
data/voc/hq/2007_008596.jpg,person,Horse
data/voc/hq/2007_008645.jpg,boat,Boat
data/voc/hq/2007_008670.jpg,bird,Bird
data/voc/hq/2007_008708.jpg,person,Car
data/voc/hq/2007_008714.jpg,aeroplane,Aeroplane
data/voc/hq/2007_008722.jpg,cow,Cow
data/voc/hq/2007_008747.jpg,bus,Bus
data/voc/hq/2007_008764.jpg,bird,Bird
data/voc/hq/2007_008778.jpg,person,Person
data/voc/hq/2007_008801.jpg,person,Motorbike
data/voc/hq/2007_008802.jpg,horse,Horse
data/voc/hq/2007_008815.jpg,cat,Cat
data/voc/hq/2007_008821.jpg,sofa,Sofa
data/voc/hq/2007_008897.jpg,person,Person
data/voc/hq/2007_008927.jpg,cow,Cow
data/voc/hq/2007_008932.jpg,person,Person
data/voc/hq/2007_008944.jpg,person,Person
data/voc/hq/2007_008945.jpg,diningtable,Dining Table
data/voc/hq/2007_008948.jpg,chair,Chair
data/voc/hq/2007_008964.jpg,dog,Dog
data/voc/hq/2007_008973.jpg,cow,Cow
data/voc/hq/2007_008980.jpg,dog,Dog
data/voc/hq/2007_008994.jpg,motorbike,Motorbike
data/voc/hq/2007_009015.jpg,bus,Bus
data/voc/hq/2007_009030.jpg,aeroplane,Aeroplane
data/voc/hq/2007_009052.jpg,car,Car
data/voc/hq/2007_009068.jpg,person,Chair
data/voc/hq/2007_009082.jpg,cow,Cow
data/voc/hq/2007_009084.jpg,motorbike,Motorbike
data/voc/hq/2007_009088.jpg,bird,Bird
data/voc/hq/2007_009096.jpg,car,Car
data/voc/hq/2007_009139.jpg,motorbike,Motorbike
data/voc/hq/2007_009209.jpg,motorbike,Motorbike
data/voc/hq/2007_009216.jpg,tvmonitor,TV Monitor
data/voc/hq/2007_009221.jpg,cat,Cat
data/voc/hq/2007_009245.jpg,cow,Cow
data/voc/hq/2007_009251.jpg,horse,Horse
data/voc/hq/2007_009252.jpg,sofa,Sofa
data/voc/hq/2007_009258.jpg,person,Bicycle
data/voc/hq/2007_009295.jpg,bicycle,Bicycle
data/voc/hq/2007_009320.jpg,person,Sheep
data/voc/hq/2007_009322.jpg,motorbike,Motorbike
data/voc/hq/2007_009323.jpg,bird,Bird
data/voc/hq/2007_009327.jpg,person,Person
data/voc/hq/2007_009331.jpg,person,Person
data/voc/hq/2007_009346.jpg,cat,Cat
data/voc/hq/2007_009348.jpg,aeroplane,Aeroplane
data/voc/hq/2007_009392.jpg,bus,Bus
data/voc/hq/2007_009413.jpg,person,Dining Table
data/voc/hq/2007_009419.jpg,pottedplant,Potted Plant
data/voc/hq/2007_009422.jpg,bird,Bird
data/voc/hq/2007_009435.jpg,sofa,Sofa
data/voc/hq/2007_009436.jpg,train,Train
data/voc/hq/2007_009446.jpg,tvmonitor,TV Monitor
data/voc/hq/2007_009458.jpg,bottle,Dining Table
data/voc/hq/2007_009464.jpg,cat,Cat
data/voc/hq/2007_009521.jpg,sofa,Sofa
data/voc/hq/2007_009527.jpg,boat,Boat
data/voc/hq/2007_009533.jpg,boat,Boat
data/voc/hq/2007_009550.jpg,chair,Chair
data/voc/hq/2007_009554.jpg,person,Person
data/voc/hq/2007_009562.jpg,dog,Dog
data/voc/hq/2007_009580.jpg,train,Train
data/voc/hq/2007_009592.jpg,sofa,Dog
data/voc/hq/2007_009594.jpg,tvmonitor,TV Monitor
data/voc/hq/2007_009597.jpg,train,Train
data/voc/hq/2007_009605.jpg,dog,Dog
data/voc/hq/2007_009607.jpg,bird,Bird
data/voc/hq/2007_009618.jpg,bicycle,Bicycle
data/voc/hq/2007_009630.jpg,cat,Cat
data/voc/hq/2007_009649.jpg,person,Sofa
data/voc/hq/2007_009654.jpg,person,Person
data/voc/hq/2007_009655.jpg,sofa,Chair
data/voc/hq/2007_009665.jpg,horse,Horse
data/voc/hq/2007_009684.jpg,person,Chair
data/voc/hq/2007_009687.jpg,person,Bottle
data/voc/hq/2007_009691.jpg,motorbike,Motorbike
data/voc/hq/2007_009706.jpg,diningtable,Dining Table
data/voc/hq/2007_009709.jpg,bottle,Bottle
data/voc/hq/2007_009724.jpg,cat,Cat
data/voc/hq/2007_009750.jpg,pottedplant,Potted Plant
data/voc/hq/2007_009756.jpg,motorbike,Motorbike
data/voc/hq/2007_009759.jpg,bird,Bird
data/voc/hq/2007_009764.jpg,bus,Bus
data/voc/hq/2007_009779.jpg,car,Car
data/voc/hq/2007_009788.jpg,bicycle,Bicycle
data/voc/hq/2007_009794.jpg,cat,Cat
data/voc/hq/2007_009807.jpg,horse,Horse
data/voc/hq/2007_009817.jpg,bird,Bird
data/voc/hq/2007_009832.jpg,bus,Bus
data/voc/hq/2007_009841.jpg,horse,Horse
data/voc/hq/2007_009889.jpg,dog,Dog
data/voc/hq/2007_009897.jpg,cow,Cow
data/voc/hq/2007_009899.jpg,dog,Dog
data/voc/hq/2007_009901.jpg,person,Person
data/voc/hq/2007_009911.jpg,aeroplane,Aeroplane
data/voc/hq/2007_009923.jpg,cat,Cat
data/voc/hq/2007_009938.jpg,motorbike,Motorbike
data/voc/hq/2007_009947.jpg,boat,Boat
data/voc/hq/2007_009950.jpg,train,Train
data/voc/hq/2008_000009.jpg,cow,Cow
data/voc/hq/2008_000015.jpg,bottle,Bottle
data/voc/hq/2008_000016.jpg,tvmonitor,TV Monitor
data/voc/hq/2008_000019.jpg,dog,Dog
data/voc/hq/2008_000028.jpg,car,Car
data/voc/hq/2008_000033.jpg,aeroplane,Aeroplane
data/voc/hq/2008_000073.jpg,cow,Cow
data/voc/hq/2008_000074.jpg,car,Car
data/voc/hq/2008_000075.jpg,bus,Bus
data/voc/hq/2008_000080.jpg,dog,Dog
data/voc/hq/2008_000089.jpg,chair,Chair
data/voc/hq/2008_000103.jpg,bird,Bird
data/voc/hq/2008_000105.jpg,car,Car
data/voc/hq/2008_000107.jpg,chair,Chair
data/voc/hq/2008_000120.jpg,boat,Boat
data/voc/hq/2008_000123.jpg,bird,Bird
data/voc/hq/2008_000131.jpg,bird,Bird
data/voc/hq/2008_000144.jpg,motorbike,Motorbike
data/voc/hq/2008_000149.jpg,sofa,Sofa
data/voc/hq/2008_000162.jpg,dog,Dog
data/voc/hq/2008_000182.jpg,cat,Cat
data/voc/hq/2008_000187.jpg,car,Car
data/voc/hq/2008_000188.jpg,pottedplant,Potted Plant
data/voc/hq/2008_000197.jpg,aeroplane,Aeroplane
data/voc/hq/2008_000207.jpg,person,Person
data/voc/hq/2008_000213.jpg,person,Car
data/voc/hq/2008_000215.jpg,person,Person
data/voc/hq/2008_000217.jpg,person,Person
data/voc/hq/2008_000223.jpg,person,Person
data/voc/hq/2008_000226.jpg,car,Car
data/voc/hq/2008_000233.jpg,person,Person
data/voc/hq/2008_000234.jpg,person,Person
data/voc/hq/2008_000235.jpg,boat,Boat
data/voc/hq/2008_000238.jpg,bus,Bus
data/voc/hq/2008_000239.jpg,dog,Dog
data/voc/hq/2008_000254.jpg,person,Person
data/voc/hq/2008_000259.jpg,person,Person
data/voc/hq/2008_000270.jpg,sofa,Person
data/voc/hq/2008_000271.jpg,person,Person
data/voc/hq/2008_000273.jpg,dog,Dog
data/voc/hq/2008_000284.jpg,person,Person
data/voc/hq/2008_000287.jpg,pottedplant,Potted Plant
data/voc/hq/2008_000289.jpg,person,Person
data/voc/hq/2008_000290.jpg,person,Dining Table
data/voc/hq/2008_000309.jpg,tvmonitor,TV Monitor
data/voc/hq/2008_000316.jpg,person,Person
data/voc/hq/2008_000336.jpg,dog,Dog
data/voc/hq/2008_000345.jpg,cat,Cat
data/voc/hq/2008_000348.jpg,tvmonitor,TV Monitor
data/voc/hq/2008_000359.jpg,person,Person
data/voc/hq/2008_000361.jpg,bird,Bird
data/voc/hq/2008_000365.jpg,person,Person
data/voc/hq/2008_000391.jpg,pottedplant,Potted Plant
data/voc/hq/2008_000399.jpg,car,Car
data/voc/hq/2008_000400.jpg,bird,Bird
data/voc/hq/2008_000401.jpg,cat,Cat
data/voc/hq/2008_000415.jpg,person,Boat
data/voc/hq/2008_000422.jpg,person,Person
data/voc/hq/2008_000436.jpg,person,Car
data/voc/hq/2008_000464.jpg,cat,Cat
data/voc/hq/2008_000469.jpg,person,Person
data/voc/hq/2008_000470.jpg,train,Train
data/voc/hq/2008_000474.jpg,person,Person
data/voc/hq/2008_000491.jpg,pottedplant,Potted Plant
data/voc/hq/2008_000495.jpg,chair,Chair
data/voc/hq/2008_000501.jpg,car,Car
data/voc/hq/2008_000505.jpg,boat,Boat
data/voc/hq/2008_000510.jpg,person,Person
data/voc/hq/2008_000515.jpg,bird,Bird
data/voc/hq/2008_000533.jpg,bird,Bird
data/voc/hq/2008_000540.jpg,person,Person
data/voc/hq/2008_000544.jpg,person,Person
data/voc/hq/2008_000567.jpg,boat,Boat
data/voc/hq/2008_000573.jpg,person,Dining Table
data/voc/hq/2008_000578.jpg,tvmonitor,TV Monitor
data/voc/hq/2008_000584.jpg,person,Person
data/voc/hq/2008_000588.jpg,chair,Chair
data/voc/hq/2008_000589.jpg,sofa,Sofa
data/voc/hq/2008_000595.jpg,car,Car
data/voc/hq/2008_000602.jpg,horse,Horse
data/voc/hq/2008_000626.jpg,chair,Chair
data/voc/hq/2008_000630.jpg,person,Person
data/voc/hq/2008_000645.jpg,person,Person
data/voc/hq/2008_000657.jpg,train,Train
data/voc/hq/2008_000661.jpg,person,Dog
data/voc/hq/2008_000662.jpg,person,Car
data/voc/hq/2008_000666.jpg,person,Person
data/voc/hq/2008_000673.jpg,person,Chair
data/voc/hq/2008_000676.jpg,dog,Dog
data/voc/hq/2008_000696.jpg,horse,Horse
data/voc/hq/2008_000700.jpg,person,Person
data/voc/hq/2008_000711.jpg,cow,Cow
data/voc/hq/2008_000716.jpg,aeroplane,Aeroplane
data/voc/hq/2008_000725.jpg,person,Chair
data/voc/hq/2008_000731.jpg,person,Person
data/voc/hq/2008_000733.jpg,person,Car
data/voc/hq/2008_000760.jpg,chair,Chair
data/voc/hq/2008_000763.jpg,diningtable,Dining Table
data/voc/hq/2008_000764.jpg,bicycle,Bicycle
data/voc/hq/2008_000765.jpg,horse,Horse
data/voc/hq/2008_000778.jpg,person,Person
data/voc/hq/2008_000782.jpg,motorbike,Motorbike
data/voc/hq/2008_000785.jpg,bird,Bird
data/voc/hq/2008_000795.jpg,person,Person
data/voc/hq/2008_000811.jpg,person,Motorbike
data/voc/hq/2008_000832.jpg,bird,Bird
data/voc/hq/2008_000841.jpg,person,Person
data/voc/hq/2008_000848.jpg,bird,Bird
data/voc/hq/2008_000853.jpg,cat,Cat
data/voc/hq/2008_000860.jpg,cat,Cat
data/voc/hq/2008_000861.jpg,bird,Bird
data/voc/hq/2008_000863.jpg,dog,Dog
data/voc/hq/2008_000870.jpg,person,Person
data/voc/hq/2008_000911.jpg,bottle,Bottle
data/voc/hq/2008_000919.jpg,cow,Cow
data/voc/hq/2008_000923.jpg,pottedplant,Potted Plant
data/voc/hq/2008_000943.jpg,dog,Dog
data/voc/hq/2008_000992.jpg,person,Person
data/voc/hq/2008_001013.jpg,boat,Boat
data/voc/hq/2008_001028.jpg,person,Person
data/voc/hq/2008_001030.jpg,sofa,Sofa
data/voc/hq/2008_001040.jpg,boat,Boat
data/voc/hq/2008_001056.jpg,boat,Boat
data/voc/hq/2008_001070.jpg,dog,Dog
data/voc/hq/2008_001074.jpg,person,Person
data/voc/hq/2008_001076.jpg,person,Car
data/voc/hq/2008_001078.jpg,cat,Cat
data/voc/hq/2008_001106.jpg,person,Person
data/voc/hq/2008_001112.jpg,person,Horse
data/voc/hq/2008_001118.jpg,train,Train
data/voc/hq/2008_001119.jpg,person,Motorbike
data/voc/hq/2008_001135.jpg,boat,Boat
data/voc/hq/2008_001137.jpg,dog,Dog
data/voc/hq/2008_001150.jpg,motorbike,Motorbike
data/voc/hq/2008_001159.jpg,boat,Boat
data/voc/hq/2008_001169.jpg,train,Train
data/voc/hq/2008_001170.jpg,person,Person
data/voc/hq/2008_001188.jpg,person,Person
data/voc/hq/2008_001203.jpg,motorbike,Motorbike
data/voc/hq/2008_001208.jpg,car,Car
data/voc/hq/2008_001215.jpg,person,Person
data/voc/hq/2008_001231.jpg,bicycle,Bicycle
data/voc/hq/2008_001235.jpg,horse,Horse
data/voc/hq/2008_001245.jpg,person,Person
data/voc/hq/2008_001249.jpg,person,Person
data/voc/hq/2008_001260.jpg,boat,Boat
data/voc/hq/2008_001263.jpg,person,Person
data/voc/hq/2008_001274.jpg,car,Car
data/voc/hq/2008_001283.jpg,person,Bird
data/voc/hq/2008_001308.jpg,person,Sofa
data/voc/hq/2008_001358.jpg,train,Train
data/voc/hq/2008_001375.jpg,person,Bicycle
data/voc/hq/2008_001379.jpg,dog,Dog
data/voc/hq/2008_001387.jpg,bird,Bird
data/voc/hq/2008_001399.jpg,sofa,Sofa
data/voc/hq/2008_001402.jpg,person,Bicycle
data/voc/hq/2008_001404.jpg,person,Bicycle
data/voc/hq/2008_001408.jpg,person,Person
data/voc/hq/2008_001413.jpg,person,Person
data/voc/hq/2008_001433.jpg,cat,Cat
data/voc/hq/2008_001439.jpg,chair,Chair
data/voc/hq/2008_001462.jpg,person,Person
data/voc/hq/2008_001467.jpg,person,Chair
data/voc/hq/2008_001478.jpg,dog,Dog
data/voc/hq/2008_001479.jpg,dog,Dog
data/voc/hq/2008_001491.jpg,person,Chair
data/voc/hq/2008_001498.jpg,dog,Dog
data/voc/hq/2008_001504.jpg,person,Person
data/voc/hq/2008_001510.jpg,person,Car
data/voc/hq/2008_001513.jpg,cat,Cat
data/voc/hq/2008_001514.jpg,bird,Bird
data/voc/hq/2008_001523.jpg,person,Bicycle
data/voc/hq/2008_001531.jpg,bicycle,Bicycle
data/voc/hq/2008_001546.jpg,aeroplane,Aeroplane
data/voc/hq/2008_001547.jpg,person,Person
data/voc/hq/2008_001566.jpg,bicycle,Bicycle
data/voc/hq/2008_001580.jpg,boat,Aeroplane
data/voc/hq/2008_001592.jpg,cat,Cat
data/voc/hq/2008_001601.jpg,sheep,Sheep
data/voc/hq/2008_001610.jpg,cat,Cat
data/voc/hq/2008_001629.jpg,person,Person
data/voc/hq/2008_001632.jpg,car,Car
data/voc/hq/2008_001640.jpg,cat,Cat
data/voc/hq/2008_001643.jpg,motorbike,Motorbike
data/voc/hq/2008_001682.jpg,horse,Horse
data/voc/hq/2008_001688.jpg,tvmonitor,TV Monitor
data/voc/hq/2008_001691.jpg,motorbike,Motorbike
data/voc/hq/2008_001715.jpg,chair,Chair
data/voc/hq/2008_001716.jpg,car,Car
data/voc/hq/2008_001719.jpg,aeroplane,Aeroplane
data/voc/hq/2008_001741.jpg,cat,Cat
data/voc/hq/2008_001761.jpg,person,Person
data/voc/hq/2008_001787.jpg,sofa,Sofa
data/voc/hq/2008_001821.jpg,person,Aeroplane
data/voc/hq/2008_001829.jpg,bird,Bird
data/voc/hq/2008_001874.jpg,person,Person
data/voc/hq/2008_001876.jpg,cat,Cat
data/voc/hq/2008_001882.jpg,person,Person
data/voc/hq/2008_001885.jpg,cat,Cat
data/voc/hq/2008_001895.jpg,dog,Dog
data/voc/hq/2008_001896.jpg,sofa,Sofa
data/voc/hq/2008_001926.jpg,train,Train
data/voc/hq/2008_001966.jpg,bird,Bird
data/voc/hq/2008_001971.jpg,aeroplane,Aeroplane
data/voc/hq/2008_001992.jpg,person,Horse
data/voc/hq/2008_001997.jpg,chair,Chair
data/voc/hq/2008_002032.jpg,diningtable,Dining Table
data/voc/hq/2008_002043.jpg,bird,Bird
data/voc/hq/2008_002064.jpg,bird,Bird
data/voc/hq/2008_002066.jpg,tvmonitor,TV Monitor
data/voc/hq/2008_002067.jpg,person,Cat
data/voc/hq/2008_002073.jpg,bird,Bird
data/voc/hq/2008_002079.jpg,diningtable,Dining Table
data/voc/hq/2008_002080.jpg,person,Person
data/voc/hq/2008_002123.jpg,motorbike,Motorbike
data/voc/hq/2008_002152.jpg,cat,Cat
data/voc/hq/2008_002160.jpg,dog,Dog
data/voc/hq/2008_002175.jpg,chair,Chair
data/voc/hq/2008_002177.jpg,cat,Cat
data/voc/hq/2008_002182.jpg,cat,Cat
data/voc/hq/2008_002200.jpg,bird,Bird
data/voc/hq/2008_002205.jpg,bus,Bus
data/voc/hq/2008_002210.jpg,person,Dining Table
data/voc/hq/2008_002212.jpg,car,Car
data/voc/hq/2008_002215.jpg,cat,Cat
data/voc/hq/2008_002218.jpg,chair,Chair
data/voc/hq/2008_002221.jpg,aeroplane,Aeroplane
data/voc/hq/2008_002239.jpg,dog,Dog
data/voc/hq/2008_002240.jpg,motorbike,Motorbike
data/voc/hq/2008_002241.jpg,person,Person
data/voc/hq/2008_002247.jpg,person,Person
data/voc/hq/2008_002248.jpg,person,Boat
data/voc/hq/2008_002255.jpg,bird,Bird
data/voc/hq/2008_002258.jpg,car,Car
data/voc/hq/2008_002269.jpg,bicycle,Bicycle
data/voc/hq/2008_002273.jpg,pottedplant,Potted Plant
data/voc/hq/2008_002288.jpg,chair,Chair
data/voc/hq/2008_002338.jpg,horse,Horse
data/voc/hq/2008_002358.jpg,aeroplane,Aeroplane
data/voc/hq/2008_002379.jpg,pottedplant,Potted Plant
data/voc/hq/2008_002383.jpg,motorbike,Motorbike
data/voc/hq/2008_002411.jpg,horse,Horse
data/voc/hq/2008_002425.jpg,person,Motorbike
data/voc/hq/2008_002429.jpg,bird,Bird
data/voc/hq/2008_002464.jpg,tvmonitor,TV Monitor
data/voc/hq/2008_002467.jpg,bottle,Bottle
data/voc/hq/2008_002471.jpg,bird,Bird
data/voc/hq/2008_002473.jpg,car,Car
data/voc/hq/2008_002492.jpg,boat,Boat
data/voc/hq/2008_002495.jpg,person,Person
data/voc/hq/2008_002504.jpg,boat,Boat
data/voc/hq/2008_002521.jpg,chair,Chair
data/voc/hq/2008_002536.jpg,sheep,Sheep
data/voc/hq/2008_002551.jpg,aeroplane,Aeroplane
data/voc/hq/2008_002588.jpg,person,Person
data/voc/hq/2008_002623.jpg,cat,Cat
data/voc/hq/2008_002641.jpg,person,Person
data/voc/hq/2008_002650.jpg,tvmonitor,TV Monitor
data/voc/hq/2008_002680.jpg,tvmonitor,TV Monitor
data/voc/hq/2008_002681.jpg,cat,Cat
data/voc/hq/2008_002697.jpg,horse,Horse
data/voc/hq/2008_002704.jpg,car,Car
data/voc/hq/2008_002710.jpg,car,Car
data/voc/hq/2008_002719.jpg,aeroplane,Aeroplane
data/voc/hq/2008_002749.jpg,cat,Cat
data/voc/hq/2008_002762.jpg,horse,Horse
data/voc/hq/2008_002772.jpg,motorbike,Motorbike
data/voc/hq/2008_002775.jpg,diningtable,Dining Table
data/voc/hq/2008_002778.jpg,cow,Cow
data/voc/hq/2008_002834.jpg,car,Car
data/voc/hq/2008_002835.jpg,horse,Horse
data/voc/hq/2008_002859.jpg,dog,Cat
data/voc/hq/2008_002864.jpg,person,Bottle
data/voc/hq/2008_002868.jpg,person,Person
data/voc/hq/2008_002885.jpg,person,Chair
data/voc/hq/2008_002894.jpg,bicycle,Bicycle
data/voc/hq/2008_002900.jpg,train,Train
data/voc/hq/2008_002904.jpg,dog,Dog
data/voc/hq/2008_002929.jpg,sofa,Sofa
data/voc/hq/2008_002936.jpg,dog,Dog
data/voc/hq/2008_002942.jpg,person,Person
data/voc/hq/2008_002958.jpg,car,Car
data/voc/hq/2008_002960.jpg,person,Person
data/voc/hq/2008_002970.jpg,bird,Bird
data/voc/hq/2008_002972.jpg,motorbike,Motorbike
data/voc/hq/2008_002993.jpg,horse,Horse
data/voc/hq/2008_003003.jpg,tvmonitor,TV Monitor
data/voc/hq/2008_003026.jpg,tvmonitor,TV Monitor
data/voc/hq/2008_003034.jpg,boat,Bicycle
data/voc/hq/2008_003060.jpg,bus,Bus
data/voc/hq/2008_003065.jpg,cow,Cow
data/voc/hq/2008_003068.jpg,train,Train
data/voc/hq/2008_003076.jpg,person,Bottle
data/voc/hq/2008_003083.jpg,train,Train
data/voc/hq/2008_003087.jpg,bird,Bird
data/voc/hq/2008_003094.jpg,cow,Cow
data/voc/hq/2008_003101.jpg,dog,Dog
data/voc/hq/2008_003105.jpg,train,Train
data/voc/hq/2008_003108.jpg,person,Person
data/voc/hq/2008_003110.jpg,bird,Bird
data/voc/hq/2008_003135.jpg,pottedplant,Potted Plant
data/voc/hq/2008_003141.jpg,bus,Bus
data/voc/hq/2008_003155.jpg,aeroplane,Aeroplane
data/voc/hq/2008_003168.jpg,chair,Chair
data/voc/hq/2008_003180.jpg,dog,Dog
data/voc/hq/2008_003196.jpg,aeroplane,Aeroplane
data/voc/hq/2008_003200.jpg,tvmonitor,TV Monitor
data/voc/hq/2008_003208.jpg,person,Person
data/voc/hq/2008_003210.jpg,person,Person
data/voc/hq/2008_003238.jpg,dog,Dog
data/voc/hq/2008_003252.jpg,chair,Chair
data/voc/hq/2008_003270.jpg,bicycle,Bicycle
data/voc/hq/2008_003329.jpg,person,Bicycle
data/voc/hq/2008_003330.jpg,person,Person
data/voc/hq/2008_003333.jpg,motorbike,Motorbike
data/voc/hq/2008_003362.jpg,boat,Boat
data/voc/hq/2008_003369.jpg,aeroplane,Aeroplane
data/voc/hq/2008_003373.jpg,bus,Bus
data/voc/hq/2008_003379.jpg,horse,Horse
data/voc/hq/2008_003381.jpg,bus,Bus
data/voc/hq/2008_003415.jpg,car,Car
data/voc/hq/2008_003429.jpg,motorbike,Motorbike
data/voc/hq/2008_003451.jpg,person,Motorbike
data/voc/hq/2008_003461.jpg,horse,Horse
data/voc/hq/2008_003477.jpg,diningtable,Dining Table
data/voc/hq/2008_003480.jpg,boat,Boat
data/voc/hq/2008_003492.jpg,person,Person
data/voc/hq/2008_003499.jpg,cat,Cat
data/voc/hq/2008_003500.jpg,tvmonitor,TV Monitor
data/voc/hq/2008_003511.jpg,person,Person
data/voc/hq/2008_003523.jpg,pottedplant,Potted Plant
data/voc/hq/2008_003546.jpg,person,Person
data/voc/hq/2008_003562.jpg,sofa,Sofa
data/voc/hq/2008_003576.jpg,dog,Dog
data/voc/hq/2008_003577.jpg,car,Car
data/voc/hq/2008_003585.jpg,tvmonitor,TV Monitor
data/voc/hq/2008_003665.jpg,dog,Dog
data/voc/hq/2008_003676.jpg,person,Person
data/voc/hq/2008_003691.jpg,bus,Bus
data/voc/hq/2008_003701.jpg,boat,Boat
data/voc/hq/2008_003703.jpg,aeroplane,Aeroplane
data/voc/hq/2008_003709.jpg,sofa,Sofa
data/voc/hq/2008_003729.jpg,aeroplane,Aeroplane
data/voc/hq/2008_003733.jpg,person,Person
data/voc/hq/2008_003769.jpg,motorbike,Motorbike
data/voc/hq/2008_003774.jpg,diningtable,Chair
data/voc/hq/2008_003777.jpg,bus,Bus
data/voc/hq/2008_003779.jpg,person,Boat
data/voc/hq/2008_003782.jpg,horse,Horse
data/voc/hq/2008_003814.jpg,sofa,Sofa
data/voc/hq/2008_003821.jpg,chair,Chair
data/voc/hq/2008_003846.jpg,car,Car
data/voc/hq/2008_003856.jpg,person,Aeroplane
data/voc/hq/2008_003858.jpg,boat,Boat
data/voc/hq/2008_003874.jpg,person,Person
data/voc/hq/2008_003876.jpg,aeroplane,Aeroplane
data/voc/hq/2008_003885.jpg,tvmonitor,TV Monitor
data/voc/hq/2008_003886.jpg,boat,Boat
data/voc/hq/2008_003913.jpg,boat,Boat
data/voc/hq/2008_003926.jpg,aeroplane,Aeroplane
data/voc/hq/2008_003939.jpg,motorbike,Bicycle
data/voc/hq/2008_003947.jpg,person,Person
data/voc/hq/2008_003976.jpg,aeroplane,Aeroplane
data/voc/hq/2008_003986.jpg,car,Car
data/voc/hq/2008_003998.jpg,diningtable,Dining Table
data/voc/hq/2008_004014.jpg,boat,Sofa
data/voc/hq/2008_004026.jpg,boat,Boat
data/voc/hq/2008_004055.jpg,bus,Bus
data/voc/hq/2008_004069.jpg,car,Car
data/voc/hq/2008_004080.jpg,car,Car
data/voc/hq/2008_004097.jpg,tvmonitor,TV Monitor
data/voc/hq/2008_004101.jpg,person,Bicycle
data/voc/hq/2008_004112.jpg,car,Car
data/voc/hq/2008_004140.jpg,person,Dining Table
data/voc/hq/2008_004172.jpg,sofa,Chair
data/voc/hq/2008_004175.jpg,horse,Horse
data/voc/hq/2008_004212.jpg,train,Train
data/voc/hq/2008_004259.jpg,tvmonitor,TV Monitor
data/voc/hq/2008_004279.jpg,tvmonitor,TV Monitor
data/voc/hq/2008_004321.jpg,sofa,Dining Table
data/voc/hq/2008_004339.jpg,car,Car
data/voc/hq/2008_004345.jpg,motorbike,Motorbike
data/voc/hq/2008_004358.jpg,train,Train
data/voc/hq/2008_004363.jpg,bicycle,Bicycle
data/voc/hq/2008_004365.jpg,person,Motorbike
data/voc/hq/2008_004367.jpg,train,Train
data/voc/hq/2008_004396.jpg,horse,Horse
data/voc/hq/2008_004399.jpg,person,Motorbike
data/voc/hq/2008_004416.jpg,sofa,Sofa
data/voc/hq/2008_004430.jpg,horse,Horse
data/voc/hq/2008_004441.jpg,bicycle,Bicycle
data/voc/hq/2008_004453.jpg,sheep,Dog
data/voc/hq/2008_004477.jpg,pottedplant,Potted Plant
data/voc/hq/2008_004547.jpg,train,Train
data/voc/hq/2008_004551.jpg,bird,Bird
data/voc/hq/2008_004552.jpg,car,Car
data/voc/hq/2008_004562.jpg,sofa,Chair
data/voc/hq/2008_004575.jpg,person,Person
data/voc/hq/2008_004583.jpg,cat,Cat
data/voc/hq/2008_004588.jpg,diningtable,Dining Table
data/voc/hq/2008_004607.jpg,bottle,Bottle
data/voc/hq/2008_004610.jpg,train,Train
data/voc/hq/2008_004612.jpg,chair,Chair
data/voc/hq/2008_004621.jpg,sheep,Sheep
data/voc/hq/2008_004624.jpg,horse,Horse
data/voc/hq/2008_004654.jpg,person,Bicycle
data/voc/hq/2008_004659.jpg,bottle,Bottle
data/voc/hq/2008_004663.jpg,train,Train
data/voc/hq/2008_004687.jpg,horse,Horse
data/voc/hq/2008_004701.jpg,cow,Cow
data/voc/hq/2008_004704.jpg,aeroplane,Aeroplane
data/voc/hq/2008_004705.jpg,horse,Horse
data/voc/hq/2008_004750.jpg,boat,Boat
data/voc/hq/2008_004754.jpg,tvmonitor,TV Monitor
data/voc/hq/2008_004758.jpg,bicycle,Bicycle
data/voc/hq/2008_004776.jpg,diningtable,Dining Table
data/voc/hq/2008_004822.jpg,motorbike,Motorbike
data/voc/hq/2008_004838.jpg,motorbike,Motorbike
data/voc/hq/2008_004841.jpg,cow,Cow
data/voc/hq/2008_004854.jpg,sheep,Sheep
data/voc/hq/2008_004869.jpg,train,Train
data/voc/hq/2008_004892.jpg,horse,Horse
data/voc/hq/2008_004910.jpg,tvmonitor,TV Monitor
data/voc/hq/2008_004911.jpg,horse,Horse
data/voc/hq/2008_004914.jpg,train,Train
data/voc/hq/2008_004946.jpg,train,Train
data/voc/hq/2008_004983.jpg,boat,Boat
data/voc/hq/2008_004995.jpg,bicycle,Bicycle
data/voc/hq/2008_005006.jpg,tvmonitor,TV Monitor
data/voc/hq/2008_005049.jpg,motorbike,Motorbike
data/voc/hq/2008_005074.jpg,car,Car
data/voc/hq/2008_005089.jpg,tvmonitor,TV Monitor
data/voc/hq/2008_005097.jpg,cow,Cow
data/voc/hq/2008_005105.jpg,cow,Cow
data/voc/hq/2008_005145.jpg,diningtable,Dining Table
data/voc/hq/2008_005196.jpg,bus,Bus
data/voc/hq/2008_005197.jpg,dog,Dog
data/voc/hq/2008_005214.jpg,pottedplant,Potted Plant
data/voc/hq/2008_005217.jpg,pottedplant,Potted Plant
data/voc/hq/2008_005231.jpg,person,Person
data/voc/hq/2008_005242.jpg,pottedplant,Potted Plant
data/voc/hq/2008_005245.jpg,motorbike,Motorbike
data/voc/hq/2008_005254.jpg,tvmonitor,TV Monitor
data/voc/hq/2008_005262.jpg,bottle,Bottle
data/voc/hq/2008_005266.jpg,bus,Car
data/voc/hq/2008_005294.jpg,car,Car
data/voc/hq/2008_005300.jpg,cat,Cat
data/voc/hq/2008_005321.jpg,boat,Boat
data/voc/hq/2008_005338.jpg,aeroplane,Aeroplane
data/voc/hq/2008_005342.jpg,diningtable,Dining Table
data/voc/hq/2008_005345.jpg,pottedplant,Potted Plant
data/voc/hq/2008_005367.jpg,boat,Boat
data/voc/hq/2008_005375.jpg,cow,Cow
data/voc/hq/2008_005398.jpg,boat,Boat
data/voc/hq/2008_005399.jpg,person,Bottle
data/voc/hq/2008_005422.jpg,motorbike,Motorbike
data/voc/hq/2008_005439.jpg,tvmonitor,TV Monitor
data/voc/hq/2008_005445.jpg,person,Chair
data/voc/hq/2008_005512.jpg,boat,Boat
data/voc/hq/2008_005525.jpg,horse,Horse
data/voc/hq/2008_005541.jpg,boat,Boat
data/voc/hq/2008_005544.jpg,train,Train
data/voc/hq/2008_005600.jpg,person,Cat
data/voc/hq/2008_005628.jpg,boat,Boat
data/voc/hq/2008_005633.jpg,sheep,Sheep
data/voc/hq/2008_005637.jpg,motorbike,Motorbike
data/voc/hq/2008_005642.jpg,horse,Horse
data/voc/hq/2008_005650.jpg,person,Bicycle
data/voc/hq/2008_005668.jpg,horse,Horse
data/voc/hq/2008_005676.jpg,bus,Bus
data/voc/hq/2008_005678.jpg,tvmonitor,TV Monitor
data/voc/hq/2008_005679.jpg,dog,Dog
data/voc/hq/2008_005680.jpg,pottedplant,Potted Plant
data/voc/hq/2008_005691.jpg,horse,Horse
data/voc/hq/2008_005698.jpg,person,Person
data/voc/hq/2008_005706.jpg,sheep,Sheep
data/voc/hq/2008_005713.jpg,bicycle,Bicycle
data/voc/hq/2008_005714.jpg,cow,Cow
data/voc/hq/2008_005716.jpg,cat,Cat
data/voc/hq/2008_005727.jpg,bicycle,Bicycle
data/voc/hq/2008_005738.jpg,bicycle,Bicycle
data/voc/hq/2008_005747.jpg,car,Car
data/voc/hq/2008_005770.jpg,cat,Cat
data/voc/hq/2008_005812.jpg,person,Bottle
data/voc/hq/2008_005839.jpg,bicycle,Bicycle
data/voc/hq/2008_005843.jpg,bird,Bird
data/voc/hq/2008_005845.jpg,dog,Dog
data/voc/hq/2008_005874.jpg,pottedplant,Potted Plant
data/voc/hq/2008_005904.jpg,bottle,Bottle
data/voc/hq/2008_005915.jpg,motorbike,Motorbike
data/voc/hq/2008_005926.jpg,sofa,Sofa
data/voc/hq/2008_005938.jpg,sheep,Sheep
data/voc/hq/2008_005945.jpg,diningtable,Dining Table
data/voc/hq/2008_005953.jpg,diningtable,Dining Table
data/voc/hq/2008_006008.jpg,diningtable,Dining Table
data/voc/hq/2008_006032.jpg,person,Dog
data/voc/hq/2008_006036.jpg,horse,Horse
data/voc/hq/2008_006055.jpg,train,Train
data/voc/hq/2008_006063.jpg,cow,Cow
data/voc/hq/2008_006065.jpg,boat,Boat
data/voc/hq/2008_006070.jpg,sheep,Sheep
data/voc/hq/2008_006108.jpg,person,Dining Table
data/voc/hq/2008_006130.jpg,dog,Dog
data/voc/hq/2008_006140.jpg,aeroplane,Aeroplane
data/voc/hq/2008_006143.jpg,bird,Bird
data/voc/hq/2008_006159.jpg,tvmonitor,TV Monitor
data/voc/hq/2008_006182.jpg,bottle,Bottle
data/voc/hq/2008_006213.jpg,aeroplane,Aeroplane
data/voc/hq/2008_006215.jpg,car,Car
data/voc/hq/2008_006216.jpg,aeroplane,Aeroplane
data/voc/hq/2008_006219.jpg,horse,Horse
data/voc/hq/2008_006221.jpg,sheep,Sheep
data/voc/hq/2008_006229.jpg,boat,Boat
data/voc/hq/2008_006254.jpg,car,Bicycle
data/voc/hq/2008_006275.jpg,person,Person
data/voc/hq/2008_006289.jpg,boat,Boat
data/voc/hq/2008_006325.jpg,cat,Cat
data/voc/hq/2008_006327.jpg,sheep,Sheep
data/voc/hq/2008_006339.jpg,sheep,Sheep
data/voc/hq/2008_006341.jpg,person,Person
data/voc/hq/2008_006345.jpg,motorbike,Motorbike
data/voc/hq/2008_006349.jpg,boat,Boat
data/voc/hq/2008_006353.jpg,aeroplane,Aeroplane
data/voc/hq/2008_006389.jpg,sofa,Sofa
data/voc/hq/2008_006408.jpg,person,Dining Table
data/voc/hq/2008_006434.jpg,horse,Horse
data/voc/hq/2008_006480.jpg,cat,Cat
data/voc/hq/2008_006481.jpg,bird,Aeroplane
data/voc/hq/2008_006482.jpg,diningtable,Dining Table
data/voc/hq/2008_006490.jpg,boat,Boat
data/voc/hq/2008_006509.jpg,pottedplant,Potted Plant
data/voc/hq/2008_006523.jpg,train,Train
data/voc/hq/2008_006526.jpg,person,Person
data/voc/hq/2008_006528.jpg,cow,Cow
data/voc/hq/2008_006553.jpg,train,Train
data/voc/hq/2008_006554.jpg,bus,Bus
data/voc/hq/2008_006558.jpg,bottle,Bottle
data/voc/hq/2008_006655.jpg,train,Train
data/voc/hq/2008_006703.jpg,aeroplane,Aeroplane
data/voc/hq/2008_006722.jpg,person,Dog
data/voc/hq/2008_006748.jpg,bus,Bus
data/voc/hq/2008_006751.jpg,pottedplant,Potted Plant
data/voc/hq/2008_006752.jpg,train,Train
data/voc/hq/2008_006784.jpg,sofa,Sofa
data/voc/hq/2008_006835.jpg,sheep,Sheep
data/voc/hq/2008_006843.jpg,sofa,Cat
data/voc/hq/2008_006873.jpg,bird,Bird
data/voc/hq/2008_006874.jpg,person,Motorbike
data/voc/hq/2008_006877.jpg,boat,Boat
data/voc/hq/2008_006908.jpg,dog,Dog
data/voc/hq/2008_006920.jpg,aeroplane,Aeroplane
data/voc/hq/2008_006981.jpg,dog,Dog
data/voc/hq/2008_006986.jpg,car,Car
data/voc/hq/2008_007011.jpg,train,Train
data/voc/hq/2008_007012.jpg,dog,Dog
data/voc/hq/2008_007025.jpg,cow,Cow
data/voc/hq/2008_007031.jpg,cow,Cow
data/voc/hq/2008_007048.jpg,diningtable,Dining Table
data/voc/hq/2008_007090.jpg,car,Motorbike
data/voc/hq/2008_007120.jpg,bird,Bird
data/voc/hq/2008_007123.jpg,cow,Dog
data/voc/hq/2008_007142.jpg,bottle,Bottle
data/voc/hq/2008_007143.jpg,boat,Train
data/voc/hq/2008_007165.jpg,cat,Cat
data/voc/hq/2008_007194.jpg,chair,Chair
data/voc/hq/2008_007201.jpg,train,Train
data/voc/hq/2008_007219.jpg,person,Person
data/voc/hq/2008_007239.jpg,cat,Cat
data/voc/hq/2008_007242.jpg,person,Dining Table
data/voc/hq/2008_007245.jpg,sheep,Sheep
data/voc/hq/2008_007273.jpg,cow,Cow
data/voc/hq/2008_007313.jpg,motorbike,Motorbike
data/voc/hq/2008_007350.jpg,aeroplane,Aeroplane
data/voc/hq/2008_007355.jpg,diningtable,Dining Table
data/voc/hq/2008_007357.jpg,aeroplane,Aeroplane
data/voc/hq/2008_007375.jpg,bus,Bus
data/voc/hq/2008_007378.jpg,dog,Dog
data/voc/hq/2008_007392.jpg,horse,Horse
data/voc/hq/2008_007402.jpg,person,Person
data/voc/hq/2008_007428.jpg,pottedplant,Potted Plant
data/voc/hq/2008_007433.jpg,dog,Dog
data/voc/hq/2008_007472.jpg,cat,Cat
data/voc/hq/2008_007497.jpg,sheep,Sheep
data/voc/hq/2008_007498.jpg,bird,Bird
data/voc/hq/2008_007507.jpg,aeroplane,Aeroplane
data/voc/hq/2008_007513.jpg,dog,Dog
data/voc/hq/2008_007527.jpg,chair,Chair
data/voc/hq/2008_007548.jpg,cat,Cat
data/voc/hq/2008_007581.jpg,dog,Dog
data/voc/hq/2008_007596.jpg,cow,Cow
data/voc/hq/2008_007677.jpg,sheep,Sheep
data/voc/hq/2008_007691.jpg,chair,Chair
data/voc/hq/2008_007737.jpg,person,Bottle
data/voc/hq/2008_007759.jpg,train,Train
data/voc/hq/2008_007797.jpg,bus,Bus
data/voc/hq/2008_007804.jpg,car,Car
data/voc/hq/2008_007811.jpg,bottle,Bottle
data/voc/hq/2008_007814.jpg,sheep,Sheep
data/voc/hq/2008_007828.jpg,person,Person
data/voc/hq/2008_007836.jpg,aeroplane,Aeroplane
data/voc/hq/2008_007858.jpg,bottle,Bottle
data/voc/hq/2008_007945.jpg,horse,Horse
data/voc/hq/2008_007994.jpg,person,Bird
data/voc/hq/2008_007998.jpg,horse,Horse
data/voc/hq/2008_008051.jpg,diningtable,Dining Table
data/voc/hq/2008_008103.jpg,sofa,Sofa
data/voc/hq/2008_008106.jpg,sofa,Chair
data/voc/hq/2008_008127.jpg,motorbike,Motorbike
data/voc/hq/2008_008193.jpg,horse,Horse
data/voc/hq/2008_008221.jpg,train,Train
data/voc/hq/2008_008252.jpg,bus,Bus
data/voc/hq/2008_008263.jpg,aeroplane,Aeroplane
data/voc/hq/2008_008268.jpg,bird,Bird
data/voc/hq/2008_008296.jpg,horse,Horse
data/voc/hq/2008_008301.jpg,bus,Bus
data/voc/hq/2008_008323.jpg,sheep,Sheep
data/voc/hq/2008_008324.jpg,motorbike,Motorbike
data/voc/hq/2008_008335.jpg,person,Dining Table
data/voc/hq/2008_008343.jpg,bus,Bus
data/voc/hq/2008_008362.jpg,diningtable,Dining Table
data/voc/hq/2008_008392.jpg,horse,Horse
data/voc/hq/2008_008393.jpg,horse,Horse
data/voc/hq/2008_008421.jpg,horse,Horse
data/voc/hq/2008_008434.jpg,pottedplant,Potted Plant
data/voc/hq/2008_008462.jpg,motorbike,Motorbike
data/voc/hq/2008_008469.jpg,bus,Bus
data/voc/hq/2008_008476.jpg,horse,Horse
data/voc/hq/2008_008511.jpg,motorbike,Motorbike
data/voc/hq/2008_008521.jpg,cow,Cow
data/voc/hq/2008_008525.jpg,motorbike,Motorbike
data/voc/hq/2008_008541.jpg,cow,Cow
data/voc/hq/2008_008545.jpg,train,Train
data/voc/hq/2008_008550.jpg,person,Person
data/voc/hq/2008_008629.jpg,bicycle,Bicycle
data/voc/hq/2008_008682.jpg,bus,Bus
data/voc/hq/2008_008711.jpg,bicycle,Bicycle
data/voc/hq/2008_008746.jpg,bird,Bird
data/voc/hq/2008_008770.jpg,train,Train
data/voc/hq/2008_008773.jpg,diningtable,Dining Table
data/voc/hq/2009_000006.jpg,bus,Bus
data/voc/hq/2009_000012.jpg,horse,Horse
data/voc/hq/2009_000013.jpg,cat,Dog
data/voc/hq/2009_000015.jpg,bicycle,Bicycle
data/voc/hq/2009_000022.jpg,train,Train
data/voc/hq/2009_000028.jpg,chair,Chair
data/voc/hq/2009_000029.jpg,dog,Dog
data/voc/hq/2009_000032.jpg,aeroplane,Aeroplane
data/voc/hq/2009_000037.jpg,bird,Bird
data/voc/hq/2009_000039.jpg,sheep,Sheep
data/voc/hq/2009_000073.jpg,train,Train
data/voc/hq/2009_000074.jpg,motorbike,Motorbike
data/voc/hq/2009_000080.jpg,cat,Cat
data/voc/hq/2009_000087.jpg,sofa,Sofa
data/voc/hq/2009_000096.jpg,sofa,Sofa
data/voc/hq/2009_000100.jpg,horse,Horse
data/voc/hq/2009_000103.jpg,bird,Bird
data/voc/hq/2009_000121.jpg,bottle,Bottle
data/voc/hq/2009_000133.jpg,aeroplane,Aeroplane
data/voc/hq/2009_000136.jpg,tvmonitor,TV Monitor
data/voc/hq/2009_000149.jpg,bicycle,Bicycle
data/voc/hq/2009_000156.jpg,dog,Dog
data/voc/hq/2009_000161.jpg,bicycle,Bicycle
data/voc/hq/2009_000176.jpg,bus,Bus
data/voc/hq/2009_000177.jpg,train,Train
data/voc/hq/2009_000201.jpg,bottle,Bottle
data/voc/hq/2009_000205.jpg,aeroplane,Aeroplane
data/voc/hq/2009_000219.jpg,cow,Cow
data/voc/hq/2009_000242.jpg,sofa,Sofa
data/voc/hq/2009_000250.jpg,cow,Cow
data/voc/hq/2009_000285.jpg,cow,Cow
data/voc/hq/2009_000309.jpg,cow,Cow
data/voc/hq/2009_000318.jpg,bird,Bird
data/voc/hq/2009_000335.jpg,bus,Bus
data/voc/hq/2009_000347.jpg,train,Train
data/voc/hq/2009_000351.jpg,bicycle,Bottle
data/voc/hq/2009_000354.jpg,bicycle,Bicycle
data/voc/hq/2009_000385.jpg,boat,Boat
data/voc/hq/2009_000387.jpg,aeroplane,Aeroplane
data/voc/hq/2009_000391.jpg,tvmonitor,TV Monitor
data/voc/hq/2009_000400.jpg,dog,Dog
data/voc/hq/2009_000405.jpg,bus,Bus
data/voc/hq/2009_000408.jpg,bus,Bus
data/voc/hq/2009_000409.jpg,horse,Horse
data/voc/hq/2009_000412.jpg,horse,Horse
data/voc/hq/2009_000418.jpg,person,Chair
data/voc/hq/2009_000420.jpg,boat,Boat
data/voc/hq/2009_000421.jpg,boat,Boat
data/voc/hq/2009_000426.jpg,bus,Bus
data/voc/hq/2009_000440.jpg,aeroplane,Aeroplane
data/voc/hq/2009_000444.jpg,tvmonitor,TV Monitor
data/voc/hq/2009_000446.jpg,boat,Boat
data/voc/hq/2009_000454.jpg,bird,Bird
data/voc/hq/2009_000455.jpg,bus,Bus
data/voc/hq/2009_000457.jpg,bicycle,Bicycle
data/voc/hq/2009_000469.jpg,boat,Boat
data/voc/hq/2009_000487.jpg,sofa,Sofa
data/voc/hq/2009_000488.jpg,pottedplant,Potted Plant
data/voc/hq/2009_000503.jpg,bird,Bird
data/voc/hq/2009_000505.jpg,sofa,Sofa
data/voc/hq/2009_000523.jpg,car,Car
data/voc/hq/2009_000532.jpg,bus,Bus
data/voc/hq/2009_000535.jpg,cat,Cat
data/voc/hq/2009_000544.jpg,tvmonitor,TV Monitor
data/voc/hq/2009_000553.jpg,cat,Cat
data/voc/hq/2009_000562.jpg,bottle,Bottle
data/voc/hq/2009_000573.jpg,bicycle,Bicycle
data/voc/hq/2009_000603.jpg,horse,Horse
data/voc/hq/2009_000619.jpg,bird,Bird
data/voc/hq/2009_000626.jpg,cow,Cow
data/voc/hq/2009_000628.jpg,train,Train
data/voc/hq/2009_000635.jpg,pottedplant,Potted Plant
data/voc/hq/2009_000641.jpg,cow,Cow
data/voc/hq/2009_000655.jpg,diningtable,Dining Table
data/voc/hq/2009_000662.jpg,aeroplane,Aeroplane
data/voc/hq/2009_000664.jpg,bird,Bird
data/voc/hq/2009_000675.jpg,sheep,Sheep
data/voc/hq/2009_000684.jpg,cat,Cat
data/voc/hq/2009_000690.jpg,boat,Boat
data/voc/hq/2009_000704.jpg,person,Person
data/voc/hq/2009_000705.jpg,horse,Horse
data/voc/hq/2009_000709.jpg,cow,Cow
data/voc/hq/2009_000712.jpg,train,Train
data/voc/hq/2009_000716.jpg,cat,Cat
data/voc/hq/2009_000720.jpg,car,Car
data/voc/hq/2009_000723.jpg,boat,Boat
data/voc/hq/2009_000727.jpg,horse,Horse
data/voc/hq/2009_000730.jpg,motorbike,Motorbike
data/voc/hq/2009_000731.jpg,cow,Cow
data/voc/hq/2009_000732.jpg,sofa,Sofa
data/voc/hq/2009_000744.jpg,person,Person
data/voc/hq/2009_000746.jpg,bird,Bird
data/voc/hq/2009_000771.jpg,cow,Cow
data/voc/hq/2009_000774.jpg,dog,Dog
data/voc/hq/2009_000801.jpg,aeroplane,Aeroplane
data/voc/hq/2009_000825.jpg,car,Car
data/voc/hq/2009_000828.jpg,boat,Boat
data/voc/hq/2009_000839.jpg,dog,Dog
data/voc/hq/2009_000840.jpg,bottle,Bottle
data/voc/hq/2009_000845.jpg,train,Train
data/voc/hq/2009_000879.jpg,bird,Bird
data/voc/hq/2009_000887.jpg,aeroplane,Aeroplane
data/voc/hq/2009_000892.jpg,dog,Dog
data/voc/hq/2009_000894.jpg,motorbike,Motorbike
data/voc/hq/2009_000895.jpg,tvmonitor,TV Monitor
data/voc/hq/2009_000906.jpg,car,Car
data/voc/hq/2009_000919.jpg,boat,Boat
data/voc/hq/2009_000924.jpg,sheep,Sheep
data/voc/hq/2009_000931.jpg,horse,Horse
data/voc/hq/2009_000935.jpg,dog,Dog
data/voc/hq/2009_000938.jpg,bird,Bird
data/voc/hq/2009_000964.jpg,cat,Cat
data/voc/hq/2009_000987.jpg,person,Bottle
data/voc/hq/2009_000989.jpg,dog,Dog
data/voc/hq/2009_000991.jpg,bird,Bird
data/voc/hq/2009_000996.jpg,boat,Boat
data/voc/hq/2009_000998.jpg,bird,Bird
data/voc/hq/2009_001002.jpg,person,Person
data/voc/hq/2009_001008.jpg,cat,Cat
data/voc/hq/2009_001019.jpg,boat,Boat
data/voc/hq/2009_001027.jpg,aeroplane,Aeroplane
data/voc/hq/2009_001036.jpg,horse,Horse
data/voc/hq/2009_001070.jpg,chair,Chair
data/voc/hq/2009_001082.jpg,bus,Bus
data/voc/hq/2009_001085.jpg,chair,Chair
data/voc/hq/2009_001095.jpg,diningtable,Dining Table
data/voc/hq/2009_001096.jpg,person,Bicycle
data/voc/hq/2009_001100.jpg,pottedplant,Potted Plant
data/voc/hq/2009_001104.jpg,cow,Cow
data/voc/hq/2009_001108.jpg,bird,Bird
data/voc/hq/2009_001117.jpg,cat,Cat
data/voc/hq/2009_001124.jpg,dog,Dog
data/voc/hq/2009_001137.jpg,person,Person
data/voc/hq/2009_001140.jpg,motorbike,Motorbike
data/voc/hq/2009_001145.jpg,cow,Cow
data/voc/hq/2009_001146.jpg,sofa,Sofa
data/voc/hq/2009_001160.jpg,bird,Bird
data/voc/hq/2009_001163.jpg,cow,Cow
data/voc/hq/2009_001177.jpg,sheep,Sheep
data/voc/hq/2009_001197.jpg,bus,Bus
data/voc/hq/2009_001203.jpg,sheep,Sheep
data/voc/hq/2009_001205.jpg,cat,Cat
data/voc/hq/2009_001215.jpg,diningtable,Dining Table
data/voc/hq/2009_001240.jpg,car,Car
data/voc/hq/2009_001251.jpg,dog,Dog
data/voc/hq/2009_001253.jpg,motorbike,Motorbike
data/voc/hq/2009_001255.jpg,bicycle,Bicycle
data/voc/hq/2009_001264.jpg,bird,Bird
data/voc/hq/2009_001268.jpg,sofa,Sofa
data/voc/hq/2009_001270.jpg,cat,Cat
data/voc/hq/2009_001278.jpg,bottle,Bottle
data/voc/hq/2009_001283.jpg,bird,Bird
data/voc/hq/2009_001299.jpg,person,Chair
data/voc/hq/2009_001300.jpg,train,Train
data/voc/hq/2009_001306.jpg,car,Car
data/voc/hq/2009_001311.jpg,bird,Bird
data/voc/hq/2009_001314.jpg,bird,Bird
data/voc/hq/2009_001332.jpg,aeroplane,Aeroplane
data/voc/hq/2009_001333.jpg,train,Train
data/voc/hq/2009_001339.jpg,person,Dining Table
data/voc/hq/2009_001359.jpg,train,Train
data/voc/hq/2009_001363.jpg,tvmonitor,Car
data/voc/hq/2009_001385.jpg,bird,Bird
data/voc/hq/2009_001388.jpg,car,Car
data/voc/hq/2009_001390.jpg,aeroplane,Aeroplane
data/voc/hq/2009_001391.jpg,cat,Cat
data/voc/hq/2009_001403.jpg,sheep,Sheep
data/voc/hq/2009_001411.jpg,cat,Cat
data/voc/hq/2009_001422.jpg,bird,Bird
data/voc/hq/2009_001433.jpg,person,Horse
data/voc/hq/2009_001443.jpg,motorbike,Motorbike
data/voc/hq/2009_001444.jpg,cat,Cat
data/voc/hq/2009_001481.jpg,bicycle,Bicycle
data/voc/hq/2009_001502.jpg,cat,Cat
data/voc/hq/2009_001505.jpg,sheep,Sheep
data/voc/hq/2009_001514.jpg,pottedplant,Potted Plant
data/voc/hq/2009_001516.jpg,train,Train
data/voc/hq/2009_001535.jpg,dog,Dog
data/voc/hq/2009_001536.jpg,car,Car
data/voc/hq/2009_001544.jpg,boat,Boat
data/voc/hq/2009_001565.jpg,bird,Bird
data/voc/hq/2009_001607.jpg,bird,Bird
data/voc/hq/2009_001615.jpg,person,Person
data/voc/hq/2009_001625.jpg,bottle,Bottle
data/voc/hq/2009_001636.jpg,horse,Horse
data/voc/hq/2009_001640.jpg,bottle,Bottle
data/voc/hq/2009_001644.jpg,sofa,Sofa
data/voc/hq/2009_001651.jpg,train,Train
data/voc/hq/2009_001663.jpg,bicycle,Bicycle
data/voc/hq/2009_001664.jpg,horse,Horse
data/voc/hq/2009_001683.jpg,bird,Bird
data/voc/hq/2009_001684.jpg,pottedplant,Potted Plant
data/voc/hq/2009_001687.jpg,dog,Dog
data/voc/hq/2009_001690.jpg,person,Person
data/voc/hq/2009_001693.jpg,bird,Bird
data/voc/hq/2009_001718.jpg,person,Bicycle
data/voc/hq/2009_001724.jpg,horse,Horse
data/voc/hq/2009_001731.jpg,sofa,Sofa
data/voc/hq/2009_001735.jpg,train,Train
data/voc/hq/2009_001744.jpg,car,Car
data/voc/hq/2009_001755.jpg,motorbike,Motorbike
data/voc/hq/2009_001765.jpg,bird,Bird
data/voc/hq/2009_001768.jpg,sheep,Sheep
data/voc/hq/2009_001775.jpg,sofa,Chair
data/voc/hq/2009_001782.jpg,car,Car
data/voc/hq/2009_001783.jpg,sheep,Sheep
data/voc/hq/2009_001802.jpg,train,Train
data/voc/hq/2009_001804.jpg,bus,Bus
data/voc/hq/2009_001816.jpg,bus,Bus
data/voc/hq/2009_001818.jpg,bottle,Bottle
data/voc/hq/2009_001828.jpg,dog,Dog
data/voc/hq/2009_001850.jpg,aeroplane,Aeroplane
data/voc/hq/2009_001851.jpg,aeroplane,Aeroplane
data/voc/hq/2009_001854.jpg,bus,Bus
data/voc/hq/2009_001868.jpg,train,Train
data/voc/hq/2009_001871.jpg,diningtable,Dining Table
data/voc/hq/2009_001885.jpg,horse,Dog
data/voc/hq/2009_001888.jpg,pottedplant,Potted Plant
data/voc/hq/2009_001894.jpg,cat,Cat
data/voc/hq/2009_001898.jpg,car,Car
data/voc/hq/2009_001922.jpg,diningtable,Dining Table
data/voc/hq/2009_001937.jpg,bottle,Bottle
data/voc/hq/2009_001941.jpg,boat,Boat
data/voc/hq/2009_001961.jpg,tvmonitor,TV Monitor
data/voc/hq/2009_001964.jpg,tvmonitor,TV Monitor
data/voc/hq/2009_001972.jpg,bird,Bird
data/voc/hq/2009_001991.jpg,sheep,Sheep
data/voc/hq/2009_002010.jpg,car,Car
data/voc/hq/2009_002012.jpg,dog,Dog
data/voc/hq/2009_002019.jpg,cow,Cow
data/voc/hq/2009_002035.jpg,cow,Cow
data/voc/hq/2009_002042.jpg,person,Person
data/voc/hq/2009_002052.jpg,bus,Bus
data/voc/hq/2009_002060.jpg,bottle,Bottle
data/voc/hq/2009_002072.jpg,bird,Bird
data/voc/hq/2009_002082.jpg,sheep,Sheep
data/voc/hq/2009_002083.jpg,sofa,Chair
data/voc/hq/2009_002094.jpg,tvmonitor,TV Monitor
data/voc/hq/2009_002097.jpg,horse,Horse
data/voc/hq/2009_002117.jpg,car,Car
data/voc/hq/2009_002122.jpg,cow,Cow
data/voc/hq/2009_002150.jpg,cow,Cow
data/voc/hq/2009_002153.jpg,bird,Bird
data/voc/hq/2009_002155.jpg,dog,Dog
data/voc/hq/2009_002164.jpg,car,Car
data/voc/hq/2009_002165.jpg,horse,Horse
data/voc/hq/2009_002171.jpg,cow,Cow
data/voc/hq/2009_002185.jpg,person,Bottle
data/voc/hq/2009_002202.jpg,train,Train
data/voc/hq/2009_002204.jpg,bottle,Bottle
data/voc/hq/2009_002216.jpg,motorbike,Motorbike
data/voc/hq/2009_002221.jpg,cow,Cow
data/voc/hq/2009_002229.jpg,cow,Cow
data/voc/hq/2009_002238.jpg,bus,Bus
data/voc/hq/2009_002239.jpg,motorbike,Motorbike
data/voc/hq/2009_002245.jpg,sheep,Sheep
data/voc/hq/2009_002262.jpg,bird,Bird
data/voc/hq/2009_002264.jpg,bird,Bird
data/voc/hq/2009_002265.jpg,train,Train
data/voc/hq/2009_002268.jpg,cat,Cat
data/voc/hq/2009_002281.jpg,train,Train
data/voc/hq/2009_002285.jpg,person,Dog
data/voc/hq/2009_002291.jpg,train,Train
data/voc/hq/2009_002295.jpg,bicycle,Bicycle
data/voc/hq/2009_002314.jpg,aeroplane,Aeroplane
data/voc/hq/2009_002317.jpg,motorbike,Motorbike
data/voc/hq/2009_002320.jpg,aeroplane,Aeroplane
data/voc/hq/2009_002343.jpg,car,Car
data/voc/hq/2009_002346.jpg,person,Dog
data/voc/hq/2009_002362.jpg,chair,Chair
data/voc/hq/2009_002366.jpg,tvmonitor,TV Monitor
data/voc/hq/2009_002372.jpg,person,Bottle
data/voc/hq/2009_002382.jpg,motorbike,Motorbike
data/voc/hq/2009_002387.jpg,car,Car
data/voc/hq/2009_002390.jpg,sofa,Sofa
data/voc/hq/2009_002409.jpg,tvmonitor,TV Monitor
data/voc/hq/2009_002415.jpg,chair,Chair
data/voc/hq/2009_002416.jpg,horse,Horse
data/voc/hq/2009_002419.jpg,dog,Dog
data/voc/hq/2009_002422.jpg,cow,Cow
data/voc/hq/2009_002423.jpg,bird,Bird
data/voc/hq/2009_002425.jpg,person,Person
data/voc/hq/2009_002445.jpg,dog,Dog
data/voc/hq/2009_002448.jpg,aeroplane,Aeroplane
data/voc/hq/2009_002460.jpg,dog,Dog
data/voc/hq/2009_002472.jpg,cow,Cow
data/voc/hq/2009_002487.jpg,diningtable,Dining Table
data/voc/hq/2009_002519.jpg,bicycle,Bicycle
data/voc/hq/2009_002521.jpg,bottle,Bottle
data/voc/hq/2009_002527.jpg,cat,Cat
data/voc/hq/2009_002530.jpg,boat,Boat
data/voc/hq/2009_002535.jpg,bus,Bus
data/voc/hq/2009_002539.jpg,dog,Dog
data/voc/hq/2009_002543.jpg,boat,Boat
data/voc/hq/2009_002549.jpg,cow,Cow
data/voc/hq/2009_002562.jpg,tvmonitor,TV Monitor
data/voc/hq/2009_002567.jpg,bottle,Bottle
data/voc/hq/2009_002568.jpg,train,Train
data/voc/hq/2009_002571.jpg,pottedplant,Chair
data/voc/hq/2009_002573.jpg,tvmonitor,TV Monitor
data/voc/hq/2009_002584.jpg,person,Person
data/voc/hq/2009_002586.jpg,dog,Dog
data/voc/hq/2009_002588.jpg,cow,Cow
data/voc/hq/2009_002591.jpg,boat,Boat
data/voc/hq/2009_002594.jpg,bottle,Bottle
data/voc/hq/2009_002599.jpg,aeroplane,Aeroplane
data/voc/hq/2009_002604.jpg,bird,Bird
data/voc/hq/2009_002613.jpg,diningtable,Dining Table
data/voc/hq/2009_002618.jpg,car,Car
data/voc/hq/2009_002626.jpg,bus,Bus
data/voc/hq/2009_002628.jpg,pottedplant,Cat
data/voc/hq/2009_002635.jpg,cow,Cow
data/voc/hq/2009_002638.jpg,train,Train
data/voc/hq/2009_002649.jpg,bottle,Bottle
data/voc/hq/2009_002651.jpg,motorbike,Motorbike
data/voc/hq/2009_002662.jpg,boat,Boat
data/voc/hq/2009_002674.jpg,aeroplane,Aeroplane
data/voc/hq/2009_002713.jpg,sofa,Sofa
data/voc/hq/2009_002715.jpg,person,Person
data/voc/hq/2009_002727.jpg,boat,Boat
data/voc/hq/2009_002732.jpg,sofa,Sofa
data/voc/hq/2009_002734.jpg,train,Train
data/voc/hq/2009_002749.jpg,bottle,Bottle
data/voc/hq/2009_002753.jpg,cat,Cat
data/voc/hq/2009_002763.jpg,motorbike,Motorbike
data/voc/hq/2009_002771.jpg,pottedplant,Potted Plant
data/voc/hq/2009_002789.jpg,dog,Dog
data/voc/hq/2009_002808.jpg,aeroplane,Aeroplane
data/voc/hq/2009_002820.jpg,bird,Bird
data/voc/hq/2009_002844.jpg,diningtable,Dining Table
data/voc/hq/2009_002845.jpg,dog,Dog
data/voc/hq/2009_002849.jpg,tvmonitor,TV Monitor
data/voc/hq/2009_002856.jpg,bottle,Bottle
data/voc/hq/2009_002862.jpg,car,Car
data/voc/hq/2009_002872.jpg,tvmonitor,TV Monitor
data/voc/hq/2009_002885.jpg,diningtable,Dining Table
data/voc/hq/2009_002887.jpg,train,Train
data/voc/hq/2009_002888.jpg,aeroplane,Aeroplane
data/voc/hq/2009_002897.jpg,boat,Boat
data/voc/hq/2009_002912.jpg,cow,Cow
data/voc/hq/2009_002914.jpg,aeroplane,Aeroplane
data/voc/hq/2009_002917.jpg,cat,Cat
data/voc/hq/2009_002928.jpg,bicycle,Bicycle
data/voc/hq/2009_002932.jpg,person,Person
data/voc/hq/2009_002936.jpg,cat,Cat
data/voc/hq/2009_002972.jpg,sofa,Cat
data/voc/hq/2009_002975.jpg,horse,Horse
data/voc/hq/2009_002982.jpg,train,Train
data/voc/hq/2009_002984.jpg,tvmonitor,TV Monitor
data/voc/hq/2009_002988.jpg,sheep,Sheep
data/voc/hq/2009_002990.jpg,car,Car
data/voc/hq/2009_002993.jpg,person,Motorbike
data/voc/hq/2009_003003.jpg,diningtable,Bottle
data/voc/hq/2009_003005.jpg,aeroplane,Aeroplane
data/voc/hq/2009_003006.jpg,person,Person
data/voc/hq/2009_003007.jpg,bicycle,Bicycle
data/voc/hq/2009_003012.jpg,motorbike,Motorbike
data/voc/hq/2009_003034.jpg,bottle,Bottle
data/voc/hq/2009_003035.jpg,person,Person
data/voc/hq/2009_003039.jpg,pottedplant,Potted Plant
data/voc/hq/2009_003043.jpg,boat,Boat
data/voc/hq/2009_003053.jpg,bus,Bus
data/voc/hq/2009_003054.jpg,train,Train
data/voc/hq/2009_003059.jpg,cow,Cow
data/voc/hq/2009_003063.jpg,dog,Dog
data/voc/hq/2009_003065.jpg,person,Bicycle
data/voc/hq/2009_003071.jpg,diningtable,Dining Table
data/voc/hq/2009_003075.jpg,bicycle,Bicycle
data/voc/hq/2009_003080.jpg,boat,Boat
data/voc/hq/2009_003087.jpg,sofa,Person
data/voc/hq/2009_003088.jpg,bird,Bird
data/voc/hq/2009_003090.jpg,motorbike,Motorbike
data/voc/hq/2009_003105.jpg,train,Train
data/voc/hq/2009_003123.jpg,sofa,Sofa
data/voc/hq/2009_003142.jpg,bottle,Bottle
data/voc/hq/2009_003146.jpg,cow,Cow
data/voc/hq/2009_003147.jpg,aeroplane,Aeroplane
data/voc/hq/2009_003164.jpg,bicycle,Bicycle
data/voc/hq/2009_003172.jpg,dog,Dog
data/voc/hq/2009_003193.jpg,bicycle,Bicycle
data/voc/hq/2009_003196.jpg,motorbike,Motorbike
data/voc/hq/2009_003200.jpg,bus,Bus
data/voc/hq/2009_003217.jpg,dog,Dog
data/voc/hq/2009_003224.jpg,bicycle,Bicycle
data/voc/hq/2009_003241.jpg,dog,Dog
data/voc/hq/2009_003249.jpg,sheep,Sheep
data/voc/hq/2009_003269.jpg,person,Bottle
data/voc/hq/2009_003273.jpg,bird,Bird
data/voc/hq/2009_003299.jpg,train,Train
data/voc/hq/2009_003304.jpg,bus,Bus
data/voc/hq/2009_003311.jpg,train,Train
data/voc/hq/2009_003317.jpg,diningtable,Dining Table
data/voc/hq/2009_003323.jpg,horse,Horse
data/voc/hq/2009_003340.jpg,person,Person
data/voc/hq/2009_003343.jpg,bicycle,Bicycle
data/voc/hq/2009_003345.jpg,boat,Boat
data/voc/hq/2009_003353.jpg,bicycle,Bicycle
data/voc/hq/2009_003361.jpg,person,Dining Table
data/voc/hq/2009_003369.jpg,dog,Dog
data/voc/hq/2009_003378.jpg,bird,Bird
data/voc/hq/2009_003387.jpg,car,Car
data/voc/hq/2009_003406.jpg,car,Car
data/voc/hq/2009_003433.jpg,train,Train
data/voc/hq/2009_003450.jpg,bird,Bird
data/voc/hq/2009_003455.jpg,cow,Elephant
data/voc/hq/2009_003461.jpg,bus,Bus
data/voc/hq/2009_003466.jpg,dog,Dog
data/voc/hq/2009_003468.jpg,person,Dining Table
data/voc/hq/2009_003481.jpg,horse,Cow
data/voc/hq/2009_003494.jpg,person,Chair
data/voc/hq/2009_003497.jpg,train,Train
data/voc/hq/2009_003498.jpg,bird,Bird
data/voc/hq/2009_003504.jpg,boat,Boat
data/voc/hq/2009_003507.jpg,diningtable,Dining Table
data/voc/hq/2009_003517.jpg,bottle,Bottle
data/voc/hq/2009_003519.jpg,bicycle,Bicycle
data/voc/hq/2009_003522.jpg,motorbike,Motorbike
data/voc/hq/2009_003523.jpg,tvmonitor,TV Monitor
data/voc/hq/2009_003539.jpg,motorbike,Motorbike
data/voc/hq/2009_003542.jpg,cow,Cow
data/voc/hq/2009_003549.jpg,car,Car
data/voc/hq/2009_003551.jpg,tvmonitor,TV Monitor
data/voc/hq/2009_003555.jpg,bus,Bus
data/voc/hq/2009_003564.jpg,sofa,Sofa
data/voc/hq/2009_003569.jpg,cow,Cow
data/voc/hq/2009_003576.jpg,person,Person
data/voc/hq/2009_003589.jpg,car,Car
data/voc/hq/2009_003607.jpg,sofa,Sofa
data/voc/hq/2009_003613.jpg,sofa,Sofa
data/voc/hq/2009_003636.jpg,bus,Bus
data/voc/hq/2009_003640.jpg,bird,Bird
data/voc/hq/2009_003646.jpg,person,Person
data/voc/hq/2009_003660.jpg,cat,Cat
data/voc/hq/2009_003666.jpg,sheep,Sheep
data/voc/hq/2009_003690.jpg,diningtable,Dining Table
data/voc/hq/2009_003696.jpg,aeroplane,Aeroplane
data/voc/hq/2009_003697.jpg,pottedplant,Cat
data/voc/hq/2009_003703.jpg,bus,Bus
data/voc/hq/2009_003707.jpg,boat,Boat
data/voc/hq/2009_003711.jpg,sofa,Dog
data/voc/hq/2009_003734.jpg,horse,Horse
data/voc/hq/2009_003736.jpg,person,Person
data/voc/hq/2009_003756.jpg,dog,Dog
data/voc/hq/2009_003757.jpg,bus,Bus
data/voc/hq/2009_003768.jpg,horse,Horse
data/voc/hq/2009_003771.jpg,cat,Cat
data/voc/hq/2009_003773.jpg,cow,Cow
data/voc/hq/2009_003783.jpg,cat,Cat
data/voc/hq/2009_003799.jpg,aeroplane,Aeroplane
data/voc/hq/2009_003804.jpg,horse,Horse
data/voc/hq/2009_003806.jpg,aeroplane,Aeroplane
data/voc/hq/2009_003810.jpg,dog,Dog
data/voc/hq/2009_003815.jpg,pottedplant,Potted Plant
data/voc/hq/2009_003820.jpg,motorbike,Motorbike
data/voc/hq/2009_003825.jpg,cow,Cow
data/voc/hq/2009_003849.jpg,person,Person
data/voc/hq/2009_003857.jpg,tvmonitor,TV Monitor
data/voc/hq/2009_003858.jpg,bird,Bird
data/voc/hq/2009_003860.jpg,bicycle,Bicycle
data/voc/hq/2009_003865.jpg,bottle,Bottle
data/voc/hq/2009_003895.jpg,tvmonitor,TV Monitor
data/voc/hq/2009_003903.jpg,horse,Horse
data/voc/hq/2009_003904.jpg,cat,Cat
data/voc/hq/2009_003921.jpg,cat,Cat
data/voc/hq/2009_003922.jpg,bird,Bird
data/voc/hq/2009_003928.jpg,dog,Dog
data/voc/hq/2009_003933.jpg,cow,Cow
data/voc/hq/2009_003938.jpg,train,Train
data/voc/hq/2009_003961.jpg,diningtable,Dining Table
data/voc/hq/2009_003971.jpg,bicycle,Bicycle
data/voc/hq/2009_003975.jpg,cow,Cow
data/voc/hq/2009_003991.jpg,diningtable,Dining Table
data/voc/hq/2009_004021.jpg,bird,Bird
data/voc/hq/2009_004033.jpg,dog,Dog
data/voc/hq/2009_004043.jpg,motorbike,Motorbike
data/voc/hq/2009_004070.jpg,sheep,Sheep
data/voc/hq/2009_004072.jpg,bus,Bus
data/voc/hq/2009_004084.jpg,bird,Bird
data/voc/hq/2009_004091.jpg,sofa,Sofa
data/voc/hq/2009_004095.jpg,person,Person
data/voc/hq/2009_004099.jpg,sofa,Chair
data/voc/hq/2009_004105.jpg,horse,Horse
data/voc/hq/2009_004117.jpg,motorbike,Motorbike
data/voc/hq/2009_004125.jpg,boat,Boat
data/voc/hq/2009_004140.jpg,diningtable,Dining Table
data/voc/hq/2009_004171.jpg,sheep,Sheep
data/voc/hq/2009_004178.jpg,boat,Boat
data/voc/hq/2009_004180.jpg,sofa,Sofa
data/voc/hq/2009_004186.jpg,cow,Cow
data/voc/hq/2009_004191.jpg,pottedplant,Potted Plant
data/voc/hq/2009_004212.jpg,person,Person
data/voc/hq/2009_004213.jpg,train,Train
data/voc/hq/2009_004217.jpg,chair,Chair
data/voc/hq/2009_004221.jpg,person,Person
data/voc/hq/2009_004228.jpg,diningtable,Dining Table
data/voc/hq/2009_004247.jpg,bottle,Sofa
data/voc/hq/2009_004248.jpg,cat,Cat
data/voc/hq/2009_004249.jpg,motorbike,Motorbike
data/voc/hq/2009_004255.jpg,train,Train
data/voc/hq/2009_004264.jpg,sofa,Dog
data/voc/hq/2009_004278.jpg,boat,Boat
data/voc/hq/2009_004298.jpg,sofa,Sofa
data/voc/hq/2009_004301.jpg,sofa,Sofa
data/voc/hq/2009_004316.jpg,cow,Cow
data/voc/hq/2009_004317.jpg,aeroplane,Aeroplane
data/voc/hq/2009_004324.jpg,bottle,Bottle
data/voc/hq/2009_004327.jpg,car,Car
data/voc/hq/2009_004328.jpg,bus,Bus
data/voc/hq/2009_004334.jpg,bird,Bird
data/voc/hq/2009_004336.jpg,train,Train
data/voc/hq/2009_004368.jpg,motorbike,Motorbike
data/voc/hq/2009_004374.jpg,bus,Bus
data/voc/hq/2009_004409.jpg,aeroplane,Aeroplane
data/voc/hq/2009_004417.jpg,bus,Bus
data/voc/hq/2009_004425.jpg,dog,Dog
data/voc/hq/2009_004426.jpg,diningtable,Dining Table
data/voc/hq/2009_004434.jpg,cat,Cat
data/voc/hq/2009_004446.jpg,aeroplane,Aeroplane
data/voc/hq/2009_004455.jpg,motorbike,Motorbike
data/voc/hq/2009_004464.jpg,sofa,Sofa
data/voc/hq/2009_004479.jpg,chair,Dog
data/voc/hq/2009_004494.jpg,car,Car
data/voc/hq/2009_004497.jpg,horse,Horse
data/voc/hq/2009_004504.jpg,cat,Cat
data/voc/hq/2009_004507.jpg,dog,Dog
data/voc/hq/2009_004509.jpg,bird,Bird
data/voc/hq/2009_004519.jpg,tvmonitor,TV Monitor
data/voc/hq/2009_004539.jpg,boat,Boat
data/voc/hq/2009_004540.jpg,bird,Bird
data/voc/hq/2009_004561.jpg,bicycle,Bicycle
data/voc/hq/2009_004568.jpg,bird,Bird
data/voc/hq/2009_004579.jpg,bottle,Bottle
data/voc/hq/2009_004581.jpg,dog,Dog
data/voc/hq/2009_004590.jpg,bus,Bus
data/voc/hq/2009_004592.jpg,dog,Dog
data/voc/hq/2009_004594.jpg,car,Car
data/voc/hq/2009_004620.jpg,aeroplane,Aeroplane
data/voc/hq/2009_004626.jpg,aeroplane,Aeroplane
data/voc/hq/2009_004635.jpg,boat,Boat
data/voc/hq/2009_004643.jpg,motorbike,Motorbike
data/voc/hq/2009_004653.jpg,aeroplane,Aeroplane
data/voc/hq/2009_004656.jpg,bottle,Bottle
data/voc/hq/2009_004661.jpg,bird,Bird
data/voc/hq/2009_004674.jpg,sofa,Sofa
data/voc/hq/2009_004687.jpg,sofa,Chair
data/voc/hq/2009_004705.jpg,cat,Cat
data/voc/hq/2009_004721.jpg,cat,Cat
data/voc/hq/2009_004730.jpg,train,Train
data/voc/hq/2009_004732.jpg,bus,Bus
data/voc/hq/2009_004738.jpg,motorbike,Motorbike
data/voc/hq/2009_004748.jpg,car,Car
data/voc/hq/2009_004789.jpg,bus,Bus
data/voc/hq/2009_004790.jpg,horse,Horse
data/voc/hq/2009_004799.jpg,train,Train
data/voc/hq/2009_004801.jpg,motorbike,Motorbike
data/voc/hq/2009_004805.jpg,sheep,Sheep
data/voc/hq/2009_004829.jpg,bus,Bus
data/voc/hq/2009_004848.jpg,person,Bicycle
data/voc/hq/2009_004859.jpg,diningtable,Dining Table
data/voc/hq/2009_004867.jpg,bus,Bus
data/voc/hq/2009_004882.jpg,bicycle,Bicycle
data/voc/hq/2009_004886.jpg,bird,Bird
data/voc/hq/2009_004887.jpg,cat,Cat
data/voc/hq/2009_004888.jpg,boat,Sofa
data/voc/hq/2009_004890.jpg,person,Person
data/voc/hq/2009_004895.jpg,bird,Bird
data/voc/hq/2009_004901.jpg,sofa,Sofa
data/voc/hq/2009_004904.jpg,boat,Boat
data/voc/hq/2009_004919.jpg,person,Person
data/voc/hq/2009_004939.jpg,chair,Chair
data/voc/hq/2009_004942.jpg,horse,Horse
data/voc/hq/2009_004969.jpg,aeroplane,Aeroplane
data/voc/hq/2009_004980.jpg,aeroplane,Aeroplane
data/voc/hq/2009_004987.jpg,motorbike,Motorbike
data/voc/hq/2009_004990.jpg,pottedplant,Potted Plant
data/voc/hq/2009_004993.jpg,sofa,Sofa
data/voc/hq/2009_004994.jpg,person,Person
data/voc/hq/2009_005000.jpg,horse,Horse
data/voc/hq/2009_005016.jpg,chair,Chair
data/voc/hq/2009_005031.jpg,aeroplane,Aeroplane
data/voc/hq/2009_005037.jpg,cat,Cat
data/voc/hq/2009_005038.jpg,person,Bottle
data/voc/hq/2009_005055.jpg,dog,Dog
data/voc/hq/2009_005056.jpg,person,Boat
data/voc/hq/2009_005069.jpg,diningtable,Dining Table
data/voc/hq/2009_005078.jpg,motorbike,Motorbike
data/voc/hq/2009_005084.jpg,train,Train
data/voc/hq/2009_005085.jpg,car,Car
data/voc/hq/2009_005087.jpg,person,Bicycle
data/voc/hq/2009_005089.jpg,sheep,Sheep
data/voc/hq/2009_005107.jpg,dog,Dog
data/voc/hq/2009_005118.jpg,boat,Boat
data/voc/hq/2009_005120.jpg,aeroplane,Aeroplane
data/voc/hq/2009_005128.jpg,train,Train
data/voc/hq/2009_005130.jpg,horse,Horse
data/voc/hq/2009_005137.jpg,bird,Bird
data/voc/hq/2009_005141.jpg,person,Person
data/voc/hq/2009_005145.jpg,diningtable,Dining Table
data/voc/hq/2009_005148.jpg,train,Train
data/voc/hq/2009_005156.jpg,bicycle,Bicycle
data/voc/hq/2009_005158.jpg,cat,Cat
data/voc/hq/2009_005160.jpg,cat,Cat
data/voc/hq/2009_005177.jpg,cat,Cat
data/voc/hq/2009_005189.jpg,aeroplane,Aeroplane
data/voc/hq/2009_005190.jpg,bottle,Bottle
data/voc/hq/2009_005194.jpg,motorbike,Motorbike
data/voc/hq/2009_005217.jpg,horse,Horse
data/voc/hq/2009_005219.jpg,cat,Cat
data/voc/hq/2009_005220.jpg,train,Train
data/voc/hq/2009_005231.jpg,bus,Bus
data/voc/hq/2009_005234.jpg,bird,Bird
data/voc/hq/2009_005236.jpg,cat,Cat
data/voc/hq/2009_005247.jpg,motorbike,Motorbike
data/voc/hq/2009_005260.jpg,bird,Bird
data/voc/hq/2009_005262.jpg,bird,Bird
data/voc/hq/2009_005269.jpg,horse,Horse
data/voc/hq/2009_005287.jpg,train,Train
data/voc/hq/2009_005302.jpg,bottle,Bottle
data/voc/hq/2010_000002.jpg,sheep,Sheep
data/voc/hq/2010_000003.jpg,chair,Dog
data/voc/hq/2010_000038.jpg,horse,Horse
data/voc/hq/2010_000043.jpg,car,Car
data/voc/hq/2010_000063.jpg,cow,Cow
data/voc/hq/2010_000065.jpg,bicycle,Bicycle
data/voc/hq/2010_000075.jpg,bird,Bird
data/voc/hq/2010_000076.jpg,motorbike,Motorbike
data/voc/hq/2010_000083.jpg,bicycle,Bicycle
data/voc/hq/2010_000084.jpg,boat,Boat
data/voc/hq/2010_000087.jpg,motorbike,Motorbike
data/voc/hq/2010_000110.jpg,person,Dog
data/voc/hq/2010_000114.jpg,cat,Cat
data/voc/hq/2010_000117.jpg,sheep,Sheep
data/voc/hq/2010_000131.jpg,person,Bottle
data/voc/hq/2010_000132.jpg,pottedplant,Potted Plant
data/voc/hq/2010_000148.jpg,bus,Bus
data/voc/hq/2010_000159.jpg,dog,Dog
data/voc/hq/2010_000160.jpg,car,Car
data/voc/hq/2010_000163.jpg,cat,Cat
data/voc/hq/2010_000174.jpg,person,Dining Table
data/voc/hq/2010_000187.jpg,bus,Bus
data/voc/hq/2010_000189.jpg,sheep,Sheep
data/voc/hq/2010_000195.jpg,boat,Boat
data/voc/hq/2010_000216.jpg,dog,Dog
data/voc/hq/2010_000238.jpg,aeroplane,Aeroplane
data/voc/hq/2010_000241.jpg,bird,Bird
data/voc/hq/2010_000256.jpg,sofa,Sofa
data/voc/hq/2010_000269.jpg,diningtable,Cat
data/voc/hq/2010_000272.jpg,boat,Boat
data/voc/hq/2010_000284.jpg,sofa,Sofa
data/voc/hq/2010_000285.jpg,aeroplane,Aeroplane
data/voc/hq/2010_000309.jpg,sheep,Sheep
data/voc/hq/2010_000318.jpg,tvmonitor,TV Monitor
data/voc/hq/2010_000330.jpg,pottedplant,Potted Plant
data/voc/hq/2010_000335.jpg,bird,Bird
data/voc/hq/2010_000342.jpg,bicycle,Bicycle
data/voc/hq/2010_000371.jpg,motorbike,Motorbike
data/voc/hq/2010_000372.jpg,car,Car
data/voc/hq/2010_000392.jpg,aeroplane,Aeroplane
data/voc/hq/2010_000404.jpg,cat,Cat
data/voc/hq/2010_000422.jpg,dog,Dog
data/voc/hq/2010_000426.jpg,bottle,Bottle
data/voc/hq/2010_000427.jpg,cow,Cow
data/voc/hq/2010_000436.jpg,sheep,Sheep
data/voc/hq/2010_000437.jpg,aeroplane,Aeroplane
data/voc/hq/2010_000466.jpg,car,Car
data/voc/hq/2010_000469.jpg,cat,Cat
data/voc/hq/2010_000492.jpg,person,Chair
data/voc/hq/2010_000498.jpg,cow,Cow
data/voc/hq/2010_000502.jpg,bird,Bird
data/voc/hq/2010_000503.jpg,person,Person
data/voc/hq/2010_000519.jpg,cat,Cat
data/voc/hq/2010_000530.jpg,person,Person
data/voc/hq/2010_000552.jpg,cat,Cat
data/voc/hq/2010_000559.jpg,person,Boat
data/voc/hq/2010_000567.jpg,pottedplant,Potted Plant
data/voc/hq/2010_000572.jpg,aeroplane,Aeroplane
data/voc/hq/2010_000573.jpg,bus,Bus
data/voc/hq/2010_000588.jpg,sofa,Sofa
data/voc/hq/2010_000622.jpg,aeroplane,Aeroplane
data/voc/hq/2010_000628.jpg,car,Car
data/voc/hq/2010_000632.jpg,bicycle,Bicycle
data/voc/hq/2010_000639.jpg,pottedplant,Potted Plant
data/voc/hq/2010_000661.jpg,cat,Cat
data/voc/hq/2010_000666.jpg,horse,Horse
data/voc/hq/2010_000675.jpg,cat,Cat
data/voc/hq/2010_000679.jpg,boat,Boat
data/voc/hq/2010_000682.jpg,bus,Bus
data/voc/hq/2010_000683.jpg,cat,Cat
data/voc/hq/2010_000685.jpg,bicycle,Bicycle
data/voc/hq/2010_000724.jpg,cat,Cat
data/voc/hq/2010_000738.jpg,person,Chair
data/voc/hq/2010_000746.jpg,dog,Dog
data/voc/hq/2010_000748.jpg,boat,Boat
data/voc/hq/2010_000764.jpg,train,Train
data/voc/hq/2010_000772.jpg,person,Person
data/voc/hq/2010_000787.jpg,tvmonitor,TV Monitor
data/voc/hq/2010_000788.jpg,dog,Dog
data/voc/hq/2010_000810.jpg,bird,Bird
data/voc/hq/2010_000814.jpg,bird,Bird
data/voc/hq/2010_000815.jpg,cat,Cat
data/voc/hq/2010_000836.jpg,bird,Bird
data/voc/hq/2010_000847.jpg,sheep,Cow
data/voc/hq/2010_000855.jpg,bus,Bus
data/voc/hq/2010_000874.jpg,horse,Horse
data/voc/hq/2010_000885.jpg,aeroplane,Aeroplane
data/voc/hq/2010_000887.jpg,boat,Boat
data/voc/hq/2010_000904.jpg,dog,Dog
data/voc/hq/2010_000906.jpg,boat,Boat
data/voc/hq/2010_000907.jpg,cow,Cow
data/voc/hq/2010_000918.jpg,bird,Bird
data/voc/hq/2010_000929.jpg,motorbike,Motorbike
data/voc/hq/2010_000941.jpg,cat,Cat
data/voc/hq/2010_000952.jpg,car,Car
data/voc/hq/2010_000961.jpg,bird,Bird
data/voc/hq/2010_000978.jpg,sheep,Sheep
data/voc/hq/2010_000986.jpg,aeroplane,Aeroplane
data/voc/hq/2010_001000.jpg,cow,Cow
data/voc/hq/2010_001010.jpg,cow,Cow
data/voc/hq/2010_001011.jpg,sheep,Sheep
data/voc/hq/2010_001016.jpg,bird,Bird
data/voc/hq/2010_001017.jpg,aeroplane,Aeroplane
data/voc/hq/2010_001024.jpg,aeroplane,Aeroplane
data/voc/hq/2010_001036.jpg,boat,Boat
data/voc/hq/2010_001043.jpg,car,Car
data/voc/hq/2010_001061.jpg,bird,Bird
data/voc/hq/2010_001069.jpg,bird,Bird
data/voc/hq/2010_001070.jpg,cat,Cat
data/voc/hq/2010_001079.jpg,sheep,Sheep
data/voc/hq/2010_001104.jpg,train,Train
data/voc/hq/2010_001120.jpg,person,Person
data/voc/hq/2010_001124.jpg,dog,Dog
data/voc/hq/2010_001131.jpg,person,Dining Table
data/voc/hq/2010_001149.jpg,sofa,Sofa
data/voc/hq/2010_001151.jpg,train,Train
data/voc/hq/2010_001154.jpg,dog,Dog
data/voc/hq/2010_001160.jpg,sheep,Bicycle
data/voc/hq/2010_001174.jpg,aeroplane,Aeroplane
data/voc/hq/2010_001177.jpg,cat,Cat
data/voc/hq/2010_001183.jpg,bicycle,Bicycle
data/voc/hq/2010_001184.jpg,horse,Horse
data/voc/hq/2010_001195.jpg,cat,Cat
data/voc/hq/2010_001206.jpg,bus,Bus
data/voc/hq/2010_001245.jpg,person,Person
data/voc/hq/2010_001246.jpg,bicycle,Bicycle
data/voc/hq/2010_001247.jpg,cat,Cat
data/voc/hq/2010_001251.jpg,motorbike,Motorbike
data/voc/hq/2010_001256.jpg,sheep,Sheep
data/voc/hq/2010_001261.jpg,diningtable,Dining Table
data/voc/hq/2010_001264.jpg,dog,Dog
data/voc/hq/2010_001273.jpg,dog,Dog
data/voc/hq/2010_001279.jpg,dog,Dog
data/voc/hq/2010_001282.jpg,dog,Dog
data/voc/hq/2010_001292.jpg,cat,Cat
data/voc/hq/2010_001313.jpg,motorbike,Motorbike
data/voc/hq/2010_001327.jpg,sofa,Sofa
data/voc/hq/2010_001329.jpg,horse,Horse
data/voc/hq/2010_001331.jpg,cat,Cat
data/voc/hq/2010_001347.jpg,cat,Cat
data/voc/hq/2010_001351.jpg,cat,Cat
data/voc/hq/2010_001367.jpg,person,Bicycle
data/voc/hq/2010_001374.jpg,train,Train
data/voc/hq/2010_001376.jpg,dog,Dog
data/voc/hq/2010_001386.jpg,cat,Cat
data/voc/hq/2010_001399.jpg,dog,Dog
data/voc/hq/2010_001403.jpg,bus,Bus
data/voc/hq/2010_001413.jpg,aeroplane,Aeroplane
data/voc/hq/2010_001418.jpg,cat,Cat
data/voc/hq/2010_001422.jpg,dog,Dog
data/voc/hq/2010_001448.jpg,aeroplane,Aeroplane
data/voc/hq/2010_001451.jpg,horse,Horse
data/voc/hq/2010_001457.jpg,cat,Cat
data/voc/hq/2010_001514.jpg,bicycle,Bicycle
data/voc/hq/2010_001515.jpg,train,Train
data/voc/hq/2010_001522.jpg,sheep,Sheep
data/voc/hq/2010_001534.jpg,cat,Cat
data/voc/hq/2010_001553.jpg,motorbike,Car
data/voc/hq/2010_001557.jpg,sheep,Sheep
data/voc/hq/2010_001561.jpg,car,Car
data/voc/hq/2010_001562.jpg,tvmonitor,TV Monitor
data/voc/hq/2010_001563.jpg,person,Person
data/voc/hq/2010_001576.jpg,diningtable,Dining Table
data/voc/hq/2010_001577.jpg,sheep,Sheep
data/voc/hq/2010_001579.jpg,diningtable,Dining Table
data/voc/hq/2010_001590.jpg,cat,Cat
data/voc/hq/2010_001595.jpg,horse,Horse
data/voc/hq/2010_001618.jpg,sheep,Person
data/voc/hq/2010_001619.jpg,person,Person
data/voc/hq/2010_001630.jpg,bus,Bus
data/voc/hq/2010_001646.jpg,bus,Bus
data/voc/hq/2010_001656.jpg,cat,Cat
data/voc/hq/2010_001660.jpg,cat,Cat
data/voc/hq/2010_001676.jpg,horse,Horse
data/voc/hq/2010_001692.jpg,cow,Cow
data/voc/hq/2010_001699.jpg,chair,Chair
data/voc/hq/2010_001706.jpg,dog,Dog
data/voc/hq/2010_001732.jpg,bus,Bus
data/voc/hq/2010_001734.jpg,train,Train
data/voc/hq/2010_001748.jpg,train,Train
data/voc/hq/2010_001752.jpg,tvmonitor,TV Monitor
data/voc/hq/2010_001767.jpg,sofa,Sofa
data/voc/hq/2010_001768.jpg,dog,Dog
data/voc/hq/2010_001773.jpg,pottedplant,Potted Plant
data/voc/hq/2010_001807.jpg,boat,Boat
data/voc/hq/2010_001820.jpg,bird,Bird
data/voc/hq/2010_001830.jpg,bottle,Bottle
data/voc/hq/2010_001842.jpg,cat,Cat
data/voc/hq/2010_001849.jpg,chair,Chair
data/voc/hq/2010_001850.jpg,car,Car
data/voc/hq/2010_001851.jpg,diningtable,Dining Table
data/voc/hq/2010_001852.jpg,horse,Horse
data/voc/hq/2010_001860.jpg,tvmonitor,TV Monitor
data/voc/hq/2010_001908.jpg,dog,Dog
data/voc/hq/2010_001913.jpg,cat,Cat
data/voc/hq/2010_001922.jpg,bicycle,Bicycle
data/voc/hq/2010_001923.jpg,motorbike,Motorbike
data/voc/hq/2010_001933.jpg,sofa,Dog
data/voc/hq/2010_001939.jpg,diningtable,Dining Table
data/voc/hq/2010_001944.jpg,dog,Dog
data/voc/hq/2010_001951.jpg,train,Train
data/voc/hq/2010_001956.jpg,dog,Dog
data/voc/hq/2010_001962.jpg,sofa,Sofa
data/voc/hq/2010_001966.jpg,car,Car
data/voc/hq/2010_001995.jpg,bird,Bird
data/voc/hq/2010_002017.jpg,chair,Bottle
data/voc/hq/2010_002018.jpg,person,Cow
data/voc/hq/2010_002020.jpg,dog,Dog
data/voc/hq/2010_002025.jpg,cat,Cat
data/voc/hq/2010_002030.jpg,bicycle,Bicycle
data/voc/hq/2010_002032.jpg,diningtable,Chair
data/voc/hq/2010_002039.jpg,sheep,Sheep
data/voc/hq/2010_002047.jpg,cow,Cow
data/voc/hq/2010_002054.jpg,sheep,Sheep
data/voc/hq/2010_002055.jpg,bicycle,Bicycle
data/voc/hq/2010_002070.jpg,person,Dining Table
data/voc/hq/2010_002097.jpg,tvmonitor,TV Monitor
data/voc/hq/2010_002106.jpg,sheep,Sheep
data/voc/hq/2010_002107.jpg,car,Car
data/voc/hq/2010_002137.jpg,pottedplant,Cat
data/voc/hq/2010_002139.jpg,cow,Cow
data/voc/hq/2010_002142.jpg,bird,Bird
data/voc/hq/2010_002146.jpg,cat,Cat
data/voc/hq/2010_002147.jpg,aeroplane,Aeroplane
data/voc/hq/2010_002150.jpg,boat,Boat
data/voc/hq/2010_002154.jpg,person,Person
data/voc/hq/2010_002161.jpg,person,Horse
data/voc/hq/2010_002166.jpg,person,Person
data/voc/hq/2010_002200.jpg,aeroplane,Aeroplane
data/voc/hq/2010_002203.jpg,bus,Bus
data/voc/hq/2010_002218.jpg,bus,Bus
data/voc/hq/2010_002228.jpg,dog,Dog
data/voc/hq/2010_002232.jpg,sheep,Sheep
data/voc/hq/2010_002236.jpg,car,Car
data/voc/hq/2010_002251.jpg,motorbike,Motorbike
data/voc/hq/2010_002254.jpg,cow,Cow
data/voc/hq/2010_002271.jpg,motorbike,Motorbike
data/voc/hq/2010_002286.jpg,cat,Cat
data/voc/hq/2010_002305.jpg,cat,Cat
data/voc/hq/2010_002310.jpg,aeroplane,Aeroplane
data/voc/hq/2010_002336.jpg,diningtable,Chair
data/voc/hq/2010_002338.jpg,dog,Dog
data/voc/hq/2010_002348.jpg,cat,Cat
data/voc/hq/2010_002361.jpg,car,Car
data/voc/hq/2010_002363.jpg,car,Car
data/voc/hq/2010_002379.jpg,pottedplant,Potted Plant
data/voc/hq/2010_002382.jpg,dog,Dog
data/voc/hq/2010_002387.jpg,car,Bus
data/voc/hq/2010_002390.jpg,cow,Cow
data/voc/hq/2010_002396.jpg,person,Motorbike
data/voc/hq/2010_002413.jpg,bus,Bus
data/voc/hq/2010_002418.jpg,diningtable,Dining Table
data/voc/hq/2010_002422.jpg,cat,Cat
data/voc/hq/2010_002440.jpg,person,Bottle
data/voc/hq/2010_002450.jpg,bird,Bird
data/voc/hq/2010_002455.jpg,bottle,Bottle
data/voc/hq/2010_002457.jpg,car,Car
data/voc/hq/2010_002480.jpg,dog,Dog
data/voc/hq/2010_002499.jpg,dog,Dog
data/voc/hq/2010_002512.jpg,cat,Cat
data/voc/hq/2010_002527.jpg,sofa,Dog
data/voc/hq/2010_002531.jpg,sofa,Cat
data/voc/hq/2010_002532.jpg,aeroplane,Aeroplane
data/voc/hq/2010_002536.jpg,bicycle,Bicycle
data/voc/hq/2010_002538.jpg,chair,Chair
data/voc/hq/2010_002546.jpg,bus,Bus
data/voc/hq/2010_002551.jpg,dog,Dog
data/voc/hq/2010_002556.jpg,train,Train
data/voc/hq/2010_002570.jpg,person,Dog
data/voc/hq/2010_002573.jpg,cat,Cat
data/voc/hq/2010_002623.jpg,person,Chair
data/voc/hq/2010_002625.jpg,person,Cat
data/voc/hq/2010_002659.jpg,dog,Dog
data/voc/hq/2010_002682.jpg,train,Train
data/voc/hq/2010_002691.jpg,horse,Horse
data/voc/hq/2010_002693.jpg,chair,Cat
data/voc/hq/2010_002697.jpg,train,Train
data/voc/hq/2010_002701.jpg,cow,Cow
data/voc/hq/2010_002720.jpg,bicycle,Bicycle
data/voc/hq/2010_002733.jpg,pottedplant,Potted Plant
data/voc/hq/2010_002750.jpg,sheep,Sheep
data/voc/hq/2010_002763.jpg,cow,Cat
data/voc/hq/2010_002778.jpg,cat,Cat
data/voc/hq/2010_002786.jpg,dog,Dog
data/voc/hq/2010_002792.jpg,person,Bicycle
data/voc/hq/2010_002794.jpg,dog,Dog
data/voc/hq/2010_002811.jpg,sofa,Cat
data/voc/hq/2010_002815.jpg,chair,Chair
data/voc/hq/2010_002838.jpg,train,Train
data/voc/hq/2010_002856.jpg,dog,Dog
data/voc/hq/2010_002868.jpg,bus,Bus
data/voc/hq/2010_002870.jpg,chair,Chair
data/voc/hq/2010_002892.jpg,aeroplane,Aeroplane
data/voc/hq/2010_002900.jpg,cat,Cat
data/voc/hq/2010_002902.jpg,car,Car
data/voc/hq/2010_002907.jpg,dog,Dog
data/voc/hq/2010_002921.jpg,chair,Chair
data/voc/hq/2010_002929.jpg,car,Car
data/voc/hq/2010_002935.jpg,bird,Bird
data/voc/hq/2010_002937.jpg,train,Train
data/voc/hq/2010_002938.jpg,dog,Dog
data/voc/hq/2010_002939.jpg,aeroplane,Aeroplane
data/voc/hq/2010_002962.jpg,person,Person
data/voc/hq/2010_002973.jpg,cat,Cat
data/voc/hq/2010_002988.jpg,car,Car
data/voc/hq/2010_003010.jpg,dog,Dog
data/voc/hq/2010_003014.jpg,person,Person
data/voc/hq/2010_003017.jpg,person,Bottle
data/voc/hq/2010_003060.jpg,dog,Dog
data/voc/hq/2010_003062.jpg,bicycle,Bicycle
data/voc/hq/2010_003088.jpg,aeroplane,Aeroplane
data/voc/hq/2010_003093.jpg,person,Bicycle
data/voc/hq/2010_003097.jpg,bird,Bird
data/voc/hq/2010_003114.jpg,sofa,Dog
data/voc/hq/2010_003119.jpg,bird,Bird
data/voc/hq/2010_003123.jpg,pottedplant,Potted Plant
data/voc/hq/2010_003127.jpg,aeroplane,Aeroplane
data/voc/hq/2010_003132.jpg,aeroplane,Aeroplane
data/voc/hq/2010_003153.jpg,sheep,Sheep
data/voc/hq/2010_003157.jpg,diningtable,Dining Table
data/voc/hq/2010_003168.jpg,bird,Bird
data/voc/hq/2010_003170.jpg,chair,Chair
data/voc/hq/2010_003174.jpg,sofa,Cat
data/voc/hq/2010_003183.jpg,cow,Cow
data/voc/hq/2010_003187.jpg,dog,Dog
data/voc/hq/2010_003203.jpg,boat,Boat
data/voc/hq/2010_003207.jpg,motorbike,Motorbike
data/voc/hq/2010_003230.jpg,cat,Cat
data/voc/hq/2010_003231.jpg,car,Car
data/voc/hq/2010_003239.jpg,cow,Cow
data/voc/hq/2010_003250.jpg,person,Person
data/voc/hq/2010_003252.jpg,sheep,Sheep
data/voc/hq/2010_003269.jpg,dog,Cat
data/voc/hq/2010_003274.jpg,train,Train
data/voc/hq/2010_003275.jpg,cat,Cat
data/voc/hq/2010_003276.jpg,car,Car
data/voc/hq/2010_003293.jpg,bus,Bus
data/voc/hq/2010_003302.jpg,chair,Chair
data/voc/hq/2010_003325.jpg,chair,Chair
data/voc/hq/2010_003342.jpg,dog,Dog
data/voc/hq/2010_003345.jpg,cow,Cow
data/voc/hq/2010_003362.jpg,bird,Bird
data/voc/hq/2010_003365.jpg,aeroplane,Aeroplane
data/voc/hq/2010_003380.jpg,horse,Horse
data/voc/hq/2010_003381.jpg,car,Car
data/voc/hq/2010_003383.jpg,cow,Cow
data/voc/hq/2010_003384.jpg,train,Train
data/voc/hq/2010_003402.jpg,cat,Cat
data/voc/hq/2010_003409.jpg,person,Person
data/voc/hq/2010_003418.jpg,bird,Bird
data/voc/hq/2010_003446.jpg,bicycle,Bicycle
data/voc/hq/2010_003453.jpg,car,Car
data/voc/hq/2010_003468.jpg,cat,Cat
data/voc/hq/2010_003473.jpg,bird,Bird
data/voc/hq/2010_003495.jpg,aeroplane,Aeroplane
data/voc/hq/2010_003506.jpg,dog,Dog
data/voc/hq/2010_003514.jpg,train,Train
data/voc/hq/2010_003529.jpg,motorbike,Motorbike
data/voc/hq/2010_003531.jpg,diningtable,Dining Table
data/voc/hq/2010_003532.jpg,horse,Horse
data/voc/hq/2010_003534.jpg,bus,Bus
data/voc/hq/2010_003541.jpg,sheep,Sheep
data/voc/hq/2010_003547.jpg,boat,Boat
data/voc/hq/2010_003597.jpg,sofa,Dining Table
data/voc/hq/2010_003599.jpg,boat,Boat
data/voc/hq/2010_003634.jpg,chair,Chair
data/voc/hq/2010_003651.jpg,pottedplant,Potted Plant
data/voc/hq/2010_003665.jpg,chair,Cat
data/voc/hq/2010_003670.jpg,person,Person
data/voc/hq/2010_003675.jpg,cat,Cat
data/voc/hq/2010_003680.jpg,aeroplane,Aeroplane
data/voc/hq/2010_003696.jpg,cat,Cat
data/voc/hq/2010_003708.jpg,train,Train
data/voc/hq/2010_003716.jpg,aeroplane,Aeroplane
data/voc/hq/2010_003717.jpg,sofa,Sofa
data/voc/hq/2010_003737.jpg,aeroplane,Aeroplane
data/voc/hq/2010_003746.jpg,dog,Dog
data/voc/hq/2010_003758.jpg,cat,Cat
data/voc/hq/2010_003764.jpg,cat,Cat
data/voc/hq/2010_003768.jpg,car,Car
data/voc/hq/2010_003771.jpg,bird,Bird
data/voc/hq/2010_003772.jpg,bus,Bus
data/voc/hq/2010_003781.jpg,cat,Cat
data/voc/hq/2010_003798.jpg,aeroplane,Aeroplane
data/voc/hq/2010_003799.jpg,bicycle,Bicycle
data/voc/hq/2010_003813.jpg,car,Car
data/voc/hq/2010_003820.jpg,bird,Bottle
data/voc/hq/2010_003854.jpg,car,Car
data/voc/hq/2010_003884.jpg,person,Dog
data/voc/hq/2010_003887.jpg,cat,Cat
data/voc/hq/2010_003894.jpg,person,Dog
data/voc/hq/2010_003899.jpg,boat,Boat
data/voc/hq/2010_003911.jpg,boat,Boat
data/voc/hq/2010_003912.jpg,bicycle,Bicycle
data/voc/hq/2010_003915.jpg,aeroplane,Aeroplane
data/voc/hq/2010_003925.jpg,chair,Cat
data/voc/hq/2010_003947.jpg,motorbike,Motorbike
data/voc/hq/2010_003950.jpg,cat,Cat
data/voc/hq/2010_003954.jpg,sheep,Sheep
data/voc/hq/2010_003956.jpg,train,Train
data/voc/hq/2010_003958.jpg,dog,Dog
data/voc/hq/2010_003971.jpg,chair,Chair
data/voc/hq/2010_003974.jpg,cat,Cat
data/voc/hq/2010_004005.jpg,car,Car
data/voc/hq/2010_004025.jpg,sofa,Sofa
data/voc/hq/2010_004041.jpg,boat,Boat
data/voc/hq/2010_004042.jpg,motorbike,Motorbike
data/voc/hq/2010_004056.jpg,bottle,Bottle
data/voc/hq/2010_004060.jpg,cat,Cat
data/voc/hq/2010_004063.jpg,aeroplane,Aeroplane
data/voc/hq/2010_004069.jpg,bicycle,Bicycle
data/voc/hq/2010_004071.jpg,bird,Bird
data/voc/hq/2010_004072.jpg,bicycle,Bicycle
data/voc/hq/2010_004074.jpg,sheep,Sheep
data/voc/hq/2010_004104.jpg,cat,Cat
data/voc/hq/2010_004109.jpg,sofa,Sofa
data/voc/hq/2010_004119.jpg,motorbike,Motorbike
data/voc/hq/2010_004120.jpg,cat,Cat
data/voc/hq/2010_004144.jpg,cat,Cat
data/voc/hq/2010_004149.jpg,train,Train
data/voc/hq/2010_004154.jpg,bicycle,Bicycle
data/voc/hq/2010_004165.jpg,person,Dog
data/voc/hq/2010_004171.jpg,cat,Cat
data/voc/hq/2010_004180.jpg,bus,Bus
data/voc/hq/2010_004186.jpg,car,Car
data/voc/hq/2010_004208.jpg,boat,Boat
data/voc/hq/2010_004210.jpg,cow,Cow
data/voc/hq/2010_004219.jpg,motorbike,Motorbike
data/voc/hq/2010_004222.jpg,chair,Chair
data/voc/hq/2010_004226.jpg,sheep,Sheep
data/voc/hq/2010_004258.jpg,car,Car
data/voc/hq/2010_004283.jpg,cow,Cow
data/voc/hq/2010_004288.jpg,bottle,Bottle
data/voc/hq/2010_004289.jpg,motorbike,Motorbike
data/voc/hq/2010_004306.jpg,tvmonitor,TV Monitor
data/voc/hq/2010_004314.jpg,aeroplane,Aeroplane
data/voc/hq/2010_004320.jpg,cat,Cat
data/voc/hq/2010_004322.jpg,cow,Cow
data/voc/hq/2010_004337.jpg,person,Motorbike
data/voc/hq/2010_004348.jpg,bus,Bus
data/voc/hq/2010_004355.jpg,motorbike,Motorbike
data/voc/hq/2010_004361.jpg,diningtable,Dining Table
data/voc/hq/2010_004363.jpg,horse,Horse
data/voc/hq/2010_004365.jpg,cat,Cat
data/voc/hq/2010_004369.jpg,cat,Cat
data/voc/hq/2010_004370.jpg,dog,Dog
data/voc/hq/2010_004382.jpg,pottedplant,Potted Plant
data/voc/hq/2010_004419.jpg,aeroplane,Aeroplane
data/voc/hq/2010_004429.jpg,chair,Chair
data/voc/hq/2010_004432.jpg,person,Bus
data/voc/hq/2010_004450.jpg,dog,Horse
data/voc/hq/2010_004472.jpg,person,Car
data/voc/hq/2010_004478.jpg,train,Bus
data/voc/hq/2010_004479.jpg,person,Cat
data/voc/hq/2010_004481.jpg,person,Person
data/voc/hq/2010_004493.jpg,dog,Dog
data/voc/hq/2010_004499.jpg,person,Car
data/voc/hq/2010_004519.jpg,horse,Horse
data/voc/hq/2010_004520.jpg,bottle,Bottle
data/voc/hq/2010_004529.jpg,bottle,Bottle
data/voc/hq/2010_004540.jpg,cat,Cat
data/voc/hq/2010_004543.jpg,chair,Chair
data/voc/hq/2010_004550.jpg,dog,Dog
data/voc/hq/2010_004551.jpg,bottle,Bottle
data/voc/hq/2010_004556.jpg,bird,Bird
data/voc/hq/2010_004559.jpg,bird,Bird
data/voc/hq/2010_004560.jpg,sheep,Sheep
data/voc/hq/2010_004577.jpg,car,Car
data/voc/hq/2010_004598.jpg,cow,Sheep
data/voc/hq/2010_004616.jpg,bus,Bus
data/voc/hq/2010_004620.jpg,dog,Cat
data/voc/hq/2010_004625.jpg,bus,Bus
data/voc/hq/2010_004628.jpg,dog,Dog
data/voc/hq/2010_004635.jpg,cow,Cow
data/voc/hq/2010_004662.jpg,boat,Boat
data/voc/hq/2010_004669.jpg,train,Train
data/voc/hq/2010_004683.jpg,dog,Dog
data/voc/hq/2010_004694.jpg,sheep,Dog
data/voc/hq/2010_004697.jpg,motorbike,Motorbike
data/voc/hq/2010_004704.jpg,person,Tractor
data/voc/hq/2010_004721.jpg,aeroplane,Aeroplane
data/voc/hq/2010_004757.jpg,pottedplant,Potted Plant
data/voc/hq/2010_004760.jpg,cat,Cat
data/voc/hq/2010_004763.jpg,chair,Chair
data/voc/hq/2010_004766.jpg,motorbike,Motorbike
data/voc/hq/2010_004772.jpg,boat,Boat
data/voc/hq/2010_004773.jpg,boat,Boat
data/voc/hq/2010_004783.jpg,sofa,Chair
data/voc/hq/2010_004789.jpg,cow,Cow
data/voc/hq/2010_004795.jpg,dog,Dog
data/voc/hq/2010_004805.jpg,sofa,Sofa
data/voc/hq/2010_004808.jpg,cat,Cat
data/voc/hq/2010_004815.jpg,person,Person
data/voc/hq/2010_004825.jpg,diningtable,Chair
data/voc/hq/2010_004828.jpg,person,Person
data/voc/hq/2010_004856.jpg,horse,Horse
data/voc/hq/2010_004857.jpg,tvmonitor,TV Monitor
data/voc/hq/2010_004861.jpg,cat,Cat
data/voc/hq/2010_004900.jpg,dog,Dog
data/voc/hq/2010_004916.jpg,dog,Cat
data/voc/hq/2010_004933.jpg,cat,Cat
data/voc/hq/2010_004938.jpg,aeroplane,Aeroplane
data/voc/hq/2010_004941.jpg,motorbike,Motorbike
data/voc/hq/2010_004946.jpg,car,Car
data/voc/hq/2010_004948.jpg,bird,Bird
data/voc/hq/2010_004951.jpg,train,Train
data/voc/hq/2010_004960.jpg,bird,Bird
data/voc/hq/2010_004963.jpg,cat,Cat
data/voc/hq/2010_004980.jpg,train,Train
data/voc/hq/2010_004994.jpg,bird,Bird
data/voc/hq/2010_005013.jpg,car,Car
data/voc/hq/2010_005016.jpg,bird,Bird
data/voc/hq/2010_005021.jpg,chair,Cat
data/voc/hq/2010_005028.jpg,bird,Bird
data/voc/hq/2010_005046.jpg,person,Dining Table
data/voc/hq/2010_005055.jpg,train,Train
data/voc/hq/2010_005063.jpg,bus,Bus
data/voc/hq/2010_005064.jpg,dog,Dog
data/voc/hq/2010_005098.jpg,sheep,Sheep
data/voc/hq/2010_005106.jpg,aeroplane,Aeroplane
data/voc/hq/2010_005108.jpg,cat,Cat
data/voc/hq/2010_005111.jpg,bicycle,Bicycle
data/voc/hq/2010_005118.jpg,bus,Bus
data/voc/hq/2010_005119.jpg,car,Car
data/voc/hq/2010_005128.jpg,cat,Cat
data/voc/hq/2010_005129.jpg,bird,Bird
data/voc/hq/2010_005159.jpg,dog,Dog
data/voc/hq/2010_005160.jpg,motorbike,Motorbike
data/voc/hq/2010_005166.jpg,cow,Cow
data/voc/hq/2010_005174.jpg,horse,Horse
data/voc/hq/2010_005180.jpg,sofa,Sofa
data/voc/hq/2010_005187.jpg,pottedplant,Potted Plant
data/voc/hq/2010_005198.jpg,boat,Boat
data/voc/hq/2010_005202.jpg,cat,Cat
data/voc/hq/2010_005206.jpg,dog,Dog
data/voc/hq/2010_005217.jpg,bird,Bird
data/voc/hq/2010_005223.jpg,cow,Cow
data/voc/hq/2010_005232.jpg,cat,Cat
data/voc/hq/2010_005245.jpg,person,Dog
data/voc/hq/2010_005252.jpg,motorbike,Motorbike
data/voc/hq/2010_005277.jpg,bus,Bus
data/voc/hq/2010_005284.jpg,bus,Bus
data/voc/hq/2010_005305.jpg,tvmonitor,TV Monitor
data/voc/hq/2010_005317.jpg,cat,Cat
data/voc/hq/2010_005318.jpg,car,Car
data/voc/hq/2010_005344.jpg,cat,Cat
data/voc/hq/2010_005353.jpg,bird,Bird
data/voc/hq/2010_005366.jpg,motorbike,Motorbike
data/voc/hq/2010_005401.jpg,boat,Boat
data/voc/hq/2010_005419.jpg,dog,Dog
data/voc/hq/2010_005421.jpg,cat,Cat
data/voc/hq/2010_005428.jpg,bird,Bird
data/voc/hq/2010_005429.jpg,motorbike,Motorbike
data/voc/hq/2010_005432.jpg,car,Car
data/voc/hq/2010_005433.jpg,motorbike,Motorbike
data/voc/hq/2010_005450.jpg,tvmonitor,Dog
data/voc/hq/2010_005457.jpg,bus,Bus
data/voc/hq/2010_005468.jpg,cow,Cow
data/voc/hq/2010_005471.jpg,person,Horse
data/voc/hq/2010_005494.jpg,motorbike,Motorbike
data/voc/hq/2010_005496.jpg,bottle,Bottle
data/voc/hq/2010_005500.jpg,person,Person
data/voc/hq/2010_005501.jpg,car,Car
data/voc/hq/2010_005505.jpg,cat,Cat
data/voc/hq/2010_005506.jpg,train,Train
data/voc/hq/2010_005508.jpg,cat,Cat
data/voc/hq/2010_005513.jpg,cat,Cat
data/voc/hq/2010_005519.jpg,sheep,Sheep
data/voc/hq/2010_005522.jpg,dog,Dog
data/voc/hq/2010_005531.jpg,bird,Bird
data/voc/hq/2010_005534.jpg,aeroplane,Aeroplane
data/voc/hq/2010_005575.jpg,dog,Dog
data/voc/hq/2010_005582.jpg,person,Person
data/voc/hq/2010_005596.jpg,bus,Bus
data/voc/hq/2010_005606.jpg,sofa,Cat
data/voc/hq/2010_005626.jpg,person,Dining Table
data/voc/hq/2010_005627.jpg,cat,Cat
data/voc/hq/2010_005643.jpg,train,Train
data/voc/hq/2010_005644.jpg,dog,Dog
data/voc/hq/2010_005652.jpg,cat,Cat
data/voc/hq/2010_005663.jpg,bottle,Bottle
data/voc/hq/2010_005664.jpg,bicycle,Bicycle
data/voc/hq/2010_005669.jpg,dog,Dog
data/voc/hq/2010_005678.jpg,tvmonitor,TV Monitor
data/voc/hq/2010_005700.jpg,person,Car
data/voc/hq/2010_005705.jpg,boat,Boat
data/voc/hq/2010_005706.jpg,train,Train
data/voc/hq/2010_005709.jpg,person,Cat
data/voc/hq/2010_005718.jpg,aeroplane,Aeroplane
data/voc/hq/2010_005719.jpg,sheep,Sheep
data/voc/hq/2010_005721.jpg,motorbike,Motorbike
data/voc/hq/2010_005723.jpg,person,Person
data/voc/hq/2010_005725.jpg,bird,Bird
data/voc/hq/2010_005727.jpg,train,Train
data/voc/hq/2010_005734.jpg,sofa,Sofa
data/voc/hq/2010_005744.jpg,tvmonitor,TV Monitor
data/voc/hq/2010_005746.jpg,chair,Chair
data/voc/hq/2010_005755.jpg,diningtable,Dining Table
data/voc/hq/2010_005758.jpg,person,Person
data/voc/hq/2010_005762.jpg,bottle,Bottle
data/voc/hq/2010_005775.jpg,chair,Chair
data/voc/hq/2010_005788.jpg,sheep,Sheep
data/voc/hq/2010_005791.jpg,cat,Cat
data/voc/hq/2010_005796.jpg,cat,Cat
data/voc/hq/2010_005800.jpg,chair,Chair
data/voc/hq/2010_005805.jpg,tvmonitor,Cat
data/voc/hq/2010_005810.jpg,train,Train
data/voc/hq/2010_005820.jpg,sheep,Sheep
data/voc/hq/2010_005830.jpg,sofa,Dining Table
data/voc/hq/2010_005835.jpg,chair,Chair
data/voc/hq/2010_005836.jpg,car,Car
data/voc/hq/2010_005860.jpg,car,Car
data/voc/hq/2010_005871.jpg,person,Chair
data/voc/hq/2010_005876.jpg,motorbike,Motorbike
data/voc/hq/2010_005877.jpg,aeroplane,Aeroplane
data/voc/hq/2010_005888.jpg,aeroplane,Aeroplane
data/voc/hq/2010_005891.jpg,car,Car
data/voc/hq/2010_005898.jpg,sofa,Dog
data/voc/hq/2010_005899.jpg,cat,Cat
data/voc/hq/2010_005919.jpg,horse,Horse
data/voc/hq/2010_005922.jpg,cow,Cow
data/voc/hq/2010_005927.jpg,boat,Boat
data/voc/hq/2010_005932.jpg,pottedplant,Potted Plant
data/voc/hq/2010_005951.jpg,car,Car
data/voc/hq/2010_005952.jpg,bottle,Bottle
data/voc/hq/2010_005978.jpg,aeroplane,Aeroplane
data/voc/hq/2010_005982.jpg,chair,Dog
data/voc/hq/2010_005991.jpg,person,Dog
data/voc/hq/2010_005992.jpg,dog,Dog
data/voc/hq/2010_006009.jpg,dog,Dog
data/voc/hq/2010_006026.jpg,sheep,Sheep
data/voc/hq/2010_006034.jpg,aeroplane,Aeroplane
data/voc/hq/2010_006054.jpg,train,Train
data/voc/hq/2010_006070.jpg,bicycle,Bicycle
data/voc/hq/2011_000003.jpg,person,Person
data/voc/hq/2011_000006.jpg,sofa,Sofa
data/voc/hq/2011_000025.jpg,bus,Bus
data/voc/hq/2011_000027.jpg,bottle,Bottle
data/voc/hq/2011_000045.jpg,dog,Dog
data/voc/hq/2011_000051.jpg,person,Boat
data/voc/hq/2011_000054.jpg,person,Person
data/voc/hq/2011_000066.jpg,bottle,Bottle
data/voc/hq/2011_000068.jpg,bird,Bird
data/voc/hq/2011_000069.jpg,person,Person
data/voc/hq/2011_000070.jpg,sofa,Sofa
data/voc/hq/2011_000105.jpg,train,Train
data/voc/hq/2011_000108.jpg,chair,Cat
data/voc/hq/2011_000112.jpg,bird,Bird
data/voc/hq/2011_000116.jpg,aeroplane,Aeroplane
data/voc/hq/2011_000122.jpg,sofa,Dog
data/voc/hq/2011_000145.jpg,pottedplant,Potted Plant
data/voc/hq/2011_000149.jpg,bird,Bird
data/voc/hq/2011_000152.jpg,chair,Chair
data/voc/hq/2011_000173.jpg,sofa,Chair
data/voc/hq/2011_000178.jpg,bus,Bus
data/voc/hq/2011_000182.jpg,sofa,Person
data/voc/hq/2011_000185.jpg,bird,Bird
data/voc/hq/2011_000197.jpg,train,Train
data/voc/hq/2011_000208.jpg,bus,Bus
data/voc/hq/2011_000216.jpg,dog,Dog
data/voc/hq/2011_000219.jpg,cow,Bird
data/voc/hq/2011_000221.jpg,train,Train
data/voc/hq/2011_000222.jpg,bird,Bird
data/voc/hq/2011_000226.jpg,diningtable,Dining Table
data/voc/hq/2011_000228.jpg,cow,Cow
data/voc/hq/2011_000234.jpg,boat,Boat
data/voc/hq/2011_000238.jpg,boat,Boat
data/voc/hq/2011_000239.jpg,bus,Bus
data/voc/hq/2011_000243.jpg,aeroplane,Aeroplane
data/voc/hq/2011_000248.jpg,bus,Bus
data/voc/hq/2011_000252.jpg,car,Car
data/voc/hq/2011_000258.jpg,bus,Bus
data/voc/hq/2011_000268.jpg,bird,Bird
data/voc/hq/2011_000277.jpg,train,Train
data/voc/hq/2011_000278.jpg,boat,Boat
data/voc/hq/2011_000283.jpg,train,Train
data/voc/hq/2011_000291.jpg,train,Train
data/voc/hq/2011_000293.jpg,car,Car
data/voc/hq/2011_000310.jpg,sofa,Sofa
data/voc/hq/2011_000312.jpg,bus,Bus
data/voc/hq/2011_000338.jpg,diningtable,Chair
data/voc/hq/2011_000345.jpg,cat,Cat
data/voc/hq/2011_000359.jpg,aeroplane,Aeroplane
data/voc/hq/2011_000379.jpg,cat,Cat
data/voc/hq/2011_000382.jpg,chair,Dining Table
data/voc/hq/2011_000396.jpg,horse,Horse
data/voc/hq/2011_000400.jpg,tvmonitor,TV Monitor
data/voc/hq/2011_000412.jpg,bicycle,Bicycle
data/voc/hq/2011_000419.jpg,cat,Cat
data/voc/hq/2011_000428.jpg,dog,Dog
data/voc/hq/2011_000435.jpg,boat,Boat
data/voc/hq/2011_000436.jpg,sheep,Sheep
data/voc/hq/2011_000438.jpg,person,Person
data/voc/hq/2011_000449.jpg,dog,Dog
data/voc/hq/2011_000453.jpg,bicycle,Bicycle
data/voc/hq/2011_000455.jpg,person,Motorbike
data/voc/hq/2011_000456.jpg,bird,Bird
data/voc/hq/2011_000457.jpg,sofa,Chair
data/voc/hq/2011_000468.jpg,pottedplant,Potted Plant
data/voc/hq/2011_000469.jpg,cat,Cat
data/voc/hq/2011_000479.jpg,person,Person
data/voc/hq/2011_000481.jpg,aeroplane,Aeroplane
data/voc/hq/2011_000482.jpg,bird,Bird
data/voc/hq/2011_000503.jpg,car,Car
data/voc/hq/2011_000512.jpg,motorbike,Motorbike
data/voc/hq/2011_000513.jpg,train,Train
data/voc/hq/2011_000521.jpg,train,Train
data/voc/hq/2011_000526.jpg,horse,Horse
data/voc/hq/2011_000536.jpg,dog,Dog
data/voc/hq/2011_000542.jpg,dog,Dog
data/voc/hq/2011_000548.jpg,cow,Cow
data/voc/hq/2011_000550.jpg,sofa,Sofa
data/voc/hq/2011_000551.jpg,bus,Bus
data/voc/hq/2011_000556.jpg,boat,Boat
data/voc/hq/2011_000566.jpg,person,Cow
data/voc/hq/2011_000573.jpg,diningtable,Dining Table
data/voc/hq/2011_000577.jpg,person,Car
data/voc/hq/2011_000585.jpg,bicycle,Bicycle
data/voc/hq/2011_000589.jpg,person,Person
data/voc/hq/2011_000594.jpg,person,Horse
data/voc/hq/2011_000598.jpg,diningtable,Dining Table
data/voc/hq/2011_000607.jpg,chair,Chair
data/voc/hq/2011_000618.jpg,motorbike,Motorbike
data/voc/hq/2011_000637.jpg,motorbike,Motorbike
data/voc/hq/2011_000638.jpg,person,Person
data/voc/hq/2011_000641.jpg,sheep,Sheep
data/voc/hq/2011_000642.jpg,person,Boat
data/voc/hq/2011_000646.jpg,sofa,Person
data/voc/hq/2011_000651.jpg,motorbike,Motorbike
data/voc/hq/2011_000652.jpg,motorbike,Motorbike
data/voc/hq/2011_000658.jpg,car,Car
data/voc/hq/2011_000661.jpg,chair,Cat
data/voc/hq/2011_000669.jpg,bird,Bird
data/voc/hq/2011_000713.jpg,person,Bottle
data/voc/hq/2011_000747.jpg,pottedplant,Potted Plant
data/voc/hq/2011_000758.jpg,cat,Cat
data/voc/hq/2011_000768.jpg,person,Person
data/voc/hq/2011_000771.jpg,horse,Horse
data/voc/hq/2011_000780.jpg,cat,Cat
data/voc/hq/2011_000789.jpg,cat,Cat
data/voc/hq/2011_000790.jpg,aeroplane,Aeroplane
data/voc/hq/2011_000793.jpg,aeroplane,Aeroplane
data/voc/hq/2011_000807.jpg,aeroplane,Aeroplane
data/voc/hq/2011_000809.jpg,person,Chair
data/voc/hq/2011_000813.jpg,chair,Chair
data/voc/hq/2011_000830.jpg,bus,Bus
data/voc/hq/2011_000834.jpg,sheep,Sheep
data/voc/hq/2011_000840.jpg,horse,Horse
data/voc/hq/2011_000843.jpg,person,Person
data/voc/hq/2011_000874.jpg,aeroplane,Aeroplane
data/voc/hq/2011_000882.jpg,aeroplane,Aeroplane
data/voc/hq/2011_000888.jpg,bus,Bus
data/voc/hq/2011_000893.jpg,horse,Horse
data/voc/hq/2011_000895.jpg,train,Train
data/voc/hq/2011_000900.jpg,car,Car
data/voc/hq/2011_000912.jpg,bird,Bird
data/voc/hq/2011_000920.jpg,bottle,Bottle
data/voc/hq/2011_000934.jpg,pottedplant,Potted Plant
data/voc/hq/2011_000944.jpg,train,Train
data/voc/hq/2011_000953.jpg,diningtable,Dining Table
data/voc/hq/2011_000969.jpg,bus,Bus
data/voc/hq/2011_000973.jpg,cat,Cat
data/voc/hq/2011_000982.jpg,horse,Horse
data/voc/hq/2011_000997.jpg,train,Train
data/voc/hq/2011_000999.jpg,cat,Cat
data/voc/hq/2011_001004.jpg,car,Car
data/voc/hq/2011_001005.jpg,sofa,Sofa
data/voc/hq/2011_001014.jpg,dog,Dog
data/voc/hq/2011_001015.jpg,bus,Bus
data/voc/hq/2011_001020.jpg,sheep,Cow
data/voc/hq/2011_001027.jpg,sofa,Sofa
data/voc/hq/2011_001047.jpg,cow,Cow
data/voc/hq/2011_001060.jpg,train,Train
data/voc/hq/2011_001064.jpg,bus,Bus
data/voc/hq/2011_001069.jpg,person,Person
data/voc/hq/2011_001071.jpg,person,Chair
data/voc/hq/2011_001082.jpg,train,Train
data/voc/hq/2011_001110.jpg,car,Car
data/voc/hq/2011_001114.jpg,aeroplane,Aeroplane
data/voc/hq/2011_001133.jpg,aeroplane,Aeroplane
data/voc/hq/2011_001135.jpg,cat,Cat
data/voc/hq/2011_001139.jpg,diningtable,Bird
data/voc/hq/2011_001159.jpg,cow,Cow
data/voc/hq/2011_001161.jpg,boat,Boat
data/voc/hq/2011_001166.jpg,train,Train
data/voc/hq/2011_001175.jpg,sofa,Sofa
data/voc/hq/2011_001190.jpg,car,Car
data/voc/hq/2011_001198.jpg,sofa,Dog
data/voc/hq/2011_001211.jpg,bird,Bird
data/voc/hq/2011_001232.jpg,cow,Cow
data/voc/hq/2011_001259.jpg,bird,Bird
data/voc/hq/2011_001263.jpg,aeroplane,Aeroplane
data/voc/hq/2011_001270.jpg,bus,Bus
data/voc/hq/2011_001276.jpg,person,Dining Table
data/voc/hq/2011_001281.jpg,train,Train
data/voc/hq/2011_001287.jpg,bird,Bird
data/voc/hq/2011_001292.jpg,cat,Cat
data/voc/hq/2011_001313.jpg,car,Person
data/voc/hq/2011_001336.jpg,diningtable,Dining Table
data/voc/hq/2011_001341.jpg,bus,Bus
data/voc/hq/2011_001346.jpg,chair,Sofa
data/voc/hq/2011_001350.jpg,sheep,Sheep
data/voc/hq/2011_001400.jpg,person,Boat
data/voc/hq/2011_001402.jpg,sofa,Sofa
data/voc/hq/2011_001407.jpg,aeroplane,Aeroplane
data/voc/hq/2011_001411.jpg,bus,Bus
data/voc/hq/2011_001412.jpg,diningtable,Chair
data/voc/hq/2011_001416.jpg,person,Person
data/voc/hq/2011_001421.jpg,bird,Bird
data/voc/hq/2011_001432.jpg,bird,Bird
data/voc/hq/2011_001434.jpg,aeroplane,Aeroplane
data/voc/hq/2011_001447.jpg,chair,Chair
data/voc/hq/2011_001463.jpg,bird,Bird
data/voc/hq/2011_001475.jpg,person,Dining Table
data/voc/hq/2011_001479.jpg,bus,Bus
data/voc/hq/2011_001489.jpg,aeroplane,Aeroplane
data/voc/hq/2011_001519.jpg,bus,Bus
data/voc/hq/2011_001529.jpg,person,Motorbike
data/voc/hq/2011_001530.jpg,person,Car
data/voc/hq/2011_001534.jpg,cat,Cat
data/voc/hq/2011_001536.jpg,bus,Bus
data/voc/hq/2011_001542.jpg,car,Car
data/voc/hq/2011_001546.jpg,cow,Cow
data/voc/hq/2011_001567.jpg,chair,Chair
data/voc/hq/2011_001571.jpg,person,Dining Table
data/voc/hq/2011_001589.jpg,boat,Boat
data/voc/hq/2011_001597.jpg,cat,Cat
data/voc/hq/2011_001601.jpg,sofa,Cat
data/voc/hq/2011_001607.jpg,cat,Cat
data/voc/hq/2011_001613.jpg,boat,Boat
data/voc/hq/2011_001614.jpg,train,Train
data/voc/hq/2011_001619.jpg,person,Person
data/voc/hq/2011_001621.jpg,person,Chair
data/voc/hq/2011_001622.jpg,pottedplant,Potted Plant
data/voc/hq/2011_001624.jpg,aeroplane,Aeroplane
data/voc/hq/2011_001632.jpg,person,Bicycle
data/voc/hq/2011_001642.jpg,dog,Dog
data/voc/hq/2011_001652.jpg,bird,Bird
data/voc/hq/2011_001653.jpg,cow,Cow
data/voc/hq/2011_001665.jpg,diningtable,Dining Table
data/voc/hq/2011_001669.jpg,car,Car
data/voc/hq/2011_001674.jpg,sofa,Sofa
data/voc/hq/2011_001695.jpg,car,Car
data/voc/hq/2011_001708.jpg,cow,Cow
data/voc/hq/2011_001710.jpg,person,Person
data/voc/hq/2011_001713.jpg,sofa,Chair
data/voc/hq/2011_001714.jpg,person,Dog
data/voc/hq/2011_001722.jpg,horse,Horse
data/voc/hq/2011_001726.jpg,pottedplant,Potted Plant
data/voc/hq/2011_001730.jpg,tvmonitor,TV Monitor
data/voc/hq/2011_001745.jpg,dog,Dog
data/voc/hq/2011_001748.jpg,bus,TV Monitor
data/voc/hq/2011_001753.jpg,aeroplane,Aeroplane
data/voc/hq/2011_001754.jpg,cat,Cat
data/voc/hq/2011_001764.jpg,bird,Bird
data/voc/hq/2011_001765.jpg,motorbike,Motorbike
data/voc/hq/2011_001775.jpg,cat,Cat
data/voc/hq/2011_001782.jpg,cow,Cow
data/voc/hq/2011_001790.jpg,person,Sofa
data/voc/hq/2011_001793.jpg,boat,Boat
data/voc/hq/2011_001794.jpg,person,Person
data/voc/hq/2011_001810.jpg,sheep,Sheep
data/voc/hq/2011_001812.jpg,chair,Chair
data/voc/hq/2011_001855.jpg,dog,Dog
data/voc/hq/2011_001862.jpg,sofa,Sofa
data/voc/hq/2011_001863.jpg,pottedplant,Potted Plant
data/voc/hq/2011_001866.jpg,bird,Bird
data/voc/hq/2011_001868.jpg,dog,Dog
data/voc/hq/2011_001875.jpg,aeroplane,Aeroplane
data/voc/hq/2011_001880.jpg,aeroplane,Aeroplane
data/voc/hq/2011_001895.jpg,person,Person
data/voc/hq/2011_001902.jpg,bird,Bird
data/voc/hq/2011_001904.jpg,train,Train
data/voc/hq/2011_001910.jpg,tvmonitor,TV Monitor
data/voc/hq/2011_001922.jpg,sofa,Sofa
data/voc/hq/2011_001924.jpg,bird,Bird
data/voc/hq/2011_001928.jpg,person,Person
data/voc/hq/2011_001959.jpg,bird,Bird
data/voc/hq/2011_001967.jpg,bird,Bird
data/voc/hq/2011_001972.jpg,chair,Chair
data/voc/hq/2011_001974.jpg,sofa,Sofa
data/voc/hq/2011_001984.jpg,dog,Dog
data/voc/hq/2011_001988.jpg,person,Bicycle
data/voc/hq/2011_001991.jpg,boat,Boat
data/voc/hq/2011_002002.jpg,person,Bicycle
data/voc/hq/2011_002027.jpg,sheep,Sheep
data/voc/hq/2011_002040.jpg,dog,Dog
data/voc/hq/2011_002041.jpg,chair,Chair
data/voc/hq/2011_002050.jpg,boat,Boat
data/voc/hq/2011_002064.jpg,bicycle,Bicycle
data/voc/hq/2011_002075.jpg,person,Dining Table
data/voc/hq/2011_002098.jpg,dog,Dog
data/voc/hq/2011_002107.jpg,motorbike,Motorbike
data/voc/hq/2011_002110.jpg,dog,Dog
data/voc/hq/2011_002111.jpg,bicycle,Bicycle
data/voc/hq/2011_002114.jpg,aeroplane,Aeroplane
data/voc/hq/2011_002119.jpg,sheep,Sheep
data/voc/hq/2011_002121.jpg,dog,Cat
data/voc/hq/2011_002124.jpg,chair,Chair
data/voc/hq/2011_002134.jpg,cow,Cow
data/voc/hq/2011_002135.jpg,person,Bicycle
data/voc/hq/2011_002149.jpg,person,Person
data/voc/hq/2011_002150.jpg,bicycle,Bicycle
data/voc/hq/2011_002156.jpg,dog,Dog
data/voc/hq/2011_002178.jpg,sheep,Sheep
data/voc/hq/2011_002200.jpg,diningtable,Dining Table
data/voc/hq/2011_002222.jpg,aeroplane,Aeroplane
data/voc/hq/2011_002223.jpg,bicycle,Bicycle
data/voc/hq/2011_002224.jpg,car,Car
data/voc/hq/2011_002227.jpg,bus,Bus
data/voc/hq/2011_002244.jpg,person,Person
data/voc/hq/2011_002246.jpg,bird,Bird
data/voc/hq/2011_002247.jpg,train,Train
data/voc/hq/2011_002279.jpg,dog,Dog
data/voc/hq/2011_002291.jpg,sofa,Sofa
data/voc/hq/2011_002295.jpg,bird,Bird
data/voc/hq/2011_002298.jpg,dog,Dog
data/voc/hq/2011_002300.jpg,dog,Dog
data/voc/hq/2011_002303.jpg,person,Person
data/voc/hq/2011_002308.jpg,person,Person
data/voc/hq/2011_002317.jpg,person,Person
data/voc/hq/2011_002322.jpg,person,Motorbike
data/voc/hq/2011_002327.jpg,aeroplane,Aeroplane
data/voc/hq/2011_002335.jpg,sofa,Sofa
data/voc/hq/2011_002341.jpg,horse,Horse
data/voc/hq/2011_002343.jpg,chair,Chair
data/voc/hq/2011_002350.jpg,pottedplant,Potted Plant
data/voc/hq/2011_002358.jpg,diningtable,Dining Table
data/voc/hq/2011_002371.jpg,dog,Dog
data/voc/hq/2011_002379.jpg,train,Train
data/voc/hq/2011_002381.jpg,bird,Bird
data/voc/hq/2011_002385.jpg,train,Train
data/voc/hq/2011_002389.jpg,cat,Cat
data/voc/hq/2011_002391.jpg,sofa,Chair
data/voc/hq/2011_002398.jpg,dog,Dog
data/voc/hq/2011_002410.jpg,car,Car
data/voc/hq/2011_002447.jpg,sheep,Sheep
data/voc/hq/2011_002457.jpg,bus,Bus
data/voc/hq/2011_002464.jpg,sheep,Sheep
data/voc/hq/2011_002488.jpg,diningtable,Dining Table
data/voc/hq/2011_002498.jpg,person,Train
data/voc/hq/2011_002503.jpg,bird,Bird
data/voc/hq/2011_002504.jpg,aeroplane,Aeroplane
data/voc/hq/2011_002509.jpg,person,Person
data/voc/hq/2011_002511.jpg,person,Dining Table
data/voc/hq/2011_002515.jpg,aeroplane,Aeroplane
data/voc/hq/2011_002528.jpg,train,Train
data/voc/hq/2011_002532.jpg,tvmonitor,TV Monitor
data/voc/hq/2011_002535.jpg,train,Train
data/voc/hq/2011_002548.jpg,bird,Bird
data/voc/hq/2011_002553.jpg,sheep,Sheep
data/voc/hq/2011_002559.jpg,bottle,Bottle
data/voc/hq/2011_002561.jpg,sofa,Sofa
data/voc/hq/2011_002575.jpg,person,Person
data/voc/hq/2011_002578.jpg,person,Person
data/voc/hq/2011_002585.jpg,person,Bicycle
data/voc/hq/2011_002589.jpg,dog,Dog
data/voc/hq/2011_002590.jpg,person,Bottle
data/voc/hq/2011_002592.jpg,car,Car
data/voc/hq/2011_002623.jpg,person,Person
data/voc/hq/2011_002641.jpg,person,Sofa
data/voc/hq/2011_002644.jpg,sofa,Chair
data/voc/hq/2011_002652.jpg,bird,Bird
data/voc/hq/2011_002656.jpg,bicycle,Bicycle
data/voc/hq/2011_002662.jpg,sheep,Sheep
data/voc/hq/2011_002675.jpg,aeroplane,Aeroplane
data/voc/hq/2011_002685.jpg,cat,Cat
data/voc/hq/2011_002709.jpg,person,Sofa
data/voc/hq/2011_002713.jpg,bicycle,Bicycle
data/voc/hq/2011_002715.jpg,bird,Bird
data/voc/hq/2011_002717.jpg,dog,Dog
data/voc/hq/2011_002730.jpg,horse,Horse
data/voc/hq/2011_002752.jpg,sofa,Sofa
data/voc/hq/2011_002754.jpg,boat,Boat
data/voc/hq/2011_002767.jpg,bird,Bird
data/voc/hq/2011_002770.jpg,person,Person
data/voc/hq/2011_002812.jpg,car,Car
data/voc/hq/2011_002834.jpg,sofa,Sofa
data/voc/hq/2011_002851.jpg,aeroplane,Aeroplane
data/voc/hq/2011_002863.jpg,bottle,Bottle
data/voc/hq/2011_002872.jpg,person,Boat
data/voc/hq/2011_002873.jpg,cow,Cow
data/voc/hq/2011_002879.jpg,tvmonitor,TV Monitor
data/voc/hq/2011_002885.jpg,cow,Cow
data/voc/hq/2011_002920.jpg,person,Bottle
data/voc/hq/2011_002929.jpg,aeroplane,Aeroplane
data/voc/hq/2011_002932.jpg,train,Train
data/voc/hq/2011_002935.jpg,person,Person
data/voc/hq/2011_002947.jpg,chair,Chair
data/voc/hq/2011_002951.jpg,horse,Horse
data/voc/hq/2011_002953.jpg,sofa,Sofa
data/voc/hq/2011_002956.jpg,bus,Bus
data/voc/hq/2011_002975.jpg,boat,Boat
data/voc/hq/2011_002993.jpg,aeroplane,Aeroplane
data/voc/hq/2011_002997.jpg,person,Chair
data/voc/hq/2011_003003.jpg,bicycle,Bicycle
data/voc/hq/2011_003011.jpg,chair,Chair
data/voc/hq/2011_003019.jpg,cow,Cow
data/voc/hq/2011_003025.jpg,boat,Boat
data/voc/hq/2011_003030.jpg,bird,Bird
data/voc/hq/2011_003038.jpg,person,Person
data/voc/hq/2011_003055.jpg,car,Car
data/voc/hq/2011_003057.jpg,motorbike,Motorbike
data/voc/hq/2011_003066.jpg,diningtable,Dining Table
data/voc/hq/2011_003078.jpg,motorbike,Motorbike
data/voc/hq/2011_003085.jpg,horse,Horse
data/voc/hq/2011_003103.jpg,pottedplant,Potted Plant
data/voc/hq/2011_003114.jpg,bus,Bus
data/voc/hq/2011_003121.jpg,car,Car
data/voc/hq/2011_003141.jpg,person,Person
data/voc/hq/2011_003145.jpg,bird,Bird
data/voc/hq/2011_003146.jpg,train,Train
data/voc/hq/2011_003151.jpg,dog,Dog
data/voc/hq/2011_003182.jpg,sofa,Cat
data/voc/hq/2011_003184.jpg,horse,Horse
data/voc/hq/2011_003197.jpg,train,Train
data/voc/hq/2011_003205.jpg,pottedplant,Potted Plant
data/voc/hq/2011_003216.jpg,cat,Cat
data/voc/hq/2011_003238.jpg,person,Person
data/voc/hq/2011_003240.jpg,person,Person
data/voc/hq/2011_003246.jpg,person,Person
data/voc/hq/2011_003255.jpg,person,Car
data/voc/hq/2011_003256.jpg,sofa,Dog
data/voc/hq/2011_003271.jpg,bottle,Bottle
