image_path,label,prediction
data/thin/hq/anaconda_PNG1.jpg,Anaconda,
data/thin/hq/anaconda_PNG10.jpg,Anaconda,
data/thin/hq/anaconda_PNG14.jpg,Anaconda,"Based on the image provided, the main object is a snake.

The correct class name from the list is:

Snake"
data/thin/hq/anaconda_PNG2.jpg,Anaconda,
data/thin/hq/anaconda_PNG7.jpg,Anaconda,
data/thin/hq/anaconda_PNG8.jpg,Anaconda,
data/thin/hq/ant_PNG19350.jpg,Ant,"Based on the image provided, the main object is an ant.

The ant is large and is positioned in front of a washing machine, with its body and legs clearly visible.

The correct class name from the list is:
Ant"
data/thin/hq/ant_PNG19355.jpg,Ant,
data/thin/hq/ant_PNG19362.jpg,Ant,"Based on the image provided, the main object is a large ant that is prominently displayed in the center of the frame, seemingly in the foreground. The ant is a very large, detailed model, and it is the most prominent feature in the image.

The correct class name from the list is:

Ant"
data/thin/hq/ant_PNG19363a.jpg,Ant,"Based on the visual information in the image, the main object is a car engine. The image shows a close-up of a mechanical engine, with its valve cover and cylinder head visible, and the engine block appears to be in a state of disassembly or repair.

The correct class from the list is:

Engine"
data/thin/hq/ant_PNG19363b.jpg,Ant,
data/thin/hq/ant_PNG19363c.jpg,Ant,
data/thin/hq/ant_PNG19364.jpg,Ant,"Based on the image provided, the main object is an ant. The ant is the most prominent and centrally located element in the image, with a cityscape in the background.

The correct class name from the list is:

Ant"
data/thin/hq/ant_PNG19365.jpg,Ant,
data/thin/hq/apple_PNG12405.jpg,Apple,
data/thin/hq/apple_PNG12429.jpg,Apple,
data/thin/hq/apple_PNG12471.jpg,Apple,
data/thin/hq/apple_PNG12492.jpg,Apple,
data/thin/hq/apple_PNG12496.jpg,Apple,
data/thin/hq/armchair_PNG7023.jpg,Armchair,"Based on the visual information provided in the image, the main object is a piece of furniture.

The object has the following characteristics:
- It is a large, upholstered chair with a high back and winged armrests.
- It has a cushioned seat and backrest.
- It is supported by four ornate, curved legs.
- The color is a neutral grey.

These features are consistent with a classic wingback armchair.

The correct class name for this object is:

Armchair"
data/thin/hq/armchair_PNG7028.jpg,Armchair,"Based on the image provided, the main object is a piece of furniture.

The object is a chair with a tufted fabric upholstery, a rounded back, and four legs. This is a classic armchair.

Therefore, the correct class name is:

Armchair"
data/thin/hq/armchair_PNG7034.jpg,Armchair,"Based on the visual information provided in the image, the main object is a piece of furniture.

The object has the following characteristics:
- It is a large, high-backed chair with a classic design.
- It is upholstered in a brown, textured material that appears to be leather or faux leather.
- It features prominent rolled arms and a cushioned seat.
- It has ornate, carved wooden legs.

These features are consistent with a traditional armchair.

Therefore, the correct class name is:"
data/thin/hq/armchair_PNG7041.jpg,Armchair,"Based on the description provided, the main object in the image is a chair. It is described as a black, ornate armchair with a silver frame, and it is positioned in a surreal setting where it appears to be floating on water.

From the list of classes provided, the most appropriate classification for the main object is:

Armchair"
data/thin/hq/armchair_PNG7043.jpg,Armchair,"Based on the image provided, the main object is a large, ornately upholstered chair with a blue and white patterned fabric. The chair is being held by a person in traditional attire.

The class name for the main object in the image is:

Chair"
data/thin/hq/armchair_PNG7044.jpg,Armchair,"Based on the visual information provided in the image, the main object is:

Armchair"
data/thin/hq/armchair_PNG7047.jpg,Armchair,"Based on the image provided, the main object is:

Armchair"
data/thin/hq/armchair_PNG7060.jpg,Armchair,"Based on the image provided, the main object is a chair with a wooden frame and white upholstery.

The correct class name from the list is:

Armchair"
data/thin/hq/armchair_PNG7068.jpg,Armchair,"Based on the image provided, the main object is a piece of furniture.

The object is a chair with a classic design, featuring a wooden frame with a distressed finish and a light-colored, possibly off-white or beige, fabric upholstery. It has a high back, a cushioned seat, and armrests. The chair is positioned outdoors, with a scenic background of a stone wall and a distant landscape.

The correct class name for this object is:

Chair"
data/thin/hq/armchair_PNG7072.jpg,Armchair,"Based on the description provided, the main object in the image is an armchair.

The image shows a large, ornate armchair with a gold-colored frame and a light-colored, patterned fabric. It is situated in a greenhouse-like setting with plants and glass walls.

Therefore, the correct class name is:

Armchair"
data/thin/hq/armchair_PNG7074.jpg,Armchair,"Based on the description of the image, the main object is:

Armchair"
data/thin/hq/arrow_bow_PNG12a.jpg,Arrow Bow,"Based on the image provided, the main object is an arrow.

The object is a long, blue arrow with a red and yellow fletching at the tip, resting on a brown, textured surface that appears to be a rock or a piece of wood. The background is a dark, blurred, and neutral color, which helps to highlight the arrow as the central focus.

Therefore, the correct class name is:

Arrow"
data/thin/hq/arrow_bow_PNG12b.jpg,Arrow Bow,"Based on the image provided, the main object is a large, yellow and blue line that appears to be a trajectory or path, likely representing a flight path of an object such as a drone or a missile. The image shows a cityscape with buildings, green spaces, and roads. The line is drawn diagonally across the image, cutting through the trees and buildings.

The most accurate class name from the list that describes this object is:

**Drone**"
data/thin/hq/arrow_bow_PNG13.jpg,Arrow Bow,"Based on the visual information in the image, the main object is a long, slender object with a pointed tip and a fletching at the end, which is characteristic of a projectile.

The object is an arrow, and it is shown against a sky background.

Therefore, the correct class name is:

Arrow"
data/thin/hq/arrow_bow_PNG15.jpg,Arrow Bow,"Based on the image provided, the main object is a black archery equipment set, which includes an arrow and a bow. The bow is designed with a modern, sleek appearance and is positioned in the foreground. The arrow is attached to the bow and is aimed forward. The background features a blue train with the number 510 and the word ""PERU"" on it, which is likely a train in Peru. The train is on tracks, and the setting appears to be a railway station"
data/thin/hq/arrow_bow_PNG16.jpg,Arrow Bow,"Based on the image provided, the main object is an arrow.

The correct class name from the list is:
Arrow"
data/thin/hq/arrow_bow_PNG17.jpg,Arrow Bow,"Based on the visual information in the image, the main object is a spear.

The object is a long, wooden spear with a pointed tip and a single, thick, feather-like fletching at the end. It is being held by a person who is partially visible on the right side of the image.

Therefore, the correct class name is:

Spear"
data/thin/hq/arrow_bow_PNG2.jpg,Arrow Bow,"Based on the image provided, the main object is clearly identifiable as a long, thin arrow with a fletching at the end. This object is consistent with the description of an arrow.

The correct class name from the list is:

Arrow Bow"
data/thin/hq/arrow_bow_PNG21.jpg,Arrow Bow,Arrow
data/thin/hq/arrow_bow_PNG23.jpg,Arrow Bow,"Based on the image provided, the main object is the green arrow that is pointing diagonally across the scene. This arrow is a prominent feature in the image, and its direction is clearly indicated by the arrowhead.

The class name for the arrow is:
Arrow Bow"
data/thin/hq/arrow_bow_PNG24.jpg,Arrow Bow,
data/thin/hq/arrow_bow_PNG26.jpg,Arrow Bow,"Based on the visual information provided in the image, the main object is clearly identifiable.

The object has a long, slender shaft with a pointed tip, and a fletching (a set of feathers) at the rear, which is typical for an arrow used in archery. The image shows a single arrow, and the context is that of a single arrow.

The correct class from the list is:
Arrow"
data/thin/hq/arrow_bow_PNG27.jpg,Arrow Bow,"Based on the image provided, the main object is a large arrow.

The arrow is the central focus of the image, and it is positioned diagonally across the frame. It is a long, thin object with a dark shaft and a metallic tip, and it is being held by a small figure.

Therefore, the correct class name is:

Arrow"
data/thin/hq/arrow_bow_PNG30.jpg,Arrow Bow,"Based on the image provided, the main object is a large, colorful arrow. It is prominently displayed in the foreground, pointing towards the right side of the image. The arrow has a wooden shaft and a feathered fletching at the back, and it is positioned diagonally across the frame. It is resting on top of a red umbrella.

The correct class name from the list is:

Arrow Bow"
data/thin/hq/arrow_bow_PNG37.jpg,Arrow Bow,"Based on the visual information in the image, the main object is clearly identifiable.

The image displays a single arrow with a wooden shaft, a fletching (the feathers at the back), and a sharp tip, positioned against a background of a mountain and sky.

From the provided list of classes, the object that best matches this description is:

Arrow Bow

This is not a bow, but the arrow itself is the primary subject. However, the term ""Arrow Bow"" is a class name that"
data/thin/hq/arrow_bow_PNG45.jpg,Arrow Bow,
data/thin/hq/arrow_bow_PNG47a.jpg,Arrow Bow,"Based on the image provided, the main object is a bow.

The object is a bow with a black and red design, lying on a tiled surface. The image is a close-up of the bow, which is the central focus.

Therefore, the correct class name is:

Arrow Bow"
data/thin/hq/arrow_bow_PNG47b.jpg,Arrow Bow,
data/thin/hq/arrow_bow_PNG8a.jpg,Arrow Bow,Arrow
data/thin/hq/arrow_bow_PNG8b.jpg,Arrow Bow,Arrow
data/thin/hq/arrow_bow_PNG9.jpg,Arrow Bow,
data/thin/hq/ax_PNG9088.jpg,Ax,
data/thin/hq/ax_PNG9092.jpg,Ax,"Based on the image provided, the main object is a large, wooden axe with a red handle, which is positioned prominently in the foreground. It is being held or displayed in a way that suggests it is the central focus of the scene.

The correct class name is:
Ax"
data/thin/hq/ax_PNG9094.jpg,Ax,"Based on the visual information in the image, the main object is an axe.

The image shows a close-up of a wooden-handled axe with a metal head, positioned in the foreground. The background features a natural landscape with elephants and a distant mountain range, which provides context for the axe's use.

Therefore, the correct class name from the list is:

Ax"
data/thin/hq/ax_PNG9099.jpg,Ax,"Based on the image provided, the main object is clearly identifiable as an axe. The object has a wooden handle and a green head, with a red handle, and it is positioned in a way that suggests it is the central focus of the image. The other animals in the image, such as the giraffes, are secondary elements that are part of the background.

The correct class name for the main object is:

Ax"
data/thin/hq/ax_PNG9100.jpg,Ax,
data/thin/hq/ax_PNG9101.jpg,Ax,"Based on the image provided, the main object is an axe.

The object has a red head, a wooden handle, and a metallic tip. It is positioned horizontally against a light blue sky with clouds.

The correct class name from the list is:
Ax"
data/thin/hq/ax_PNG9104.jpg,Ax,"Based on the image provided, the main object is an axe.

The object has a wooden handle and a metal head with a sharp edge, which is characteristic of an axe.

Therefore, the correct class name is:

Ax"
data/thin/hq/ax_PNG9105.jpg,Ax,"To identify the main object in the image, let's analyze the visual content:

- The image prominently features a large tool with a metallic head and a long handle.
- The handle is black and orange, with the brand name ""TRUPER"" visible.
- The tool is positioned on a tree branch, with a small bird perched on the same branch.
- The tool's design and the presence of the brand name suggest it is a specific type of tool.
- The object is clearly identifiable as"
data/thin/hq/ax_PNG9108.jpg,Ax,"Based on the visual information in the image, the main object is clearly identifiable.

The object has a wooden handle and a metal head, which are characteristic features of an axe. The context of the image, with the axe positioned in front of an elephant, further supports this identification.

The correct class name from the list provided is:

Ax"
data/thin/hq/ax_PNG9110.jpg,Ax,"Based on the image provided, the main object is a large, red axe with a wooden handle. This is a distinct and prominent feature in the scene, especially in contrast to the scuba divers and the submarine setting.

The class name for this object is:

Ax"
data/thin/hq/backpack_PNG6314.jpg,Backpack,"Based on the visual information in the image, the main object is a backpack.

The backpack is predominantly black with green accents and features the brand name ""ABS"" on the side. It appears to be designed for outdoor activities, possibly hiking or trekking, given its sturdy construction and the presence of a hydration bladder and other gear compartments.

Therefore, the correct class name is:

Backpack"
data/thin/hq/backpack_PNG6317.jpg,Backpack,"Based on the visual information in the image, the main object is a backpack.

Backpack"
data/thin/hq/backpack_PNG6320.jpg,Backpack,"Based on the visual information provided in the image, the main object is a backpack.

The backpack is black, has a white star logo on the front, and appears to be made of a durable fabric. It is positioned in the center of the image, with a background of what looks like roasted or grilled food, possibly chicken or meat.

The correct class name from the list is:

Backpack"
data/thin/hq/backpack_PNG6326.jpg,Backpack,"Based on the image provided, the main object is a backpack.

The correct class name from the list is:
Backpack"
data/thin/hq/backpack_PNG6333.jpg,Backpack,"Based on the image provided, the main object is a backpack.

The correct class name from the list is:
Backpack"
data/thin/hq/backpack_PNG6339.jpg,Backpack,
data/thin/hq/backpack_PNG6341.jpg,Backpack,"Based on the image provided, the main object is a backpack.

Backpack"
data/thin/hq/backpack_PNG6342.jpg,Backpack,"Based on the image provided, the main object is a backpack.

The correct class name from the list is:
Backpack"
data/thin/hq/backpack_PNG6347.jpg,Backpack,"Based on the image provided, the main object is a backpack.

The correct class name from the list is:
Backpack"
data/thin/hq/backpack_PNG6349.jpg,Backpack,"Based on the image provided, the main object is a backpack.

Backpack"
data/thin/hq/backpack_PNG6351.jpg,Backpack,
data/thin/hq/backpack_PNG6353.jpg,Backpack,
data/thin/hq/backpack_PNG6354.jpg,Backpack,
data/thin/hq/backpack_PNG6356.jpg,Backpack,
data/thin/hq/backpack_PNG6363.jpg,Backpack,"Based on the visual information in the image, the main object is a backpack.

The object is a bright yellow backpack with black buttons and the brand name ""OGIO"" visible on the front. It is positioned in a natural setting with green foliage and a small animal, possibly a groundhog, in the background.

The correct class name from the list is:
Backpack"
data/thin/hq/barbell_PNG16340.jpg,Barbell,"Based on the visual information provided in the image, the main object is a piece of exercise equipment.

The object is a barbell, which is a long metal rod with weight plates attached to each end. The image shows a barbell with black weight plates, and it is positioned against a background of a house and sky.

Therefore, the correct class name is:

Barbell"
data/thin/hq/barbell_PNG16342.jpg,Barbell,"Based on the image provided, the main object is a barbell with colorful weights. The barbell is the central focus of the image.

The correct class name from the list is:
Barbell"
data/thin/hq/barbell_PNG16343.jpg,Barbell,"Based on the image provided, the main object is a barbell with weights.

The correct class name from the list is:
Barbell"
data/thin/hq/barbell_PNG16344.jpg,Barbell,
data/thin/hq/barbell_PNG16348.jpg,Barbell,"Based on the image provided, the main object is a barbell with a curved design, which is a type of weightlifting equipment.

From the given list of classes, the most appropriate choice is:

Barbell"
data/thin/hq/barbell_PNG16351.jpg,Barbell,
data/thin/hq/barbell_PNG16354a.jpg,Barbell,"Based on the image provided, the main object is a barbell.

The barbell is the most prominent object in the image, held by a person in a kitchen setting. It has a black weight plate at each end and is positioned in the foreground.

The correct class name is:
Barbell"
data/thin/hq/barbell_PNG16354b.jpg,Barbell,
data/thin/hq/barbell_PNG16356.jpg,Barbell,"Based on the image provided, the main object is a barbell with colorful weight plates.

The correct class name from the list is:

Barbell"
data/thin/hq/barbell_PNG16357.jpg,Barbell,"Based on the image provided, the main object is a barbell with weights.

The correct class name from the list is:

Barbell"
data/thin/hq/barbell_PNG16359.jpg,Barbell,Barbell
data/thin/hq/bassinet_PNG15.jpg,Bassinet,"Based on the image provided, the main object is a baby cradle, also known as a cradle or bassinet.

The correct class name from the list is:

Bassinet"
data/thin/hq/bassinet_PNG23.jpg,Bassinet,"Based on the visual information in the image, the main object is a pram, which is a type of baby carrier. It is designed to be attached to a vehicle, such as a bicycle or a motorcycle, for carrying a child.

The object in the image is a pram.

Pram"
data/thin/hq/bassinet_PNG26.jpg,Bassinet,
data/thin/hq/bassinet_PNG27.jpg,Bassinet,
data/thin/hq/bassinet_PNG28.jpg,Bassinet,
data/thin/hq/bassinet_PNG29.jpg,Bassinet,"Based on the image provided, the main object is a baby bed with a mesh safety barrier and a lower storage compartment. This type of furniture is commonly known as a bassinet.

Bassinet"
data/thin/hq/bassinet_PNG46.jpg,Bassinet,"Based on the image provided, the main object is a baby bassinet, which is a portable sleeping bassinet designed for infants. It is characterized by its fabric-lined, mesh-covered sides, a soft white mattress, and a sturdy metal frame. The bassinet is positioned on a grassy field, suggesting it is used for a baby's rest or playtime.

The correct class name from the list provided is:

Bassinet"
data/thin/hq/bassinet_PNG50.jpg,Bassinet,
data/thin/hq/bassinet_PNG52.jpg,Bassinet,
data/thin/hq/bassinet_PNG57.jpg,Bassinet,"Based on the visual information in the image, the main object is a woven basket-like structure with a curved, oval shape and a handle. It is designed to resemble a baby bassinet or cradle. This is a common type of baby bassinet, which is a type of baby cradle.

The correct class name from the list is:
Pram"
data/thin/hq/bassinet_PNG58.jpg,Bassinet,"Based on the visual information in the image, the main object is a baby bassinet, which is a type of cradle or bassinet designed for infants.

The correct class name from the list provided is:
Bassinet"
data/thin/hq/bassinet_PNG59.jpg,Bassinet,"Based on the image provided, the main object is a baby bassinet.

The bassinet is a type of baby bed, typically made of woven material like wicker or rattan, and is often placed on a stand. It has a white cushion or blanket on the inside and is supported by a wooden frame. This type of bassinet is commonly used in homes, and the image shows it in a setting that appears to be a tennis court.

The other objects in the image, such as the"
data/thin/hq/bassinet_PNG60.jpg,Bassinet,"Based on the image provided, the main object is a baby bassinet, which is a type of cradle or baby bed.

The correct class name from the list is:

Bassinet"
data/thin/hq/bassinet_PNG61.jpg,Bassinet,"Based on the image provided, the main object is a baby bassinet. It is a wooden-framed basket with a woven wicker base and a white fabric liner. The bassinet is set up on a wooden stand, and it is positioned in front of a scenic background of a hillside with a town and a cloudy sky.

The correct class name from the list is:

Bassinet"
data/thin/hq/bassinet_PNG7.jpg,Bassinet,"Based on the visual information provided in the image, the main object is a woven basket with handles. This type of basket is commonly used for carrying items or as a baby bassinet.

The most accurate class from the list that describes this object is:

Bassinet"
data/thin/hq/bassinet_PNG73.jpg,Bassinet,"Based on the image provided, the main object is a baby cradle or bassinet.

The correct class name from the list is:
Bassinet"
data/thin/hq/bassinet_PNG74.jpg,Bassinet,"Based on the image provided, the main object is a giraffe. The giraffe is the most prominent animal in the image, and it is interacting with a feeding structure.

The correct class name from the list is:
Giraffe"
data/thin/hq/bassinet_PNG76.jpg,Bassinet,
data/thin/hq/bassinet_PNG77.jpg,Bassinet,"Based on the image provided, the main object is a baby bassinet.

The image shows a baby bassinet with a white, woven fabric top and a white, woven fabric bottom. The bassinet is supported by four legs, and the legs appear to be made of metal. The bassinet is placed on a surface, and the background is dark. The bassinet is not fully visible, but the main object is clearly identifiable as a bassinet.

Therefore, the correct class name is:

B"
data/thin/hq/bassinet_PNG78.jpg,Bassinet,
data/thin/hq/bathtub_PNG19.jpg,Bathtub,
data/thin/hq/bathtub_PNG22.jpg,Bathtub,Bathtub
data/thin/hq/bathtub_PNG3.jpg,Bathtub,"Based on the image provided, the main object is a bathtub. It is a white, clawfoot bathtub with a classic design, set in a natural, rocky environment. The tub has a curved shape and is supported by four ornate feet.

The correct class name from the list is:

Bathtub"
data/thin/hq/bathtub_PNG31.jpg,Bathtub,"Based on the visual information in the image, the main object is a white, vintage-style bathtub. It is being held by a person, and its design is characteristic of a clawfoot bathtub.

The correct class name is:

Bathtub"
data/thin/hq/bathtub_PNG32.jpg,Bathtub,Bathtub
data/thin/hq/bathtub_PNG34.jpg,Bathtub,"Based on the image provided, the main object is a small, white bathtub with a faucet. The object is being held by a person's hand, and it appears to be a miniature or model version of a traditional bathtub.

The correct class name from the list is:

Bathtub"
data/thin/hq/bathtub_PNG36.jpg,Bathtub,"Based on the image provided, the main object is a bathtub.

The correct class name from the list is:
Bathtub"
data/thin/hq/bathtub_PNG39.jpg,Bathtub,"Based on the provided image and the list of classes, the main object is:

Bathtub"
data/thin/hq/bathtub_PNG42.jpg,Bathtub,"Based on the image provided, the main object is a bathtub. It is a white, oval-shaped bathtub being carried by a person in a street setting.

The correct class name from the list is:
Bathtub"
data/thin/hq/bathtub_PNG43.jpg,Bathtub,"Based on the image provided, the main object is a bathtub.

The correct class name from the list is:
Bathtub"
data/thin/hq/bathtub_PNG44.jpg,Bathtub,
data/thin/hq/bathtub_PNG46.jpg,Bathtub,"Based on the image provided, the main object is a bathtub. It is a freestanding, white, rectangular bathtub with a modern design, situated in a bedroom setting.

The correct class name is:
Bathtub"
data/thin/hq/bathtub_PNG48.jpg,Bathtub,
data/thin/hq/bathtub_PNG50.jpg,Bathtub,
data/thin/hq/bathtub_PNG9.jpg,Bathtub,"Based on the image provided, the main object is a bathtub.

The correct class name from the list is:
Bathtub"
data/thin/hq/bed_PNG17375.jpg,Bed,Bed
data/thin/hq/bed_PNG17394.jpg,Bed,
data/thin/hq/bed_PNG17420.jpg,Bed,
data/thin/hq/bed_PNG17421.jpg,Bed,
data/thin/hq/bee_PNG2.jpg,Bee,
data/thin/hq/bee_PNG3.jpg,Bee,
data/thin/hq/bee_PNG5.jpg,Bee,
data/thin/hq/bee_PNG74692.jpg,Bee,
data/thin/hq/bee_PNG74695.jpg,Bee,
data/thin/hq/bee_PNG74739.jpg,Bee,
data/thin/hq/bee_PNG74756.jpg,Bee,
data/thin/hq/bicycle_PNG5350.jpg,Bicycle,"Based on the image provided, the main object is a bicycle.

Bicycle"
data/thin/hq/bicycle_PNG5352.jpg,Bicycle,
data/thin/hq/bicycle_PNG5354.jpg,Bicycle,"Based on the image provided, the main object is a bicycle.

Bicycle"
data/thin/hq/bicycle_PNG5355.jpg,Bicycle,"Based on the visual information in the image, the main object is a bicycle.

Bicycle"
data/thin/hq/bicycle_PNG5356.jpg,Bicycle,"Based on the visual information in the image, the main object is a bicycle.

The object is a red road bicycle with a white saddle and white wheels. It is positioned in the center of the frame, with a young girl in a costume sitting on the ground to the right, and the legs of several people standing in the background.

The correct class name from the list is:

Bicycle"
data/thin/hq/bicycle_PNG5357.jpg,Bicycle,"Based on the image provided, the main object is a bicycle.

The correct class name from the list is:
Bicycle"
data/thin/hq/bicycle_PNG5358.jpg,Bicycle,"Based on the image provided, the main object is a bicycle. It is prominently displayed in the foreground, with a ship visible in the background. The bicycle has a black frame, and its components such as the wheels, handlebars, and seat are clearly visible.

The correct class name from the list is:
Bicycle"
data/thin/hq/bicycle_PNG5362.jpg,Bicycle,"Based on the image provided, the main object is a bicycle.

The correct class name from the list is:
Bicycle"
data/thin/hq/bicycle_PNG5363.jpg,Bicycle,"Based on the visual information in the image, the main object is a bicycle.

Bicycle"
data/thin/hq/bicycle_PNG5366.jpg,Bicycle,Bicycle
data/thin/hq/bicycle_PNG5375.jpg,Bicycle,
data/thin/hq/bicycle_PNG5382.jpg,Bicycle,"Based on the image provided, the main object is a bicycle. The bicycle is prominently displayed in the foreground, with a baseball stadium and a construction crane in the background.

The correct class name from the list is:
Bicycle"
data/thin/hq/bicycle_PNG5383.jpg,Bicycle,"Based on the image provided, the main object is a bicycle. The bicycle is the central focus of the image, positioned prominently in the foreground.

The correct class name from the list is:

Bicycle"
data/thin/hq/birds_PNG100.jpg,Birds,
data/thin/hq/birds_PNG102.jpg,Birds,"Based on the image provided, the main object is a bird. Among the listed classes, the most appropriate one is:

Bird"
data/thin/hq/birds_PNG103.jpg,Birds,
data/thin/hq/birds_PNG106.jpg,Birds,"Based on the image provided, the main object is a bird.

The correct class name from the list is:
Bird"
data/thin/hq/birds_PNG110.jpg,Birds,"Based on the image provided, the main object is a bird.

The correct class name from the list is:
Bird"
data/thin/hq/birds_PNG116.jpg,Birds,"Based on the visual information in the image, the main object is a bird. The bird is bright yellow with a slender body and a distinct beak, and it is positioned on a rocky, coral-like surface.

The correct class name from the list is:

Bird"
data/thin/hq/birds_PNG12.jpg,Birds,
data/thin/hq/birds_PNG22.jpg,Birds,"Based on the image provided, the main object is a large bird.

The most accurate class from the list that describes this object is:

Bird"
data/thin/hq/birds_PNG43.jpg,Birds,
data/thin/hq/birds_PNG50.jpg,Birds,"Based on the image provided, the main object is a bird.

The correct class name from the list is:
Birds"
data/thin/hq/birds_PNG60.jpg,Birds,"Based on the image provided, the main object is a bird.

The correct class name from the list is:
Bird"
data/thin/hq/birds_PNG65.jpg,Birds,
data/thin/hq/birds_PNG69.jpg,Birds,
data/thin/hq/birds_PNG80.jpg,Birds,
data/thin/hq/birds_PNG96.jpg,Birds,Birds
data/thin/hq/birds_PNG99.jpg,Birds,"Based on the image provided, the main object is a bird. The bird is perched on a piece of seaweed, and the background is a greenish aquatic environment.

From the given list of classes, the correct one is:

Bird"
data/thin/hq/boat_PNG36.jpg,Boat,"Based on the visual information in the image, the main object is a large, modern motor yacht.

The most appropriate class from the list provided for this object is:

Boat"
data/thin/hq/boat_PNG55.jpg,Boat,"Based on the image provided, the main object is a boat. It appears to be a white motor yacht with a sleek design, and it is floating in the air, seemingly defying gravity.

The correct class name from the list is:

Boat"
data/thin/hq/boat_PNG69.jpg,Boat,"Based on the visual information in the image, the main object is a blue inflatable boat with a seat and a metal frame, designed for fishing or river travel. This type of boat is commonly known as a kayak or a fishing boat.

The most appropriate class from the list provided is:

Boat"
data/thin/hq/boots_PNG7806.jpg,Boots,
data/thin/hq/bridge_PNG1.jpg,Bridge,Bridge
data/thin/hq/bridge_PNG11.jpg,Bridge,"Based on the image provided, the main object is a wooden bridge with a curved design and railings.

The correct class name from the list is:
Bridge"
data/thin/hq/bridge_PNG19.jpg,Bridge,
data/thin/hq/bridge_PNG3.jpg,Bridge,"Based on the visual information in the image, the main object is a wooden bridge.

The bridge is constructed with wooden planks for the walkway and is supported by wooden posts and ropes. It spans a body of water, with a snowy, mountainous landscape in the background.

Therefore, the correct class name is:

Bridge"
data/thin/hq/bridge_PNG35.jpg,Bridge,"Based on the image provided, the main object is a wooden bridge with rope railings, spanning across a canyon. This is a clear example of a bridge.

The correct class name from the list is:

Bridge"
data/thin/hq/bridge_PNG5.jpg,Bridge,"Based on the visual information provided in the image, the main object is a bridge.

The bridge is a metal truss structure, appearing to be constructed from steel or iron, and it is crossing a frozen body of water. The background features a mountain range and a clear sky, which further emphasizes the bridge as the central focus of the image.

Therefore, the correct class name from the list is:

Bridge"
data/thin/hq/bridge_PNG63.jpg,Bridge,
data/thin/hq/bridge_PNG70.jpg,Bridge,"Based on the image provided, the main object is a bridge. The bridge is the central focus, with its distinct structure and the surrounding decorative elements.

The correct class name from the list is:

Bridge"
data/thin/hq/bridge_PNG72.jpg,Bridge,"Based on the visual information in the image, the main object is a wooden bridge.

The bridge is constructed with wooden planks for the walkway and has railings on both sides. It appears to be a simple, rustic structure, leading from the foreground into a natural, wooded area.

Therefore, the correct class name is:

Bridge"
data/thin/hq/bridge_PNG73.jpg,Bridge,The main object in the image is a bridge.
data/thin/hq/bridge_PNG74.jpg,Bridge,"Based on the image provided, the main object is a model bridge.

The correct class name from the list is:

Bridge"
data/thin/hq/bridge_PNG84.jpg,Bridge,"Based on the visual information provided in the image, the main object is a wooden bridge.

The class name for the bridge is:
Bridge"
data/thin/hq/bridge_PNG85.jpg,Bridge,
data/thin/hq/broom_PNG17.jpg,Broom,
data/thin/hq/broom_PNG18.jpg,Broom,"Based on the visual evidence in the image, the main object is a broom.

The image features a broom with a purple handle and a dense, silver-colored bristle head. The broom is positioned in the foreground, with a bookshelf in the background.

Therefore, the correct class name is:

Broom"
data/thin/hq/broom_PNG26.jpg,Broom,
data/thin/hq/broom_PNG28.jpg,Broom,The main object in the image is a mop.
data/thin/hq/broom_PNG40.jpg,Broom,
data/thin/hq/broom_PNG51.jpg,Broom,
data/thin/hq/broom_PNG54.jpg,Broom,Broom
data/thin/hq/broom_PNG56.jpg,Broom,
data/thin/hq/broom_PNG58.jpg,Broom,Broom
data/thin/hq/broom_PNG59.jpg,Broom,"Based on the visual information in the image, the main object is a large broom. It is positioned diagonally across the frame, with its handle extending from the lower-left towards the upper-right, and its bristles pointing downwards. The broom is the most prominent and central element in the photograph.

The correct class name is:
Broom"
data/thin/hq/broom_PNG6.jpg,Broom,"Based on the image provided, the main object is a broom.

The object is a broom with a wooden handle and a straw or natural fiber bristle head. It is positioned diagonally in the frame, with its bristles pointing towards the bottom right. The background is a blue-tinted reflection of trees, which gives the image a surreal or artistic quality.

Therefore, the correct class name is:

Broom"
data/thin/hq/broom_PNG60a.jpg,Broom,The main object in the image is a broom.
data/thin/hq/broom_PNG60b.jpg,Broom,
data/thin/hq/broom_PNG61.jpg,Broom,"Based on the visual information provided in the image, the main object is a broom.

The image features a broom with a long handle and a bristle head, set against a background of autumn foliage. The object is clearly identifiable as a broom.

Broom"
data/thin/hq/broom_PNG64b.jpg,Broom,"Based on the image provided, the main object is a broom. The broom is held by a seal, which is the central figure in the image. The broom is the most prominent object in the foreground.

Broom"
data/thin/hq/broom_PNG68.jpg,Broom,
data/thin/hq/bucket_PNG7757.jpg,Bucket,"Based on the visual information provided in the image, the main object is a red bucket with a black handle. This object is clearly identifiable as a bucket.

The correct class name from the list is:

Bucket"
data/thin/hq/bucket_PNG7761.jpg,Bucket,
data/thin/hq/bucket_PNG7762.jpg,Bucket,
data/thin/hq/bucket_PNG7763.jpg,Bucket,Bucket
data/thin/hq/bucket_PNG7771.jpg,Bucket,
data/thin/hq/bucket_PNG7777.jpg,Bucket,
data/thin/hq/bulldozer_PNG16444.jpg,Bulldozer,"Based on the visual information provided in the image, the main object is a construction vehicle.

The object is a yellow bulldozer, which is a type of heavy construction vehicle used for moving soil and other materials. The bulldozer has a large blade at the front for pushing and moving materials.

From the list of classes provided, the correct identification is:

Bulldozer"
data/thin/hq/bulldozer_PNG16447.jpg,Bulldozer,"Based on the image provided, the main object is a construction vehicle.

The object in the image is a yellow front-end loader, which is a type of heavy machinery used for moving and lifting materials.

From the list of classes provided, the correct identification is:

Bulldozer"
data/thin/hq/bulldozer_PNG16460.jpg,Bulldozer,"Based on the visual information provided in the image, the main object is a yellow construction vehicle.

The object is a yellow bulldozer, which is a type of heavy construction vehicle. It has a large front blade used for pushing and moving soil or debris, and a track system for mobility on uneven terrain. The vehicle is positioned in the center of the image, with vegetables like tomatoes and a green pepper in the background, suggesting a theme of agriculture or construction in a garden setting.

The correct class"
data/thin/hq/bulldozer_PNG16462.jpg,Bulldozer,"Based on the image provided, the main object is a yellow construction vehicle. This vehicle is identifiable as a bulldozer, which is a type of heavy machinery used for earthmoving and construction tasks.

The correct class name from the list is:

Bulldozer"
data/thin/hq/butterfly_PNG1001.jpg,Butterfly,
data/thin/hq/butterfly_PNG1004.jpg,Butterfly,
data/thin/hq/butterfly_PNG1005.jpg,Butterfly,"Based on the visual information in the image, the main object is a butterfly.

The correct class name from the list is:
Butterfly"
data/thin/hq/butterfly_PNG1006.jpg,Butterfly,
data/thin/hq/butterfly_PNG1007.jpg,Butterfly,Butterfly
data/thin/hq/butterfly_PNG1008.jpg,Butterfly,
data/thin/hq/butterfly_PNG1015.jpg,Butterfly,
data/thin/hq/butterfly_PNG1017.jpg,Butterfly,
data/thin/hq/butterfly_PNG1023.jpg,Butterfly,
data/thin/hq/butterfly_PNG1024.jpg,Butterfly,
data/thin/hq/butterfly_PNG1025.jpg,Butterfly,Butterfly
data/thin/hq/butterfly_PNG1026.jpg,Butterfly,
data/thin/hq/butterfly_PNG1027.jpg,Butterfly,
data/thin/hq/butterfly_PNG1028.jpg,Butterfly,
data/thin/hq/butterfly_PNG1031.jpg,Butterfly,"Based on the visual information provided in the image, the main object is a butterfly.

The butterfly has vibrant orange wings with black veins and a black border, and it is positioned against a background of green hills and a clear blue sky.

The correct class name from the list is:

Butterfly"
data/thin/hq/butterfly_PNG1032.jpg,Butterfly,
data/thin/hq/butterfly_PNG1037.jpg,Butterfly,
data/thin/hq/butterfly_PNG1038.jpg,Butterfly,Butterfly
data/thin/hq/butterfly_PNG1042.jpg,Butterfly,
data/thin/hq/butterfly_PNG1044.jpg,Butterfly,
data/thin/hq/butterfly_PNG1049.jpg,Butterfly,
data/thin/hq/butterfly_PNG1056.jpg,Butterfly,
data/thin/hq/butterfly_PNG1058.jpg,Butterfly,
data/thin/hq/butterfly_PNG1059.jpg,Butterfly,
data/thin/hq/butterfly_PNG1061.jpg,Butterfly,"Based on the image provided, the main object is a butterfly.

The correct class name from the list is:
Butterfly"
data/thin/hq/butterfly_PNG1062.jpg,Butterfly,
data/thin/hq/butterfly_PNG1064.jpg,Butterfly,
data/thin/hq/butterfly_PNG1065.jpg,Butterfly,
data/thin/hq/cactus_PNG23614.jpg,Cactus,Cactus
data/thin/hq/cactus_PNG23638.jpg,Cactus,
data/thin/hq/cactus_PNG23643.jpg,Cactus,
data/thin/hq/cage_PNG1.jpg,Cage,
data/thin/hq/cage_PNG11.jpg,Cage,
data/thin/hq/cage_PNG18.jpg,Cage,"Based on the image provided, the main object is a large, ornate birdcage.

The correct class name from the list is:
Cage"
data/thin/hq/cage_PNG23a.jpg,Cage,
data/thin/hq/cage_PNG23b.jpg,Cage,
data/thin/hq/cage_PNG23c.jpg,Cage,
data/thin/hq/cage_PNG30.jpg,Cage,
data/thin/hq/cage_PNG3a.jpg,Cage,
data/thin/hq/cage_PNG4.jpg,Cage,"Based on the image provided, the main object is a birdcage. The cage is ornate, with a decorative design and is positioned in front of a background that appears to be a painting or a collage. The cage is made of a light-colored metal, possibly brass or a similar material, and has intricate details. The cage is not just a simple structure but has a design that suggests it might be part of a larger artistic composition.

Therefore, the correct class name from the list is:"
data/thin/hq/cage_PNG45.jpg,Cage,Cage
data/thin/hq/cage_PNG46.jpg,Cage,"Based on the visual information provided in the image, the main object is a cage.

The cage is ornate, made of metal with a dark, possibly bronze or brown, finish. It has a classic design with vertical bars and a domed top, and it is positioned in the foreground. The cage is surrounded by various fruits, including blackberries, a yellow fruit (possibly a lemon or orange), and a red fruit (possibly a peach or apple), which are visible in the background.

Given"
data/thin/hq/cage_PNG48.jpg,Cage,
data/thin/hq/cage_PNG49.jpg,Cage,
data/thin/hq/cage_PNG50.jpg,Cage,Cage
data/thin/hq/cage_PNG51.jpg,Cage,
data/thin/hq/cage_PNG53.jpg,Cage,
data/thin/hq/camel_PNG23426.jpg,Camel,
data/thin/hq/camel_PNG23435.jpg,Camel,Camel
data/thin/hq/camel_PNG23436.jpg,Camel,
data/thin/hq/camel_PNG2920.jpg,Camel,
data/thin/hq/camel_PNG2921.jpg,Camel,"Based on the visual information in the image, the main object is a camel.

The image shows a camel, which is a large, four-legged mammal with a hump on its back. It is standing on a white platform in what appears to be a museum or exhibition setting, with a decorative, ornate object in the background.

Therefore, the correct class name is:

Camel"
data/thin/hq/camel_PNG2923.jpg,Camel,
data/thin/hq/cannon_PNG10.jpg,Cannon,"Based on the visual information in the image, the main object is a large artillery piece. The object has a long barrel, a carriage with wheels, and a tripod-like structure, which are all characteristic features of a mortar.

The class name for this object is:
Mortar"
data/thin/hq/cannon_PNG12.jpg,Cannon,"Based on the visual information in the image, the main object is a cannon.

The image shows a large, historical-looking cannon with a large, multi-spoked wheel and a long barrel. It is positioned on a stone structure, likely a fortress or coastal defense, with a scenic view of the sea and a cliffside in the background.

The object is clearly identifiable as a cannon.

Cannon"
data/thin/hq/cannon_PNG13.jpg,Cannon,Cannon
data/thin/hq/cannon_PNG16.jpg,Cannon,"Based on the image provided, the main object is a cannon.

The correct class name from the list is:
Cannon"
data/thin/hq/cannon_PNG21.jpg,Cannon,
data/thin/hq/cannon_PNG22.jpg,Cannon,Cannon
data/thin/hq/cannon_PNG24.jpg,Cannon,Cannon
data/thin/hq/cannon_PNG25.jpg,Cannon,"Based on the image provided, the main object is a large, heavy artillery piece. It has a long barrel, a tripod-like base, and is positioned in a way that suggests it is being used to fire or is in the process of firing. This type of weapon is known as a mortar.

Therefore, the correct class name is:

Mortar"
data/thin/hq/cannon_PNG26.jpg,Cannon,Cannon
data/thin/hq/cannon_PNG28.jpg,Cannon,"Based on the visual information in the image, the main object is a cannon. It is a large, metallic artillery piece with two large wheels and a long barrel, typical of a historical cannon.

The correct class name from the list is:
Cannon"
data/thin/hq/cannon_PNG3.jpg,Cannon,Cannon
data/thin/hq/cannon_PNG31.jpg,Cannon,"Based on the visual information in the image, the main object is a military artillery piece. It is a large, dark-colored cannon with wheels, positioned in a landscape that appears to be a coral reef or underwater environment.

The correct class name from the list is:

Cannon"
data/thin/hq/cannon_PNG32.jpg,Cannon,
data/thin/hq/cannon_PNG33.jpg,Cannon,"Based on the image provided, the main object is a large, green artillery piece. This is a type of gun designed for firing projectiles, and it is clearly identifiable as a mortar.

The correct class name from the list is:
Mortar"
data/thin/hq/cannon_PNG37.jpg,Cannon,"Based on the image provided, the main object is a military artillery piece. This is a large, tracked artillery gun, likely a 105mm or 155mm howitzer, with a long barrel and wheels for mobility. The object is positioned on a rocky terrain, suggesting it is either in a combat zone or a training environment.

The class name for this object is:

Cannon"
data/thin/hq/cannon_PNG4.jpg,Cannon,
data/thin/hq/cannon_PNG40.jpg,Cannon,
data/thin/hq/cannon_PNG56.jpg,Cannon,
data/thin/hq/cannon_PNG57.jpg,Cannon,
data/thin/hq/cannon_PNG59.jpg,Cannon,
data/thin/hq/cannon_PNG6.jpg,Cannon,
data/thin/hq/cannon_PNG65.jpg,Cannon,"Based on the visual information in the image, the main object is a large, mechanical vehicle that resembles a tank or an armored vehicle. It has a long cannon-like weapon and is equipped with a complex, multi-legged chassis, suggesting it is designed for mobility and combat in a forested environment.

The most appropriate class from the provided list that describes this object is:

**Tank**"
data/thin/hq/cannon_PNG66.jpg,Cannon,"Based on the visual information in the image, the main object is a large, historical cannon mounted on a carriage. It is suspended from the ceiling of what appears to be a large hall or museum.

The correct class name for this object is:

Cannon"
data/thin/hq/cannon_PNG70.jpg,Cannon,
data/thin/hq/cannon_PNG74.jpg,Cannon,"Based on the visual information in the image, the main object is a military vehicle with a large cannon, which is clearly identifiable as a tank.

From the provided list of classes, the correct one is:

Tank"
data/thin/hq/cannon_PNG75.jpg,Cannon,"Based on the image provided, the main object is a large, green cannon mounted on a wooden carriage. This is a historical artillery piece, and the image appears to be a digital rendering or a photograph of a cannon in a public space.

The correct class name from the list is:

Cannon"
data/thin/hq/cannon_PNG79.jpg,Cannon,
data/thin/hq/cannon_PNG8.jpg,Cannon,
data/thin/hq/cannon_PNG80.jpg,Cannon,"Based on the image provided, the main object is a military artillery piece.

The object in the image is a **Cannon**."
data/thin/hq/cannon_PNG82.jpg,Cannon,"Based on the image provided, the main object is a cannon.

The object is a large, black cannon mounted on a wheeled carriage. It is positioned outdoors, and the carriage has a visible label that reads ""Hull City"" and ""UNI"".

Therefore, the correct class name is:

Cannon"
data/thin/hq/cannon_PNG83.jpg,Cannon,"Based on the image provided, the main object is a large, brass-colored artillery piece with a long barrel and a large wheel, which is characteristic of a mortar. The object is set against a wooden background.

The correct class name from the list is:

Mortar"
data/thin/hq/cannon_PNG84.jpg,Cannon,"Based on the visual information provided in the image, the main object is a military artillery piece. This is a large, wheeled howitzer or cannon, which is identifiable by its long barrel, carriage, and wheels.

The class name for this object is:

Cannon"
data/thin/hq/cannon_PNG85.jpg,Cannon,"Based on the visual information in the image, the main object is a large, artillery piece with a long barrel and wheels, which is characteristic of a mortar.

Therefore, the correct class name is:

Mortar"
data/thin/hq/cannon_PNG86.jpg,Cannon,"Based on the visual evidence in the image, the main object is a historical cannon. The image shows a large, dark cannon with two large wheels and a barrel, positioned on a blue surface. The cannon is pointing to the right, and a baseball is visible in the air near the cannon's barrel, suggesting it may have been used in a game or event.

The correct class name for the main object is:

Cannon"
data/thin/hq/cannon_PNG88.jpg,Cannon,
data/thin/hq/cannon_PNG89.jpg,Cannon,"Based on the visual information in the image, the main object is a large, military-style artillery piece. This type of weapon is typically a field gun or howitzer.

The most accurate class name from the list provided for this object is:

Cannon"
data/thin/hq/cannon_PNG9.jpg,Cannon,
data/thin/hq/cannon_PNG90.jpg,Cannon,
data/thin/hq/cannon_PNG91.jpg,Cannon,
data/thin/hq/cannon_PNG93.jpg,Cannon,"Based on the image provided, the main object is a large artillery piece mounted on a tank chassis. This type of weapon is known as a **mortar**.

The correct class name from the list is:

Mortar"
data/thin/hq/cannon_PNG94.jpg,Cannon,"Based on the image provided, the main object is a cannon. It is a large, historical-style artillery piece with two large wheels, a long barrel, and a carriage. The cannon is positioned in front of a brown animal, which appears to be a horse, with its head visible on the left side of the image.

The correct class name from the list is:

Cannon"
data/thin/hq/canoe_PNG146.jpg,Canoe,"Based on the image provided, the main object is a watercraft designed for personal use on the water, which is a type of kayak. It has a camouflage pattern and is equipped with a seat, suggesting it is designed for recreational use.

The correct class name from the list is:

Kayak"
data/thin/hq/canoe_PNG168.jpg,Canoe,"Based on the image provided, the main object is a red kayak. It is a watercraft designed for recreational use on the water, and it is prominently displayed in the center of the image.

The correct class name is:

Kayak"
data/thin/hq/canoe_PNG75.jpg,Canoe,"Based on the image provided, the main object is a watercraft designed for a person to ride on water. It has a streamlined, elongated body, a seat, and two fins at the rear, which are typical features of a personal watercraft.

The object in the image is a **Kayak**.

Kayak"
data/thin/hq/canoe_PNG83.jpg,Canoe,"Based on the visual information in the image, the main object is a small, green and black kayak, which is a type of watercraft designed for recreational use.

The most appropriate class from the list provided for this object is:

Kayak"
data/thin/hq/canoe_PNG91.jpg,Canoe,"Based on the visual information in the image, the main object is a watercraft designed for one person, which is commonly known as a kayak.

The object has the following characteristics:
- It is a long, narrow, and streamlined vessel.
- It has a blue and white color scheme.
- It is equipped with a seat, a steering mechanism, and a paddle.
- It is designed for water-based recreation.

These features are consistent with a specific type of watercraft.

The correct class name from"
data/thin/hq/canoe_PNG94.jpg,Canoe,"Based on the visual information in the image, the main object is a watercraft designed for paddling, which is a type of boat.

The object in the image is a yellow and blue kayak.

Therefore, the correct class name is:
Kayak"
data/thin/hq/carriage_PNG11.jpg,Carriage,"Based on the visual information in the image, the main object is a vehicle that is a horse-drawn carriage. It has a golden or ornate appearance, with large wheels and a decorated body. The carriage is pulled by a horse, which is also visible.

The class that best describes this object is:

Carriage"
data/thin/hq/carriage_PNG12.jpg,Carriage,"Based on the visual information in the image, the main object is a horse-drawn carriage.

The correct class name from the list is:
Carriage"
data/thin/hq/carriage_PNG14.jpg,Carriage,"Based on the visual information in the image, the main object is a model carriage.

The object is a model of a horse-drawn carriage, which is a type of vehicle. It is a detailed replica, likely made of wood and painted with decorative elements such as a gold emblem and a lace-like trim.

The class name for this object is:

Carriage"
data/thin/hq/carriage_PNG22.jpg,Carriage,"Based on the image provided, the main object is a wooden carriage.

The correct class name from the list is:
Carriage"
data/thin/hq/carriage_PNG26.jpg,Carriage,"Based on the image provided, the main object is a horse-drawn carriage.

The correct class name from the list is:
Carriage"
data/thin/hq/carriage_PNG27.jpg,Carriage,"Based on the visual information in the image, the main object is a carriage. It has ornate gold-colored wheels and a black body, with a lantern on the front. The carriage is also decorated with a patterned design on the side, and it appears to be a historical or decorative vehicle.

The correct class name from the list provided is:

Carriage"
data/thin/hq/carriage_PNG28.jpg,Carriage,"Based on the image provided, the main object is a **Carriage**. It is a two-wheeled vehicle with a large wooden frame and is being pulled by a horse. It is situated on a rocky path in a mountainous region, and it is being used by several people.

The correct class name from the list is:

Carriage"
data/thin/hq/carriage_PNG31.jpg,Carriage,
data/thin/hq/carriage_PNG32.jpg,Carriage,"Based on the image provided, the main object is a large, ornate carriage with horse-drawn wheels. It is a prominent feature in the scene, positioned in front of a large white building with domes, which appears to be a mosque. The carriage is a significant element in the composition.

The class name for the main object in the image is:

Carriage"
data/thin/hq/carriage_PNG43.jpg,Carriage,"Based on the visual information in the image, the main object is a wooden carriage.

The correct class name from the list is:
Carriage"
data/thin/hq/carriage_PNG44.jpg,Carriage,"Based on the visual information in the image, the main object is a **carriage**.

- The image shows a horse-drawn carriage with two horses harnessed together.
- The carriage has red and white striped upholstery and is being pulled by two horses.
- A person in a red uniform is seated in the carriage, and another person is visible in the background.
- The setting appears to be a diorama or a model, with a tree and a blue sky in the background.

The"
data/thin/hq/carriage_PNG46.jpg,Carriage,"Based on the visual information in the image, the main object is a large statue of a horse pulling a carriage.

The most appropriate class from the list provided is:

Carriage"
data/thin/hq/carriage_PNG47.jpg,Carriage,"Based on the visual information in the image, the main object is a fire truck.

The object in the image is a red, vintage-style fire engine with large wooden wheels, a pump, and a hose reel. It appears to be a historical or decorative vehicle, possibly part of a museum exhibit or a public display.

The correct class name from the list is:
Fire Truck"
data/thin/hq/carriage_PNG48.jpg,Carriage,Carriage
data/thin/hq/carriage_PNG50.jpg,Carriage,"Based on the image provided, the main object is a horse-drawn carriage.

The correct class name from the list is:
Carriage"
data/thin/hq/carriage_PNG63.jpg,Carriage,"Based on the visual information provided in the image, the main object is a large, ornate horse-drawn carriage. This type of vehicle is a classic representation of a stagecoach or a similar mode of transportation from the 19th century.

The object is a carriage, which is a type of vehicle designed to carry people. It is pulled by two large horses and is painted in a distinctive red and gold color scheme.

The correct class name from the list is:

Carriage"
data/thin/hq/carriage_PNG70a.jpg,Carriage,
data/thin/hq/carriage_PNG70b.jpg,Carriage,
data/thin/hq/carriage_PNG73.jpg,Carriage,
data/thin/hq/carriage_PNG74.jpg,Carriage,
data/thin/hq/carriage_PNG76.jpg,Carriage,The main object in the image is a Carriage.
data/thin/hq/carriage_PNG78a.jpg,Carriage,
data/thin/hq/carriage_PNG78b.jpg,Carriage,
data/thin/hq/carriage_PNG78c.jpg,Carriage,
data/thin/hq/carriage_PNG78d.jpg,Carriage,"Based on the visual information in the image, the main object is a red jacket. It is a puffer-style jacket with a white zipper and a visible brand tag on the chest. The jacket is laid out on a wooden surface, and other items like a camera, a map, and a carriage are present, but the jacket is the most prominent item.

The correct class name is:

Jacket"
data/thin/hq/carriage_PNG79.jpg,Carriage,"Based on the image provided, the main object is a white carriage being pulled by a horse.

The correct class name from the list is:

Carriage"
data/thin/hq/carriage_PNG81.jpg,Carriage,"Based on the image provided, the main object is a carriage. It is a horse-drawn carriage, which is a type of vehicle used for transportation. The carriage is mounted on a pole and appears to be in a public space, possibly a square or park, with a historical building in the background.

The correct class name from the list is:

Carriage"
data/thin/hq/carriage_PNG85.jpg,Carriage,"Based on the visual information in the image, the main object is a horse-drawn carriage. This is a type of vehicle that was historically used for transportation, often associated with luxury and status.

The object in the image is a carriage with large, ornate golden wheels, a black roof, and a red body. It is positioned in front of a red bus, but the carriage is the most prominent feature.

The correct class name from the list is:

Carriage"
data/thin/hq/cat_PNG50479.jpg,Cat,
data/thin/hq/cat_PNG50507.jpg,Cat,
data/thin/hq/cat_PNG50540.jpg,Cat,
data/thin/hq/cat_PNG50543.jpg,Cat,Cat
data/thin/hq/cat_PNG50547.jpg,Cat,Cat
data/thin/hq/chain_saw_PNG18499.jpg,Chain Saw,"Based on the image provided, the main object is a chainsaw. The chainsaw is orange and has the Husqvarna brand name on it, and it is being held in a person's hand. The background features a body of water and trees, but the chainsaw is the central focus of the image.

Chain Saw"
data/thin/hq/chain_saw_PNG18500.jpg,Chain Saw,"Based on the image provided, the main object is a chainsaw. The chainsaw is prominently displayed in the foreground, with its orange and grey body and a blue Husqvarna logo on the blade. It is positioned in front of a pizza, which is the background element.

The correct class name from the list is:

Chain Saw"
data/thin/hq/chain_saw_PNG18501.jpg,Chain Saw,"Based on the image provided, the main object is a chainsaw.

The chainsaw is prominently featured in the foreground, with its orange and black body, chains, and handle. It is positioned in a way that suggests it is being used for cutting through the rocky terrain. The background shows a mountainous landscape with a village, which adds context to the setting.

Therefore, the correct class name from the list is:

Chain Saw"
data/thin/hq/chain_saw_PNG18502.jpg,Chain Saw,"Based on the visual information in the image, the main object is a chainsaw.

The object is a chainsaw with a prominent orange and gray body, a blue and white Husqvarna logo, and a visible chain. It is positioned in the foreground, with a white truck and a building in the background.

Therefore, the correct class name is:

Chain Saw"
data/thin/hq/chain_saw_PNG18504.jpg,Chain Saw,"Based on the visual information in the image, the main object is a power tool. The object is an electric chainsaw, which is identifiable by its distinct features:

- A bright orange and black body.
- A chain attached to the blade.
- The brand name ""SADKO"" is visible on the blade.

The chainsaw is positioned in the foreground, and its design is typical of a power tool used for cutting wood.

Therefore, the correct class name is:

Chain Saw"
data/thin/hq/chain_saw_PNG18506.jpg,Chain Saw,"Based on the image provided, the main object is a chainsaw. The object is clearly identifiable as a chainsaw with the brand name ""Husqvarna"" visible on the bar.

The correct class name from the list is:

Chain Saw"
data/thin/hq/chain_saw_PNG18510.jpg,Chain Saw,"Based on the image provided, the main object is a chainsaw.

The object in the image is a chainsaw, which is a power tool used for cutting wood.

The correct class name from the list is:
Chain Saw"
data/thin/hq/chain_saw_PNG18512.jpg,Chain Saw,"Based on the image provided, the main object is a chainsaw. The chainsaw is orange and white, with the brand name ""Husqvarna"" clearly visible on the bar. It is positioned next to a log, suggesting it is being used for cutting wood.

The correct class name from the list is:

Chain Saw"
data/thin/hq/chain_saw_PNG18514.jpg,Chain Saw,"Based on the visual information in the image, the main object is a chainsaw.

The image shows a chainsaw with a long, black chain and a silver and orange body, resting on a striped surface that appears to be a zebra. The chainsaw is the central focus of the image.

Therefore, the correct class name is:

Chain Saw"
data/thin/hq/chain_saw_PNG18515.jpg,Chain Saw,"Based on the visual information in the image, the main object is a chainsaw.

The image displays a red chainsaw with a silver bar and the brand name ""etco"" on the bar. The chainsaw is positioned on a snowy surface, suggesting it might be used in a winter environment.

The correct class name from the list provided is:
Chain Saw"
data/thin/hq/chain_saw_PNG18517.jpg,Chain Saw,
data/thin/hq/chain_saw_PNG18527.jpg,Chain Saw,
data/thin/hq/chain_saw_PNG18531.jpg,Chain Saw,"Based on the visual information in the image, the main object is a chainsaw.

The chainsaw is red and black with a silver blade, and it is placed on top of a pizza. It is clearly the most prominent object in the image, given its size and central position.

Therefore, the correct class name is:

Chain Saw"
data/thin/hq/chain_saw_PNG18533.jpg,Chain Saw,"Based on the image provided, the main object is a chainsaw. The object is clearly identifiable by its distinct features, including the blade, the handle, and the engine housing. It is also clearly labeled with the brand name ""DAEWOO"".

Therefore, the correct class name is:

Chain Saw"
data/thin/hq/chain_saw_PNG18536.jpg,Chain Saw,"Based on the visual information in the image, the main object is a chainsaw. It has a prominent orange and black body, a long handle, and a blade with the brand name ""OREGON"" and the model number ""91"" clearly visible.

Therefore, the correct class name is:

Chain Saw"
data/thin/hq/chair_PNG6843.jpg,Chair,"Based on the image provided, the main object is a wooden folding chair. It is positioned outdoors on a grassy hillside with a sheep in the background.

The correct class name from the list is:

Chair"
data/thin/hq/chair_PNG6844.jpg,Chair,
data/thin/hq/chair_PNG6845.jpg,Chair,
data/thin/hq/chair_PNG6846.jpg,Chair,"Based on the image provided, the main object is a large, ornate chair with a striped fabric and gold detailing, positioned in front of the Arc de Triomphe. This chair is a type of armchair.

The correct class name from the list is:
Armchair"
data/thin/hq/chair_PNG6847.jpg,Chair,"Based on the image provided, the main object is a wooden chair with a blue cushioned seat.

The correct class name from the list is:
Chair"
data/thin/hq/chair_PNG6848.jpg,Chair,"Based on the image provided, the main object is a chair.

The chair has a red cushioned seat and backrest, with a chrome frame. It is positioned on a rocky, mountainous landscape, suggesting it might be a decorative or symbolic image.

The correct class name from the list is:

Chair"
data/thin/hq/chair_PNG6849.jpg,Chair,"Based on the visual information in the image, the main object is a red, vintage-style chair with a tufted backrest and chrome legs. It is positioned in the foreground, with a bowl of fruit in the background.

The most accurate class name from the provided list that describes this object is:

Chair"
data/thin/hq/chair_PNG6851.jpg,Chair,"Based on the image provided, the main object is a chair.

The correct class name from the list is:
Chair"
data/thin/hq/chair_PNG6852.jpg,Chair,"Based on the visual information in the image, the main object is:

Chair"
data/thin/hq/chair_PNG6853.jpg,Chair,"Based on the image provided, the main object is:

Chair"
data/thin/hq/chair_PNG6855.jpg,Chair,"Based on the image provided, the main object is a chair.

The correct class name from the list is:
Chair"
data/thin/hq/chair_PNG6856.jpg,Chair,
data/thin/hq/chair_PNG6857.jpg,Chair,"Based on the visual information in the image, the main object is a chair. It is a modern-style chair with a gray cushion and white legs, positioned in front of a vintage green car.

The correct class name from the list is:
Chair"
data/thin/hq/chair_PNG6859.jpg,Chair,"Based on the image provided, the main object is a chair. It has a simple, modern design with a grey fabric upholstery and wooden legs.

The correct class name from the list is:
Chair"
data/thin/hq/chair_PNG6860.jpg,Chair,"Based on the image provided, the main object is a wooden chair with a backrest and legs, which is a typical dining or dining-style chair.

From the list of classes provided, the correct identification is:

Chair"
data/thin/hq/chair_PNG6861.jpg,Chair,"Based on the visual information provided in the image, the main object is a wooden chair. It has a traditional design with a curved backrest, spindled legs, and a flat seat, and it is being held by a person who is likely taking a photograph of it.

The correct class name from the list is:

Chair"
data/thin/hq/chair_PNG6862.jpg,Chair,"Based on the visual information in the image, the main object is a wooden chair. It has a classic design with a curved backrest, spindles, and a flat seat, and it is positioned in front of an ancient stone structure.

The correct class name from the list is:

Chair"
data/thin/hq/chair_PNG6865a.jpg,Chair,
data/thin/hq/chair_PNG6865b.jpg,Chair,"Based on the visual information provided in the image, the main object is a chair. The chair is wooden and has a modern design, with a curved backrest and thin legs. It is placed in the center of the image, with a background of green grass.

The correct class name from the list is:

Chair"
data/thin/hq/chair_PNG6866a.jpg,Chair,"Based on the image provided, the main object is a motorcycle.

The correct class name from the list is:
Motorcycle"
data/thin/hq/chair_PNG6866c.jpg,Chair,
data/thin/hq/chair_PNG6866d.jpg,Chair,
data/thin/hq/chair_PNG6866e.jpg,Chair,
data/thin/hq/chair_PNG6866f.jpg,Chair,
data/thin/hq/chair_PNG6866g.jpg,Chair,
data/thin/hq/chair_PNG6866h.jpg,Chair,
data/thin/hq/chair_PNG6867a.jpg,Chair,Armchair
data/thin/hq/chair_PNG6867b.jpg,Chair,Chicken
data/thin/hq/chair_PNG6867d.jpg,Chair,Street Light
data/thin/hq/chair_PNG6867f.jpg,Chair,Cat
data/thin/hq/chair_PNG6867h.jpg,Chair,Chair
data/thin/hq/chair_PNG6869.jpg,Chair,"Based on the image provided, the main object is a chair.

The correct class name from the list is:
Chair"
data/thin/hq/chair_PNG6872.jpg,Chair,"Based on the image provided, the main object is a chair. The chair is wooden with a metal frame and is positioned in front of a large bag filled with rambut. The chair appears to be a modern design, possibly a design from the 1930s or 1940s.

The correct class name from the list is:

Chair"
data/thin/hq/chair_PNG6873.jpg,Chair,"Based on the image provided, the main object is a chair. The chair has a modern design with a brown leather-like upholstery, a high backrest, and a silver-colored metal base with wheels. It appears to be a swivel office chair.

The correct class name from the list is:

Chair"
data/thin/hq/chair_PNG6874a.jpg,Chair,
data/thin/hq/chair_PNG6874b.jpg,Chair,
data/thin/hq/chair_PNG6874d.jpg,Chair,
data/thin/hq/chair_PNG6874e.jpg,Chair,
data/thin/hq/chair_PNG6874f.jpg,Chair,"Based on the image provided, the main object is a chair. It is a wooden chair with a simple design, placed on a set of concrete stairs.

The correct class name from the list is:
Chair"
data/thin/hq/chair_PNG6874h.jpg,Chair,"Based on the image provided, the main object is the red chair positioned in the water.

The correct class name is:
Chair"
data/thin/hq/chair_PNG6877.jpg,Chair,"Based on the visual information provided in the image, the main object is a chair.

The chair has a dark-colored seat and backrest, and it is supported by four legs. It appears to be a modern, simple design.

The correct class name from the list is:
Chair"
data/thin/hq/chair_PNG6878a.jpg,Chair,
data/thin/hq/chair_PNG6878b.jpg,Chair,
data/thin/hq/chair_PNG6878c.jpg,Chair,
data/thin/hq/chair_PNG6878d.jpg,Chair,
data/thin/hq/chair_PNG6878e.jpg,Chair,"Based on the image provided, the main object is a snake. The snake has a dark head and a lighter, reddish-brown body, and it is coiled in the dry grass and leaves.

The correct class name from the list is:

Snake"
data/thin/hq/chair_PNG6878f.jpg,Chair,
data/thin/hq/chair_PNG6878g.jpg,Chair,
data/thin/hq/chair_PNG6878h.jpg,Chair,
data/thin/hq/chair_PNG6880.jpg,Chair,"Based on the visual information in the image, the main object is a chair. It has a distinct design with a blue painted frame and a cushioned seat with a floral pattern.

The correct class name from the list is:

Chair"
data/thin/hq/chair_PNG6881.jpg,Chair,"Based on the image provided, the main object is a chair. It is a black office chair with a high back, armrests, and a five-star base with wheels, and it is floating in water. The chair is positioned in the center of the image, with a bear partially visible to the right.

The correct class name from the list is:

Chair"
data/thin/hq/chair_PNG6882a.jpg,Chair,"Based on the visual information in the image, the main object is a large chair. It is positioned in the foreground and is significantly larger than the surrounding environment, suggesting it is a focal point. The chair has a dark cushioned seat and a wooden frame, and it appears to be a high-backed, possibly ornate, chair.

The correct class name from the list provided is:

Chair"
data/thin/hq/chair_PNG6882b.jpg,Chair,
data/thin/hq/chair_PNG6883.jpg,Chair,"Based on the visual information provided in the image, the main object is a chair.

The chair has a distinctive design with a bright red frame and a light-colored, woven seat and backrest. The structure appears to be made of wood or a similar material, with a modern or artistic style. It is positioned in front of a large, dark sculpture that resembles an elephant, and the background suggests a grand architectural setting.

Therefore, the correct class name for the main object is:

Chair"
data/thin/hq/chair_PNG6887.jpg,Chair,"Based on the visual information in the image, the main object is a chair.

The chair has a light-colored wooden frame with a simple design, featuring a ladder-back style with three horizontal slats. It is fitted with a cushioned seat that has a textured fabric, and the legs are straight and sturdy. The chair is positioned in front of a colorful, ornate plate, which is likely a decorative element in the setting.

Therefore, the most accurate class name from the list provided is:

Chair"
data/thin/hq/chair_PNG6892.jpg,Chair,"Based on the visual information in the image, the main object is:

Chair"
data/thin/hq/chair_PNG6897.jpg,Chair,"Based on the image provided, the main object is a chair with a distinctive wooden design, which appears to be a modern, sculptural style chair. The chair is prominently displayed in the foreground, with a marina and boats in the background.

The correct class name from the list is:

Chair"
data/thin/hq/chair_PNG6898.jpg,Chair,
data/thin/hq/chair_PNG6899.jpg,Chair,
data/thin/hq/chair_PNG6901.jpg,Chair,"Based on the image provided, the main object is an office chair with a high back, padded seat, and armrests. The chair is black with a silver-colored base and wheels, and it is positioned in front of a large image of a lion's face.

The correct class name for the main object is:

Chair"
data/thin/hq/chair_PNG6902.jpg,Chair,"Based on the image provided, the main object is a chair. It is a typical office-style office chair with a fabric seat and backrest, a black base with wheels, and a central support column.

The correct class name from the list is:
Chair"
data/thin/hq/chair_PNG6905.jpg,Chair,Chair
data/thin/hq/chair_PNG6906.jpg,Chair,
data/thin/hq/chair_PNG6907.jpg,Chair,"Based on the image provided, the main object is an armchair.

The object is a high-backed, black, racing-style office chair with a five-star base and armrests. It is positioned in the center of the image, with a cow's face partially visible in the background, which gives the image a humorous or surreal quality.

Therefore, the correct class name is:

Chair"
data/thin/hq/chair_PNG6908.jpg,Chair,"Based on the description of the image, the main object is:

Armchair"
data/thin/hq/chair_PNG6909.jpg,Chair,
data/thin/hq/chicken_PNG2145.jpg,Chicken,
data/thin/hq/chicken_PNG2147.jpg,Chicken,
data/thin/hq/chicken_PNG2150.jpg,Chicken,"Based on the image provided, the main object is a bird. The bird is a chicken, specifically a rooster, given its prominent red comb and wattles. It is standing on the ground in a rural setting.

The correct class name from the list is:

Chicken"
data/thin/hq/chicken_PNG2151.jpg,Chicken,"Based on the image provided, the main object is a bird. More specifically, it is a chicken.

The correct class from the list is:
Chicken"
data/thin/hq/chicken_PNG2154.jpg,Chicken,"Based on the image provided, the main object is a bird.

The correct class name from the list is:
Chicken"
data/thin/hq/chicken_PNG2164.jpg,Chicken,
data/thin/hq/chicken_PNG2165.jpg,Chicken,"Based on the visual information provided in the image, the main object is a bird.

The image shows a bird with brown and black feathers, a red comb, and a pinkish-red beak. The bird is standing on a green leaf, and there appears to be another bird in the background.

The most accurate class name from the list provided is:

Chickens"
data/thin/hq/chicken_PNG2167.jpg,Chicken,
data/thin/hq/chicken_PNG2171.jpg,Chicken,Chicken
data/thin/hq/chicken_PNG2172.jpg,Chicken,"Based on the visual information in the image, the main object is a bird. The bird has brown feathers, a red comb, and a red wattle, and is shown in a swimming posture. This is consistent with the description of a chicken.

The correct class name from the list is:
Chicken"
data/thin/hq/chicken_PNG2173.jpg,Chicken,
data/thin/hq/cobra_PNG12.jpg,Cobra,Snake
data/thin/hq/cobra_PNG41.jpg,Cobra,
data/thin/hq/cobra_PNG47.jpg,Cobra,
data/thin/hq/cobra_PNG55.jpg,Cobra,
data/thin/hq/cock_PNG19926.jpg,Cock,"Based on the image provided, the main object is a bird. Specifically, it is a rooster, which is a male chicken.

From the given list of classes, the correct one is:

Cock"
data/thin/hq/cock_PNG19930.jpg,Cock,
data/thin/hq/cock_PNG20.jpg,Cock,
data/thin/hq/cock_PNG27.jpg,Cock,Chicken
data/thin/hq/cock_PNG29.jpg,Cock,"Based on the image provided, the main object is a bird.

The correct class name from the list is:
Cock"
data/thin/hq/cock_PNG3.jpg,Cock,"Based on the visual information in the image, the main object is a bird. More specifically, it is a rooster, which is a male chicken, identifiable by its prominent red comb and wattle, and its feathered tail.

The correct class name from the list provided is:

Cock"
data/thin/hq/cock_PNG4.jpg,Cock,
data/thin/hq/cock_PNG5.jpg,Cock,"Based on the visual information in the image, the main object is a bird.

The most accurate class from the provided list is:
- **Chicken**

The image shows a rooster, which is a type of chicken. Therefore, the correct answer is:

Chicken"
data/thin/hq/cock_PNG6.jpg,Cock,"Based on the visual information in the image, the main object is a bird. More specifically, it is a rooster, which is a type of chicken.

From the provided list of classes, the correct one is:

Chickens"
data/thin/hq/cock_PNG8.jpg,Cock,"Based on the image provided, the main object is a bird with a prominent red comb and wattle, a large black and brown tail, and a feathered body. This bird is clearly identifiable as a rooster.

The correct class name from the list is:

Cock"
data/thin/hq/cock_PNG9.jpg,Cock,"Based on the image provided, the main object is a rooster.

The correct class name from the list is:
Cock"
data/thin/hq/comb_PNG1.jpg,Comb,
data/thin/hq/comb_PNG10.jpg,Comb,"Based on the image provided, the main object is a comb.

The comb is dark green, with a sleek, modern design, and is positioned diagonally across the frame. The background is a natural, rocky landscape, which contrasts with the comb, making it the clear focal point.

The correct class name is:

Comb"
data/thin/hq/comb_PNG106.jpg,Comb,
data/thin/hq/comb_PNG11.jpg,Comb,
data/thin/hq/comb_PNG112.jpg,Comb,"Based on the image provided, the main object is a wooden comb. The comb has the brand name ""KEA SEER"" engraved on it.

The correct class name from the list is:
Comb"
data/thin/hq/comb_PNG113.jpg,Comb,
data/thin/hq/comb_PNG114.jpg,Comb,
data/thin/hq/comb_PNG118.jpg,Comb,
data/thin/hq/comb_PNG120.jpg,Comb,Comb
data/thin/hq/comb_PNG121.jpg,Comb,"Based on the image provided, the main object is a comb.

The comb is white, has a rectangular shape, and features a logo on the top. It is placed on a map, with a magnifying glass and a small cup nearby, suggesting a theme of exploration or research.

The correct class name from the list is:

Comb"
data/thin/hq/comb_PNG124.jpg,Comb,
data/thin/hq/comb_PNG125a.jpg,Comb,
data/thin/hq/comb_PNG125b.jpg,Comb,
data/thin/hq/comb_PNG136a.jpg,Comb,
data/thin/hq/comb_PNG136b.jpg,Comb,
data/thin/hq/comb_PNG137.jpg,Comb,
data/thin/hq/comb_PNG14.jpg,Comb,
data/thin/hq/comb_PNG140a.jpg,Comb,
data/thin/hq/comb_PNG141.jpg,Comb,
data/thin/hq/comb_PNG142.jpg,Comb,"Based on the visual information provided in the image, the main object is a comb.

The comb has a wooden handle and a series of teeth, which is characteristic of a grooming tool. The image clearly shows the comb's structure and material.

Therefore, the correct class name is:

Comb"
data/thin/hq/comb_PNG144.jpg,Comb,
data/thin/hq/comb_PNG146.jpg,Comb,"Based on the visual information in the image, the main object is a comb.

The comb is pink, with a blue handle, and is positioned in the foreground. It is clearly the central focus of the image, with a cactus in the background.

The correct class name is:

Comb"
data/thin/hq/comb_PNG154a.jpg,Comb,"Based on the visual information in the image, the main object is a large comb. It is white, has a wide, flat design, and is positioned in the foreground, appearing to be a novelty or promotional item. The comb is also shown in a way that it is being used as a prop, with a person sitting nearby.

Therefore, the correct class name is:

Comb"
data/thin/hq/comb_PNG154b.jpg,Comb,
data/thin/hq/comb_PNG154d.jpg,Comb,
data/thin/hq/comb_PNG155a.jpg,Comb,"Based on the image provided, the main object is a large, black comb-like structure extending from the left side of the frame. This object is positioned in front of a building and appears to be a decorative or artistic installation.

The correct class name for this object is:

Comb"
data/thin/hq/comb_PNG155b.jpg,Comb,"Based on the image provided, the main object is a large, decorative sculpture of a pair of oversized scissors. This sculpture is mounted on the side of a wooden building and is the most prominent feature in the scene.

The class name for this object is:

Scissors"
data/thin/hq/comb_PNG156.jpg,Comb,
data/thin/hq/comb_PNG158.jpg,Comb,"Based on the image provided, the main object is a comb. The comb is light brown, has a smooth surface, and the brand name ""OTIS"" is visible on it. It is placed on a dark, textured surface that appears to be wet.

The correct class name from the list is:

Comb"
data/thin/hq/comb_PNG159.jpg,Comb,"Based on the visual information in the image, the main object is a large, orange comb with the word ""SUAVECITO"" written on it. This object is clearly a novelty item designed to look like a comb.

The correct class name from the list provided is:

Comb"
data/thin/hq/comb_PNG16.jpg,Comb,"Based on the image provided, the main object is a comb. It is positioned on a colorful coral reef, and its metallic, silver-colored teeth are clearly visible. The comb is resting on a vibrant blue and yellow sea slug, which is the most prominent object in the scene.

Comb"
data/thin/hq/comb_PNG17.jpg,Comb,"Based on the image provided, the main object is a comb.

The comb is black, has a wide, flat handle, and a series of long, thin teeth. It is positioned diagonally across the image, in front of an elephant. The background is a natural setting with grass and trees.

The correct class name from the list is:
Comb"
data/thin/hq/comb_PNG18.jpg,Comb,
data/thin/hq/comb_PNG23.jpg,Comb,Comb
data/thin/hq/comb_PNG28.jpg,Comb,"Based on the visual information provided in the image, the main object is a wooden comb. The comb has a distinctive design with a curved handle and a series of teeth, and the brand name ""The Bearded"" is engraved on the handle.

Therefore, the correct class name is:

Comb"
data/thin/hq/comb_PNG29.jpg,Comb,
data/thin/hq/comb_PNG37.jpg,Comb,
data/thin/hq/comb_PNG40.jpg,Comb,
data/thin/hq/comb_PNG43.jpg,Comb,
data/thin/hq/comb_PNG45.jpg,Comb,"Based on the visual information in the image, the main object is a comb.

The object has a dark, matte finish, with a distinct handle and a series of teeth designed for combing hair. The brand name ""DURK"" is visible on the side.

Therefore, the correct class name is:

Comb"
data/thin/hq/comb_PNG47.jpg,Comb,"Based on the visual information in the image, the main object is a large comb with a wooden handle and a dark, possibly black, handle.

The object is a comb.

Comb"
data/thin/hq/comb_PNG48.jpg,Comb,
data/thin/hq/comb_PNG49.jpg,Comb,
data/thin/hq/comb_PNG5.jpg,Comb,Comb
data/thin/hq/comb_PNG50.jpg,Comb,Comb
data/thin/hq/comb_PNG66.jpg,Comb,
data/thin/hq/comb_PNG68.jpg,Comb,"Based on the image provided, the main object is a comb with a long, sleek black handle and a series of fine teeth. It appears to be a specialized comb, possibly for styling or cutting hair.

The correct class name from the list is:

Comb"
data/thin/hq/comb_PNG7.jpg,Comb,
data/thin/hq/comb_PNG71a.jpg,Comb,
data/thin/hq/comb_PNG71b.jpg,Comb,
data/thin/hq/comb_PNG81.jpg,Comb,
data/thin/hq/comb_PNG82.jpg,Comb,
data/thin/hq/comb_PNG83.jpg,Comb,
data/thin/hq/comb_PNG84.jpg,Comb,
data/thin/hq/comb_PNG87.jpg,Comb,
data/thin/hq/cooking_pan_PNG8363.jpg,Cooking Pan,
data/thin/hq/cooking_pan_PNG8364.jpg,Cooking Pan,"Based on the visual information provided in the image, the main object is a cooking pan.

The pan is large, round, and has a distinctive orange color with a black lid. The brand name ""LE CREUSET"" is clearly visible on the lid. The pan is resting on a wooden surface, which appears to be a grill or a stove.

Therefore, the correct class name is:

Cooking Pan"
data/thin/hq/cooking_pan_PNG8365.jpg,Cooking Pan,
data/thin/hq/cooking_pan_PNG8366.jpg,Cooking Pan,"Based on the image provided, the main object is a cooking pan. It is a round, blue enamel-coated pot with two handles and a lid that has a black knob on top. The brand name ""Le Creuset"" is visible on the lid.

The correct class name from the list is:
Cooking Pan"
data/thin/hq/cooking_pan_PNG8367a.jpg,Cooking Pan,Cooking Pan
data/thin/hq/cooking_pan_PNG8367b.jpg,Cooking Pan,Cooking Pan
data/thin/hq/cooking_pan_PNG8367c.jpg,Cooking Pan,Cooking Pan
data/thin/hq/cooking_pan_PNG8367d.jpg,Cooking Pan,Cooking Pan
data/thin/hq/cooking_pan_PNG8369.jpg,Cooking Pan,"Based on the image provided, the main object is a large, metallic cooking pan with a lid and handles. It is positioned in the foreground, with a cityscape in the background.

The correct class name from the list is:

Cooking Pan"
data/thin/hq/cooking_pan_PNG8370.jpg,Cooking Pan,
data/thin/hq/cooking_pan_PNG8387.jpg,Cooking Pan,
data/thin/hq/cooking_pan_PNG8398.jpg,Cooking Pan,
data/thin/hq/cooking_pan_PNG8399.jpg,Cooking Pan,
data/thin/hq/corkscrew_PNG1.jpg,Corkscrew,
data/thin/hq/corkscrew_PNG15.jpg,Corkscrew,
data/thin/hq/corkscrew_PNG18.jpg,Corkscrew,
data/thin/hq/corkscrew_PNG2.jpg,Corkscrew,"Based on the visual information in the image, the main object is a corkscrew.

- The object is a tool with a wooden handle and a metal spiral, which is characteristic of a corkscrew.
- It is positioned in the foreground, partially obscuring a cartoon character and a person.
- The corkscrew is clearly visible, and its structure is the most prominent feature in the image.

Therefore, the correct class name is:

Corkscrew"
data/thin/hq/corkscrew_PNG33.jpg,Corkscrew,Corkscrew
data/thin/hq/corkscrew_PNG35.jpg,Corkscrew,
data/thin/hq/corkscrew_PNG36.jpg,Corkscrew,"Based on the image provided, the main object is a tool used for opening bottles, which is a corkscrew.

The correct class name from the list is:
Corkscrew"
data/thin/hq/corkscrew_PNG37.jpg,Corkscrew,
data/thin/hq/corkscrew_PNG38.jpg,Corkscrew,
data/thin/hq/corkscrew_PNG39.jpg,Corkscrew,
data/thin/hq/corkscrew_PNG4.jpg,Corkscrew,
data/thin/hq/corkscrew_PNG40.jpg,Corkscrew,
data/thin/hq/corkscrew_PNG41.jpg,Corkscrew,Cage
data/thin/hq/corkscrew_PNG42.jpg,Corkscrew,
data/thin/hq/corkscrew_PNG43.jpg,Corkscrew,
data/thin/hq/corkscrew_PNG44.jpg,Corkscrew,
data/thin/hq/corkscrew_PNG49.jpg,Corkscrew,
data/thin/hq/corkscrew_PNG5.jpg,Corkscrew,
data/thin/hq/corkscrew_PNG50.jpg,Corkscrew,
data/thin/hq/corkscrew_PNG52.jpg,Corkscrew,
data/thin/hq/corkscrew_PNG7.jpg,Corkscrew,
data/thin/hq/corkscrew_PNG8.jpg,Corkscrew,
data/thin/hq/corkscrew_PNG9.jpg,Corkscrew,
data/thin/hq/cow_PNG50577.jpg,Cow,
data/thin/hq/cow_PNG50601.jpg,Cow,
data/thin/hq/cow_PNG50606.jpg,Cow,
data/thin/hq/crab_PNG1.jpg,Crab,
data/thin/hq/crab_PNG11.jpg,Crab,
data/thin/hq/crab_PNG12.jpg,Crab,
data/thin/hq/crab_PNG13.jpg,Crab,
data/thin/hq/crab_PNG16.jpg,Crab,
data/thin/hq/crab_PNG18.jpg,Crab,
data/thin/hq/crab_PNG19.jpg,Crab,
data/thin/hq/crab_PNG2.jpg,Crab,
data/thin/hq/crab_PNG20.jpg,Crab,
data/thin/hq/crab_PNG23.jpg,Crab,
data/thin/hq/crab_PNG24.jpg,Crab,
data/thin/hq/crab_PNG28.jpg,Crab,
data/thin/hq/crab_PNG3.jpg,Crab,
data/thin/hq/crab_PNG30.jpg,Crab,
data/thin/hq/crab_PNG34.jpg,Crab,
data/thin/hq/crab_PNG38.jpg,Crab,
data/thin/hq/crab_PNG4.jpg,Crab,
data/thin/hq/crab_PNG42.jpg,Crab,
data/thin/hq/crab_PNG46.jpg,Crab,
data/thin/hq/crab_PNG7.jpg,Crab,
data/thin/hq/crab_PNG8.jpg,Crab,
data/thin/hq/crab_PNG9.jpg,Crab,
data/thin/hq/crane_PNG1.jpg,Crane,"Based on the visual information in the image, the main object is a large yellow crane. This type of vehicle is used for lifting and moving heavy loads.

The correct class name from the list is:
Crane"
data/thin/hq/crane_PNG18.jpg,Crane,
data/thin/hq/crane_PNG2.jpg,Crane,
data/thin/hq/crane_PNG21.jpg,Crane,
data/thin/hq/crane_PNG24.jpg,Crane,
data/thin/hq/crocodile_PNG13162.jpg,Crocodile,
data/thin/hq/crocodile_PNG13163.jpg,Crocodile,"Based on the image provided, the main object is a reptile that appears to be a crocodile.

The correct class name from the list is:
Crocodile"
data/thin/hq/crocodile_PNG13178.jpg,Crocodile,"Based on the image provided, the main object is a large statue of a crocodile. The crocodile is depicted in a detailed, realistic style and is the central focus of the image.

The correct class name from the list is:

Crocodile"
data/thin/hq/crow_PNG3095.jpg,Crow,"Based on the image provided, the main object is a bird with black feathers, a sharp beak, and a stout body, which is characteristic of a crow.

The correct class name from the list is:

Crow"
data/thin/hq/crow_PNG3097.jpg,Crow,"Based on the image provided, the main object is a bird.

The correct class name from the list is:
Crow"
data/thin/hq/crow_PNG3099.jpg,Crow,"Based on the image provided, the main object is a bird.

From the list of classes provided, the correct identification is:

Crow"
data/thin/hq/crow_PNG3101.jpg,Crow,"Based on the image provided, the main object is a bird.

From the given list of classes, the correct one is:

Crow"
data/thin/hq/crow_PNG3103.jpg,Crow,"Based on the image provided, the main object is a bird.

From the given list of classes, the correct identification is:

Raven"
data/thin/hq/crow_PNG3104.jpg,Crow,"Based on the image provided, the main object is a bird. The bird is black, has a beak that is open, and appears to be perched on a blue, leafy surface. The bird's features and the context of the image clearly identify it as a Crow.

Crow"
data/thin/hq/crow_PNG3105.jpg,Crow,
data/thin/hq/crow_PNG3106.jpg,Crow,"Based on the image provided, the main object is a bird.

The correct class name from the list is:

Crow"
data/thin/hq/crow_PNG3107.jpg,Crow,"Based on the image provided, the main object is a large bird.

The most specific class from the list that describes this object is:

Raven"
data/thin/hq/crow_PNG3110.jpg,Crow,
data/thin/hq/crow_PNG3111.jpg,Crow,
data/thin/hq/crow_PNG3113.jpg,Crow,"Based on the visual information provided in the image, the main object is a bird. Specifically, it is a black bird with a prominent beak and a dark plumage. The bird is standing on the ground and appears to be near another animal, possibly a cheetah, which is visible on the right side of the image.

Given the options provided, the most accurate classification for the main object is:

Crow"
data/thin/hq/crow_PNG3115.jpg,Crow,"Based on the image provided, the main object is a bird. Specifically, it is a large, black bird with a prominent beak and a sleek, dark plumage, which appears to be a crow.

The correct class name from the list is:

Crow"
data/thin/hq/crown_PNG21.jpg,Crown,Crown
data/thin/hq/crown_PNG23852.jpg,Crown,
data/thin/hq/crown_PNG23854.jpg,Crown,
data/thin/hq/crutch_PNG1.jpg,Crutch,
data/thin/hq/crutch_PNG14.jpg,Crutch,
data/thin/hq/crutch_PNG15.jpg,Crutch,
data/thin/hq/crutch_PNG17a.jpg,Crutch,The main object in the image is a cat.
data/thin/hq/crutch_PNG17b.jpg,Crutch,"Based on the image provided, the main object is a crutch.

The image shows a black crutch standing upright in a natural, swampy environment with a large alligator in the background. The crutch is a walking aid used to assist with mobility.

Therefore, the correct class name is:

Crutch"
data/thin/hq/crutch_PNG2.jpg,Crutch,
data/thin/hq/crutch_PNG31.jpg,Crutch,"Based on the visual information provided in the image, the main object is a walking aid.

The object is a crutch, which is a type of walking aid used to assist with mobility. It is constructed with a frame and two legs, each with a rubber grip and a footrest. The crutch is positioned in the foreground, and it is the central focus of the image.

The correct class name for the main object is:

Crutch"
data/thin/hq/crutch_PNG32.jpg,Crutch,"Based on the image provided, the main object is a pair of crutches.

The correct class name from the list is:
Crutch"
data/thin/hq/crutch_PNG34a.jpg,Crutch,"The main object in the image is a large stone statue of a seated figure, likely an ancient Egyptian pharaoh, situated in a temple courtyard. This is a prominent feature of the scene. Therefore, the correct class is:

Statue"
data/thin/hq/crutch_PNG34b.jpg,Crutch,
data/thin/hq/crutch_PNG35.jpg,Crutch,
data/thin/hq/crutch_PNG36.jpg,Crutch,"Based on the visual information provided in the image, the main object is a walking aid.

The object is a crutch, which is a walking stick used to support a person's weight while walking.

The correct class name from the list is:

Crutch"
data/thin/hq/crutch_PNG38b.jpg,Crutch,
data/thin/hq/crutch_PNG9.jpg,Crutch,"Based on the image provided, the main object is a crutch.

The crutch is a walking aid used for mobility, and it is the most prominent object in the foreground of the image, standing out against the background of the ancient Mayan pyramid.

The correct class name from the list is:
Crutch"
data/thin/hq/darts_PNG10.jpg,Darts,Darts
data/thin/hq/darts_PNG11.jpg,Darts,Darts
data/thin/hq/darts_PNG12.jpg,Darts,
data/thin/hq/darts_PNG13.jpg,Darts,"Based on the image provided, the main object is a yellow dart.

The correct class name from the list is:
Darts"
data/thin/hq/darts_PNG14.jpg,Darts,
data/thin/hq/darts_PNG16.jpg,Darts,"Based on the visual information in the image, the main object is a yellow dart that is being pursued by several birds. The dart is clearly visible and is the central focus of the image, with the birds flying around it.

The correct class name from the list provided is:

Darts"
data/thin/hq/darts_PNG17.jpg,Darts,
data/thin/hq/darts_PNG21.jpg,Darts,
data/thin/hq/darts_PNG22.jpg,Darts,
data/thin/hq/darts_PNG25.jpg,Darts,
data/thin/hq/darts_PNG28.jpg,Darts,
data/thin/hq/darts_PNG30.jpg,Darts,
data/thin/hq/darts_PNG41.jpg,Darts,Darts
data/thin/hq/darts_PNG44.jpg,Darts,"Based on the visual information provided in the image, the main object is a dart.

The dart has a metallic shaft and a wing with the Union Jack flag on it. The background consists of green leaves and sunlight, which is typical of a photograph of a dart in a natural setting.

Therefore, the correct class name is:

Darts"
data/thin/hq/darts_PNG45.jpg,Darts,"Based on the image provided, the main object is a dart.

Darts are a type of projectile used in the game of darts, and the image clearly shows a dart with a white fletching and a metallic shaft, positioned in the foreground.

Therefore, the correct class name is:

Darts"
data/thin/hq/darts_PNG46.jpg,Darts,"Based on the visual information in the image, the main object is a dart.

The object is clearly identifiable as a dart, with its distinct components:
- A metal tip (a dart tip)
- A shaft (the dart shaft)
- A feathered wing (the dart's fletching)
- A brand name ""icon"" printed on the wing

These features are characteristic of a dart.

Darts"
data/thin/hq/darts_PNG47.jpg,Darts,
data/thin/hq/darts_PNG49.jpg,Darts,The main object in the image is Darts.
data/thin/hq/darts_PNG50.jpg,Darts,"Based on the visual information provided in the image, the main object is a dart.

- The image shows a single dart with a blue and white feathered tip, which is clearly visible.
- The dart has a metallic shaft and a blue and white design on the tip, which is a common feature of darts.
- The object is in focus and appears to be in mid-air, which is typical for a dart in motion.

Therefore, the correct class name is:

Darts"
data/thin/hq/darts_PNG53.jpg,Darts,
data/thin/hq/darts_PNG58.jpg,Darts,The main object in the image is Darts.
data/thin/hq/darts_PNG6.jpg,Darts,
data/thin/hq/darts_PNG8.jpg,Darts,Darts
data/thin/hq/darts_PNG9.jpg,Darts,
data/thin/hq/deer_PNG10170.jpg,Deer,
data/thin/hq/deer_PNG10171.jpg,Deer,
data/thin/hq/deer_PNG10172.jpg,Deer,
data/thin/hq/deer_PNG10175.jpg,Deer,
data/thin/hq/deer_PNG10177.jpg,Deer,
data/thin/hq/deer_PNG10178.jpg,Deer,
data/thin/hq/deer_PNG10182.jpg,Deer,
data/thin/hq/deer_PNG10185.jpg,Deer,
data/thin/hq/dog_PNG50373.jpg,Dog,
data/thin/hq/dog_PNG50383.jpg,Dog,
data/thin/hq/donkey_PNG24.jpg,Donkey,
data/thin/hq/dragonfly_PNG11.jpg,Dragonfly,"Based on the visual information in the image, the main object is a dragonfly.

The image shows a dragonfly with a long, slender black body, a pair of large, transparent wings with a distinct red and white pattern, and a long tail. It is perched on a tree trunk, with a fluffy, light-colored object (possibly a bird or a creature) in the background.

Therefore, the correct class name is:

Dragonfly"
data/thin/hq/dragonfly_PNG20.jpg,Dragonfly,
data/thin/hq/dragonfly_PNG4.jpg,Dragonfly,
data/thin/hq/dragonfly_PNG5.jpg,Dragonfly,
data/thin/hq/dragonfly_PNG9.jpg,Dragonfly,
data/thin/hq/dresser_PNG126.jpg,Dresser,"Based on the image provided, the main object is a wooden dresser with multiple drawers. The dresser is shown in a large, upright position, and the person standing underneath it is partially visible. The dresser has a traditional design with a rectangular frame and several drawers of different sizes.

The correct class name for the main object in the image is:

Dresser"
data/thin/hq/drone_PNG103.jpg,Drone,
data/thin/hq/drone_PNG107.jpg,Drone,
data/thin/hq/drone_PNG110.jpg,Drone,
data/thin/hq/drone_PNG112.jpg,Drone,"Based on the visual information in the image, the main object is a drone.

The drone is white with red stripes on its arms and has four propellers. It is positioned in the upper half of the image, with a person's face visible in the lower half.

The correct class name from the list is:
Drone"
data/thin/hq/drone_PNG114.jpg,Drone,"Based on the image provided, the main object is a drone.

The drone is white with four propellers and is positioned in the center of the image. It is flying over a rocky area, and a child is in the foreground, looking at the drone.

The correct class name from the list is:

Drone"
data/thin/hq/drone_PNG117.jpg,Drone,Drone
data/thin/hq/drone_PNG12.jpg,Drone,
data/thin/hq/drone_PNG123.jpg,Drone,
data/thin/hq/drone_PNG125.jpg,Drone,
data/thin/hq/drone_PNG128.jpg,Drone,
data/thin/hq/drone_PNG129.jpg,Drone,
data/thin/hq/drone_PNG137.jpg,Drone,"Based on the visual information in the image, the main object is a drone.

The object has a white and black body with four propellers, and a camera is mounted on the front, which is characteristic of a drone used for aerial photography or videography.

Therefore, the correct class name is:

Drone"
data/thin/hq/drone_PNG140.jpg,Drone,"Based on the image provided, the main object is a drone.

The correct class name from the list is:
Drone"
data/thin/hq/drone_PNG150.jpg,Drone,
data/thin/hq/drone_PNG161.jpg,Drone,"Based on the image provided, the main object is a drone. It is a multi-rotor aircraft with six rotors, a camera mounted on the body, and a snake visible on the ground near its base. The drone is positioned on a sandy or dirt surface, and the snake is coiled around its lower part.

The correct class name from the list is:

Drone"
data/thin/hq/drone_PNG169.jpg,Drone,"Based on the image provided, the main object is a drone.

The correct class name from the list is:
Drone"
data/thin/hq/drone_PNG181.jpg,Drone,
data/thin/hq/drone_PNG190.jpg,Drone,
data/thin/hq/drone_PNG191.jpg,Drone,
data/thin/hq/drone_PNG194.jpg,Drone,"Based on the image provided, the main object is a drone. It is a red, four-rotor drone with a camera mounted underneath, and it is hovering above a green, blurred background.

The correct class name from the list is:
Drone"
data/thin/hq/drone_PNG204.jpg,Drone,
data/thin/hq/drone_PNG207.jpg,Drone,
data/thin/hq/drone_PNG208.jpg,Drone,
data/thin/hq/drone_PNG26.jpg,Drone,
data/thin/hq/drone_PNG36.jpg,Drone,"Based on the image provided, the main object is a small, four-rotor drone.

The correct class name from the list is:

Drone"
data/thin/hq/drone_PNG38.jpg,Drone,"Based on the image provided, the main object is a drone.

The correct class name from the list is:
Drone"
data/thin/hq/drone_PNG39.jpg,Drone,"Based on the visual information in the image, the main object is a drone.

The drone is the central focus of the image, with its distinct structure and propellers clearly visible. It is positioned in the center, and the surrounding elements like the star and the golden creature are secondary to the drone.

Drone"
data/thin/hq/drone_PNG40.jpg,Drone,"Based on the visual information in the image, the main object is a drone.

The drone has a bright orange frame with four rotors and a camera mounted underneath. The camera is attached to a gimbal, which allows it to rotate.

Therefore, the correct class name is:

Drone"
data/thin/hq/drone_PNG41.jpg,Drone,"Based on the image provided, the main object is a drone.

The correct class name from the list is:
Drone"
data/thin/hq/drone_PNG46.jpg,Drone,"Based on the visual information in the image, the main object is a drone.

The drone is white and has four propellers, and it appears to be hovering in a forested area. The object is clearly identifiable as a drone.

Drone"
data/thin/hq/drone_PNG5.jpg,Drone,Drone
data/thin/hq/drone_PNG65.jpg,Drone,"Based on the image provided, the main object is a drone.

The correct class name from the list is:

Drone"
data/thin/hq/drone_PNG85.jpg,Drone,"Based on the visual information provided in the image, the main object is a drone.

The drone has a white and red body with four propellers, one of which is red, and it is positioned in the air above a brown couch. The image is taken from a slightly elevated angle, showing the drone clearly against a dark background.

The correct class name from the list is:

Drone"
data/thin/hq/drone_PNG88.jpg,Drone,"Based on the image provided, the main object is a drone.

The drone is black with four rotatable arms, each equipped with a propeller. It has a camera mounted underneath, and it appears to be hovering in front of a chain-link fence. The object is clearly a drone, which is a type of unmanned aerial vehicle.

Drone"
data/thin/hq/drone_PNG89.jpg,Drone,
data/thin/hq/drone_PNG9.jpg,Drone,
data/thin/hq/drone_PNG91.jpg,Drone,
data/thin/hq/drum_PNG14337.jpg,Drum,
data/thin/hq/drum_PNG14342.jpg,Drum,
data/thin/hq/drum_PNG14343.jpg,Drum,
data/thin/hq/drum_PNG14344.jpg,Drum,
data/thin/hq/drum_PNG14345.jpg,Drum,
data/thin/hq/eagle_PNG1202.jpg,Eagle,
data/thin/hq/eagle_PNG1215.jpg,Eagle,
data/thin/hq/eagle_PNG1225.jpg,Eagle,
data/thin/hq/eagle_PNG1228.jpg,Eagle,
data/thin/hq/eiffel_tower_PNG17.jpg,Eiffel Tower,
data/thin/hq/eiffel_tower_PNG21.jpg,Eiffel Tower,
data/thin/hq/eiffel_tower_PNG29.jpg,Eiffel Tower,
data/thin/hq/eiffel_tower_PNG38.jpg,Eiffel Tower,
data/thin/hq/eiffel_tower_PNG6.jpg,Eiffel Tower,
data/thin/hq/eiffel_tower_PNG72.jpg,Eiffel Tower,
data/thin/hq/elephants_PNG18747.jpg,Elephants,
data/thin/hq/elephants_PNG18748.jpg,Elephants,
data/thin/hq/elephants_PNG18749.jpg,Elephants,Elephants
data/thin/hq/elephants_PNG18762.jpg,Elephants,
data/thin/hq/elephants_PNG18775.jpg,Elephants,
data/thin/hq/elephants_PNG18779.jpg,Elephants,
data/thin/hq/elephants_PNG18781.jpg,Elephants,
data/thin/hq/elephants_PNG18782.jpg,Elephants,
data/thin/hq/elephants_PNG18785.jpg,Elephants,
data/thin/hq/elephants_PNG18787.jpg,Elephants,The main object in the image is an elephant.
data/thin/hq/elephants_PNG18788.jpg,Elephants,
data/thin/hq/elephants_PNG18793.jpg,Elephants,
data/thin/hq/elephants_PNG18799.jpg,Elephants,
data/thin/hq/elephants_PNG18800.jpg,Elephants,Elephants
data/thin/hq/elephants_PNG18801.jpg,Elephants,
data/thin/hq/elephants_PNG18805.jpg,Elephants,
data/thin/hq/excavator_PNG1.jpg,Excavator,"Based on the image provided, the main object is a construction vehicle. The vehicle has a large, articulated arm with a bucket, which is characteristic of an excavator. It is yellow and black, and it is positioned in the foreground.

The class name for this object is:

Excavator"
data/thin/hq/excavator_PNG12.jpg,Excavator,"Based on the image provided, the main object is a piece of construction equipment.

The object is a yellow excavator with a track system and a large digging arm. The image shows the excavator from a side angle, and it is positioned on a light-colored surface.

The correct class name from the list is:

Excavator"
data/thin/hq/excavator_PNG20.jpg,Excavator,"Based on the visual information in the image, the main object is a heavy construction vehicle.

The object is an excavator, which is a type of machine used for digging and moving earth and materials. The vehicle is yellow and black, and it is positioned in front of a tree, which suggests it is being used in a construction or landscaping project.

Therefore, the correct class name is:

Excavator"
data/thin/hq/excavator_PNG21.jpg,Excavator,"Based on the visual information provided in the image, the main object is a construction vehicle.

The object has a yellow and black color scheme, a cab with a protective canopy, a long articulated arm with a bucket at the end, and tracks for mobility. These features are characteristic of an excavator.

Therefore, the correct class name is:

Excavator"
data/thin/hq/excavator_PNG23.jpg,Excavator,"Based on the image provided, the main object is a construction vehicle. Specifically, it is a yellow excavator.

From the given list of classes, the correct one is:

Excavator"
data/thin/hq/excavator_PNG26.jpg,Excavator,"Based on the image provided, the main object is a toy excavator. The toy is yellow and black, and it is positioned on a red couch next to a young child.

The correct class name from the list is:

Excavator"
data/thin/hq/excavator_PNG27.jpg,Excavator,"Based on the image provided, the main object is a construction vehicle.

The object in the image is a yellow and black backhoe loader, which is a type of excavator. This machine is equipped with a large front bucket and a long arm with a digging bucket.

The correct class name from the list is:

Excavator"
data/thin/hq/excavator_PNG28.jpg,Excavator,"Based on the visual information in the image, the main object is a large, yellow construction vehicle.

The vehicle has the distinct features of an excavator, including a large bucket at the front and a tracked undercarriage. The brand name ""HYUNDAI"" is visible on the side of the machine.

Therefore, the correct class name is:

Excavator"
data/thin/hq/excavator_PNG29.jpg,Excavator,
data/thin/hq/excavator_PNG32.jpg,Excavator,"Based on the image provided, the main object is a construction vehicle.

The vehicle is a small, yellow excavator. The brand name ""KOMATSU"" is visible on the side of the machine.

Therefore, the correct class name from the list is:

Excavator"
data/thin/hq/excavator_PNG37.jpg,Excavator,"Based on the image provided, the main object is a construction vehicle. The vehicle has a yellow body, a long articulated arm, a bucket at the end of the arm, and tracks for mobility. This is characteristic of a heavy-duty machine used for digging, moving earth, and other construction tasks.

Looking at the list of classes, the most appropriate one is:

Excavator

Therefore, the answer is:

Excavator"
data/thin/hq/excavator_PNG40.jpg,Excavator,"Based on the image provided, the main object is an excavator. It is a large construction vehicle with a yellow arm and a bucket, and it is positioned against a blue sky with a trail of smoke or exhaust.

The correct class name from the list is:

Excavator"
data/thin/hq/excavator_PNG45.jpg,Excavator,"Based on the visual information in the image, the main object is an excavator.

The object is a model of a Volvo excavator, which is a type of heavy construction equipment. It is clearly identifiable by its characteristic features such as the articulated arm, bucket, tracks, and the Volvo branding on the cab.

Therefore, the correct class name is:

Excavator"
data/thin/hq/excavator_PNG58.jpg,Excavator,"Based on the image provided, the main object is a large construction vehicle.

The object is an excavator, which is a type of heavy machinery used for digging and moving earth. The yellow and grey color scheme is typical of modern excavators.

The correct class name from the list is:

Excavator"
data/thin/hq/excavator_PNG65.jpg,Excavator,"Based on the image provided, the main object is a large yellow construction vehicle.

The correct class name from the list is:

Excavator"
data/thin/hq/excavator_PNG8.jpg,Excavator,"Based on the visual information in the image, the main object is an excavator.

The excavator is yellow and is shown in a work position, with its arm and bucket extended towards a palm tree. It is a heavy-duty piece of construction equipment.

Therefore, the correct class name is:

Excavator"
data/thin/hq/excavator_PNG9.jpg,Excavator,
data/thin/hq/fan_PNG14457.jpg,Fan,"Based on the visual information provided in the image, the main object is a fan.

The fan has a black casing, a protective mesh, and a central logo that reads ""LASRO"". It is mounted on a stand and appears to be in a stationary position. The fan is placed outdoors, with a person's arm visible on the right side of the image.

Therefore, the correct class name is:

Fan"
data/thin/hq/fan_PNG14458.jpg,Fan,"Based on the image provided, the main object is a fan. The fan is black, has a circular design with a central logo, and is mounted on a stand. It is positioned in the center of the image, and the background shows a busy street scene.

The correct class name is:

Fan"
data/thin/hq/fan_PNG14460.jpg,Fan,
data/thin/hq/fan_PNG14461.jpg,Fan,"Based on the image provided, the main object is a fan.

The correct class name from the list is:
Fan"
data/thin/hq/fan_PNG14462.jpg,Fan,"Based on the visual information provided in the image, the main object is a fan.

The fan is square-shaped with a light green or mint-colored casing, and it has three blades. It appears to be a portable or tabletop fan, possibly for cooling or ventilation.

The correct class name from the list is:
Fan"
data/thin/hq/fan_PNG14463.jpg,Fan,The main object in the image is a fan.
data/thin/hq/fan_PNG14464.jpg,Fan,"Based on the visual information provided in the image, the main object is a ceiling fan.

The object has the following characteristics:
- It is a mechanical device with three blades.
- It has a central motor housing and a light fixture.
- It is mounted on a ceiling.
- It is white in color.

These features are consistent with a fan.

Fan"
data/thin/hq/fan_PNG14465.jpg,Fan,"Based on the image provided, the main object is a ceiling fan with a dark finish and three blades, mounted on a central hub. It is positioned in front of a chicken, which is visible in the background. The fan is the most prominent object in the foreground.

The correct class name is:

Fan"
data/thin/hq/fan_PNG14467.jpg,Fan,"Based on the image provided, the main object is a fan.

The correct class name from the list is:
Fan"
data/thin/hq/fan_PNG14469.jpg,Fan,"Based on the image provided, the main object is a ceiling fan.

The correct class name from the list is:
Fan"
data/thin/hq/fan_PNG14471.jpg,Fan,"Based on the image provided, the main object is a ceiling fan with wooden blades and a metallic central hub.

From the list of classes provided, the most accurate match is:

Fan"
data/thin/hq/fan_PNG14472.jpg,Fan,
data/thin/hq/fan_PNG14473.jpg,Fan,
data/thin/hq/fan_PNG14475.jpg,Fan,"Based on the visual information provided in the image, the main object is a fan.

The fan has a white protective grille, three blades, a central hub with a logo, and is mounted on a blue base with a white stand. The fan is positioned on a surface, and the background shows a person's leg and foot in a dark-colored shoe, suggesting the fan is in a room or a setting where someone is using it.

Therefore, the correct class name from the list is:

Fan"
data/thin/hq/fan_PNG14478.jpg,Fan,"Based on the visual information in the image, the main object is a fan.

The fan has a circular shape with multiple blades and a central hub. It is mounted on a black frame with four corner brackets, which is typical for a cooling fan used in computer cases or other electronic equipment. The brand logo is visible in the center.

Therefore, the correct class name is:

Fan"
data/thin/hq/fan_PNG14479.jpg,Fan,
data/thin/hq/fan_PNG14482.jpg,Fan,"Based on the image provided, the main object is a fan.

The fan is the most prominent object in the image, positioned in the foreground and clearly visible. It is a white, pedestal fan with a protective grille and a central circular component.

Therefore, the correct class name is:

Fan"
data/thin/hq/fan_PNG14483.jpg,Fan,
data/thin/hq/fan_PNG14484.jpg,Fan,Fan
data/thin/hq/fan_PNG14485.jpg,Fan,
data/thin/hq/fan_PNG14486.jpg,Fan,
data/thin/hq/fan_PNG14487.jpg,Fan,
data/thin/hq/fan_PNG14489.jpg,Fan,"Based on the visual information in the image, the main object is a fan.

The object has a square frame, black blades, and a central hub, which are characteristic features of a cooling fan. It is also positioned in the center of the frame, making it the focal point.

Fan"
data/thin/hq/fan_PNG14490.jpg,Fan,
data/thin/hq/fan_PNG14491.jpg,Fan,"Based on the visual information provided in the image, the main object is a fan.

The object has a circular frame with three blades, a central hub, and a stand. It is designed for air circulation and is commonly used for cooling.

The correct class name from the list is:

Fan"
data/thin/hq/fan_PNG14492.jpg,Fan,"Based on the visual information in the image, the main object is a fan.

The fan is white, has a circular design with a protective grille, and is mounted on a stand. It is positioned in the foreground, and its presence is the central focus of the image. The background shows a person skiing, which provides context but does not detract from the fan as the primary subject.

Therefore, the correct class name is:

Fan"
data/thin/hq/fir_tree_PNG3691.jpg,Fir Tree,Fir Tree
data/thin/hq/fire_truck_PNG11.jpg,Fire Truck,"Based on the image provided, the main object is a fire truck.

The correct class name from the list is:
Fire Truck"
data/thin/hq/fire_truck_PNG22.jpg,Fire Truck,"Based on the image provided, the main object is a vintage red fire truck.

The correct class name from the list is:
Fire Truck"
data/thin/hq/fire_truck_PNG37.jpg,Fire Truck,"Based on the visual information in the image, the main object is a large, orange vehicle designed for firefighting or emergency response. It has a robust, heavy-duty appearance with a cab, multiple axles, and equipment mounted on the front and sides. The vehicle is equipped with a large front-mounted apparatus, likely for extinguishing fires or other emergencies, and is painted in a bright orange color which is standard for emergency vehicles.

This vehicle is clearly identifiable as a fire truck.

Fire Truck"
data/thin/hq/fire_truck_PNG40.jpg,Fire Truck,"Based on the image provided, the main object is a red fire truck with an extended ladder. This vehicle is specifically designed for firefighting and rescue operations.

The correct class name from the list is:

Fire Truck"
data/thin/hq/fire_truck_PNG43.jpg,Fire Truck,"Based on the image provided, the main object is a fire truck.

The correct class name from the list is:
Fire Truck"
data/thin/hq/fire_truck_PNG44.jpg,Fire Truck,
data/thin/hq/fire_truck_PNG46.jpg,Fire Truck,
data/thin/hq/fish_PNG25106.jpg,Fish,"Based on the visual information in the image, the main object is a fish. The fish is large, has a dark, mottled pattern, and prominent whiskers. It appears to be a type of catfish or similar freshwater fish.

The correct class name from the list is:

Fish"
data/thin/hq/flags_PNG14677.jpg,Flags,
data/thin/hq/flags_PNG14717.jpg,Flags,
data/thin/hq/flags_PNG14719.jpg,Flags,
data/thin/hq/flamingo_PNG15094.jpg,Flamingo,"Based on the provided image, the main object is a flamingo.

The correct class name from the list is:
Flamingo"
data/thin/hq/flamingo_PNG15095.jpg,Flamingo,
data/thin/hq/flamingo_PNG15099.jpg,Flamingo,"Based on the image provided, the main object is a large pink flamingo standing in front of a clock tower.

The correct class name from the list is:
Flamingo"
data/thin/hq/flamingo_PNG15101.jpg,Flamingo,
data/thin/hq/flamingo_PNG15107.jpg,Flamingo,"Based on the image provided, the main object is a pink flamingo. It is a decorative, plastic figurine standing on a red base, positioned next to a pizza.

The correct class name from the list is:

Flamingo"
data/thin/hq/flamingo_PNG15110.jpg,Flamingo,
data/thin/hq/flamingo_PNG15111.jpg,Flamingo,
data/thin/hq/flamingo_PNG15112.jpg,Flamingo,
data/thin/hq/flippers_PNG37454.jpg,Flippers,
data/thin/hq/flippers_PNG37457.jpg,Flippers,
data/thin/hq/flippers_PNG37458.jpg,Flippers,"Based on the visual information provided in the image, the main object is a piece of diving equipment designed for swimming.

The object is a flippers, which are used by divers to propel themselves through water.

Therefore, the correct class name from the list is:

Flippers"
data/thin/hq/flippers_PNG37461.jpg,Flippers,Flippers
data/thin/hq/flippers_PNG37473.jpg,Flippers,"Based on the visual information provided in the image, the main object is a diving fin.

The object is a black, flexible, and elongated device with a strap, which is characteristic of a diving fin used in swimming or diving. The fin has a series of holes on its sole, which are typically used for water flow and propulsion. The fin is also designed with a reinforced toe and heel area to provide stability and support.

Therefore, the correct class name is:

Flippers"
data/thin/hq/football_goal_PNG10.jpg,Football Goal,"Based on the image provided, the main object is a football goal.

The image shows a person in the foreground, viewed through the net of a football goal. The goal is the central structure that frames the scene.

Therefore, the correct class name is:

Football Goal"
data/thin/hq/football_goal_PNG12.jpg,Football Goal,"Based on the image provided, the main object is a cage. The cage is made of white wire mesh and contains a basket with flowers, and a small basket with a pink flower in it. The cage is positioned in the center of the image.

The class name for the main object is:
Cage"
data/thin/hq/football_goal_PNG13.jpg,Football Goal,"Based on the image provided, the main object is a giraffe.

Giraffe"
data/thin/hq/football_goal_PNG14.jpg,Football Goal,"Based on the image provided, the main object is a football goal.

The correct class name from the list is:
Football Goal"
data/thin/hq/football_goal_PNG15.jpg,Football Goal,Football Goal
data/thin/hq/football_goal_PNG17.jpg,Football Goal,
data/thin/hq/football_goal_PNG19.jpg,Football Goal,
data/thin/hq/football_goal_PNG22.jpg,Football Goal,
data/thin/hq/football_goal_PNG24.jpg,Football Goal,"Based on the image provided, the main object is a football goal. It is a white mesh structure with a circular orange base that appears to have a decorative pattern on it.

The correct class name from the list is:

Football Goal"
data/thin/hq/football_goal_PNG25.jpg,Football Goal,
data/thin/hq/football_goal_PNG26.jpg,Football Goal,
data/thin/hq/football_goal_PNG33.jpg,Football Goal,Cage
data/thin/hq/football_goal_PNG38.jpg,Football Goal,"Based on the visual information provided in the image, the main object is a football goal.

The object is a small, portable soccer goal with a white frame and a net. It is positioned in front of a chain-link fence, and the background appears to be outdoors with some foliage.

The correct class name from the list is:

Football Goal"
data/thin/hq/football_goal_PNG41.jpg,Football Goal,
data/thin/hq/football_goal_PNG7.jpg,Football Goal,
data/thin/hq/fork_PNG3051.jpg,Fork,The main object in the image is: Fork
data/thin/hq/fork_PNG3052.jpg,Fork,
data/thin/hq/fork_PNG3053.jpg,Fork,
data/thin/hq/fork_PNG3054.jpg,Fork,
data/thin/hq/fork_PNG3056.jpg,Fork,
data/thin/hq/fork_PNG3058.jpg,Fork,
data/thin/hq/fork_PNG3061.jpg,Fork,
data/thin/hq/fork_PNG3063.jpg,Fork,
data/thin/hq/fork_PNG3064.jpg,Fork,
data/thin/hq/fork_PNG3065.jpg,Fork,
data/thin/hq/fork_PNG3066.jpg,Fork,
data/thin/hq/fork_PNG3068.jpg,Fork,
data/thin/hq/frog_PNG35716.jpg,Frog,
data/thin/hq/frog_PNG35720.jpg,Frog,
data/thin/hq/frog_PNG35721.jpg,Frog,Frog
data/thin/hq/frog_PNG35727.jpg,Frog,
data/thin/hq/frog_PNG35729.jpg,Frog,
data/thin/hq/frog_PNG35730.jpg,Frog,
data/thin/hq/frog_PNG35734.jpg,Frog,
data/thin/hq/frog_PNG35735.jpg,Frog,
data/thin/hq/frog_PNG35738.jpg,Frog,
data/thin/hq/frog_PNG35739.jpg,Frog,
data/thin/hq/frog_PNG35740.jpg,Frog,
data/thin/hq/frog_PNG35741.jpg,Frog,
data/thin/hq/frog_PNG35742.jpg,Frog,
data/thin/hq/frog_PNG35746.jpg,Frog,"Based on the image provided, the main object is a frog.

Frog is the correct class from the list.

Frog"
data/thin/hq/frog_PNG35754.jpg,Frog,Frog
data/thin/hq/frog_PNG35756.jpg,Frog,Frog
data/thin/hq/frog_PNG35759.jpg,Frog,
data/thin/hq/frog_PNG35761.jpg,Frog,
data/thin/hq/frog_PNG35772.jpg,Frog,
data/thin/hq/frog_PNG35776.jpg,Frog,
data/thin/hq/frog_PNG3832.jpg,Frog,
data/thin/hq/frog_PNG3835.jpg,Frog,"Based on the image provided, the main object is a frog. It is a green frog with bright orange feet and red eyes, which is characteristic of the Red-eyed tree frog.

The correct class name from the list is:
Frog"
data/thin/hq/frog_PNG3837.jpg,Frog,
data/thin/hq/frog_PNG3838.jpg,Frog,
data/thin/hq/frog_PNG3839.jpg,Frog,
data/thin/hq/frog_PNG3840.jpg,Frog,"Based on the image provided, the main object is a large, green frog.

The correct class name from the list is:
Frog"
data/thin/hq/frog_PNG3841.jpg,Frog,
data/thin/hq/frog_PNG3843.jpg,Frog,
data/thin/hq/frog_PNG3845.jpg,Frog,
data/thin/hq/frog_PNG3846.jpg,Frog,
data/thin/hq/frog_PNG3847.jpg,Frog,
data/thin/hq/frying_pan_PNG8330.jpg,Frying Pan,"Based on the visual information provided in the image, the main object is a cooking pan.

The pan has a black, non-stick surface and a long, metallic handle. It is positioned on a dark wooden surface, with a blurred background of green grass and a dark sky.

Therefore, the correct class name from the list is:

Frying Pan"
data/thin/hq/frying_pan_PNG8331.jpg,Frying Pan,
data/thin/hq/frying_pan_PNG8336.jpg,Frying Pan,
data/thin/hq/frying_pan_PNG8337.jpg,Frying Pan,
data/thin/hq/frying_pan_PNG8338.jpg,Frying Pan,"Based on the image provided, the main object is a cooking pan.

The correct class name from the list is:
Frying Pan"
data/thin/hq/frying_pan_PNG8342.jpg,Frying Pan,"Based on the image provided, the main object is a cooking pan. It is a frying pan with a black, non-stick surface and a handle. The pan is shown outdoors, with a natural background.

The correct class name from the list is:

Frying Pan"
data/thin/hq/frying_pan_PNG8345.jpg,Frying Pan,"Based on the image provided, the main object is a cooking pan.

The correct class name from the list is:

Frying Pan"
data/thin/hq/frying_pan_PNG8346.jpg,Frying Pan,"Based on the image provided, the main object is a cooking pan with a red exterior and a black interior, and it has a black handle. This is a standard frying pan used for cooking.

The correct class name from the list is:

Frying Pan"
data/thin/hq/frying_pan_PNG8349.jpg,Frying Pan,"Based on the visual information in the image, the main object is a cooking pan.

The image shows a black frying pan with a non-stick coating and a red circular element on the bottom, which is characteristic of a T-fal brand pan. The pan is set against a background of green foliage.

The correct class name from the list provided is:

Frying Pan"
data/thin/hq/frying_pan_PNG8357.jpg,Frying Pan,"Based on the image provided, the main object is a cooking pan.

The correct class name from the list is:
Frying Pan"
data/thin/hq/frying_pan_PNG8359.jpg,Frying Pan,"Based on the provided image, the main object is a cooking pan.

The object in the image is a frying pan, which is a type of cooking pan. It is black, has a flat bottom, and a handle. It is resting on a green leafy surface, and there is a butterfly nearby.

Therefore, the correct class name from the list is:

Frying Pan"
data/thin/hq/frying_pan_PNG8360.jpg,Frying Pan,"Based on the visual information in the image, the main object is a cooking pan. This is evident from its characteristic features such as a black, non-stick interior, a handle, and the overall design typical of a frying pan.

Cooking Pan"
data/thin/hq/frying_pan_PNG8361.jpg,Frying Pan,"Based on the visual information in the image, the main object is a cooking pan.

The object has a black non-stick coating, a red exterior, and a handle. The presence of the Teflon logo on the bottom of the pan is a key identifying feature.

Therefore, the correct class name is:

Frying Pan"
data/thin/hq/frying_pan_PNG8362.jpg,Frying Pan,"Based on the image provided, the main object is a cooking pan.

The correct class name from the list is:
Frying Pan"
data/thin/hq/gas_mask_PNG1.jpg,Gas Mask,
data/thin/hq/gas_mask_PNG12.jpg,Gas Mask,
data/thin/hq/gas_mask_PNG13.jpg,Gas Mask,
data/thin/hq/gas_mask_PNG16.jpg,Gas Mask,
data/thin/hq/gas_mask_PNG18.jpg,Gas Mask,Gas Mask
data/thin/hq/gas_mask_PNG33.jpg,Gas Mask,
data/thin/hq/gas_mask_PNG43.jpg,Gas Mask,
data/thin/hq/giraffe_PNG13518.jpg,Giraffe,
data/thin/hq/giraffe_PNG13522.jpg,Giraffe,
data/thin/hq/giraffe_PNG13525.jpg,Giraffe,
data/thin/hq/giraffe_PNG13534.jpg,Giraffe,"Based on the provided image, the main object is a giraffe.

The correct class name from the list is:
Giraffe"
data/thin/hq/giraffe_PNG13539.jpg,Giraffe,
data/thin/hq/glider_PNG24.jpg,Glider,
data/thin/hq/glider_PNG6.jpg,Glider,
data/thin/hq/goat_PNG13150.jpg,Goat,
data/thin/hq/goat_PNG13151.jpg,Goat,
data/thin/hq/golden_cup_PNG14537.jpg,Golden Cup,"Based on the visual information provided in the image, the main object is a golden trophy.

The correct class name from the list is:
Golden Cup"
data/thin/hq/golden_cup_PNG14538.jpg,Golden Cup,
data/thin/hq/golden_cup_PNG14539.jpg,Golden Cup,
data/thin/hq/golden_cup_PNG14542.jpg,Golden Cup,
data/thin/hq/golden_cup_PNG14547.jpg,Golden Cup,Golden Cup
data/thin/hq/golden_cup_PNG14548.jpg,Golden Cup,
data/thin/hq/golden_cup_PNG14549.jpg,Golden Cup,Golden Cup
data/thin/hq/golden_cup_PNG14550.jpg,Golden Cup,
data/thin/hq/golden_cup_PNG14551.jpg,Golden Cup,
data/thin/hq/golden_cup_PNG14559.jpg,Golden Cup,
data/thin/hq/golden_cup_PNG14569.jpg,Golden Cup,
data/thin/hq/golden_cup_PNG14571.jpg,Golden Cup,
data/thin/hq/golden_cup_PNG14575.jpg,Golden Cup,
data/thin/hq/grasshopper_PNG11.jpg,Grasshopper,"Based on the image provided, the main object is a green insect.

From the given list of classes, the correct identification is:

Grasshopper"
data/thin/hq/grasshopper_PNG13.jpg,Grasshopper,"Based on the image provided, the main object is a grasshopper.

The correct class name from the list is:
Grasshopper"
data/thin/hq/grasshopper_PNG18.jpg,Grasshopper,"Based on the image provided, the main object is a grasshopper.

The correct class name from the list is:
Grasshopper"
data/thin/hq/grasshopper_PNG20.jpg,Grasshopper,
data/thin/hq/grasshopper_PNG32.jpg,Grasshopper,"Based on the image provided, the main object is a large, green insect that appears to be a grasshopper, captured in mid-air as it jumps over the ocean waves. The image is a digitally manipulated photo, where the grasshopper is superimposed on a scene of people surfing.

The most accurate class from the list that describes this object is:

Grasshopper"
data/thin/hq/grasshopper_PNG4.jpg,Grasshopper,"Based on the image provided, the main object is a green insect with long legs and a large body, which is characteristic of a grasshopper.

From the given list of classes, the correct identification is:

Grasshopper"
data/thin/hq/grasshopper_PNG40.jpg,Grasshopper,"Based on the image provided, the main object is a large, green insect with long legs and prominent antennae. This is a type of grasshopper, specifically a species of grasshopper that is known for its bright coloration.

From the list of classes provided, the correct identification is:

Grasshopper"
data/thin/hq/grasshopper_PNG44.jpg,Grasshopper,Grasshopper
data/thin/hq/grasshopper_PNG6.jpg,Grasshopper,"Based on the visual information in the image, the main object is a large, detailed grasshopper. It is prominently displayed in the center of the image, with its long legs and antennae clearly visible. The grasshopper is positioned in front of a clock and appears to be hanging from the ceiling of a structure, possibly a train station.

The correct class name from the list is:

Grasshopper"
data/thin/hq/grasshopper_PNG7.jpg,Grasshopper,"Based on the image provided, the main object is a large grasshopper being held by a person.

The correct class name from the list is:

Grasshopper"
data/thin/hq/grasshopper_PNG9.jpg,Grasshopper,"Based on the visual evidence in the image, the main object is a grasshopper. The creature has the characteristic features of a grasshopper, including its long legs, antennae, and the segmented body.

Therefore, the correct class name is:

Grasshopper"
data/thin/hq/grenade_launcher_PNG15324.jpg,Grenade Launcher,"Based on the image provided, the main object is a large, cylindrical weapon with a mounted scope and a pistol grip. This is characteristic of a **Grenade Launcher**.

- The object is designed to launch a grenade.
- It has a long barrel and a handle, which are typical features of a grenade launcher.
- The presence of a scope (a device used for aiming) further supports this identification.

Therefore, the correct class name is:

Grenade Launcher"
data/thin/hq/grenade_launcher_PNG15327.jpg,Grenade Launcher,"Based on the visual information in the image, the main object is a firearm. It is a modern, black, semi-automatic grenade launcher with a long barrel and a scope, and it is lying on a gravel surface. The object is clearly identifiable as a weapon.

Grenade Launcher"
data/thin/hq/grenade_launcher_PNG15330.jpg,Grenade Launcher,"Based on the image provided, the main object is a large, black, cylindrical device with a handle and a barrel, which is characteristic of a grenade launcher. This is a common type of weapon used for delivering explosive projectiles.

The correct class name from the list is:

Grenade Launcher"
data/thin/hq/grenade_launcher_PNG15334.jpg,Grenade Launcher,
data/thin/hq/grenade_launcher_PNG15335.jpg,Grenade Launcher,"Based on the image provided, the main object is a grenade launcher. It has a distinctive design with a long barrel and a handgrip, and the label on the side indicates it is a ""M134"" model. The object is also equipped with a scope and a safety lever.

The correct class name from the list is:

Grenade Launcher"
data/thin/hq/grenade_launcher_PNG15338.jpg,Grenade Launcher,
data/thin/hq/grenade_launcher_PNG15340.jpg,Grenade Launcher,"Based on the visual information in the image, the main object is a large, detailed model of a firearm. The object is gray, has a complex design with a barrel, a magazine, and what appears to be a suppressor or a similar attachment, and is positioned on a white, textured surface that resembles a cake.

Given the options provided, the most accurate class for this object is:

Gun"
data/thin/hq/grill_PNG13937.jpg,Grill,
data/thin/hq/grill_PNG13938.jpg,Grill,"Based on the visual information provided in the image, the main object is a grill.

- The image features a black, portable grill with a side shelf and wheels, which is a common type of outdoor cooking appliance.
- The grill is positioned in a natural setting, possibly a zoo enclosure, with a large animal (a panda) nearby.
- The grill is the central focus of the image, with the panda and the surrounding environment serving as secondary elements.

Therefore, the most accurate class name from the"
data/thin/hq/grill_PNG13939.jpg,Grill,
data/thin/hq/grill_PNG13942.jpg,Grill,
data/thin/hq/grill_PNG13944.jpg,Grill,
data/thin/hq/grill_PNG13947.jpg,Grill,
data/thin/hq/gun_PNG1353.jpg,Gun,
data/thin/hq/gun_PNG1354.jpg,Gun,
data/thin/hq/gun_PNG1355.jpg,Gun,
data/thin/hq/gun_PNG1357.jpg,Gun,
data/thin/hq/gun_PNG1358.jpg,Gun,
data/thin/hq/gun_PNG1360.jpg,Gun,
data/thin/hq/gun_PNG1363.jpg,Gun,Gun
data/thin/hq/gun_PNG1371.jpg,Gun,
data/thin/hq/gun_PNG1373.jpg,Gun,
data/thin/hq/gun_PNG1374.jpg,Gun,
data/thin/hq/gun_PNG1377.jpg,Gun,
data/thin/hq/gun_PNG1378.jpg,Gun,
data/thin/hq/gun_PNG1379.jpg,Gun,"Based on the visual information in the image, the main object is a firearm. Specifically, it appears to be a semi-automatic pistol with a wooden grip and a metallic body, characteristic of a Mauser C96 or a similar model from the early 20th century.

The class name for this object is:

Gun"
data/thin/hq/gun_PNG1381.jpg,Gun,"Based on the image provided, the main object is a revolver.

The correct class name from the list is:
Gun"
data/thin/hq/gun_PNG1384.jpg,Gun,Gun
data/thin/hq/gun_PNG1385.jpg,Gun,Gun
data/thin/hq/gun_PNG1386.jpg,Gun,
data/thin/hq/gun_PNG1389.jpg,Gun,
data/thin/hq/hairbrush_PNG105.jpg,Hairbrush,"Based on the visual information in the image, the main object is a hairbrush.

The object has a long handle with a brand name ""Perfecthair"" on it, and the bristles are arranged in a curved pattern, which is characteristic of a specific type of hairbrush.

Therefore, the correct class name is:

Hairbrush"
data/thin/hq/hairbrush_PNG107.jpg,Hairbrush,"Based on the image provided, the main object is a hairbrush.

The image features a hairbrush with a light green handle and a white bristle head. The brand name ""Wet"" is visible on the handle. The background shows a rhinoceros, which is a large animal, but the hairbrush is the central focus of the image.

Therefore, the correct class name from the list is:

Hairbrush"
data/thin/hq/hairbrush_PNG110.jpg,Hairbrush,"Based on the image provided, the main object is a hairbrush.

The correct class name from the list is:
Comb"
data/thin/hq/hairbrush_PNG134.jpg,Hairbrush,
data/thin/hq/hairbrush_PNG135.jpg,Hairbrush,
data/thin/hq/hairbrush_PNG136a.jpg,Hairbrush,"Based on the image provided, the main object is a chair with a leopard print fabric and a wooden frame. This type of chair is commonly known as a ""leopard print chair"" or ""leopard print armchair.""

From the given list of classes, the most accurate choice is:

Chair"
data/thin/hq/hairbrush_PNG136d.jpg,Hairbrush,
data/thin/hq/hairbrush_PNG136f.jpg,Hairbrush,
data/thin/hq/hairbrush_PNG138.jpg,Hairbrush,"Based on the visual information provided in the image, the main object is a hairbrush.

The image displays a wooden-handled hairbrush with bristles, resting on a blue fabric background. This is a common type of grooming tool used for styling hair.

Therefore, the correct class name is:

Comb"
data/thin/hq/hairbrush_PNG140.jpg,Hairbrush,"Based on the visual information in the image, the main object is a hairbrush.

The object has a wooden handle and bristles that appear to be made of natural hair, with a distinct oval shape and a rounded tip.

Therefore, the correct class name is:

Hairbrush"
data/thin/hq/hairbrush_PNG145.jpg,Hairbrush,
data/thin/hq/hairbrush_PNG146.jpg,Hairbrush,
data/thin/hq/hairbrush_PNG152.jpg,Hairbrush,
data/thin/hq/hairbrush_PNG154.jpg,Hairbrush,
data/thin/hq/hairbrush_PNG157.jpg,Hairbrush,"Based on the visual information in the image, the main object is a hairbrush.

The object has a purple handle with a ""Wet"" logo, a black bristle head, and is positioned against a blurred outdoor background.

Therefore, the correct class name is:

Hairbrush"
data/thin/hq/hairbrush_PNG162.jpg,Hairbrush,
data/thin/hq/hairbrush_PNG20.jpg,Hairbrush,
data/thin/hq/hairbrush_PNG47.jpg,Hairbrush,
data/thin/hq/hairbrush_PNG53.jpg,Hairbrush,
data/thin/hq/hairbrush_PNG63.jpg,Hairbrush,"Based on the visual information in the image, the main object is a hairbrush.

- The object is prominently displayed in the foreground, in the center of the image.
- It is a large, blue hairbrush with a wide, orange bristle head.
- The brand name ""TOOAM"" is visible on the handle.
- The background is a black-and-white photograph of people on a street, which makes the hairbrush stand out as the central focus.

Therefore, the correct class name"
data/thin/hq/hairbrush_PNG64.jpg,Hairbrush,"Based on the visual information in the image, the main object is a large, red hairbrush with a pink bristle head. This object is clearly the central focus of the photograph.

The correct class name from the list is:

Hairbrush"
data/thin/hq/hairbrush_PNG65.jpg,Hairbrush,
data/thin/hq/hairbrush_PNG78.jpg,Hairbrush,"Based on the visual information in the image, the main object is a hairbrush.

The image displays a large, dark-colored hairbrush with a wide head and a handle. It is positioned in the foreground, and its design suggests it is a large, possibly ergonomic, brush. The background shows a person walking on a rocky surface, which contrasts with the brush.

Therefore, the correct class name is:

Hairbrush"
data/thin/hq/hairbrush_PNG81.jpg,Hairbrush,
data/thin/hq/hammer_PNG1122.jpg,Hammer,"Based on the image provided, the main object is a hammer.

The correct class name from the list is:
Hammer"
data/thin/hq/hammer_PNG1124.jpg,Hammer,
data/thin/hq/hammer_PNG1127.jpg,Hammer,
data/thin/hq/hammer_PNG1131.jpg,Hammer,
data/thin/hq/hammer_PNG1132.jpg,Hammer,
data/thin/hq/hammer_PNG1134.jpg,Hammer,
data/thin/hq/hammer_PNG1138.jpg,Hammer,"Based on the visual information provided in the image, the main object is a hammer.

The object has a metal head with a flat striking face and a wooden handle, which is partially painted red. The label on the handle appears to be a brand name.

Therefore, the correct class name from the list is:

Hammer"
data/thin/hq/hammer_PNG1140.jpg,Hammer,
data/thin/hq/hammer_PNG3888.jpg,Hammer,
data/thin/hq/hammer_PNG3889a.jpg,Hammer,
data/thin/hq/hammer_PNG3889b.jpg,Hammer,
data/thin/hq/hammer_PNG3891.jpg,Hammer,
data/thin/hq/hammock_PNG1.jpg,Hammock,"Based on the image provided, the main object is a hammock.

The image shows a grey hammock suspended over a pile of oranges. The hammock is the central focus and is positioned in the center of the frame.

Therefore, the correct class name is:

Hammock"
data/thin/hq/hammock_PNG12.jpg,Hammock,"Based on the visual information in the image, the main object is a hammock.

The hammock is the central focus of the image, hanging in a room and featuring a distinct design with a yellow and orange color scheme and a logo on it. It is suspended between two points, likely by ropes or straps, and appears to be a recreational or camping-style hammock.

The correct class name from the list provided is:

Hammock"
data/thin/hq/hammock_PNG18.jpg,Hammock,The main object in the image is a hammock.
data/thin/hq/hammock_PNG19.jpg,Hammock,"Based on the visual information in the image, the main object is a hammock.

The correct class name from the list is:
Hammock"
data/thin/hq/hammock_PNG2.jpg,Hammock,"Based on the image provided, the main object is a hammock.

The object in the image is a hammock, which is a type of portable seating or sleeping device. It is made of a dark, mesh-like fabric and is suspended between two points, likely a wall and a support structure.

The correct class name from the list is:

Hammock"
data/thin/hq/hammock_PNG23.jpg,Hammock,"Based on the visual information provided in the image, the main object is a hammock.

The object is a colorful, striped hammock hanging from a ceiling or a structure, with its ends tied to a support. It is suspended in the air, indicating it is not being used for sleeping but rather is a decorative or functional piece of outdoor furniture.

The correct class name from the list is:

Hammock"
data/thin/hq/hammock_PNG3.jpg,Hammock,"Based on the image provided, the main object is a hammock.

Hammock"
data/thin/hq/hammock_PNG32.jpg,Hammock,"Based on the image provided, the main object is a person riding a horse. The most appropriate class from the list for this object is:

Horse"
data/thin/hq/hammock_PNG33.jpg,Hammock,"Based on the image provided, the main object is a hammock. It is suspended between two points and is hanging over the head of a horse.

The correct class name from the list is:

Hammock"
data/thin/hq/hammock_PNG37.jpg,Hammock,"Based on the visual information in the image, the main object is a hammock.

The correct class name from the list is:
Hammock"
data/thin/hq/hammock_PNG39.jpg,Hammock,"Based on the visual information provided in the image, the main object is a hammock.

The hammock is characterized by its red and black color scheme and is hanging from a dark, textured surface, possibly a truck bed. The image is taken from a low angle, focusing on the hammock.

The correct class name from the list is:
Hammock"
data/thin/hq/hammock_PNG4.jpg,Hammock,"Based on the image provided, the main object is a hammock.

Hammock"
data/thin/hq/hammock_PNG41.jpg,Hammock,"Based on the image provided, the main object is a hammock.

The object is a hammock, which is a type of portable seating or sleeping device that is typically made of fabric and suspended between two points. It is shown in a bright yellow and black color scheme, with a visible suspension mechanism.

Therefore, the correct class name is:

Hammock"
data/thin/hq/hammock_PNG43.jpg,Hammock,
data/thin/hq/hammock_PNG45.jpg,Hammock,"Based on the image provided, the main object is a hammock.

The correct class name from the list is:
Hammock"
data/thin/hq/hammock_PNG48.jpg,Hammock,
data/thin/hq/hammock_PNG49.jpg,Hammock,
data/thin/hq/hammock_PNG50.jpg,Hammock,
data/thin/hq/hammock_PNG61.jpg,Hammock,
data/thin/hq/hammock_PNG63.jpg,Hammock,"Based on the image provided, the main object is a hammock.

The correct class name from the list is:
Hammock"
data/thin/hq/hammock_PNG64.jpg,Hammock,"Based on the visual information in the image, the main object is a hammock.

The image shows a fabric hammock with a colorful, patterned design, suspended by two black ropes. The hammock is the central focus of the photograph.

Hammock"
data/thin/hq/hammock_PNG65.jpg,Hammock,
data/thin/hq/hammock_PNG7.jpg,Hammock,"Based on the image provided, the main object is a hammock.

Hammock"
data/thin/hq/hammock_PNG9.jpg,Hammock,"Based on the image provided, the main object is a hammock.

Hammock"
data/thin/hq/hand_saw_PNG9530.jpg,Hand Saw,
data/thin/hq/hand_saw_PNG9531.jpg,Hand Saw,
data/thin/hq/hand_saw_PNG9532.jpg,Hand Saw,Hand Saw
data/thin/hq/hand_saw_PNG9541.jpg,Hand Saw,Hand Saw
data/thin/hq/hand_saw_PNG9545.jpg,Hand Saw,"Based on the visual information in the image, the main object is a hand saw.

The object has a long, straight blade with teeth, a yellow and black handle, and is positioned against a blurred green background.

This object is a hand saw.

Hand Saw"
data/thin/hq/hand_saw_PNG9549.jpg,Hand Saw,
data/thin/hq/handcuffs_PNG12.jpg,Handcuffs,"Based on the visual information provided in the image, the main object is a pair of handcuffs.

The correct class name from the list is:
Handcuffs"
data/thin/hq/handcuffs_PNG13.jpg,Handcuffs,"Based on the visual information in the image, the main object is a pair of handcuffs. The image shows a close-up of two metal handcuffs with a chain connecting them, and the background appears to be water with reflections.

The correct class name from the list provided is:

Handcuffs"
data/thin/hq/handcuffs_PNG14.jpg,Handcuffs,"Based on the image provided, the main object is a pair of handcuffs. They are prominently displayed in the foreground, with one handcuff resting on a wooden chair and the other on the ground. The handcuffs are made of metal and are attached to a chain that goes around the chair.

Therefore, the correct class name is:

Handcuffs"
data/thin/hq/handcuffs_PNG16.jpg,Handcuffs,
data/thin/hq/handcuffs_PNG18a.jpg,Handcuffs,"Based on the visual information in the image, the main object is a **Shopping Cart**. The image shows a cardboard box with a white ribbon tied around it, and a small portion of a shopping cart is visible at the bottom right. The cart appears to be made of a light-colored material, possibly plastic or metal, and has a handle.

The most prominent object in the image is the shopping cart, which is partially visible in the lower right corner. The rest of the image shows a cardboard"
data/thin/hq/handcuffs_PNG1a.jpg,Handcuffs,
data/thin/hq/handcuffs_PNG1b.jpg,Handcuffs,"Based on the image provided, the main object is a chicken.

The image shows a close-up of a chicken, with its head and neck in focus. The chicken has a red comb and wattles, and its eye is visible. A key is also visible, hanging from the chicken's neck, but the primary subject is the bird.

Therefore, the correct class name is:

Chicken"
data/thin/hq/handcuffs_PNG22.jpg,Handcuffs,
data/thin/hq/handcuffs_PNG25.jpg,Handcuffs,
data/thin/hq/handcuffs_PNG3.jpg,Handcuffs,"Based on the image provided, the main object is a pair of handcuffs.

The correct class name from the list is:
Handcuffs"
data/thin/hq/handcuffs_PNG30.jpg,Handcuffs,The main object in the image is: Handcuffs
data/thin/hq/handcuffs_PNG31.jpg,Handcuffs,
data/thin/hq/handcuffs_PNG34.jpg,Handcuffs,
data/thin/hq/handcuffs_PNG35.jpg,Handcuffs,
data/thin/hq/handcuffs_PNG38.jpg,Handcuffs,
data/thin/hq/handcuffs_PNG44.jpg,Handcuffs,
data/thin/hq/handcuffs_PNG47.jpg,Handcuffs,
data/thin/hq/handcuffs_PNG48.jpg,Handcuffs,
data/thin/hq/handcuffs_PNG52.jpg,Handcuffs,
data/thin/hq/handcuffs_PNG55.jpg,Handcuffs,
data/thin/hq/handcuffs_PNG8.jpg,Handcuffs,The main object in the image is handcuffs.
data/thin/hq/handcuffs_PNG9.jpg,Handcuffs,
data/thin/hq/harp_PNG1.jpg,Harp,The main object in the image is Harp.
data/thin/hq/harp_PNG12.jpg,Harp,"Based on the visual information provided in the image, the main object is a harp.

The harp is characterized by its distinctive orange color, the intricate pattern of strings on its neck, and its overall structure, which is typical of a stringed musical instrument. The background consists of large green leaves, which serve as a natural backdrop but do not obscure the harp.

The harp is the central focus of the image, and its features are clearly visible. Therefore, the correct class name is"
data/thin/hq/harp_PNG21.jpg,Harp,"Based on the image provided, the main object is a harp. The harp is prominently displayed in the foreground, with its golden-colored body and strings clearly visible.

The correct class name from the list is:

Harp"
data/thin/hq/harp_PNG26.jpg,Harp,"Based on the image provided, the main object is a harp. The object has a distinctive wooden frame, strings, and a curved neck, which are characteristic features of a harp.

Harp

The correct class name from the list is:
Harp"
data/thin/hq/harp_PNG30.jpg,Harp,Harp
data/thin/hq/harp_PNG32.jpg,Harp,The main object in the image is: Harp
data/thin/hq/harp_PNG4.jpg,Harp,"Based on the visual information provided in the image, the main object is a musical instrument.

The object has a distinctive shape with a curved neck, a body, and a set of strings. It is also characterized by its golden or brass-colored finish. This is a harp.

Harp"
data/thin/hq/harp_PNG8.jpg,Harp,
data/thin/hq/headphones_PNG7634.jpg,Headphones,"Based on the image provided, the main object is a pair of headphones.

The correct class name from the list is:

Headphones"
data/thin/hq/hedgehog_PNG11.jpg,Hedgehog,
data/thin/hq/hedgehog_PNG13.jpg,Hedgehog,
data/thin/hq/hedgehog_PNG16.jpg,Hedgehog,
data/thin/hq/hedgehog_PNG9.jpg,Hedgehog,
data/thin/hq/helicopter_PNG5300.jpg,Helicopter,
data/thin/hq/helicopter_PNG5301.jpg,Helicopter,
data/thin/hq/helicopter_PNG5302.jpg,Helicopter,
data/thin/hq/helicopter_PNG5306.jpg,Helicopter,"Based on the visual evidence in the image, the main object is a model helicopter. It is a small, dark-colored toy, likely made of plastic, with visible rotors and a cockpit. The helicopter is positioned in the center of the frame, hanging from a wooden beam above a person's head.

The most accurate class name from the list provided is:

Helicopter"
data/thin/hq/helicopter_PNG5311.jpg,Helicopter,"Based on the visual information in the image, the main object is a toy helicopter.

The object is a red and white model helicopter with the number ""N1900"" visible on its side. It is positioned on a grassy field, and there appears to be a dog or a similar animal partially visible beneath it.

The most accurate class from the provided list that describes this object is:

Helicopter"
data/thin/hq/helicopter_PNG5312.jpg,Helicopter,The main object in the image is: Helicopter
data/thin/hq/helicopter_PNG5313.jpg,Helicopter,"Based on the image provided, the main object is a helicopter.

The correct class name from the list is:
Helicopter"
data/thin/hq/helicopter_PNG5315.jpg,Helicopter,"Based on the image provided, the main object is a model of a helicopter. It is predominantly white and blue with ""DENVER POLICE"" written on the side. The helicopter is mounted on a green base, possibly a display stand.

The correct class name from the list is:

Helicopter"
data/thin/hq/helicopter_PNG80002.jpg,Helicopter,"Based on the image provided, the main object is a black helicopter.

The correct class name from the list is:
Helicopter"
data/thin/hq/helicopter_PNG80006.jpg,Helicopter,"Based on the visual information provided in the image, the main object is a helicopter.

The image shows a helicopter with a greenish-grey body, a large rotor on top, and a tail rotor. The background is a blur of green foliage, indicating it is flying over or near trees.

The correct class name from the list provided is:

Helicopter"
data/thin/hq/helicopter_PNG80008.jpg,Helicopter,"Based on the visual information in the image, the main object is a helicopter.

The image shows a yellow and black helicopter with a red tail, positioned in front of a sign with safety instructions. The helicopter is the central focus of the image.

Therefore, the correct class name is:

Helicopter"
data/thin/hq/helicopter_PNG80016.jpg,Helicopter,"Based on the image provided, the main object is a helicopter.

The object has a distinct design with two rotors, one on top and one on the bottom, which is characteristic of a helicopter. The aircraft is also painted in a grayish color and has a visible red star on its tail, which is a common feature of certain military helicopters.

Looking at the provided list of classes, the most accurate match for the object in the image is:

Helicopter"
data/thin/hq/helicopter_PNG80017.jpg,Helicopter,"Based on the visual information in the image, the main object is a model of a helicopter.

The image shows a detailed model of a helicopter in flight, with its rotors spinning and its body angled as if in motion. The model is painted in a camouflage pattern and is positioned against a brick building. The object is clearly identifiable as a helicopter.

The correct class name from the list provided is:

Helicopter"
data/thin/hq/helicopter_PNG80033.jpg,Helicopter,
data/thin/hq/helicopter_PNG80039.jpg,Helicopter,"Based on the visual information in the image, the main object is a model of a helicopter.

The correct class name from the list is:
Helicopter"
data/thin/hq/helicopter_PNG80040.jpg,Helicopter,"Based on the image provided, the main object is a helicopter.

The correct class name from the list is:
Helicopter"
data/thin/hq/helicopter_PNG80041.jpg,Helicopter,"Based on the visual information in the image, the main object is a model of a helicopter.

The object is a model helicopter, which is a type of aircraft. The specific model appears to be a small, toy-like helicopter with a red and white body, a blue stripe, and a tail rotor. It is positioned on a wooden surface, likely a table or a display stand, with a wooden chair visible in the background.

The class name for the main object is:
Helicopter"
data/thin/hq/helicopter_PNG80043.jpg,Helicopter,"Based on the image provided, the main object is a model helicopter.

The correct class name from the list is:

Helicopter"
data/thin/hq/helicopter_PNG80044.jpg,Helicopter,"Based on the visual information in the image, the main object is a model helicopter.

The correct class name from the list is:
Helicopter"
data/thin/hq/helicopter_PNG80045.jpg,Helicopter,The main object in the image is a Helicopter.
data/thin/hq/helicopter_PNG80046.jpg,Helicopter,"Based on the image provided, the main object is a helicopter.

The correct class name from the list is:
Helicopter"
data/thin/hq/helicopter_PNG80048.jpg,Helicopter,"Based on the visual information provided in the image, the main object is a helicopter.

The image shows a white and blue helicopter with the registration number ""N417PR"" on its side. It is positioned in a dynamic scene, with a large fire and a yellow beam of light visible in the background, suggesting it might be in the process of firefighting or emergency response. The helicopter's rotor blades are in motion, and it is flying at a low altitude.

The object is clearly identifiable"
data/thin/hq/helicopter_PNG80049.jpg,Helicopter,The main object in the image is: Helicopter
data/thin/hq/helicopter_PNG80050.jpg,Helicopter,
data/thin/hq/helicopter_PNG80051.jpg,Helicopter,"Based on the image provided, the main object is a helicopter. It is red and white, with a person visible inside the cabin, and is flying over a green grassy field.

The correct class name from the list is:

Helicopter"
data/thin/hq/helicopter_PNG80060.jpg,Helicopter,
data/thin/hq/helicopter_PNG80061.jpg,Helicopter,The main object in the image is a Helicopter.
data/thin/hq/helicopter_PNG80062.jpg,Helicopter,"Based on the image provided, the main object is a red helicopter in flight.

From the given list of classes, the correct identification is:

Helicopter"
data/thin/hq/helicopter_PNG80066.jpg,Helicopter,"Based on the image provided, the main object is a helicopter.

The correct class name from the list is:
Helicopter"
data/thin/hq/helicopter_PNG80072.jpg,Helicopter,"Based on the visual information in the image, the main object is a helicopter. It has a camouflage paint scheme and is shown in flight against a blurred background of foliage.

The correct class name from the list is:

Helicopter"
data/thin/hq/helicopter_PNG80079.jpg,Helicopter,
data/thin/hq/helicopter_PNG80087.jpg,Helicopter,
data/thin/hq/helicopter_PNG80088.jpg,Helicopter,"Based on the visual information in the image, the main object is a helicopter.

The correct class name from the list is:
Helicopter"
data/thin/hq/helicopter_PNG80093.jpg,Helicopter,Helicopter
data/thin/hq/helicopter_PNG80095.jpg,Helicopter,"Based on the image provided, the main object is a model of a helicopter.

The object is a detailed model of a military helicopter, specifically resembling an Apache attack helicopter. It is displayed on a wooden stand, and the model is clearly visible.

The correct class name from the list is:

Helicopter"
data/thin/hq/helicopter_PNG80097.jpg,Helicopter,The main object in the image is a Helicopter.
data/thin/hq/helicopter_PNG80098.jpg,Helicopter,"Based on the image provided, the main object is a helicopter.

The correct class name from the list is:
Helicopter"
data/thin/hq/helicopter_PNG80105.jpg,Helicopter,"Based on the visual information in the image, the main object is a toy helicopter. It is a small, green and grey model helicopter with a propeller, positioned in front of a plush toy that resembles a white and red character. The helicopter is clearly the central focus of the image.

The correct class name from the list is:

Helicopter"
data/thin/hq/helicopter_PNG80110.jpg,Helicopter,The main object in the image is a Helicopter.
data/thin/hq/horseshoe_PNG34.jpg,Horseshoe,
data/thin/hq/horseshoe_PNG5.jpg,Horseshoe,
data/thin/hq/horseshoe_PNG52.jpg,Horseshoe,
data/thin/hq/horseshoe_PNG57.jpg,Horseshoe,
data/thin/hq/horseshoe_PNG58.jpg,Horseshoe,
data/thin/hq/horseshoe_PNG6.jpg,Horseshoe,
data/thin/hq/horseshoe_PNG61.jpg,Horseshoe,
data/thin/hq/horseshoe_PNG7.jpg,Horseshoe,
data/thin/hq/horseshoe_PNG8.jpg,Horseshoe,
data/thin/hq/ice_axe_PNG10.jpg,Ice Axe,"Based on the visual information in the image, the main object is an ice axe. It has a bright orange shaft and a black grip, with a metallic head that includes a pick and an ice axe blade.

The correct class name from the list is:

Ice Axe"
data/thin/hq/ice_axe_PNG14.jpg,Ice Axe,
data/thin/hq/ice_axe_PNG15.jpg,Ice Axe,
data/thin/hq/ice_axe_PNG22.jpg,Ice Axe,"Based on the visual information in the image, the main object is an ice axe.

An ice axe is a tool used by climbers, particularly in mountaineering and ice climbing, to climb steep, icy slopes. It is characterized by its long shaft and a sharp, pointed tip designed to dig into ice or snow.

The object in the image matches this description, with its orange shaft, black handle, and the characteristic axe head. The background, which appears to be a snowy or icy landscape,"
data/thin/hq/ice_axe_PNG23a.jpg,Ice Axe,
data/thin/hq/ice_axe_PNG25.jpg,Ice Axe,"Based on the visual information provided in the image, the main object is an ice axe.

The image shows a close-up of a green ice axe with a black handle, resting on a light-colored, textured surface. The axe has a distinct design with a curved blade and a hook at the end of the handle, which is characteristic of an ice axe used for climbing and ice fishing.

Therefore, the correct class name is:

Ice Axe"
data/thin/hq/ice_axe_PNG36.jpg,Ice Axe,"Based on the image provided, the main object is an ice axe.

The object has a distinctive blue and black handle, a curved shaft, and a hook at the end, which are characteristic features of an ice axe used for climbing and ice extraction. The background appears to be a blurred, possibly icy or rocky environment, further supporting the identification.

Therefore, the correct class name is:

Ice Axe"
data/thin/hq/ice_axe_PNG37.jpg,Ice Axe,
data/thin/hq/ice_axe_PNG38.jpg,Ice Axe,
data/thin/hq/ice_axe_PNG39.jpg,Ice Axe,
data/thin/hq/ice_axe_PNG47.jpg,Ice Axe,
data/thin/hq/ice_axe_PNG49.jpg,Ice Axe,
data/thin/hq/ice_axe_PNG51.jpg,Ice Axe,
data/thin/hq/ice_axe_PNG52.jpg,Ice Axe,"Based on the image provided, the main object is an ice axe. It is characterized by its long orange shaft, a silver-colored metal head with a sharp edge, and a visible blue and white label on the shaft.

The correct class name from the list is:
Ice Axe"
data/thin/hq/ice_axe_PNG53.jpg,Ice Axe,
data/thin/hq/ice_axe_PNG54.jpg,Ice Axe,"Based on the visual information in the image, the main object is an ice axe.

An ice axe is a specialized climbing tool used in mountaineering and ice climbing. It has a long, thin shaft with a sharp, angled tip for digging into ice and a claw or hook at the end for pulling oneself up or for climbing. The image shows a red and black ice axe with a handle and a head, which are characteristic features of an ice axe.

Therefore, the correct class name is:"
data/thin/hq/ice_axe_PNG55.jpg,Ice Axe,"Based on the image provided, the main object is an ice axe.

The object has a distinctive design with a bright green shaft, a black handle, and a metal tip with a hook. It is also equipped with a strap, which is typical for ice axes used in climbing or mountaineering.

The correct class name from the list is:

Ice Axe"
data/thin/hq/ice_axe_PNG58.jpg,Ice Axe,
data/thin/hq/ice_axe_PNG6.jpg,Ice Axe,"Based on the image provided, the main object is an ice axe.

The object has a red shaft, a black handle, and a metal head with a blade. It is also attached to a black strap, which is typical for an ice axe used in mountaineering.

The correct class name from the list is:
Ice Axe"
data/thin/hq/ice_axe_PNG7.jpg,Ice Axe,
data/thin/hq/ice_axe_PNG8.jpg,Ice Axe,"Based on the image provided, the main object is an ice axe.

The image shows a close-up of a black ice axe with a silver-colored head and a white logo on the shaft. The axe is being held by a person, and the background is a blurred outdoor scene with grass and a sky.

The correct class name from the list is:

Ice Axe"
data/thin/hq/iron_PNG15526.jpg,Iron,
data/thin/hq/iron_PNG15527.jpg,Iron,
data/thin/hq/iron_PNG15536.jpg,Iron,"Based on the image provided, the main object is an iron.

The object in the image is a black and silver iron, which is a common household appliance used for ironing clothes. The brand name ""BOSCH"" is visible on the side of the iron.

Therefore, the correct class name is:

Iron"
data/thin/hq/iron_PNG15547.jpg,Iron,
data/thin/hq/iron_PNG15560.jpg,Iron,
data/thin/hq/iron_PNG15563.jpg,Iron,
data/thin/hq/iron_PNG15565.jpg,Iron,
data/thin/hq/iron_PNG15566.jpg,Iron,
data/thin/hq/iron_PNG15567.jpg,Iron,
data/thin/hq/iron_PNG15568.jpg,Iron,
data/thin/hq/jail_PNG10.jpg,Jail,Cage
data/thin/hq/jail_PNG36.jpg,Jail,"Based on the image provided, the main object is a jail cell. The image shows a view through a metal cage, which is a common feature in a jail or prison. The cage is the central focus of the image, with the bars and the structure of the cell clearly visible.

The correct class name from the list is:

Jail"
data/thin/hq/jail_PNG38.jpg,Jail,
data/thin/hq/jail_PNG39.jpg,Jail,
data/thin/hq/jail_PNG40.jpg,Jail,
data/thin/hq/jail_PNG45.jpg,Jail,"Based on the image provided, the main object is a white metal cage with vertical bars, which appears to be a barrier or enclosure. The cage is in the foreground and is the most prominent feature of the image.

The class name for the main object is:

Cage"
data/thin/hq/jail_PNG53.jpg,Jail,
data/thin/hq/jeep_PNG143.jpg,Jeep,"Based on the visual information provided in the image, the main object is a yellow vehicle with an open-top design, which is characteristic of a utility or off-road vehicle. This type of vehicle is commonly known as a jeep or an off-road truck.

Looking at the provided list of classes, the most accurate match for the object in the image is:

Jeep"
data/thin/hq/kangaroo_PNG11.jpg,Kangaroo,Kangaroo
data/thin/hq/kangaroo_PNG12.jpg,Kangaroo,"Based on the visual information in the image, the main object is a kangaroo.

The image shows a kangaroo in a standing position, with its long tail extended and its legs positioned as if it's balancing on a desk. The kangaroo appears to be a model or a figure, possibly made of plastic or wood, and is placed in a room with a desk, a computer monitor, and a cat tree in the background.

Therefore, the correct class name from the list is:

Kang"
data/thin/hq/kangaroo_PNG13.jpg,Kangaroo,
data/thin/hq/kangaroo_PNG14.jpg,Kangaroo,
data/thin/hq/kangaroo_PNG16.jpg,Kangaroo,
data/thin/hq/kangaroo_PNG22.jpg,Kangaroo,"Based on the image provided, the main object is a kangaroo. It is shown in mid-air, with its legs extended, suggesting it is jumping or leaping.

The correct class name from the list is:

Kangaroo"
data/thin/hq/kangaroo_PNG4.jpg,Kangaroo,
data/thin/hq/kangaroo_PNG5.jpg,Kangaroo,
data/thin/hq/kangaroo_PNG6.jpg,Kangaroo,
data/thin/hq/katana_PNG12.jpg,Katana,
data/thin/hq/katana_PNG16.jpg,Katana,
data/thin/hq/katana_PNG18.jpg,Katana,Sword
data/thin/hq/katana_PNG2a.jpg,Katana,
data/thin/hq/katana_PNG2b.jpg,Katana,
data/thin/hq/katana_PNG3a.jpg,Katana,Sword
data/thin/hq/katana_PNG3b.jpg,Katana,Sword
data/thin/hq/katana_PNG4.jpg,Katana,
data/thin/hq/katana_PNG41.jpg,Katana,
data/thin/hq/katana_PNG42.jpg,Katana,"Based on the visual information in the image, the main object is a sword.

The object is a short, single-edged blade with a black handle, which is characteristic of a Japanese katana or a similar type of sword. It is shown resting on a plant.

The correct class name from the list is:
Sword"
data/thin/hq/katana_PNG52.jpg,Katana,
data/thin/hq/katana_PNG6.jpg,Katana,"Based on the image provided, the main object is a chicken with a sword placed across its body. The sword is a long, straight blade with a dark handle and a metallic blade, and it is positioned diagonally across the chicken's body. The chicken is a brown and red bird with a prominent red comb and wattles. The background is blurred, but appears to be a light-colored, possibly stone or concrete, surface.

The most accurate class name for the main object in the image is:"
data/thin/hq/katana_PNG61b.jpg,Katana,
data/thin/hq/katana_PNG7.jpg,Katana,
data/thin/hq/katana_PNG72.jpg,Katana,
data/thin/hq/kayak_PNG127.jpg,Kayak,"Based on the image provided, the main object is a small figurine of a person in a kayak. This is a miniature representation of a human figure engaged in a water activity, specifically kayaking. The kayak itself is a prominent feature in the image, and the figure is positioned within it.

Therefore, the correct class name is:

Kayak"
data/thin/hq/kayak_PNG135.jpg,Kayak,
data/thin/hq/kayak_PNG152.jpg,Kayak,"To identify the main object in the image, let's analyze the visual content:

- The image shows a person sitting in a long, narrow watercraft.
- The person is holding a paddle and appears to be in motion on the water.
- The watercraft is designed for one person and has a sleek, streamlined shape, which is characteristic of a kayak.
- The object is a small, single-person watercraft, and the person is actively paddling it.

Based on the description and the provided"
data/thin/hq/kayak_PNG39.jpg,Kayak,"Based on the visual information in the image, the main object is a watercraft designed for one person, which is a type of boat.

The object in the image is a **Kayak**.

---
Kayak"
data/thin/hq/kayak_PNG48.jpg,Kayak,"Based on the visual information in the image, the main object is a yellow watercraft designed for a single person to paddle.

The object is a **Kayak**. The person is sitting in it and holding a paddle, which is a typical feature of a kayak. The kayak is yellow, and the person is wearing a life jacket, which is common for kayaking safety.

Therefore, the correct class name is:

Kayak"
data/thin/hq/kayak_PNG50.jpg,Kayak,"Based on the image provided, the main object is a watercraft designed for one person, with a seat, footrests, and a paddle. This type of vessel is specifically designed for kayaking and is often used for recreational purposes.

The correct class name from the list is:

Kayak"
data/thin/hq/kayak_PNG52.jpg,Kayak,"Based on the visual information in the image, the main object is a watercraft designed for two people, which is a type of boat.

The object in the image is a **Kayak**."
data/thin/hq/kayak_PNG65.jpg,Kayak,"Based on the visual information in the image, the main object is a watercraft designed for a single person.

The object is a **Kayak**.

- It is a small, open-water vessel with a black and white design.
- It has a seat and a handle for the rider.
- It is positioned on the water, and a monkey is seen on the edge of the kayak.
- The background consists of trees and foliage, suggesting a natural environment.

Therefore, the correct class name is"
data/thin/hq/kayak_PNG72.jpg,Kayak,"Based on the visual information in the image, the main object is a red kayak with a person on it. The person is wearing a helmet and a life vest, and is holding a paddle.

The class that best describes this object is:

Kayak"
data/thin/hq/kayak_PNG98.jpg,Kayak,"Based on the image provided, the main object is a watercraft designed for one person, which is used for recreational purposes. It is equipped with a seat, a paddle, and a life vest. This type of watercraft is specifically designed for kayaking.

The correct class name from the list is:

Kayak"
data/thin/hq/kettle_PNG8694.jpg,Kettle,
data/thin/hq/kettle_PNG8695.jpg,Kettle,Kettle
data/thin/hq/kettle_PNG8696.jpg,Kettle,
data/thin/hq/kettle_PNG8698.jpg,Kettle,
data/thin/hq/kettle_PNG8700.jpg,Kettle,
data/thin/hq/kettle_PNG8709.jpg,Kettle,
data/thin/hq/kettle_PNG8710.jpg,Kettle,
data/thin/hq/kettle_PNG8711.jpg,Kettle,
data/thin/hq/kettle_PNG8720.jpg,Kettle,"Based on the image provided, the main object is a kettle. It is a dark-colored, likely metal, kettle with a handle and a lid, and it appears to be a traditional design suitable for boiling water.

The correct class name from the list is:

Kettle"
data/thin/hq/kettle_PNG8726.jpg,Kettle,
data/thin/hq/key_PNG1167.jpg,Key,
data/thin/hq/key_PNG3378.jpg,Key,
data/thin/hq/kick_scooter_PNG11384.jpg,Kick Scooter,"Based on the visual information in the image, the main object is a type of two-wheeled vehicle designed for personal transportation, specifically a scooter. It has a frame, handlebars, a deck, and wheels. The wheels are of a standard size and the design is typical of a kick scooter.

Therefore, the correct class name is:

Scooter"
data/thin/hq/kick_scooter_PNG11386.jpg,Kick Scooter,"Based on the visual information provided in the image, the main object is a type of two-wheeled vehicle designed for personal transportation, with a distinct structure that includes a frame, two wheels, handlebars, and a platform.

The object in the image is a **Kick Scooter**. It is a type of scooter that is often used for recreational or exercise purposes. It features a frame with two wheels, handlebars, and a platform at the rear, which is typical of this type of"
data/thin/hq/kick_scooter_PNG11389.jpg,Kick Scooter,"Based on the visual information in the image, the main object is a type of two-wheeled vehicle designed for scooting, which is a combination of a bicycle and a scooter.

The object in the image is a **Kick Scooter**. This is a type of scooter that is typically used for recreational purposes and is often used for exercise or leisure.

Therefore, the correct class name is:

Kick Scooter"
data/thin/hq/kick_scooter_PNG11390.jpg,Kick Scooter,
data/thin/hq/kick_scooter_PNG11391.jpg,Kick Scooter,
data/thin/hq/kick_scooter_PNG11393.jpg,Kick Scooter,
data/thin/hq/kick_scooter_PNG11394.jpg,Kick Scooter,
data/thin/hq/kick_scooter_PNG11396.jpg,Kick Scooter,
data/thin/hq/ladder_PNG14772.jpg,Ladder,
data/thin/hq/ladder_PNG14773.jpg,Ladder,
data/thin/hq/ladder_PNG14774.jpg,Ladder,
data/thin/hq/ladder_PNG14775.jpg,Ladder,
data/thin/hq/ladder_PNG14778.jpg,Ladder,"Based on the image provided, the main object is a ladder.

The image shows a silver-colored, metal ladder leaning against a tree trunk. A monkey is visible on the right side of the image, holding a green leaf.

The correct class name from the list is:

Ladder"
data/thin/hq/ladder_PNG14779.jpg,Ladder,Ladder
data/thin/hq/ladder_PNG14780.jpg,Ladder,
data/thin/hq/ladder_PNG14785.jpg,Ladder,
data/thin/hq/ladder_PNG14788.jpg,Ladder,Ladder
data/thin/hq/ladder_PNG14789.jpg,Ladder,
data/thin/hq/ladder_PNG14800.jpg,Ladder,
data/thin/hq/ladder_PNG14801.jpg,Ladder,"Based on the image provided, the main object is a ladder.

The correct class name from the list is:
Ladder"
data/thin/hq/ladder_PNG14805.jpg,Ladder,Ladder
data/thin/hq/ladder_PNG14807.jpg,Ladder,Ladder
data/thin/hq/ladybug_PNG3960.jpg,Ladybug,
data/thin/hq/ladybug_PNG3967.jpg,Ladybug,
data/thin/hq/lemur_PNG15.jpg,Lemur,
data/thin/hq/lemur_PNG26.jpg,Lemur,Lemur
data/thin/hq/lemur_PNG33.jpg,Lemur,
data/thin/hq/lifebuoy_PNG2.jpg,Lifebuoy,"Based on the image provided, the main object is a lifebuoy.

The image features a large, red lifebuoy with white stripes, which is the central focus. A person is partially visible behind the lifebuoy, but the lifebuoy is the most prominent object.

The correct class name from the list is:

Lifebuoy"
data/thin/hq/lizard_PNG1.jpg,Lizard,
data/thin/hq/lizard_PNG11.jpg,Lizard,"Based on the visual information provided in the image, the main object is a lizard.

The lizard is positioned on a wooden stick, which appears to be a handle of a tool or a similar object. The lizard's body is elongated with a distinct pattern of scales, and its limbs are adapted for climbing, which is characteristic of geckos.

The most accurate class from the provided list that describes this animal is:

Lizard"
data/thin/hq/lizard_PNG12.jpg,Lizard,
data/thin/hq/lizard_PNG13.jpg,Lizard,
data/thin/hq/lizard_PNG15.jpg,Lizard,
data/thin/hq/lizard_PNG16.jpg,Lizard,
data/thin/hq/lizard_PNG17.jpg,Lizard,
data/thin/hq/lizard_PNG2.jpg,Lizard,
data/thin/hq/lizard_PNG21.jpg,Lizard,"Based on the image provided, the main object is a lizard.

The correct class name from the list is:
Lizard"
data/thin/hq/lizard_PNG23.jpg,Lizard,"Based on the visual information provided in the image, the main object is a reptile.

The object in the image is a lizard. The description of the lizard, including its long tail, elongated body, and distinct features, is consistent with a species of lizard.

Therefore, the correct class name is:

Lizard"
data/thin/hq/lizard_PNG24.jpg,Lizard,
data/thin/hq/lizard_PNG28.jpg,Lizard,
data/thin/hq/lizard_PNG29.jpg,Lizard,
data/thin/hq/lizard_PNG32.jpg,Lizard,
data/thin/hq/lizard_PNG35.jpg,Lizard,
data/thin/hq/lizard_PNG4.jpg,Lizard,
data/thin/hq/lizard_PNG5.jpg,Lizard,
data/thin/hq/lizard_PNG6.jpg,Lizard,
data/thin/hq/lizard_PNG7.jpg,Lizard,
data/thin/hq/lizard_PNG8.jpg,Lizard,"Based on the image provided, the main object is a large green lizard, which appears to be a gecko, superimposed over an airplane. The airplane is a white and red passenger aircraft with the ""Jet"" logo on its fuselage.

The question asks to identify the main object in the image. Given the context of the image, the most prominent and clearly identifiable object is the lizard.

Therefore, the correct class name is:

Lizard"
data/thin/hq/lizard_PNG9.jpg,Lizard,
data/thin/hq/lobster_PNG14231.jpg,Lobster,
data/thin/hq/lobster_PNG14234.jpg,Lobster,
data/thin/hq/lobster_PNG14238.jpg,Lobster,
data/thin/hq/lobster_PNG14240.jpg,Lobster,"Based on the visual information provided in the image, the main object is a crustacean. It has a distinct reddish-orange color, segmented body, and long antennae, which are characteristic features of a crayfish. The object is clearly identifiable as a lobster.

Therefore, the correct class name is:

Lobster"
data/thin/hq/lobster_PNG14242.jpg,Lobster,
data/thin/hq/lobster_PNG14247.jpg,Lobster,
data/thin/hq/lobster_PNG14248.jpg,Lobster,
data/thin/hq/louboutin_PNG10835.jpg,Louboutin,
data/thin/hq/louboutin_PNG10838.jpg,Louboutin,
data/thin/hq/louboutin_PNG10841.jpg,Louboutin,
data/thin/hq/louboutin_PNG10842.jpg,Louboutin,
data/thin/hq/louboutin_PNG10843.jpg,Louboutin,
data/thin/hq/louboutin_PNG10845.jpg,Louboutin,
data/thin/hq/louboutin_PNG10846.jpg,Louboutin,
data/thin/hq/louboutin_PNG10849.jpg,Louboutin,
data/thin/hq/mantis_PNG14.jpg,Mantis,
data/thin/hq/mantis_PNG17.jpg,Mantis,
data/thin/hq/mantis_PNG35.jpg,Mantis,
data/thin/hq/mantis_PNG37.jpg,Mantis,"Based on the image provided, the main object is a large green insect. This insect is a type of praying mantis, which is a well-known species of predatory insect. The mantis is shown in a close-up view, with its wings spread and legs extended, and it is positioned in front of a red sign with white lettering.

From the list of classes provided, the most accurate identification is:

Mantis"
data/thin/hq/mantis_PNG55.jpg,Mantis,
data/thin/hq/mantis_PNG59.jpg,Mantis,
data/thin/hq/mantis_PNG60.jpg,Mantis,
data/thin/hq/mantis_PNG71.jpg,Mantis,
data/thin/hq/megaphone_PNG113.jpg,Megaphone,"Based on the image provided, the main object is a red megaphone.

The correct class name from the list is:
Megaphone"
data/thin/hq/megaphone_PNG116.jpg,Megaphone,
data/thin/hq/megaphone_PNG14.jpg,Megaphone,
data/thin/hq/megaphone_PNG30.jpg,Megaphone,"Based on the provided image and the list of classes, the main object is a megaphone.

The megaphone is a large, grey, cone-shaped device with a handle, positioned in the foreground. It is the most prominent object in the image, and its purpose is to amplify sound, which is consistent with its appearance.

The correct class name from the list is:

Megaphone"
data/thin/hq/megaphone_PNG31.jpg,Megaphone,"Based on the provided image and the list of classes, the main object is clearly identifiable.

The object in the image is a large, grey, conical megaphone mounted on a stand, with a red fire hydrant visible to its right. This object is a type of loudspeaker used for amplifying sound.

Therefore, the correct class name is:

Megaphone"
data/thin/hq/megaphone_PNG39.jpg,Megaphone,"Based on the visual information in the image, the main object is a megaphone.

The megaphone is white with a red top and black rim, and it is attached to a black clip. It is positioned in the foreground, with green foliage in the background.

The correct class name from the list is:
Megaphone"
data/thin/hq/megaphone_PNG91.jpg,Megaphone,
data/thin/hq/microphone_PNG7900.jpg,Microphone,
data/thin/hq/microphone_PNG7920.jpg,Microphone,Microphone
data/thin/hq/moose_PNG1.jpg,Moose,
data/thin/hq/moose_PNG13.jpg,Moose,
data/thin/hq/moose_PNG2.jpg,Moose,
data/thin/hq/moose_PNG27.jpg,Moose,
data/thin/hq/moose_PNG28.jpg,Moose,"Based on the provided image and the list of classes, the main object is a **Deer**.

The image features a deer with antlers standing in front of a plate of food. The deer is the central figure in the photograph, and the other objects are part of the background or foreground elements.

Therefore, the correct class name is:

Deer"
data/thin/hq/moose_PNG39.jpg,Moose,
data/thin/hq/moose_PNG40.jpg,Moose,
data/thin/hq/moose_PNG41.jpg,Moose,
data/thin/hq/moose_PNG50.jpg,Moose,
data/thin/hq/moose_PNG64.jpg,Moose,
data/thin/hq/moose_PNG65.jpg,Moose,
data/thin/hq/mop_PNG10.jpg,Mop,Mop
data/thin/hq/mop_PNG12.jpg,Mop,"Based on the provided image and the list of classes, the main object is:

**Sunglasses**"
data/thin/hq/mop_PNG13.jpg,Mop,"Based on the visual information provided in the image, the main object is a cleaning tool.

The object has a long, slender handle and a flat, rectangular base with a metal edge, which is characteristic of a mop. The handle is made of a metallic material and is attached to a base that is designed to glide over surfaces.

Therefore, the correct class name is:

Mop"
data/thin/hq/mop_PNG15.jpg,Mop,
data/thin/hq/mop_PNG19.jpg,Mop,
data/thin/hq/mop_PNG20a.jpg,Mop,
data/thin/hq/mop_PNG20b.jpg,Mop,
data/thin/hq/mop_PNG21.jpg,Mop,"Based on the visual information in the image, the main object is a cleaning tool with a blue handle and a plastic cover. The object has a long, extendable shaft with a handle that can be used to push or pull the cleaning head.

The object is a mop.

Mop"
data/thin/hq/mop_PNG22.jpg,Mop,
data/thin/hq/mop_PNG23.jpg,Mop,
data/thin/hq/mop_PNG24.jpg,Mop,"Based on the image provided, the main object is a cleaning tool.

The object is a **mop**. It has a long handle and a blue, rectangular cleaning head with a sponge-like material.

Therefore, the correct class name is:

Mop"
data/thin/hq/mop_PNG25.jpg,Mop,
data/thin/hq/mop_PNG28.jpg,Mop,
data/thin/hq/mop_PNG34.jpg,Mop,"Based on the provided image and the list of classes, the main object is:

Mop"
data/thin/hq/mop_PNG35.jpg,Mop,
data/thin/hq/mop_PNG36.jpg,Mop,"Based on the visual information provided in the image, the main object is a cleaning tool.

The object has a long handle and a wide, flat blue cleaning pad, which is characteristic of a floor mop. It is designed to be used for cleaning floors.

Therefore, the correct class name is:

Mop"
data/thin/hq/mop_PNG37.jpg,Mop,"To determine the main object in the image, let's analyze the visual elements present.

- The image displays a signpost with a black and white striped post and a green pole.
- The sign on the post reads ""CASTLE RISING CASTLE"" and ""A JEWELLED MONUMENT"".
- The sign is positioned in front of a large tree and a wooden fence.
- The overall scene suggests a location, possibly a park or a tourist site.

The most prominent object is the sign"
data/thin/hq/mop_PNG38.jpg,Mop,
data/thin/hq/mop_PNG4.jpg,Mop,Broom
data/thin/hq/mop_PNG41.jpg,Mop,
data/thin/hq/mop_PNG44.jpg,Mop,"Based on the image provided, the main object is a cleaning tool designed for mopping floors. It consists of a long handle and a rectangular mop head with a cleaning pad. This is a standard mopping tool.

The correct class name from the list is:

Mop"
data/thin/hq/mop_PNG45.jpg,Mop,"Based on the visual information provided in the image, the main object is a pink, string-like object with a fringed end, which is clearly identifiable as a mop.

- The object has a long, thin handle that appears to be made of a flexible material.
- The end of the object is fringed, which is characteristic of a mop's bristles.
- It is hanging from a branch among leaves, suggesting it is an outdoor object.

Given these features, the most appropriate class from the"
data/thin/hq/mop_PNG46.jpg,Mop,"Based on the image provided, the main object is a cleaning tool with a long handle and a wide, flat head designed to clean floors. It has a blue handle and a blue and silver body. The object is specifically designed to clean floors, and its shape and features are consistent with a mop.

The correct class name from the list is:

Mop"
data/thin/hq/mop_PNG48.jpg,Mop,
data/thin/hq/mop_PNG52.jpg,Mop,
data/thin/hq/mop_PNG58.jpg,Mop,
data/thin/hq/mop_PNG6.jpg,Mop,"Based on the visual information in the image, the main object is a cleaning tool.

The object has a long handle, a rectangular base, and a flat, white, rectangular cleaning pad on the bottom. It is designed for cleaning floors.

This object is a mop.

Mop"
data/thin/hq/mop_PNG66.jpg,Mop,
data/thin/hq/mop_PNG68.jpg,Mop,
data/thin/hq/mop_PNG70.jpg,Mop,
data/thin/hq/mop_PNG71.jpg,Mop,
data/thin/hq/mop_PNG74.jpg,Mop,
data/thin/hq/mop_PNG75a.jpg,Mop,"Based on the image provided, the main object is a cleaning tool.

The object in the image is a broom. It has a long wooden handle and a bristled head, and it is positioned upright, with its head resting on the floor.

Therefore, the correct class name is:

Mop"
data/thin/hq/mop_PNG75b.jpg,Mop,"Based on the provided image, the main object is a **Bucket**. It is a large, light-colored bucket with a handle, positioned in the lower right corner of the image.

```json
{""class"": ""Bucket""}
```"
data/thin/hq/mop_PNG78.jpg,Mop,
data/thin/hq/mop_PNG79.jpg,Mop,
data/thin/hq/mop_PNG81.jpg,Mop,"Based on the visual information provided in the image, the main object is a cleaning tool. The object has a long handle, a base, and a wide, flat head designed for sweeping. This is characteristic of a broom.

The correct class name from the list is:

Mop"
data/thin/hq/mop_PNG83.jpg,Mop,
data/thin/hq/mop_PNG84.jpg,Mop,
data/thin/hq/mop_PNG85.jpg,Mop,
data/thin/hq/mop_PNG90.jpg,Mop,"Based on the image provided, the main object is a cleaning tool. It consists of a long handle, a mop head with a yellow cleaning pad, and a blue bucket with a handle. This is clearly a mop.

The correct class name from the list is:
Mop"
data/thin/hq/mop_PNG91.jpg,Mop,
data/thin/hq/mop_PNG92.jpg,Mop,"Based on the visual information provided in the image, the main object is a cleaning tool. The image shows a mop with a green handle and a green cleaning pad. This object is designed for cleaning floors.

The correct class name from the list is:

Mop"
data/thin/hq/mortar_PNG1.jpg,Mortar,"Based on the visual information provided in the image, the object is a tool with a long handle and a cylindrical body, which is characteristic of a specific type of tool used for digging or moving heavy materials.

The object in the image is a **Shovel**.

- It has a long handle and a broad, flat blade.
- The design is typical of a shovel used for digging or moving dirt.
- The image shows the shovel in a horizontal orientation, which is common for this type of tool"
data/thin/hq/mortar_PNG12.jpg,Mortar,
data/thin/hq/mortar_PNG13.jpg,Mortar,
data/thin/hq/mortar_PNG15.jpg,Mortar,
data/thin/hq/mortar_PNG17.jpg,Mortar,
data/thin/hq/mortar_PNG18.jpg,Mortar,
data/thin/hq/mortar_PNG21.jpg,Mortar,
data/thin/hq/mortar_PNG22.jpg,Mortar,"Based on the image provided, the main object is a **Telescope**. It is a large, black instrument mounted on a tripod, positioned in the center of the image and pointing upwards. It appears to be a scientific or observational tool, possibly used for astronomy or surveying.

- **Telescope** is the correct class name for the object in the image.

```json
{""class"": ""Telescope""}
```"
data/thin/hq/mortar_PNG24.jpg,Mortar,"Based on the visual evidence in the image, the main object is a large, green, tripod-mounted device that appears to be a **Grenade Launcher**. It is positioned in the upper right portion of the frame, with its barrel pointing towards the left. The device is mounted on a tripod, and its structure is consistent with that of a military-grade launcher.

The correct class name from the list provided is:

Grenade Launcher"
data/thin/hq/mortar_PNG25.jpg,Mortar,"Based on the visual characteristics of the object in the image, the main object is a **Grenade Launcher**.

- It is a green, military-style weapon with a long barrel, a base plate, and a tripod-like structure.
- The design is consistent with a mortar or a similar type of launch system used for launching projectiles.
- The object is clearly not a vehicle, animal, or tool in the traditional sense, but rather a weapon.

Therefore, the correct class name is:

G"
data/thin/hq/mortar_PNG27.jpg,Mortar,
data/thin/hq/mortar_PNG4.jpg,Mortar,
data/thin/hq/mortar_PNG5.jpg,Mortar,
data/thin/hq/mortar_PNG7.jpg,Mortar,
data/thin/hq/mortar_PNG8.jpg,Mortar,
data/thin/hq/mortar_PNG9.jpg,Mortar,
data/thin/hq/mosquito_PNG18153.jpg,Mosquito,"Based on the image provided, the main object is a large insect, which appears to be a giant mosquito or a similar species. The image shows a large, detailed insect with long legs and wings, which is a classic example of a large mosquito.

Looking at the provided list of classes, the most appropriate choice is:

Mosquito"
data/thin/hq/mosquito_PNG18154.jpg,Mosquito,"Based on the image provided, the main object is a large, decorative insect model. It appears to be a model of a mosquito or a similar flying insect, with a prominent body, long legs, and wings, mounted on a stand. The object is situated in a kitchen setting, likely as a novelty or art piece.

The most appropriate class from the list provided for this object is:

Mosquito"
data/thin/hq/mosquito_PNG18159.jpg,Mosquito,
data/thin/hq/mosquito_PNG18164.jpg,Mosquito,"Based on the visual information provided in the image, the main object is a large insect with long legs and a segmented body, which is clearly identifiable as a mosquito.

The correct class name from the list is:

Mosquito"
data/thin/hq/mosquito_PNG18167.jpg,Mosquito,
data/thin/hq/mosquito_PNG18175.jpg,Mosquito,
data/thin/hq/mosquito_PNG18177a.jpg,Mosquito,
data/thin/hq/mosquito_PNG18177b.jpg,Mosquito,
data/thin/hq/motorcycle_PNG3131.jpg,Motorcycle,
data/thin/hq/motorcycle_PNG3132.jpg,Motorcycle,"Based on the image provided, the main object is a motorcycle.

The correct class name from the list is:
Motorcycle"
data/thin/hq/motorcycle_PNG3136.jpg,Motorcycle,
data/thin/hq/motorcycle_PNG3137.jpg,Motorcycle,
data/thin/hq/motorcycle_PNG3147.jpg,Motorcycle,
data/thin/hq/motorcycle_PNG3151.jpg,Motorcycle,"Based on the visual information in the image, the main object is a motorcycle.

The correct class name from the list is:
Motorcycle"
data/thin/hq/motorcycle_PNG3152.jpg,Motorcycle,"Based on the visual information in the image, the main object is a motorcycle.

The correct class name from the list is:
Motorcycle"
data/thin/hq/motorcycle_PNG3157.jpg,Motorcycle,"Based on the image provided, the main object is a motorcycle.

The correct class name from the list is:

Motorcycle"
data/thin/hq/motorcycle_PNG3158.jpg,Motorcycle,
data/thin/hq/motorcycle_PNG3159.jpg,Motorcycle,"Based on the image provided, the main object is a motorcycle.

The correct class name from the list is:
Motorcycle"
data/thin/hq/motorcycle_PNG3161.jpg,Motorcycle,"Based on the image provided, the main object is a motorcycle. It is a sportbike with a blue, white, and silver color scheme, and it is positioned on a tennis court.

The correct class name from the list is:

Motorcycle"
data/thin/hq/motorcycle_PNG3163.jpg,Motorcycle,"Based on the image provided, the main object is a motorcycle.

The correct class name from the list is:
Motorcycle"
data/thin/hq/motorcycle_PNG3167.jpg,Motorcycle,
data/thin/hq/motorcycle_PNG3174.jpg,Motorcycle,"Based on the image provided, the main object is a motorcycle.

The correct class name from the list is:
Motorcycle"
data/thin/hq/motorcycle_PNG3175.jpg,Motorcycle,"Based on the visual information provided in the image, the main object is a motorcycle.

The object has the following characteristics:
- It is a two-wheeled vehicle designed for riding.
- It features a prominent yellow fuel tank and bodywork.
- It has a visible engine, exhaust pipe, and wheels.
- It is positioned in a dynamic, floating pose, suggesting a 3D rendering or a special effect.

Among the given classes, the most accurate identification is:

Motorcycle"
data/thin/hq/motorcycle_PNG3177.jpg,Motorcycle,Motorcycle
data/thin/hq/motorcycle_PNG5348.jpg,Motorcycle,"Based on the image provided, the main object is a motorcycle.

The correct class name from the list is:
Motorcycle"
data/thin/hq/octopus_PNG1.jpg,Octopus,
data/thin/hq/octopus_PNG11.jpg,Octopus,
data/thin/hq/octopus_PNG16.jpg,Octopus,
data/thin/hq/ostrich_PNG17.jpg,Ostrich,"Based on the visual information provided in the image, the main object is an ostrich.

The image shows a bird with a long neck, a feathered body, and long legs, which are characteristic features of an ostrich. The bird is positioned in front of a plate with a piece of bread, which suggests it might be in a restaurant or a similar setting.

Therefore, the correct class name from the list is:

Ostrich"
data/thin/hq/ostrich_PNG76984.jpg,Ostrich,"Based on the image provided, the main object is an ostrich.

The correct class name from the list is:
Ostrich"
data/thin/hq/paddle_PNG10494.jpg,Paddle,
data/thin/hq/paddle_PNG10495a.jpg,Paddle,"Based on the image provided, the main object is a paddle. It is a black paddle with the brand name ""AZTEK"" visible on the blade. The paddle is set against a blurred background of green foliage, which suggests it is likely being used for water activities such as kayaking or paddleboarding.

The correct class name from the list is:

Paddle"
data/thin/hq/paddle_PNG10495b.jpg,Paddle,"Based on the image provided, the main object is a paddle.

The object has a long shaft with a black and blue design, and a wide, black blade at the end with a white triangular symbol. This is characteristic of a paddle used in water sports.

Therefore, the correct class name is:

Paddle"
data/thin/hq/paddle_PNG10496a.jpg,Paddle,
data/thin/hq/paddle_PNG10496b.jpg,Paddle,
data/thin/hq/paddle_PNG10500.jpg,Paddle,
data/thin/hq/paddle_PNG10501.jpg,Paddle,
data/thin/hq/paddle_PNG10503.jpg,Paddle,Paddle
data/thin/hq/paddle_PNG10504.jpg,Paddle,
data/thin/hq/paddle_PNG10505.jpg,Paddle,Paddle
data/thin/hq/paddle_PNG10507.jpg,Paddle,"Based on the image provided, the main object is a blue paddle with a black shaft and a silver handle.

The correct class name from the list is:

Paddle"
data/thin/hq/paddle_PNG10508.jpg,Paddle,
data/thin/hq/paddle_PNG10509.jpg,Paddle,
data/thin/hq/paddle_PNG10512.jpg,Paddle,Paddle
data/thin/hq/paddle_PNG10513.jpg,Paddle,"Based on the image provided, the main object is a paddle, which is a type of boat propeller. It is blue and black, and is being held by a person who is partially visible at the bottom of the image.

The correct class name from the list is:

Paddle"
data/thin/hq/paddle_PNG10514.jpg,Paddle,
data/thin/hq/paddle_PNG10515.jpg,Paddle,"Based on the image provided, the main object is a paddle. It is a paddle with a green design on the blade and is being used in the water. The paddle is positioned in the foreground, and a duck is visible in the water nearby.

Therefore, the correct class name is:

Paddle"
data/thin/hq/paddle_PNG10516.jpg,Paddle,"Based on the image provided, the main object is a paddle.

The object has a long shaft and a blade at the end, which is characteristic of a paddle used for watercraft.

From the given list of classes, the correct identification is:

Paddle"
data/thin/hq/paddle_PNG10518.jpg,Paddle,
data/thin/hq/paddle_PNG10519.jpg,Paddle,"Based on the visual information provided in the image, the main object is a paddle.

The object has a long, black shaft and a blue blade at the end, which is characteristic of a paddle used for water activities. The background consists of out-of-focus branches, which is typical of a natural setting.

Therefore, the correct class name is:

Paddle"
data/thin/hq/paddle_PNG10520.jpg,Paddle,"Based on the visual information in the image, the main object is a paddle.

The object has a long shaft with a yellow handle and a yellow blade at the bottom. The shaft is silver and appears to be made of metal. The blade is yellow and has a logo on it.

Therefore, the correct class name is:

Paddle"
data/thin/hq/padlock_PNG9401a.jpg,Padlock,
data/thin/hq/padlock_PNG9402.jpg,Padlock,
data/thin/hq/padlock_PNG9420a.jpg,Padlock,
data/thin/hq/padlock_PNG9421.jpg,Padlock,
data/thin/hq/padlock_PNG9422.jpg,Padlock,
data/thin/hq/padlock_PNG9424a.jpg,Padlock,
data/thin/hq/padlock_PNG9425.jpg,Padlock,
data/thin/hq/padlock_PNG9427.jpg,Padlock,
data/thin/hq/padlock_PNG9428.jpg,Padlock,
data/thin/hq/padlock_PNG9429a.jpg,Padlock,
data/thin/hq/padlock_PNG9429b.jpg,Padlock,
data/thin/hq/padlock_PNG9429c.jpg,Padlock,
data/thin/hq/padlock_PNG9429d.jpg,Padlock,
data/thin/hq/padlock_PNG9430a.jpg,Padlock,"Based on the visual information provided in the image, the main object is a metal lock.

The object has the following features:
- It is a circular, metallic lock with a shiny, silver finish.
- It has a keyhole in the center.
- It has a prominent loop at the top, which is characteristic of a padlock.
- The text ""STAINLESS STEEL"" is visible on the body of the lock.

These features are consistent with a padlock.

Padlock"
data/thin/hq/padlock_PNG9431.jpg,Padlock,
data/thin/hq/padlock_PNG9432.jpg,Padlock,
data/thin/hq/padlock_PNG9433.jpg,Padlock,
data/thin/hq/padlock_PNG9434.jpg,Padlock,"Based on the image provided, the main object is a padlock.

The correct class name from the list is:
Padlock"
data/thin/hq/padlock_PNG9435.jpg,Padlock,
data/thin/hq/padlock_PNG9436.jpg,Padlock,
data/thin/hq/palm_tree_PNG2487.jpg,Palm Tree,
data/thin/hq/parachute_PNG19417.jpg,Parachute,
data/thin/hq/parachute_PNG19424.jpg,Parachute,"Based on the image provided, the main object is a person in a parachute. The parachute is large and colorful, with blue and yellow panels, and is attached to a person who appears to be in the process of descending.

The class name for this object is:

Parachute"
data/thin/hq/parachute_PNG19425.jpg,Parachute,"Based on the image provided, the main object is a large parachute with red, white, and blue stripes.

The correct class name from the list is:
Parachute"
data/thin/hq/parachute_PNG19426.jpg,Parachute,
data/thin/hq/pear_PNG3443.jpg,Pear,
data/thin/hq/pear_PNG3452.jpg,Pear,
data/thin/hq/pear_PNG3459.jpg,Pear,
data/thin/hq/pear_PNG3460.jpg,Pear,
data/thin/hq/pear_PNG3462.jpg,Pear,
data/thin/hq/piano_PNG10871.jpg,Piano,
data/thin/hq/piano_PNG10875.jpg,Piano,
data/thin/hq/piano_PNG10880.jpg,Piano,
data/thin/hq/piano_PNG10881.jpg,Piano,Piano
data/thin/hq/piano_PNG10883.jpg,Piano,
data/thin/hq/piano_PNG10885.jpg,Piano,
data/thin/hq/piano_PNG10887.jpg,Piano,
data/thin/hq/piano_PNG10892.jpg,Piano,
data/thin/hq/piano_PNG10894.jpg,Piano,
data/thin/hq/pineapple_PNG2728.jpg,Pineapple,Pineapple
data/thin/hq/pineapple_PNG2731a.jpg,Pineapple,
data/thin/hq/pineapple_PNG2731b.jpg,Pineapple,
data/thin/hq/pineapple_PNG2734.jpg,Pineapple,The main object in the image is a pineapple.
data/thin/hq/pineapple_PNG2742.jpg,Pineapple,
data/thin/hq/pineapple_PNG2746.jpg,Pineapple,Pineapple
data/thin/hq/pineapple_PNG2749.jpg,Pineapple,
data/thin/hq/pineapple_PNG2750.jpg,Pineapple,The main object in the image is: Pineapple
data/thin/hq/plier_PNG10043.jpg,Plier,
data/thin/hq/plier_PNG10045.jpg,Plier,
data/thin/hq/plier_PNG10068.jpg,Plier,
data/thin/hq/plier_PNG10071.jpg,Plier,"Based on the image provided, the main object is a tool with two handles and a jaw mechanism, which is clearly identifiable as a pair of pliers.

From the given list of classes, the correct identification is:

Plier"
data/thin/hq/plier_PNG10072.jpg,Plier,
data/thin/hq/plier_PNG10073.jpg,Plier,
data/thin/hq/plunger_PNG10.jpg,Plunger,The main object in the image is: Plunger
data/thin/hq/plunger_PNG12.jpg,Plunger,
data/thin/hq/plunger_PNG13.jpg,Plunger,"Based on the visual information in the image, the main object is a plumbing tool.

The object has a long red handle, a green top, and a black base with a flared rubber seal. This is characteristic of a plunger.

Therefore, the correct class name is:

Plunger"
data/thin/hq/plunger_PNG16.jpg,Plunger,
data/thin/hq/plunger_PNG17.jpg,Plunger,"Based on the visual information provided in the image, the main object is a plumbing tool used for removing blockages.

The object has a long handle with a loop at the top and a large, circular suction base. This design is characteristic of a plunger.

Therefore, the correct class name is:

Plunger"
data/thin/hq/plunger_PNG18.jpg,Plunger,"Based on the visual information in the image, the main object is a plumbing tool.

The object is a plunger, which is identifiable by its characteristic shape: a large, rounded, brown rubber cup at the bottom and a long wooden handle. This is a common household tool used for clearing clogged drains.

Therefore, the correct class name is:

Plunger"
data/thin/hq/plunger_PNG23.jpg,Plunger,
data/thin/hq/plunger_PNG27.jpg,Plunger,The main object in the image is a plunger.
data/thin/hq/plunger_PNG29.jpg,Plunger,
data/thin/hq/plunger_PNG3.jpg,Plunger,"Based on the image provided, the main object is a plunger.

The correct class name from the list is:
Plunger"
data/thin/hq/plunger_PNG30.jpg,Plunger,"Based on the image provided, the main object is a plumbing tool. The object has a wooden handle and a rubber suction cup at the bottom, which is characteristic of a plunger.

The correct class name from the list is:

Plunger"
data/thin/hq/plunger_PNG33.jpg,Plunger,"Based on the image provided, the main object is a tall, ornate structure that appears to be a church steeple or a similar architectural feature. It has a conical shape with a cross at the top, and it is situated against a clear sky. The structure is made of stone or a similar material, and its design is typical of religious buildings. The image also shows parts of other structures and a tree in the background.

Given the options provided, the most appropriate class for the main"
data/thin/hq/plunger_PNG4.jpg,Plunger,
data/thin/hq/plunger_PNG7.jpg,Plunger,"Based on the visual information in the image, the main object is a plumbing tool.

The object has a handle and a bulbous, rubber-like base designed to be used for removing clogs. This is characteristic of a plunger.

Therefore, the correct class name is:

Plunger"
data/thin/hq/pram_PNG17877.jpg,Pram,"Based on the image provided, the main object is a baby stroller.

The correct class name from the list is:
Pram"
data/thin/hq/pram_PNG17878.jpg,Pram,Pram
data/thin/hq/pram_PNG17880.jpg,Pram,"Based on the visual information in the image, the main object is a baby carriage, which is a type of stroller.

The correct class name from the list is:
Pram"
data/thin/hq/pram_PNG17881.jpg,Pram,
data/thin/hq/pram_PNG17882.jpg,Pram,"Based on the image provided, the main object is a baby stroller. It is a pram with a large canopy, a black base, and a white frame. The pram is positioned on a pier, with a large ship and a city skyline in the background.

The correct class name from the list is:

Pram"
data/thin/hq/pram_PNG17883.jpg,Pram,"Based on the image provided, the main object is a baby stroller.

The correct class name from the list is:
Pram"
data/thin/hq/pram_PNG17884.jpg,Pram,"Based on the visual information in the image, the main object is a baby stroller. It is black with a teal-colored canopy and has wheels, which are characteristic features of a stroller.

The correct class name from the list is:

Pram"
data/thin/hq/pram_PNG17885.jpg,Pram,"Based on the image provided, the main object is a baby stroller. The stroller has a black frame, a teal-colored canopy, and a black seat. It is designed for carrying a baby.

The correct class name from the list is:

Pram"
data/thin/hq/pram_PNG17886.jpg,Pram,"Based on the image provided, the main object is a pram, which is a type of baby carriage.

The correct class name from the list is:
Pram"
data/thin/hq/pram_PNG17891.jpg,Pram,"Based on the image provided, the main object is a baby in a stroller.

The correct class name from the list is:
Pram"
data/thin/hq/pram_PNG17893.jpg,Pram,"Based on the image provided, the main object is a baby stroller. This is a type of vehicle designed for transporting infants or toddlers. It is a two-seater, meaning it has two seats, and is equipped with wheels for mobility. The stroller has a red and black color scheme and features a canopy over the front seat.

The correct class name from the list provided is:

Pram"
data/thin/hq/pram_PNG17897.jpg,Pram,
data/thin/hq/pram_PNG17899.jpg,Pram,"Based on the visual information in the image, the main object is a baby stroller.

The correct class name from the list is:
Pram"
data/thin/hq/pram_PNG17902.jpg,Pram,"Based on the image provided, the main object is a pram. It is a baby carriage with a maroon-colored canopy and a silver frame, positioned in front of a plate of sandwiches. The pram is the central focus of the image, with the sandwiches and other table items serving as background elements.

Pram"
data/thin/hq/pram_PNG17905.jpg,Pram,"Based on the visual information provided in the image, the main object is a baby carriage.

The object in the image is a baby carriage, which is a type of pram. It is characterized by its dark blue and light blue fabric canopy, a black metal frame, and four wheels.

The class name for this object is:

Pram"
data/thin/hq/pram_PNG17907.jpg,Pram,
data/thin/hq/pram_PNG17909.jpg,Pram,
data/thin/hq/punching_bag_PNG1.jpg,Punching Bag,"Based on the image provided, the main object is a punching bag.

The correct class name from the list is:
Punching Bag"
data/thin/hq/punching_bag_PNG12.jpg,Punching Bag,
data/thin/hq/punching_bag_PNG14.jpg,Punching Bag,
data/thin/hq/punching_bag_PNG19.jpg,Punching Bag,
data/thin/hq/punching_bag_PNG2.jpg,Punching Bag,"Based on the image provided, the main object is a punching bag.

The correct class name from the list is:
Punching Bag"
data/thin/hq/punching_bag_PNG21.jpg,Punching Bag,"Based on the image provided, the main object is a punching bag.

The object is a black, cylindrical punching bag mounted on a stand with a base. It is positioned in the foreground, in the center of the image, and appears to be the primary focus.

The correct class name from the list is:

Punching Bag"
data/thin/hq/punching_bag_PNG23.jpg,Punching Bag,"Based on the visual information provided in the image, the main object is a punching bag.

The object is a large, cylindrical, leather punching bag with the text ""WORLD BOXING CLUB 1952"" printed on it. It is hanging from a chain and appears to be in a room, possibly a gym or a boxing ring.

The correct class name from the list is:
Punching Bag"
data/thin/hq/punching_bag_PNG27.jpg,Punching Bag,
data/thin/hq/punching_bag_PNG29.jpg,Punching Bag,"Based on the image provided, the main object is a punching bag. It is a black, spherical bag with a logo on it, suspended by a rope and attached to a stand. It is positioned in front of a colorful building and appears to be in a ready state for use in a gym or training area.

The correct class name from the list is:

Punching Bag"
data/thin/hq/punching_bag_PNG30.jpg,Punching Bag,
data/thin/hq/punching_bag_PNG32.jpg,Punching Bag,
data/thin/hq/punching_bag_PNG38.jpg,Punching Bag,
data/thin/hq/punching_bag_PNG4.jpg,Punching Bag,Punching Bag
data/thin/hq/punching_bag_PNG43.jpg,Punching Bag,
data/thin/hq/punching_bag_PNG46.jpg,Punching Bag,
data/thin/hq/punching_bag_PNG55.jpg,Punching Bag,"Based on the visual information provided in the image, the main object is a black punching bag.

The object is a black, cylindrical punching bag with a white logo on it. It is positioned in the foreground, in front of a pink microwave with a Hello Kitty face on the front.

The correct class name from the list provided is:

Punching Bag"
data/thin/hq/punching_bag_PNG56.jpg,Punching Bag,
data/thin/hq/punching_bag_PNG58.jpg,Punching Bag,
data/thin/hq/punching_bag_PNG59.jpg,Punching Bag,
data/thin/hq/punching_bag_PNG6.jpg,Punching Bag,
data/thin/hq/punching_bag_PNG60.jpg,Punching Bag,"Based on the image provided, the main object is a punching bag hanging from a stand.

The correct class name from the list is:
Punching Bag"
data/thin/hq/punching_bag_PNG64.jpg,Punching Bag,
data/thin/hq/punching_bag_PNG67.jpg,Punching Bag,
data/thin/hq/punching_bag_PNG70.jpg,Punching Bag,
data/thin/hq/punching_bag_PNG76.jpg,Punching Bag,"Based on the visual information in the image, the main object is a punching bag.

The object has a distinct shape, with a rounded, cylindrical body that is dark brown and appears to be made of a durable material like leather or synthetic fabric. It is suspended by a chain, which is attached to a reinforced metal ring at the top. The top of the bag has a black band with orange details, and the overall design suggests it is used for training or exercise.

The correct class name from the"
data/thin/hq/punching_bag_PNG77.jpg,Punching Bag,
data/thin/hq/punching_bag_PNG78.jpg,Punching Bag,
data/thin/hq/punching_bag_PNG79a.jpg,Punching Bag,Punching Bag
data/thin/hq/punching_bag_PNG79b.jpg,Punching Bag,
data/thin/hq/punching_bag_PNG79c.jpg,Punching Bag,
data/thin/hq/punching_bag_PNG81.jpg,Punching Bag,"Based on the image provided, the main object is a punching bag.

The object is a red punching bag with the UFC logo on it, hanging from a black strap. It is positioned in the center of the image, and there is a cartoon figure of a police officer standing next to it.

Therefore, the correct class name is:

Punching Bag"
data/thin/hq/punching_bag_PNG82.jpg,Punching Bag,
data/thin/hq/radio_PNG19272.jpg,Radio,
data/thin/hq/radio_PNG19281.jpg,Radio,
data/thin/hq/radio_PNG19290.jpg,Radio,
data/thin/hq/radio_PNG19297.jpg,Radio,"Based on the visual information provided in the image, the main object is a radio.

The object has the following features:
- It is a portable, rectangular device with a silver and black color scheme.
- It has a speaker grille on the front.
- It has a control panel with a dial, buttons, and a digital display.
- It has an antenna extended from the top.
- It is placed on a surface, likely a table or a floor.

These characteristics are consistent with a portable radio"
data/thin/hq/rat_mouse_PNG23530.jpg,Rat Mouse,
data/thin/hq/rat_mouse_PNG23531.jpg,Rat Mouse,"Based on the visual information provided in the image, the main object is a small, light-colored rodent.

The correct class name from the list is:

Rat Mouse"
data/thin/hq/rat_mouse_PNG23537.jpg,Rat Mouse,
data/thin/hq/rat_mouse_PNG23538.jpg,Rat Mouse,
data/thin/hq/rat_mouse_PNG23550.jpg,Rat Mouse,
data/thin/hq/rat_mouse_PNG23551.jpg,Rat Mouse,
data/thin/hq/rat_mouse_PNG23552.jpg,Rat Mouse,"Based on the provided image, the main object is a white rat. The other objects in the image, such as the snake, are secondary or background elements.

Therefore, the correct class name is:

Rat Mouse"
data/thin/hq/rat_mouse_PNG23553.jpg,Rat Mouse,"Based on the visual information provided in the image, the main object is a rodent.

The most accurate class from the list provided for this object is:

Rat Mouse"
data/thin/hq/rat_mouse_PNG23554.jpg,Rat Mouse,
data/thin/hq/rat_mouse_PNG23555.jpg,Rat Mouse,
data/thin/hq/raven_PNG14.jpg,Raven,"Based on the image provided, the main object is a bird. Specifically, it is a black bird with a stout body and a hooked beak, which is characteristic of a crow.

The correct class from the list is:

Crow"
data/thin/hq/raven_PNG22.jpg,Raven,
data/thin/hq/raven_PNG31.jpg,Raven,
data/thin/hq/raven_PNG35.jpg,Raven,
data/thin/hq/raven_PNG37.jpg,Raven,"Based on the image provided, the main object is a bird.

The correct class name from the list is:
Bird"
data/thin/hq/raven_PNG42.jpg,Raven,
data/thin/hq/raven_PNG47.jpg,Raven,"Based on the visual information provided in the image, the main object is a bird. More specifically, it is a black bird with a distinct shape and features typical of a crow.

The correct class name from the list is:

Crow"
data/thin/hq/raven_PNG49.jpg,Raven,"Based on the image provided, the main object is a bird with black feathers, a sharp beak, and a distinctive hooked beak. This is a type of bird, specifically a crow.

The correct class name from the list is:

Raven"
data/thin/hq/raven_PNG50.jpg,Raven,"Based on the image provided, the main object is a bird with black feathers, a sharp beak, and a distinctive posture. This bird is clearly identifiable as a crow.

The correct class name from the list is:

Crow"
data/thin/hq/raven_PNG52.jpg,Raven,"Based on the image provided, the main object is a bird.

The most specific class from the list that matches this object is:

Crow"
data/thin/hq/raven_PNG53.jpg,Raven,
data/thin/hq/raven_PNG55.jpg,Raven,"Based on the image provided, the main object is a bird. Specifically, it is a black crow.

From the given list of classes, the correct identification is:

Crow"
data/thin/hq/raven_PNG60.jpg,Raven,"Based on the image provided, the main object is a bird. More specifically, it appears to be a crow.

Looking at the provided list of classes, the correct one is:

Raven"
data/thin/hq/raven_PNG7.jpg,Raven,Crow
data/thin/hq/raven_PNG70.jpg,Raven,"Based on the visual information provided in the image, the main object is a bird. More specifically, it is a black bird, likely a crow, perched on a branch.

The correct class from the list is:

Raven"
data/thin/hq/raven_PNG95.jpg,Raven,"Based on the visual information in the image, the main object is a large bird.

The bird has a dark, glossy black plumage, a long, pointed beak, and a prominent yellow stripe on its wing. It is standing on the ground in front of a yellow building with a white wall and a stone wall in the background. The setting appears to be a historical or cultural location, possibly a palace or a fort, with an elephant and a red carriage visible in the background.

Given the"
data/thin/hq/raven_PNG98.jpg,Raven,"Based on the image provided, the main object is a bird with black feathers, a large beak, and a prominent crest. This bird is standing on a branch with a background of dry, leafless trees.

The correct class name from the list is:

Crow"
data/thin/hq/roller_skates_PNG44.jpg,Roller Skates,"Based on the image provided, the main object is a pair of inline skates.

The correct class name from the list is:

Roller Skates"
data/thin/hq/roller_skates_PNG73.jpg,Roller Skates,
data/thin/hq/roller_skates_PNG86.jpg,Roller Skates,
data/thin/hq/roller_skates_PNG87.jpg,Roller Skates,"Based on the visual information in the image, the main object is a pair of inline skates.

The correct class name from the list is:
Roller Skates"
data/thin/hq/roller_skates_PNG94.jpg,Roller Skates,"Based on the image provided, the main object is a pair of inline skates. The image shows a single inline skate with four wheels and a boot. The boot is black and red, with a design that includes a strap and a buckle.

The class name for the main object in the image is:

Roller Skates"
data/thin/hq/rose_PNG66693.jpg,Rose,
data/thin/hq/rose_PNG66694.jpg,Rose,
data/thin/hq/rose_PNG66696.jpg,Rose,
data/thin/hq/rose_PNG66700.jpg,Rose,
data/thin/hq/rose_PNG66758.jpg,Rose,"Based on the image provided, the main object is a red rose.

The class name for the main object is:
Rose"
data/thin/hq/rose_PNG66768.jpg,Rose,
data/thin/hq/rose_PNG66783.jpg,Rose,Rose
data/thin/hq/rose_PNG66787a.jpg,Rose,
data/thin/hq/rose_PNG66787b.jpg,Rose,
data/thin/hq/rose_PNG66788a.jpg,Rose,
data/thin/hq/rose_PNG66788b.jpg,Rose,
data/thin/hq/rose_PNG66789.jpg,Rose,
data/thin/hq/rose_PNG66794.jpg,Rose,
data/thin/hq/rose_PNG66819.jpg,Rose,
data/thin/hq/rose_PNG66828.jpg,Rose,
data/thin/hq/rose_PNG66878.jpg,Rose,
data/thin/hq/rose_PNG66948.jpg,Rose,
data/thin/hq/rose_PNG66993.jpg,Rose,
data/thin/hq/rose_PNG67008.jpg,Rose,
data/thin/hq/samovar_PNG1.jpg,Samovar,
data/thin/hq/samovar_PNG12.jpg,Samovar,
data/thin/hq/samovar_PNG13.jpg,Samovar,
data/thin/hq/samovar_PNG2.jpg,Samovar,
data/thin/hq/samovar_PNG23.jpg,Samovar,
data/thin/hq/samovar_PNG36.jpg,Samovar,
data/thin/hq/samovar_PNG39.jpg,Samovar,The main object in the image is: Samovar
data/thin/hq/samovar_PNG42.jpg,Samovar,
data/thin/hq/samovar_PNG43.jpg,Samovar,
data/thin/hq/samovar_PNG45.jpg,Samovar,
data/thin/hq/samovar_PNG55.jpg,Samovar,
data/thin/hq/samovar_PNG6.jpg,Samovar,
data/thin/hq/samovar_PNG66.jpg,Samovar,
data/thin/hq/samovar_PNG67.jpg,Samovar,
data/thin/hq/samovar_PNG68.jpg,Samovar,
data/thin/hq/samovar_PNG88.jpg,Samovar,
data/thin/hq/samovar_PNG90.jpg,Samovar,
data/thin/hq/samovar_PNG93.jpg,Samovar,
data/thin/hq/samovar_PNG94.jpg,Samovar,
data/thin/hq/samovar_PNG95.jpg,Samovar,
data/thin/hq/sandals_PNG9671.jpg,Sandals,
data/thin/hq/sandals_PNG9681a.jpg,Sandals,
data/thin/hq/sandals_PNG9691.jpg,Sandals,
data/thin/hq/sandals_PNG9695.jpg,Sandals,
data/thin/hq/sandals_PNG9708.jpg,Sandals,"Based on the visual information provided in the image, the main object is a sandal.

The object is a single sandal, specifically a flip-flop, with a tan-colored leather strap and sole. It is positioned on a flat surface, likely a display stand, and is the central focus of the image.

Therefore, the correct class name is:

Sandals"
data/thin/hq/scales_PNG22.jpg,Scales,
data/thin/hq/scales_PNG35.jpg,Scales,
data/thin/hq/scales_PNG4.jpg,Scales,
data/thin/hq/scales_PNG5.jpg,Scales,
data/thin/hq/scales_PNG61.jpg,Scales,
data/thin/hq/scales_PNG78.jpg,Scales,
data/thin/hq/scissors_PNG0.jpg,Scissors,
data/thin/hq/scissors_PNG10.jpg,Scissors,The main object in the image is Scissors.
data/thin/hq/scissors_PNG11.jpg,Scissors,
data/thin/hq/scissors_PNG12.jpg,Scissors,
data/thin/hq/scissors_PNG13.jpg,Scissors,
data/thin/hq/scissors_PNG14.jpg,Scissors,
data/thin/hq/scissors_PNG15.jpg,Scissors,
data/thin/hq/scissors_PNG17.jpg,Scissors,
data/thin/hq/scissors_PNG18.jpg,Scissors,
data/thin/hq/scissors_PNG2.jpg,Scissors,
data/thin/hq/scissors_PNG20.jpg,Scissors,
data/thin/hq/scissors_PNG21.jpg,Scissors,
data/thin/hq/scissors_PNG22a.jpg,Scissors,
data/thin/hq/scissors_PNG22b.jpg,Scissors,
data/thin/hq/scissors_PNG24a.jpg,Scissors,"Based on the image provided, the main object is a bird perched on a branch, which is part of a tree. The bird appears to be a chickadee or a similar species, and the tree is in the background.

The most prominent object in the image is the bird.

Bird"
data/thin/hq/scissors_PNG24b.jpg,Scissors,"Based on the image provided, the main object is a pair of scissors. They are in the foreground and are clearly visible, with a large, dark double-decker bus in the background. The scissors are positioned in the lower-left portion of the frame, and their blades are open.

The correct class name from the list is:

Scissors"
data/thin/hq/scissors_PNG26.jpg,Scissors,
data/thin/hq/scissors_PNG27.jpg,Scissors,
data/thin/hq/scissors_PNG28.jpg,Scissors,
data/thin/hq/scissors_PNG31.jpg,Scissors,
data/thin/hq/scissors_PNG32.jpg,Scissors,"Based on the visual information provided in the image, the main object is a pair of scissors.

- The image clearly shows two blades connected by a pivot point and two handles.
- The handles are orange and the blades are silver.
- The background is a blurred, watery surface.

The object is a pair of scissors.

Scissors"
data/thin/hq/scissors_PNG33.jpg,Scissors,
data/thin/hq/scissors_PNG34.jpg,Scissors,"Based on the visual information in the image, the main object is a pair of scissors.

Scissors are a common tool used for cutting, and they are clearly visible in the image. The object has two blades and handles, which are characteristic of scissors.

Therefore, the correct class name is:

Scissors"
data/thin/hq/scissors_PNG35.jpg,Scissors,
data/thin/hq/scissors_PNG36.jpg,Scissors,"Based on the visual information provided in the image, the main object is a large pair of scissors.

The scissors are the most prominent and largest object in the image, with a significant size that makes them the focal point. They are also the only object that is clearly identifiable as a tool and is the subject of the photograph.

Therefore, the correct class name is:

Scissors"
data/thin/hq/scissors_PNG37.jpg,Scissors,
data/thin/hq/scissors_PNG39b.jpg,Scissors,
data/thin/hq/scissors_PNG41.jpg,Scissors,Scissors
data/thin/hq/scissors_PNG5.jpg,Scissors,
data/thin/hq/scissors_PNG6.jpg,Scissors,
data/thin/hq/scissors_PNG8.jpg,Scissors,Scissors
data/thin/hq/scissors_PNG9.jpg,Scissors,
data/thin/hq/scooter_PNG11285.jpg,Scooter,
data/thin/hq/scooter_PNG11286.jpg,Scooter,"Based on the image provided, the main object is a motorcycle.

The correct class name from the list is:
Motorcycle"
data/thin/hq/scooter_PNG11287.jpg,Scooter,
data/thin/hq/scooter_PNG11289.jpg,Scooter,"Based on the visual information in the image, the main object is a motorcycle.

The correct class name from the list is:

Motorcycle"
data/thin/hq/scooter_PNG11290.jpg,Scooter,
data/thin/hq/scooter_PNG11291.jpg,Scooter,
data/thin/hq/scooter_PNG11298.jpg,Scooter,
data/thin/hq/scooter_PNG11301.jpg,Scooter,
data/thin/hq/scooter_PNG11302.jpg,Scooter,
data/thin/hq/scooter_PNG11303.jpg,Scooter,
data/thin/hq/scooter_PNG11306.jpg,Scooter,Scooter
data/thin/hq/scooter_PNG11309.jpg,Scooter,Scooter
data/thin/hq/scooter_PNG11311.jpg,Scooter,
data/thin/hq/scooter_PNG11312.jpg,Scooter,"Based on the visual information in the image, the main object is a two-wheeled vehicle designed for personal transportation. It features a sleek design with a red and black color scheme, a front headlight, a seat, and a handlebar with mirrors. This vehicle is a common type of personal transport in many parts of the world.

The class name for this object is:

Scooter"
data/thin/hq/scooter_PNG11316.jpg,Scooter,
data/thin/hq/scooter_PNG11321.jpg,Scooter,
data/thin/hq/scooter_PNG11325.jpg,Scooter,
data/thin/hq/scooter_PNG11327.jpg,Scooter,"Based on the visual information in the image, the main object is a scooter. It is a two-wheeled vehicle with a red and black color scheme, featuring a front headlight, handlebars, and a seat. The scooter is positioned on a wooden surface, possibly a log or a piece of debris.

The correct class name from the list is:

Scooter"
data/thin/hq/scooter_PNG11328.jpg,Scooter,
data/thin/hq/scooter_PNG11330.jpg,Scooter,
data/thin/hq/scooter_PNG11331.jpg,Scooter,
data/thin/hq/scooter_PNG11332.jpg,Scooter,
data/thin/hq/scooter_PNG11338.jpg,Scooter,
data/thin/hq/scorpion_PNG12113a.jpg,Scorpion,
data/thin/hq/scorpion_PNG12113b.jpg,Scorpion,
data/thin/hq/scorpion_PNG12114.jpg,Scorpion,
data/thin/hq/scorpion_PNG12115.jpg,Scorpion,
data/thin/hq/scorpion_PNG12116.jpg,Scorpion,
data/thin/hq/scorpion_PNG12117.jpg,Scorpion,
data/thin/hq/scorpion_PNG12122.jpg,Scorpion,
data/thin/hq/scorpion_PNG12125.jpg,Scorpion,
data/thin/hq/scorpion_PNG12128.jpg,Scorpion,
data/thin/hq/scorpion_PNG12130.jpg,Scorpion,
data/thin/hq/scorpion_PNG12136.jpg,Scorpion,
data/thin/hq/scorpion_PNG12138.jpg,Scorpion,
data/thin/hq/screwdriver_PNG9494.jpg,Screwdriver,
data/thin/hq/screwdriver_PNG9496.jpg,Screwdriver,
data/thin/hq/screwdriver_PNG9497.jpg,Screwdriver,
data/thin/hq/screwdriver_PNG9499.jpg,Screwdriver,
data/thin/hq/screwdriver_PNG9502.jpg,Screwdriver,
data/thin/hq/screwdriver_PNG9503.jpg,Screwdriver,"Based on the image provided, the main object is a tool with a handle and a screwdriver tip, which is clearly identifiable as a screwdriver.

The correct class name from the list is:

Screwdriver"
data/thin/hq/screwdriver_PNG9510.jpg,Screwdriver,
data/thin/hq/screwdriver_PNG9511.jpg,Screwdriver,
data/thin/hq/screwdriver_PNG9512.jpg,Screwdriver,
data/thin/hq/screwdriver_PNG9513b.jpg,Screwdriver,
data/thin/hq/screwdriver_PNG9513c.jpg,Screwdriver,
data/thin/hq/screwdriver_PNG9513d.jpg,Screwdriver,
data/thin/hq/screwdriver_PNG9513e.jpg,Screwdriver,
data/thin/hq/screwdriver_PNG9513f.jpg,Screwdriver,
data/thin/hq/screwdriver_PNG9513g.jpg,Screwdriver,
data/thin/hq/screwdriver_PNG9513h.jpg,Screwdriver,
data/thin/hq/screwdriver_PNG9513i.jpg,Screwdriver,
data/thin/hq/screwdriver_PNG9514a.jpg,Screwdriver,
data/thin/hq/screwdriver_PNG9514b.jpg,Screwdriver,
data/thin/hq/screwdriver_PNG9514e.jpg,Screwdriver,
data/thin/hq/screwdriver_PNG9514f.jpg,Screwdriver,
data/thin/hq/screwdriver_PNG9514h.jpg,Screwdriver,
data/thin/hq/screwdriver_PNG9516b.jpg,Screwdriver,"To identify the main object in the image, we analyze the visual content:

- The image features a single object that is clearly identifiable as a tool.
- The object has a long, slender shaft and a handle with a green and yellow color scheme.
- The handle has the brand name ""WALTER"" printed on it, which is a characteristic of a specific type of tool.
- The object is designed for turning screws, which is its primary function.
- This object is a common household tool used"
data/thin/hq/screwdriver_PNG9516c.jpg,Screwdriver,"Based on the visual information in the image, the main object is a tool that is being used on a carved object.

The object is a screwdriver, specifically a ""Screwdriver"" as per the given classes.

Screwdriver"
data/thin/hq/screwdriver_PNG9516d.jpg,Screwdriver,"Based on the image provided, the main object is a screwdriver. It is placed on a decorated ceramic vessel, which appears to be an ancient Greek-style vase.

The object is a screwdriver, which is a tool used for tightening or loosening screws. It has a green handle and a metallic shaft, and it is positioned on the vase.

The correct class name from the list is:
Screwdriver"
data/thin/hq/screwdriver_PNG9516e.jpg,Screwdriver,"Based on the image provided, the main object is a tool with a green handle and a metallic shaft, which is a screwdriver. The brand name ""KLEIN"" is visible on the handle.

The correct class name from the list is:
Screwdriver"
data/thin/hq/screwdriver_PNG9518.jpg,Screwdriver,
data/thin/hq/screwdriver_PNG9519.jpg,Screwdriver,
data/thin/hq/screwdriver_PNG9522.jpg,Screwdriver,
data/thin/hq/screwdriver_PNG9523.jpg,Screwdriver,Screwdriver
data/thin/hq/screwdriver_PNG9527.jpg,Screwdriver,"Based on the image provided, the main object is a tool with a black and red handle and a silver-colored shaft, which is a screwdriver.

The correct class name from the list is:

Screwdriver"
data/thin/hq/screwdriver_PNG9528.jpg,Screwdriver,Screwdriver
data/thin/hq/screwdriver_PNG9529.jpg,Screwdriver,"Based on the image provided, the main object is a tool with a red and yellow handle and a metallic tip, which is characteristic of a screwdriver.

The correct class name from the list is:
Wrench"
data/thin/hq/seahorse_PNG11.jpg,Seahorse,"Based on the visual information in the image, the main object is a large, stylized seahorse. It is the central focus of the photograph, with its detailed, sculpted form and prominent features such as the spines and curled tail.

The correct class name from the list is:

Seahorse"
data/thin/hq/seahorse_PNG12.jpg,Seahorse,"Based on the visual information in the image, the main object is a marine animal.

The object is a seahorse, which is a type of fish. It is shown in a vertical orientation, with its long, slender body and distinctive tail. The seahorse appears to be a sculpture or a display piece, as it is not in its natural aquatic environment.

From the provided list of classes, the correct identification is:

Seahorse"
data/thin/hq/seahorse_PNG2.jpg,Seahorse,
data/thin/hq/seahorse_PNG3a.jpg,Seahorse,
data/thin/hq/seahorse_PNG3b.jpg,Seahorse,
data/thin/hq/seahorse_PNG5.jpg,Seahorse,"Based on the image provided, the main object is a marine animal.

The object in the image is a seahorse. It is a small, fish-like creature with a long, slender body, a curled tail, and a distinctive, beak-like mouth. It is shown in a light green color, with a clear, transparent appearance, and is positioned against a blurred background.

The correct class name from the list is:

Seahorse"
data/thin/hq/seahorse_PNG8.jpg,Seahorse,The main object in the image is: Seahorse
data/thin/hq/sewing_machine_PNG31.jpg,Sewing Machine,"Based on the image provided, the main object is a vintage sewing machine. It is an old-fashioned model with a wooden base and a black metal frame, and it is the central focus of the image.

The correct class name from the list is:

Sewing Machine"
data/thin/hq/sewing_machine_PNG66.jpg,Sewing Machine,Sewing Machine
data/thin/hq/sewing_machine_PNG69.jpg,Sewing Machine,
data/thin/hq/ship_PNG5403.jpg,Ship,"Based on the visual information in the image, the main object is a large sailing ship with multiple sails. The ship is depicted in a dynamic, somewhat stylized manner, with a focus on its structure and movement.

The class that best matches this object is:

Ship"
data/thin/hq/ship_PNG5407.jpg,Ship,"Based on the visual evidence in the image, the main object is a detailed model of a ship.

The most accurate class from the list provided for this object is:

Ship"
data/thin/hq/ship_PNG5416.jpg,Ship,"Based on the visual information in the image, the main object is a large, multi-masted sailing ship.

The correct class name from the list is:
Ship"
data/thin/hq/shopping_cart_PNG1.jpg,Shopping Cart,"Based on the visual information in the image, the main object is a shopping cart.

The image shows a wire basket attached to the base of an office chair, which is a common feature of a shopping cart. The cart is being used to hold a small white dog, and the dog is lying inside it.

The object in the image is a shopping cart.

Shopping Cart"
data/thin/hq/shopping_cart_PNG21.jpg,Shopping Cart,
data/thin/hq/shopping_cart_PNG28.jpg,Shopping Cart,
data/thin/hq/shopping_cart_PNG30.jpg,Shopping Cart,
data/thin/hq/shopping_cart_PNG32.jpg,Shopping Cart,"Based on the image provided, the main object is a shopping cart filled with packages.

The correct class name from the list is:

Shopping Cart"
data/thin/hq/shopping_cart_PNG36.jpg,Shopping Cart,"Based on the image provided, the main object is a shopping cart.

The correct class name from the list is:
Shopping Cart"
data/thin/hq/shopping_cart_PNG43.jpg,Shopping Cart,
data/thin/hq/shopping_cart_PNG47.jpg,Shopping Cart,The main object in the image is a Shopping Cart.
data/thin/hq/shopping_cart_PNG49.jpg,Shopping Cart,"Based on the image provided, the main object is a shopping cart.

The correct class name from the list is:
Shopping Cart"
data/thin/hq/shopping_cart_PNG63.jpg,Shopping Cart,
data/thin/hq/shopping_cart_PNG67.jpg,Shopping Cart,The main object in the image is a Shopping Cart.
data/thin/hq/shopping_cart_PNG70.jpg,Shopping Cart,
data/thin/hq/shopping_cart_PNG72.jpg,Shopping Cart,"Based on the image provided, the main object is a shopping cart.

The image shows a shopping cart, which is a common type of cart used in stores. The cart is depicted in a realistic manner with a metallic finish, and it is positioned in front of two zebras.

Therefore, the correct class name is:

Shopping Cart"
data/thin/hq/shopping_cart_PNG74.jpg,Shopping Cart,"Based on the image provided, the main object is a shopping cart. It is a green plastic basket with a horizontal orange bar, and it appears to be empty.

The correct class name from the list is:

Shopping Cart"
data/thin/hq/shovel_PNG7595.jpg,Shovel,Shovel
data/thin/hq/shovel_PNG7598.jpg,Shovel,Shovel
data/thin/hq/shovel_PNG7599.jpg,Shovel,
data/thin/hq/shovel_PNG7601.jpg,Shovel,"Based on the visual information provided in the image, the main object is a tool that is being used by a person. The tool has a long handle and a distinct digging head, which is characteristic of a shovel. The shovel is positioned in the center of the image, and it appears to be in use.

The correct class name from the list is:

Shovel"
data/thin/hq/shovel_PNG7604.jpg,Shovel,
data/thin/hq/shovel_PNG7608.jpg,Shovel,
data/thin/hq/shovel_PNG7609a.jpg,Shovel,Statue Of Liberty
data/thin/hq/shovel_PNG7609b.jpg,Shovel,Shovel
data/thin/hq/shovel_PNG7609c.jpg,Shovel,Statue Of Liberty
data/thin/hq/shovel_PNG7611.jpg,Shovel,
data/thin/hq/shovel_PNG7617.jpg,Shovel,"Based on the visual information provided in the image, the main object is a tool with a handle and a blade, which is clearly identifiable as a shovel.

From the given list of classes, the most appropriate choice is:

Shovel"
data/thin/hq/shovel_PNG7618.jpg,Shovel,"Based on the visual information provided in the image, the main object is a tool used for digging or moving soil or snow. It has a long handle and a large, flat blade. The handle is orange and the blade is gray. This object is clearly a shovel.

Therefore, the correct class name is:

Shovel"
data/thin/hq/shrimps_PNG18255.jpg,Shrimps,
data/thin/hq/shrimps_PNG18257.jpg,Shrimps,
data/thin/hq/shrimps_PNG18261b.jpg,Shrimps,
data/thin/hq/shrimps_PNG18265.jpg,Shrimps,"Based on the image provided, the main object is a shrimp.

The correct class name from the list is:

Shrimps"
data/thin/hq/shrimps_PNG18267.jpg,Shrimps,
data/thin/hq/shrimps_PNG18274.jpg,Shrimps,
data/thin/hq/shrimps_PNG18277.jpg,Shrimps,
data/thin/hq/skeleton_PNG42614.jpg,Skeleton,Skeleton
data/thin/hq/skeleton_PNG42616.jpg,Skeleton,
data/thin/hq/skeleton_PNG42618b.jpg,Skeleton,
data/thin/hq/skeleton_PNG42619.jpg,Skeleton,Skeleton
data/thin/hq/skeleton_PNG42621.jpg,Skeleton,
data/thin/hq/skeleton_PNG42624.jpg,Skeleton,
data/thin/hq/skeleton_PNG42627.jpg,Skeleton,
data/thin/hq/skeleton_PNG42629.jpg,Skeleton,
data/thin/hq/skeleton_PNG42633.jpg,Skeleton,
data/thin/hq/skeleton_PNG42637a.jpg,Skeleton,
data/thin/hq/skeleton_PNG42637b.jpg,Skeleton,
data/thin/hq/skeleton_PNG42639.jpg,Skeleton,
data/thin/hq/skeleton_PNG42645.jpg,Skeleton,
data/thin/hq/skeleton_PNG42647.jpg,Skeleton,"Based on the visual information provided in the image, the main object is a skeleton. It is positioned in a natural setting, possibly a garden or a park, with green foliage and water nearby.

The correct class name from the list is:

Skeleton"
data/thin/hq/skeleton_PNG42648.jpg,Skeleton,
data/thin/hq/skeleton_PNG42649.jpg,Skeleton,
data/thin/hq/skeleton_PNG42652.jpg,Skeleton,
data/thin/hq/skeleton_PNG42654.jpg,Skeleton,
data/thin/hq/skeleton_PNG42655.jpg,Skeleton,
data/thin/hq/skeleton_PNG42656.jpg,Skeleton,
data/thin/hq/skeleton_PNG42657.jpg,Skeleton,
data/thin/hq/skeleton_PNG42660.jpg,Skeleton,
data/thin/hq/skeleton_PNG42661.jpg,Skeleton,
data/thin/hq/skeleton_PNG42662.jpg,Skeleton,
data/thin/hq/skeleton_PNG42663.jpg,Skeleton,
data/thin/hq/skeleton_PNG42666a.jpg,Skeleton,Skeleton
data/thin/hq/skeleton_PNG5531.jpg,Skeleton,
data/thin/hq/skeleton_PNG5532.jpg,Skeleton,
data/thin/hq/skeleton_PNG5536.jpg,Skeleton,
data/thin/hq/skeleton_PNG5538.jpg,Skeleton,
data/thin/hq/skeleton_PNG5539.jpg,Skeleton,
data/thin/hq/skeleton_PNG5545.jpg,Skeleton,"Based on the visual information provided in the image, the main object is a skeleton.

The skeleton is depicted in a standing position, with its bones clearly visible and rendered in a golden color. It is positioned on a wooden surface, and the background appears to be a natural, outdoor setting with green foliage.

From the given list of classes, the most appropriate identification for the main object is:

Skeleton"
data/thin/hq/skeleton_PNG5557.jpg,Skeleton,
data/thin/hq/skeleton_PNG5558.jpg,Skeleton,Skeleton
data/thin/hq/skeleton_PNG5565a.jpg,Skeleton,
data/thin/hq/skeleton_PNG5565b.jpg,Skeleton,
data/thin/hq/sled_PNG11.jpg,Sled,"Based on the image provided, the main object is a wooden sled.

The correct class name from the list is:
Sled"
data/thin/hq/sled_PNG15.jpg,Sled,
data/thin/hq/sled_PNG23.jpg,Sled,
data/thin/hq/sled_PNG24.jpg,Sled,"Based on the image provided, the main object is a wooden sled.

The correct class name from the list is:
Sled"
data/thin/hq/sled_PNG26.jpg,Sled,The main object in the image is a red sled.
data/thin/hq/sled_PNG30.jpg,Sled,
data/thin/hq/sled_PNG33.jpg,Sled,
data/thin/hq/sled_PNG37a.jpg,Sled,"Based on the image provided, the main object is a sled, which is a type of vehicle used for transportation on snow or ice.

The class name for this object is:
Sled"
data/thin/hq/sled_PNG37b.jpg,Sled,"Based on the visual information in the image, the main object is a type of vehicle designed for pulling or pushing, with a handle and wheels. It appears to be a small, red, wheeled device, possibly a toy or a small cart.

The most appropriate class from the list provided that matches this description is:

Scooter"
data/thin/hq/sled_PNG37c.jpg,Sled,"Based on the visual information provided in the image, the main object is a green and yellow object that appears to be a sled or a type of vehicle. The object is positioned in a forested area, and its shape and color are consistent with that of a sled. The object is not a person or animal, but rather a man-made object.

Therefore, the correct class name is:

Sled"
data/thin/hq/sled_PNG37d.jpg,Sled,"Based on the image provided, the main object is a lawn mower. It is depicted in a stylized, cartoonish manner with a light blue outline against a blue brick wall.

The correct class name from the list is:
Mop"
data/thin/hq/sled_PNG5.jpg,Sled,"Based on the image provided, the main object is a green sled with a wooden seat and handlebars. It appears to be a type of snow sled or a winter sled, which is a type of sled.

The correct class name from the list is:

Sled"
data/thin/hq/sled_PNG6.jpg,Sled,
data/thin/hq/snails_PNG13189.jpg,Snails,
data/thin/hq/snails_PNG13190.jpg,Snails,
data/thin/hq/snails_PNG13192.jpg,Snails,
data/thin/hq/snails_PNG13193.jpg,Snails,"Based on the image provided, the main object is a large snail.

The correct class name from the list is:
Snails"
data/thin/hq/snails_PNG13194.jpg,Snails,
data/thin/hq/snails_PNG13196.jpg,Snails,
data/thin/hq/snails_PNG13197.jpg,Snails,
data/thin/hq/snails_PNG13198b.jpg,Snails,
data/thin/hq/snails_PNG13198c.jpg,Snails,
data/thin/hq/snails_PNG13204.jpg,Snails,
data/thin/hq/snails_PNG13205.jpg,Snails,
data/thin/hq/snails_PNG13207.jpg,Snails,
data/thin/hq/snails_PNG13209.jpg,Snails,
data/thin/hq/snails_PNG13211.jpg,Snails,
data/thin/hq/snails_PNG13212.jpg,Snails,
data/thin/hq/snails_PNG13213.jpg,Snails,
data/thin/hq/snails_PNG13214.jpg,Snails,
data/thin/hq/snails_PNG13215.jpg,Snails,
data/thin/hq/snake_PNG4044.jpg,Snake,"Based on the image provided, the main object is a large snake with a pattern of red and white spots, which is clearly visible in the center of the image. The snake is coiled and appears to be in motion, with its body forming a long, winding shape across the landscape.

The correct class name for this object is:

Snake"
data/thin/hq/snake_PNG4077.jpg,Snake,
data/thin/hq/snake_PNG4080.jpg,Snake,
data/thin/hq/snake_PNG4086.jpg,Snake,
data/thin/hq/sofa_PNG6953.jpg,Sofa,"Based on the description provided, the main object in the image is a red sofa with a modern design, featuring a curved backrest and seat, supported by slender metal legs. The sofa is positioned in front of a dark-colored car.

The correct class name for the main object is:

Sofa"
data/thin/hq/spear_PNG10.jpg,Spear,"Based on the image provided, the main object is a spear.

- The image shows a man in a yellow hard hat leaning forward.
- A long, dark object is clearly visible, extending from the man's head and pointing diagonally across the image.
- This object has the distinct shape and features of a spear, including a pointed tip and a shaft.

Therefore, the correct class name is:

Spear"
data/thin/hq/spear_PNG14.jpg,Spear,"Based on the image provided, the main object is a bee. It is a close-up of a yellow bee with a long, thin object (a spear) inserted into its body.

The correct class name from the list is:
Bee"
data/thin/hq/spear_PNG16.jpg,Spear,
data/thin/hq/spear_PNG17.jpg,Spear,"Based on the visual information provided in the image, the main object is a spear.

The image shows a long, slender, pointed object with a sharp tip, which is characteristic of a spear. It is positioned vertically in the center of the frame, standing in a savanna-like environment with an elephant in the foreground.

Therefore, the correct class name is:

Spear"
data/thin/hq/spear_PNG19.jpg,Spear,"Based on the visual information in the image, the main object is a spear. It is a long, dark brown shaft with a pointed tip, and it is being held by a caterpillar.

The correct class name from the list is:

Spear"
data/thin/hq/spear_PNG2.jpg,Spear,"Based on the image provided, the main object is a bird.

The correct class name from the list is:
Bird"
data/thin/hq/spear_PNG23.jpg,Spear,
data/thin/hq/spear_PNG27.jpg,Spear,
data/thin/hq/spear_PNG28.jpg,Spear,"Based on the image provided, the main object is a bird perched on a branch, with a spear-like object (arrow) in front of it.

The correct class name from the list is:

Bird"
data/thin/hq/spear_PNG29.jpg,Spear,
data/thin/hq/spear_PNG31.jpg,Spear,
data/thin/hq/spear_PNG32.jpg,Spear,"Based on the image provided, the main object is a spear. It has a long shaft with a red and black band near the middle, and a pointed tip. The spear is lying on a background of green fern leaves.

The correct class name from the list is:

Spear"
data/thin/hq/spear_PNG33.jpg,Spear,
data/thin/hq/spear_PNG4.jpg,Spear,
data/thin/hq/spear_PNG40.jpg,Spear,Crane
data/thin/hq/spear_PNG45.jpg,Spear,"Based on the image provided, the main object is the boat. It is a wooden boat with a colorful umbrella and various items on board, such as food and a paddle. The boat is floating on the water.

The class name for the main object in the image is:

Boat"
data/thin/hq/spear_PNG5.jpg,Spear,
data/thin/hq/spear_PNG51.jpg,Spear,
data/thin/hq/spear_PNG6.jpg,Spear,
data/thin/hq/spear_PNG9.jpg,Spear,
data/thin/hq/spider_PNG13.jpg,Spider,
data/thin/hq/spider_PNG20.jpg,Spider,
data/thin/hq/spider_PNG22.jpg,Spider,
data/thin/hq/spider_PNG27a.jpg,Spider,
data/thin/hq/spider_PNG27b.jpg,Spider,
data/thin/hq/spider_PNG27d.jpg,Spider,
data/thin/hq/spider_PNG27e.jpg,Spider,
data/thin/hq/spider_PNG29.jpg,Spider,
data/thin/hq/spider_PNG2a.jpg,Spider,
data/thin/hq/spider_PNG2b.jpg,Spider,
data/thin/hq/spider_PNG2c.jpg,Spider,
data/thin/hq/spider_PNG2d.jpg,Spider,
data/thin/hq/spider_PNG2e.jpg,Spider,
data/thin/hq/spider_PNG2g.jpg,Spider,
data/thin/hq/spider_PNG2h.jpg,Spider,
data/thin/hq/spider_PNG2i.jpg,Spider,
data/thin/hq/spider_PNG32.jpg,Spider,
data/thin/hq/spider_PNG33.jpg,Spider,
data/thin/hq/spider_PNG37.jpg,Spider,
data/thin/hq/spider_PNG39.jpg,Spider,
data/thin/hq/spider_PNG41.jpg,Spider,
data/thin/hq/spider_PNG42.jpg,Spider,
data/thin/hq/spider_PNG43.jpg,Spider,
data/thin/hq/spider_PNG44.jpg,Spider,
data/thin/hq/spider_PNG5.jpg,Spider,
data/thin/hq/spider_PNG6.jpg,Spider,
data/thin/hq/spider_PNG7.jpg,Spider,
data/thin/hq/spider_PNG8.jpg,Spider,
data/thin/hq/spoon_PNG3035.jpg,Spoon,
data/thin/hq/spoon_PNG3037.jpg,Spoon,
data/thin/hq/spoon_PNG3038.jpg,Spoon,
data/thin/hq/spoon_PNG3039.jpg,Spoon,
data/thin/hq/spoon_PNG3041.jpg,Spoon,
data/thin/hq/spoon_PNG3043.jpg,Spoon,
data/thin/hq/spoon_PNG3045.jpg,Spoon,
data/thin/hq/spoon_PNG3046.jpg,Spoon,
data/thin/hq/spoon_PNG3048 - Copy.jpg,Spoon,
data/thin/hq/spoon_PNG3048.jpg,Spoon,
data/thin/hq/squid_PNG3.jpg,Squid,The main object in the image is a squid.
data/thin/hq/starfish_PNG16a.jpg,Starfish,
data/thin/hq/starfish_PNG16b.jpg,Starfish,
data/thin/hq/starfish_PNG4.jpg,Starfish,
data/thin/hq/starfish_PNG6.jpg,Starfish,Starfish
data/thin/hq/statue_of_liberty_PNG1.jpg,Statue Of Liberty,
data/thin/hq/statue_of_liberty_PNG11.jpg,Statue Of Liberty,"Based on the image provided, the main object is the Statue of Liberty.

The correct class name from the list is:
Statue Of Liberty"
data/thin/hq/statue_of_liberty_PNG17.jpg,Statue Of Liberty,"Based on the image provided, the main object is a statue.

The statue in the image is the Statue of Liberty. It is a well-known symbol of the United States and is often associated with freedom and democracy.

Therefore, the correct class name is:

Statue Of Liberty"
data/thin/hq/statue_of_liberty_PNG2.jpg,Statue Of Liberty,"Based on the image provided, the main object is the Statue of Liberty.

The Statue of Liberty is a prominent and iconic statue located in New York Harbor, New York, USA. It is a symbol of freedom and democracy. The statue is made of copper and has a green patina. In the image, it is depicted with its torch raised high, and it is positioned in front of a large airplane and a body of water.

The correct class name from the list is:

Statue Of Liberty"
data/thin/hq/statue_of_liberty_PNG30.jpg,Statue Of Liberty,
data/thin/hq/statue_of_liberty_PNG5.jpg,Statue Of Liberty,
data/thin/hq/statue_of_liberty_PNG6.jpg,Statue Of Liberty,
data/thin/hq/statue_of_liberty_PNG9.jpg,Statue Of Liberty,
data/thin/hq/stethoscope_PNG103.jpg,Stethoscope,
data/thin/hq/stethoscope_PNG111.jpg,Stethoscope,
data/thin/hq/stethoscope_PNG114.jpg,Stethoscope,
data/thin/hq/stethoscope_PNG117.jpg,Stethoscope,
data/thin/hq/stethoscope_PNG122.jpg,Stethoscope,
data/thin/hq/stethoscope_PNG13.jpg,Stethoscope,
data/thin/hq/stethoscope_PNG19.jpg,Stethoscope,
data/thin/hq/stethoscope_PNG33.jpg,Stethoscope,
data/thin/hq/stethoscope_PNG36.jpg,Stethoscope,
data/thin/hq/stethoscope_PNG38.jpg,Stethoscope,
data/thin/hq/stethoscope_PNG5.jpg,Stethoscope,
data/thin/hq/stethoscope_PNG62.jpg,Stethoscope,
data/thin/hq/stethoscope_PNG63.jpg,Stethoscope,The main object in the image is: Stethoscope
data/thin/hq/stethoscope_PNG65.jpg,Stethoscope,
data/thin/hq/stethoscope_PNG73.jpg,Stethoscope,
data/thin/hq/stethoscope_PNG75.jpg,Stethoscope,
data/thin/hq/stethoscope_PNG81.jpg,Stethoscope,
data/thin/hq/stethoscope_PNG82.jpg,Stethoscope,
data/thin/hq/stethoscope_PNG85.jpg,Stethoscope,
data/thin/hq/stethoscope_PNG86.jpg,Stethoscope,The main object in the image is: Stethoscope
data/thin/hq/stethoscope_PNG88.jpg,Stethoscope,
data/thin/hq/stork_PNG1.jpg,Stork,"Based on the visual information in the image, the main object is a large white bird with a long, orange beak and black wings. This bird is perched on a branch, and its appearance is characteristic of a stork.

From the provided list of classes, the correct identification is:

Stork"
data/thin/hq/stork_PNG11.jpg,Stork,
data/thin/hq/stork_PNG12.jpg,Stork,
data/thin/hq/stork_PNG19.jpg,Stork,"Based on the image provided, the main object is a bird. The bird has white feathers, black wings, a long orange beak, and long orange legs, and is standing on grass. It appears to be a stork.

From the given list of classes, the correct one is:

Stork"
data/thin/hq/stork_PNG27.jpg,Stork,
data/thin/hq/stork_PNG31.jpg,Stork,
data/thin/hq/stork_PNG39.jpg,Stork,
data/thin/hq/stork_PNG40.jpg,Stork,
data/thin/hq/stork_PNG46.jpg,Stork,
data/thin/hq/street_light_PNG11509.jpg,Street Light,
data/thin/hq/street_light_PNG11510a.jpg,Street Light,
data/thin/hq/street_light_PNG11510b.jpg,Street Light,
data/thin/hq/street_light_PNG11510c.jpg,Street Light,"Based on the image provided, the main object is a large, metallic airplane, with its wing and engine visible. The airplane appears to be a vintage or classic model, possibly a military aircraft, given its design and the presence of a propeller. The image is taken from a low angle, focusing on the aircraft's fuselage and wing.

The most prominent object in the image is the airplane.

Airplane"
data/thin/hq/street_light_PNG11510d.jpg,Street Light,
data/thin/hq/street_light_PNG11515.jpg,Street Light,"Based on the image provided, the main object is a fishing tool.

The object in the image is a fishing rod, which is a long, thin pole used for fishing. It is equipped with a reel at the top and a hook at the bottom. The rod is surrounded by what appears to be marine life, possibly fish or other aquatic creatures, indicating that the rod is being used in a fishing context.

The correct class name from the list is:

Spear"
data/thin/hq/street_light_PNG11518.jpg,Street Light,"Based on the visual information in the image, the main object is a tall, decorative lamp post. It features a classic design with a clear glass lantern, a metallic pole, and a base with a decorative pattern. This type of lighting fixture is commonly used for outdoor or garden settings.

The correct class name from the list provided is:

Street Light"
data/thin/hq/street_light_PNG11519.jpg,Street Light,"Based on the provided image, the main object is a street light. It is a tall, black, ornate pole with three lamps at the top, and it is positioned on a sidewalk.

The correct class name is:
Street Light"
data/thin/hq/street_light_PNG11520.jpg,Street Light,"Based on the visual information provided in the image, the main object is a street light.

The object is a tall, dark-colored pole with a lantern fixture at the top. The lantern has a classic design with a glass enclosure and a decorative top. This is a common type of street lighting fixture.

The correct class name from the list is:

Street Light"
data/thin/hq/street_light_PNG11525.jpg,Street Light,"Based on the image provided, the main object is a street light. It is a tall, dark-colored pole with a lantern head, and it is positioned outdoors in a scenic area.

The correct class name from the list is:

Street Light"
data/thin/hq/street_light_PNG11527.jpg,Street Light,The main object in the image is: Street Light
data/thin/hq/street_light_PNG11531.jpg,Street Light,"Based on the visual information in the image, the main object is a tall, ornate outdoor lamp.

The most appropriate class from the list provided for this object is:

Street Light"
data/thin/hq/street_light_PNG11532.jpg,Street Light,"Based on the image provided, the main object is a wall-mounted outdoor lantern. This type of fixture is commonly used for lighting in gardens or patios.

The correct class name from the list is:

Street Light"
data/thin/hq/street_light_PNG11538.jpg,Street Light,"Based on the visual information provided in the image, the main object is a street light.

The image displays a tall, black, pole-mounted lamp with a traditional design, which is characteristic of a street light. It is positioned in an outdoor setting, likely a garden or park, with a background of green foliage and a stone structure.

Therefore, the correct class name is:

Street Light"
data/thin/hq/street_light_PNG11542.jpg,Street Light,Street Light
data/thin/hq/street_light_PNG11543.jpg,Street Light,"Based on the visual information in the image, the main object is a decorative outdoor wall-mounted lamp.

The object is a lantern with a black metal frame, a glass enclosure, and a decorative finial on top. It is mounted to a brick wall and has a curved arm that extends outwards.

This object is a type of street light or outdoor lamp.

Therefore, the correct class name is:

Street Light"
data/thin/hq/street_light_PNG11545.jpg,Street Light,
data/thin/hq/submarine_PNG44.jpg,Submarine,"Based on the image provided, the main object is a submarine.

The correct class name from the list is:
Submarine"
data/thin/hq/submarine_PNG68.jpg,Submarine,"Based on the visual information in the image, the main object is a large, dark-colored submarine.

The correct class name from the list is:

Submarine"
data/thin/hq/suitcase_PNG10749.jpg,Suitcase,
data/thin/hq/suitcase_PNG10750.jpg,Suitcase,
data/thin/hq/suitcase_PNG10751.jpg,Suitcase,
data/thin/hq/suitcase_PNG10752.jpg,Suitcase,
data/thin/hq/suitcase_PNG10753.jpg,Suitcase,
data/thin/hq/suitcase_PNG10754.jpg,Suitcase,
data/thin/hq/suitcase_PNG10755.jpg,Suitcase,
data/thin/hq/suitcase_PNG10756.jpg,Suitcase,
data/thin/hq/suitcase_PNG10757.jpg,Suitcase,"Based on the visual information in the image, the main object is a suitcase.

The object is a vintage-style suitcase with a tan and brown color scheme, featuring three vertical stripes on the front. It has a handle on top and appears to be made of leather or a similar material. The image is a close-up, and the suitcase is the central focus.

From the given list of classes, the correct identification is:

Suitcase"
data/thin/hq/suitcase_PNG10758.jpg,Suitcase,
data/thin/hq/suitcase_PNG10759.jpg,Suitcase,
data/thin/hq/suitcase_PNG10761.jpg,Suitcase,
data/thin/hq/suitcase_PNG10762.jpg,Suitcase,
data/thin/hq/suitcase_PNG10763.jpg,Suitcase,
data/thin/hq/suitcase_PNG10764.jpg,Suitcase,
data/thin/hq/suitcase_PNG10770.jpg,Suitcase,
data/thin/hq/suitcase_PNG10773.jpg,Suitcase,
data/thin/hq/suitcase_PNG10774.jpg,Suitcase,
data/thin/hq/suitcase_PNG10775.jpg,Suitcase,
data/thin/hq/sunflower_PNG13366a.jpg,Sunflower,
data/thin/hq/sunflower_PNG13366b.jpg,Sunflower,
data/thin/hq/sunflower_PNG13385.jpg,Sunflower,
data/thin/hq/sunflower_PNG13390.jpg,Sunflower,
data/thin/hq/sunflower_PNG13393.jpg,Sunflower,
data/thin/hq/sunflower_PNG13403.jpg,Sunflower,
data/thin/hq/sunglasses_PNG101.jpg,Sunglasses,
data/thin/hq/sunglasses_PNG114a.jpg,Sunglasses,
data/thin/hq/sunglasses_PNG114b.jpg,Sunglasses,
data/thin/hq/sunglasses_PNG116.jpg,Sunglasses,
data/thin/hq/sunglasses_PNG117a.jpg,Sunglasses,
data/thin/hq/sunglasses_PNG117b.jpg,Sunglasses,
data/thin/hq/sunglasses_PNG119.jpg,Sunglasses,
data/thin/hq/sunglasses_PNG120.jpg,Sunglasses,
data/thin/hq/sunglasses_PNG122.jpg,Sunglasses,
data/thin/hq/sunglasses_PNG124.jpg,Sunglasses,
data/thin/hq/sunglasses_PNG127.jpg,Sunglasses,
data/thin/hq/sunglasses_PNG128.jpg,Sunglasses,"Based on the visual information in the image, the main object is a pair of sunglasses with a reflective lens and a black frame. The sunglasses are positioned in the foreground, with a small animal (a rabbit) partially visible behind them.

The correct class name for the main object is:

Sunglasses"
data/thin/hq/sunglasses_PNG129.jpg,Sunglasses,"Based on the image provided, the main object is a pair of sunglasses. The sunglasses have a silver frame with red accents and dark lenses. They are positioned in the foreground, and the image is a close-up shot.

The correct class name from the list is:

Sunglasses"
data/thin/hq/sunglasses_PNG13.jpg,Sunglasses,
data/thin/hq/sunglasses_PNG132.jpg,Sunglasses,
data/thin/hq/sunglasses_PNG137.jpg,Sunglasses,
data/thin/hq/sunglasses_PNG17.jpg,Sunglasses,
data/thin/hq/sunglasses_PNG29.jpg,Sunglasses,
data/thin/hq/sunglasses_PNG45.jpg,Sunglasses,
data/thin/hq/sunglasses_PNG50.jpg,Sunglasses,
data/thin/hq/sunglasses_PNG55.jpg,Sunglasses,"Based on the visual information in the image, the main object is the pair of sunglasses.

The sunglasses are the most prominent feature in the image, being the central focus of the composition. They are also the only object that is clearly visible and distinct from the people.

Therefore, the correct class name is:

Sunglasses"
data/thin/hq/sunglasses_PNG8.jpg,Sunglasses,
data/thin/hq/sunglasses_PNG88.jpg,Sunglasses,"Based on the image provided, the main object is a pair of sunglasses.

Sunglasses"
data/thin/hq/sunglasses_PNG89.jpg,Sunglasses,"Based on the visual information in the image, the main object is a pair of sunglasses with a large, dark lens and a metal frame. The sunglasses are being worn by a person who appears to be a soldier, as indicated by the camouflage gear and the presence of a rifle and a scope.

The class name that best fits this description is:

Sunglasses"
data/thin/hq/sunglasses_PNG94.jpg,Sunglasses,
data/thin/hq/sunglasses_PNG97.jpg,Sunglasses,
data/thin/hq/sunglasses_PNG98.jpg,Sunglasses,
data/thin/hq/swan_PNG30.jpg,Swan,
data/thin/hq/swan_PNG46.jpg,Swan,
data/thin/hq/swan_PNG51.jpg,Swan,
data/thin/hq/swan_PNG53.jpg,Swan,
data/thin/hq/sword_PNG5499.jpg,Sword,
data/thin/hq/sword_PNG5500.jpg,Sword,
data/thin/hq/sword_PNG5503.jpg,Sword,
data/thin/hq/sword_PNG5506.jpg,Sword,"Based on the image provided, the main object is a sword.

The correct class name from the list is:
Sword"
data/thin/hq/sword_PNG5507.jpg,Sword,
data/thin/hq/sword_PNG5509.jpg,Sword,
data/thin/hq/sword_PNG5513.jpg,Sword,
data/thin/hq/sword_PNG5521.jpg,Sword,
data/thin/hq/sword_PNG5522.jpg,Sword,The main object in the image is a Sword.
data/thin/hq/sword_PNG5523.jpg,Sword,
data/thin/hq/sword_PNG5525.jpg,Sword,
data/thin/hq/sword_PNG5526.jpg,Sword,
data/thin/hq/syringe_PNG12375a.jpg,Syringe,"Based on the visual information provided in the image, the main object is clearly identifiable.

The image features a large, transparent syringe with a needle, which is a common medical instrument. The syringe is depicted in mid-air, seemingly floating above a blue directional sign that has an arrow pointing to the right. The background is a clear blue sky.

Given the context and the object's appearance, the most accurate class from the provided list is:

Syringe"
data/thin/hq/syringe_PNG12376.jpg,Syringe,
data/thin/hq/syringe_PNG12384.jpg,Syringe,The main object in the image is a Syringe.
data/thin/hq/syringe_PNG12386.jpg,Syringe,Syringe
data/thin/hq/syringe_PNG12393.jpg,Syringe,Syringe
data/thin/hq/syringe_PNG12394.jpg,Syringe,The main object in the image is a Syringe.
data/thin/hq/table_PNG6972.jpg,Table,"Based on the image provided, the main object is a dining table.

The correct class name from the list is:
Table"
data/thin/hq/table_PNG6973.jpg,Table,
data/thin/hq/table_PNG6974.jpg,Table,
data/thin/hq/table_PNG6975.jpg,Table,"Based on the image provided, the main object is a wooden desk.

The correct class name from the list is:
Dresser"
data/thin/hq/table_PNG6977.jpg,Table,
data/thin/hq/table_PNG6979.jpg,Table,
data/thin/hq/table_PNG6981.jpg,Table,"Based on the image provided, the main object is a table.

The object in the image is a table with a round, dark top and four light-colored legs. It is positioned in front of a bookshelf filled with books. The table is the central focus of the image.

The correct class name from the list is:

Table"
data/thin/hq/table_PNG6983.jpg,Table,
data/thin/hq/table_PNG6984.jpg,Table,
data/thin/hq/table_PNG6985.jpg,Table,
data/thin/hq/table_PNG6986.jpg,Table,"Based on the visual information in the image, the main object is a table.

The object in the image is a wooden table with a simple design, featuring a light-colored wood finish and a rectangular top. It is positioned in the foreground, and a cake is visible beneath it. The table is the central focus of the image.

The correct class name from the list is:
Table"
data/thin/hq/table_PNG6988.jpg,Table,Table
data/thin/hq/table_PNG6989.jpg,Table,"Based on the image provided, the main object is a wooden dresser with a waterfall in the background. The dresser is a piece of furniture with multiple drawers and handles.

The correct class name from the list is:

Dresser"
data/thin/hq/table_PNG6990.jpg,Table,
data/thin/hq/table_PNG6991.jpg,Table,
data/thin/hq/table_PNG6993.jpg,Table,"Based on the image provided, the main object is a large wooden canopy or pergola structure. This is a type of shelter, often used in outdoor settings.

The class name for this object is:
Tent"
data/thin/hq/table_PNG6995.jpg,Table,
data/thin/hq/table_PNG6996.jpg,Table,
data/thin/hq/table_PNG6997a.jpg,Table,Table
data/thin/hq/table_PNG6997b.jpg,Table,Snake
data/thin/hq/table_PNG6997c.jpg,Table,Table
data/thin/hq/table_PNG6997e.jpg,Table,Chair
data/thin/hq/table_PNG6997f.jpg,Table,Table
data/thin/hq/table_PNG6997g.jpg,Table,Table
data/thin/hq/table_PNG6997i.jpg,Table,Bridge
data/thin/hq/table_PNG6998.jpg,Table,
data/thin/hq/table_PNG7000.jpg,Table,
data/thin/hq/table_PNG7005.jpg,Table,
data/thin/hq/table_PNG7006.jpg,Table,
data/thin/hq/table_PNG7007.jpg,Table,
data/thin/hq/table_PNG7008.jpg,Table,
data/thin/hq/tank_PNG1285.jpg,Tank,
data/thin/hq/tank_PNG1297.jpg,Tank,"Based on the image provided, the main object is a military tank.

The correct class name from the list is:
Tank"
data/thin/hq/tank_PNG1299.jpg,Tank,The main object in the image is a Tank.
data/thin/hq/tank_PNG1302.jpg,Tank,
data/thin/hq/tank_PNG1307.jpg,Tank,
data/thin/hq/tank_PNG1308.jpg,Tank,
data/thin/hq/tank_PNG1309.jpg,Tank,
data/thin/hq/tank_PNG1310.jpg,Tank,
data/thin/hq/tank_PNG1320.jpg,Tank,
data/thin/hq/tank_PNG1322.jpg,Tank,"Based on the visual information in the image, the main object is a large, heavily armored military vehicle.

The object has the following characteristics:
- It is a tank, which is a type of armored combat vehicle.
- It has a long, cylindrical hull with a turret on top.
- It is painted in a dark, camouflage-like color.
- The tank is shown in a dynamic, possibly battle-worn state, with debris and smoke around it.

The class that best matches this description is:"
data/thin/hq/tank_PNG1324.jpg,Tank,"Based on the image provided, the main object is a military tank.

The correct class name from the list is:

Tank"
data/thin/hq/tap_PNG1.jpg,Tap,
data/thin/hq/tap_PNG101.jpg,Tap,
data/thin/hq/tap_PNG11.jpg,Tap,
data/thin/hq/tap_PNG114.jpg,Tap,
data/thin/hq/tap_PNG115.jpg,Tap,
data/thin/hq/tap_PNG12.jpg,Tap,
data/thin/hq/tap_PNG130.jpg,Tap,
data/thin/hq/tap_PNG131.jpg,Tap,
data/thin/hq/tap_PNG16.jpg,Tap,Tap
data/thin/hq/tap_PNG17.jpg,Tap,
data/thin/hq/tap_PNG19.jpg,Tap,
data/thin/hq/tap_PNG2.jpg,Tap,
data/thin/hq/tap_PNG27.jpg,Tap,
data/thin/hq/tap_PNG30.jpg,Tap,"Based on the image provided, the main object is a person wearing a blue suit and black boots, who appears to be in the middle of an activity involving a large, metallic, curved structure that resembles a bridge or an obstacle course component. This structure is part of a larger setup, likely for a competition or event.

Given the context and the object's prominent position in the image, the most accurate class name from the list provided is:

**Snake**"
data/thin/hq/tap_PNG38.jpg,Tap,
data/thin/hq/tap_PNG47.jpg,Tap,
data/thin/hq/tap_PNG48.jpg,Tap,
data/thin/hq/tap_PNG55.jpg,Tap,
data/thin/hq/tap_PNG58.jpg,Tap,
data/thin/hq/tap_PNG6.jpg,Tap,
data/thin/hq/tap_PNG60.jpg,Tap,
data/thin/hq/tap_PNG61.jpg,Tap,
data/thin/hq/tap_PNG66.jpg,Tap,
data/thin/hq/tap_PNG68.jpg,Tap,
data/thin/hq/tap_PNG73.jpg,Tap,
data/thin/hq/tap_PNG76.jpg,Tap,
data/thin/hq/tap_PNG9.jpg,Tap,
data/thin/hq/tap_PNG91.jpg,Tap,
data/thin/hq/tap_PNG95.jpg,Tap,
data/thin/hq/tap_PNG99.jpg,Tap,
data/thin/hq/telephone_booth_PNG37.jpg,Telephone Booth,The main object in the image is: Telephone Booth
data/thin/hq/telephone_booth_PNG39.jpg,Telephone Booth,"Based on the image provided, the main object is a red telephone booth.

The correct class name from the list is:
Telephone Booth"
data/thin/hq/telephone_booth_PNG43.jpg,Telephone Booth,
data/thin/hq/telephone_booth_PNG7.jpg,Telephone Booth,The main object in the image is a telephone booth.
data/thin/hq/telescope_PNG1.jpg,Telescope,"Based on the image provided, the main object is a telescope. It is positioned on a tripod in the foreground, with the ocean and a surfboard in the background.

The correct class name is:

Telescope"
data/thin/hq/telescope_PNG101.jpg,Telescope,
data/thin/hq/telescope_PNG102.jpg,Telescope,
data/thin/hq/telescope_PNG105.jpg,Telescope,
data/thin/hq/telescope_PNG107.jpg,Telescope,
data/thin/hq/telescope_PNG112.jpg,Telescope,
data/thin/hq/telescope_PNG114.jpg,Telescope,"Based on the image provided, the main object is a telescope. It is a black astronomical telescope with a tripod, positioned in a natural outdoor setting with a giraffe in the background.

The correct class name from the list is:

Telescope"
data/thin/hq/telescope_PNG13.jpg,Telescope,
data/thin/hq/telescope_PNG17.jpg,Telescope,
data/thin/hq/telescope_PNG18.jpg,Telescope,
data/thin/hq/telescope_PNG19.jpg,Telescope,"Based on the image provided, the main object is a telescope. It is a black telescope mounted on a tripod, positioned in front of a cityscape.

The correct class name from the list is:

Telescope"
data/thin/hq/telescope_PNG2.jpg,Telescope,"Based on the image provided, the main object is a telescope mounted on a tripod.

The correct class name from the list is:

Telescope"
data/thin/hq/telescope_PNG35.jpg,Telescope,
data/thin/hq/telescope_PNG40.jpg,Telescope,
data/thin/hq/telescope_PNG41.jpg,Telescope,Telescope
data/thin/hq/telescope_PNG43.jpg,Telescope,
data/thin/hq/telescope_PNG52.jpg,Telescope,
data/thin/hq/telescope_PNG53.jpg,Telescope,
data/thin/hq/telescope_PNG57.jpg,Telescope,"Based on the image provided, the main object is a telescope.

The image shows a blue telescope mounted on a tripod, with people gathered around it. The telescope is the central focus of the scene.

Therefore, the correct class name is:

Telescope"
data/thin/hq/telescope_PNG60.jpg,Telescope,
data/thin/hq/telescope_PNG61.jpg,Telescope,"Based on the image provided, the main object is a telescope mounted on a tripod.

The correct class name from the list is:
Telescope"
data/thin/hq/telescope_PNG63.jpg,Telescope,"Based on the image provided, the main object is a telescope.

The correct class name from the list is:
Telescope"
data/thin/hq/telescope_PNG67.jpg,Telescope,
data/thin/hq/telescope_PNG69.jpg,Telescope,
data/thin/hq/telescope_PNG75.jpg,Telescope,
data/thin/hq/telescope_PNG80.jpg,Telescope,"Based on the image provided, the main object is a telescope.

The telescope is black and mounted on a tripod. It is positioned on a sandy beach with a body of water in the background, and a white swan is visible nearby.

The correct class name from the list is:
Telescope"
data/thin/hq/telescope_PNG87.jpg,Telescope,
data/thin/hq/telescope_PNG97.jpg,Telescope,
data/thin/hq/telescope_PNG99.jpg,Telescope,
data/thin/hq/tent_PNG2.jpg,Tent,"Based on the image provided, the main object is a tent.

The correct class name from the list is:
Tent"
data/thin/hq/tent_PNG24.jpg,Tent,
data/thin/hq/tent_PNG3.jpg,Tent,
data/thin/hq/tent_PNG30.jpg,Tent,"Based on the visual information in the image, the main object is a large, yellow, triangular-shaped structure that appears to be a parachute or a similar type of airfoil. It is flying in front of a building, and its shape and position suggest it is in motion.

The class name that best fits this description is:

Parachute"
data/thin/hq/tent_PNG33.jpg,Tent,
data/thin/hq/tent_PNG34.jpg,Tent,
data/thin/hq/tent_PNG35.jpg,Tent,"Based on the image provided, the main object is a tent.

The correct class name from the list is:
Tent"
data/thin/hq/tent_PNG36.jpg,Tent,
data/thin/hq/tent_PNG38.jpg,Tent,
data/thin/hq/tent_PNG4.jpg,Tent,
data/thin/hq/tent_PNG40.jpg,Tent,
data/thin/hq/tent_PNG5.jpg,Tent,"Based on the visual information in the image, the main object is a tent.

The image shows a large, orange tent with a partially open flap, situated on a dock or in a harbor. It is the most prominent structure in the scene, and its presence is the central focus.

Therefore, the correct class name is:

Tent"
data/thin/hq/tent_PNG50.jpg,Tent,
data/thin/hq/tent_PNG6.jpg,Tent,
data/thin/hq/tent_PNG9.jpg,Tent,
data/thin/hq/tie_PNG8174.jpg,Tie,
data/thin/hq/tie_PNG8175.jpg,Tie,
data/thin/hq/tie_PNG8180.jpg,Tie,
data/thin/hq/tie_PNG8182.jpg,Tie,"Based on the visual information in the image, the main object is a necktie.

The object is a tie with a pattern of diagonal stripes in shades of brown, dark blue, and teal. It is tied in a knot and is hanging from a branch of a tree, which is visible in the background.

Therefore, the correct class name is:

Tie"
data/thin/hq/tie_PNG8192.jpg,Tie,Tie
data/thin/hq/tie_PNG8194.jpg,Tie,Tie
data/thin/hq/tie_PNG8196.jpg,Tie,
data/thin/hq/tie_PNG8197.jpg,Tie,
data/thin/hq/time_bomb_PNG1.jpg,Time Bomb,
data/thin/hq/time_bomb_PNG11.jpg,Time Bomb,"Based on the visual information in the image, the main object is a time bomb.

The image shows a cluster of red dynamite sticks, which are the primary explosive components, wrapped in black tape. In the center of the image, there is a large, white, round clock with black numbers and hands. The clock's hands are pointing to approximately 10:10, which is a common symbol for a ticking time bomb. The clock is positioned in front of the dynamite sticks,"
data/thin/hq/time_bomb_PNG2.jpg,Time Bomb,
data/thin/hq/time_bomb_PNG3.jpg,Time Bomb,
data/thin/hq/time_bomb_PNG6.jpg,Time Bomb,"Based on the image provided, the main object is a time bomb.

The object has a digital display showing ""03:20:48"" and is wrapped in a casing with wires attached, indicating it is a device designed to explode after a set time.

Therefore, the correct class name is:

Time Bomb"
data/thin/hq/time_bomb_PNG8.jpg,Time Bomb,
data/thin/hq/time_bomb_PNG9.jpg,Time Bomb,"Based on the image provided, the main object is a time bomb. It is a large, cylindrical device wrapped in orange material, with a digital display showing ""00:59"" and several wires and a fuse protruding from the side.

The correct class name from the list is:

Time Bomb"
data/thin/hq/titanic_PNG19.jpg,Titanic,"Based on the visual information in the image, the main object is a ship. It is a large, dark-colored vessel with multiple decks and a prominent structure that resembles the Titanic.

The class name for this object is:

Ship"
data/thin/hq/titanic_PNG3.jpg,Titanic,"Based on the visual information in the image, the main object is a model of a large passenger ship. The vessel has a long hull, multiple decks, and four prominent smokestacks, which are characteristic features of a specific type of ocean liner.

Among the provided classes, the most accurate identification is:

- **Ship**

This class is the most appropriate as it directly describes the main subject of the image.

Ship"
data/thin/hq/titanic_PNG35.jpg,Titanic,Titanic
data/thin/hq/titanic_PNG37.jpg,Titanic,"Based on the image provided, the main object is a large, historic-looking ship. The design, including the multiple smokestacks, the white and black hull, and the red and white flag, is characteristic of the Titanic.

Therefore, the correct class name is:

Titanic"
data/thin/hq/titanic_PNG40.jpg,Titanic,"Based on the visual evidence in the image, the main object is a large, wooden ship that is tilted at an angle, seemingly suspended or displayed in a public space. This structure is a replica of a ship, likely a historical or thematic display.

The object is clearly a ship, and the most accurate class from the provided list is:

Ship"
data/thin/hq/titanic_PNG5.jpg,Titanic,Titanic
data/thin/hq/titanic_PNG7.jpg,Titanic,
data/thin/hq/toothbrush_PNG102.jpg,Toothbrush,
data/thin/hq/toothbrush_PNG114.jpg,Toothbrush,
data/thin/hq/toothbrush_PNG119.jpg,Toothbrush,
data/thin/hq/toothbrush_PNG120.jpg,Toothbrush,
data/thin/hq/toothbrush_PNG121.jpg,Toothbrush,Toothbrush
data/thin/hq/toothbrush_PNG122.jpg,Toothbrush,
data/thin/hq/toothbrush_PNG124.jpg,Toothbrush,
data/thin/hq/toothbrush_PNG125.jpg,Toothbrush,
data/thin/hq/toothbrush_PNG126.jpg,Toothbrush,
data/thin/hq/toothbrush_PNG127a.jpg,Toothbrush,
data/thin/hq/toothbrush_PNG127b.jpg,Toothbrush,Toothbrush
data/thin/hq/toothbrush_PNG128.jpg,Toothbrush,Toothbrush
data/thin/hq/toothbrush_PNG130.jpg,Toothbrush,
data/thin/hq/toothbrush_PNG132.jpg,Toothbrush,"Based on the visual information provided in the image, the main object is a toothbrush.

The object is characterized by its blue and white handle, a white bristle head, and the distinct shape of a toothbrush. It is positioned in the foreground, with a background that appears to be a desert or arid environment.

Therefore, the correct class name is:

Toothbrush"
data/thin/hq/toothbrush_PNG135.jpg,Toothbrush,Toothbrush
data/thin/hq/toothbrush_PNG137b.jpg,Toothbrush,
data/thin/hq/toothbrush_PNG137c.jpg,Toothbrush,
data/thin/hq/toothbrush_PNG13a.jpg,Toothbrush,
data/thin/hq/toothbrush_PNG140.jpg,Toothbrush,Toothbrush
data/thin/hq/toothbrush_PNG142.jpg,Toothbrush,"Based on the visual information in the image, the main object is a toothbrush.

The object has a long handle with a blue and white color scheme, and the brand name ""Larry"" is visible on the handle. It is also set against a clear blue sky and some trees in the background.

Therefore, the correct class name is:

Toothbrush"
data/thin/hq/toothbrush_PNG153.jpg,Toothbrush,
data/thin/hq/toothbrush_PNG16.jpg,Toothbrush,
data/thin/hq/toothbrush_PNG163.jpg,Toothbrush,
data/thin/hq/toothbrush_PNG166.jpg,Toothbrush,
data/thin/hq/toothbrush_PNG167.jpg,Toothbrush,Toothbrush
data/thin/hq/toothbrush_PNG169.jpg,Toothbrush,
data/thin/hq/toothbrush_PNG17.jpg,Toothbrush,
data/thin/hq/toothbrush_PNG170.jpg,Toothbrush,Toothbrush
data/thin/hq/toothbrush_PNG171.jpg,Toothbrush,
data/thin/hq/toothbrush_PNG174.jpg,Toothbrush,
data/thin/hq/toothbrush_PNG179.jpg,Toothbrush,
data/thin/hq/toothbrush_PNG18.jpg,Toothbrush,
data/thin/hq/toothbrush_PNG181.jpg,Toothbrush,
data/thin/hq/toothbrush_PNG182a.jpg,Toothbrush,
data/thin/hq/toothbrush_PNG182c.jpg,Toothbrush,
data/thin/hq/toothbrush_PNG183.jpg,Toothbrush,
data/thin/hq/toothbrush_PNG184.jpg,Toothbrush,
data/thin/hq/toothbrush_PNG2.jpg,Toothbrush,
data/thin/hq/toothbrush_PNG21.jpg,Toothbrush,Toothbrush
data/thin/hq/toothbrush_PNG22.jpg,Toothbrush,
data/thin/hq/toothbrush_PNG25.jpg,Toothbrush,
data/thin/hq/toothbrush_PNG28.jpg,Toothbrush,
data/thin/hq/toothbrush_PNG30.jpg,Toothbrush,
data/thin/hq/toothbrush_PNG33.jpg,Toothbrush,
data/thin/hq/toothbrush_PNG34.jpg,Toothbrush,
data/thin/hq/toothbrush_PNG38.jpg,Toothbrush,
data/thin/hq/toothbrush_PNG42.jpg,Toothbrush,
data/thin/hq/toothbrush_PNG45.jpg,Toothbrush,
data/thin/hq/toothbrush_PNG49.jpg,Toothbrush,
data/thin/hq/toothbrush_PNG51.jpg,Toothbrush,
data/thin/hq/toothbrush_PNG52.jpg,Toothbrush,Toothbrush
data/thin/hq/toothbrush_PNG54.jpg,Toothbrush,Toothbrush
data/thin/hq/toothbrush_PNG55.jpg,Toothbrush,
data/thin/hq/toothbrush_PNG56.jpg,Toothbrush,
data/thin/hq/toothbrush_PNG59.jpg,Toothbrush,Toothbrush
data/thin/hq/toothbrush_PNG65.jpg,Toothbrush,
data/thin/hq/toothbrush_PNG70.jpg,Toothbrush,
data/thin/hq/toothbrush_PNG77.jpg,Toothbrush,Toothbrush
data/thin/hq/toothbrush_PNG78b.jpg,Toothbrush,
data/thin/hq/toothbrush_PNG79.jpg,Toothbrush,
data/thin/hq/toothbrush_PNG80.jpg,Toothbrush,
data/thin/hq/toothbrush_PNG81a.jpg,Toothbrush,
data/thin/hq/toothbrush_PNG81b.jpg,Toothbrush,Toothbrush
data/thin/hq/toothbrush_PNG84.jpg,Toothbrush,
data/thin/hq/toothbrush_PNG87.jpg,Toothbrush,
data/thin/hq/toothbrush_PNG92.jpg,Toothbrush,
data/thin/hq/toothbrush_PNG94b.jpg,Toothbrush,"Based on the image provided, the main object is a toothbrush.

The object has a wooden handle with a logo that reads ""PureLife"" and a green bristle head. It is placed on a plate of food, likely rice and vegetables.

Therefore, the correct class name is:

Toothbrush"
data/thin/hq/toothbrush_PNG98.jpg,Toothbrush,
data/thin/hq/tractor_PNG16106.jpg,Tractor,
data/thin/hq/tractor_PNG16107.jpg,Tractor,
data/thin/hq/tractor_PNG16127.jpg,Tractor,
data/thin/hq/tractor_PNG16128.jpg,Tractor,
data/thin/hq/tractor_PNG16131.jpg,Tractor,
data/thin/hq/tractor_PNG16132.jpg,Tractor,
data/thin/hq/tractor_PNG16139.jpg,Tractor,
data/thin/hq/tractor_PNG16164.jpg,Tractor,
data/thin/hq/tractor_PNG16165.jpg,Tractor,Tractor
data/thin/hq/tractor_PNG16167.jpg,Tractor,
data/thin/hq/tractor_PNG16171.jpg,Tractor,
data/thin/hq/tractor_PNG16174.jpg,Tractor,"Based on the image provided, the main object is a red tractor with large wheels and a cab. It is positioned in a field-like setting, possibly in a rural or agricultural area, with a structure in the background that appears to be a barn or a similar building.

The class name for the main object in the image is:

Tractor"
data/thin/hq/tractor_PNG16175.jpg,Tractor,"Based on the image provided, the main object is a yellow tractor with large black tires and a classic design, set against a cloudy sky. This is a well-known type of agricultural vehicle.

The correct class name from the list is:

Tractor"
data/thin/hq/tram_PNG15.jpg,Tram,"Based on the visual information provided in the image, the main object is a modern tram.

The correct class name from the list is:
Tram"
data/thin/hq/tram_PNG33.jpg,Tram,
data/thin/hq/trampoline_PNG1.jpg,Trampoline,"Based on the image provided, the main object is a trampoline.

The correct class name from the list is:
Trampoline"
data/thin/hq/trampoline_PNG11.jpg,Trampoline,Trampoline
data/thin/hq/trampoline_PNG12.jpg,Trampoline,
data/thin/hq/trampoline_PNG2.jpg,Trampoline,The main object in the image is a trampoline.
data/thin/hq/trampoline_PNG27.jpg,Trampoline,The main object in the image is a trampoline.
data/thin/hq/trampoline_PNG29.jpg,Trampoline,
data/thin/hq/trampoline_PNG34.jpg,Trampoline,
data/thin/hq/trampoline_PNG5.jpg,Trampoline,
data/thin/hq/trampoline_PNG57.jpg,Trampoline,"Based on the image provided, the main object is a trampoline.

The correct class name from the list is:
Trampoline"
data/thin/hq/trampoline_PNG6.jpg,Trampoline,
data/thin/hq/trampoline_PNG61.jpg,Trampoline,"Based on the image provided, the main object is a trampoline with a safety net.

The correct class name from the list is:
Trampoline"
data/thin/hq/trampoline_PNG62.jpg,Trampoline,
data/thin/hq/trampoline_PNG64.jpg,Trampoline,
data/thin/hq/trampoline_PNG65.jpg,Trampoline,"Based on the image provided, the main object is a trampoline, which is being used as a makeshift shelter or platform by the runners. This is a common type of object in such events.

Trampoline"
data/thin/hq/trampoline_PNG67.jpg,Trampoline,
data/thin/hq/trampoline_PNG72.jpg,Trampoline,"Based on the visual information in the image, the main object is a trampoline.

The image shows a large, blue trampoline with a white mat, positioned in front of a red barn. The trampoline is the most prominent object in the scene.

Therefore, the correct class name is:

Trampoline"
data/thin/hq/trampoline_PNG75.jpg,Trampoline,
data/thin/hq/trampoline_PNG82.jpg,Trampoline,"Based on the visual information in the image, the main object is a trampoline.

The correct class name from the list is:
Trampoline"
data/thin/hq/trampoline_PNG84.jpg,Trampoline,
data/thin/hq/trampoline_PNG85.jpg,Trampoline,"Based on the image provided, the main object is a trampoline.

The correct class name from the list is:
Trampoline"
data/thin/hq/trampoline_PNG9.jpg,Trampoline,"Based on the visual information in the image, the main object is a trampoline.

The correct class name from the list is:
Trampoline"
data/thin/hq/treadmill_PNG101.jpg,Treadmill,"Based on the visual information in the image, the main object is a treadmill.

The treadmill is the most prominent piece of equipment in the scene, positioned in the center and clearly visible. It is situated in what appears to be the interior of a train car, with people seated around it. The other objects in the image, such as the passengers, the train car's interior, and the various items on the floor, are secondary to the treadmill.

Therefore, the correct class name is:

Tread"
data/thin/hq/treadmill_PNG14.jpg,Treadmill,
data/thin/hq/treadmill_PNG18.jpg,Treadmill,
data/thin/hq/treadmill_PNG19.jpg,Treadmill,"Based on the image provided, the main object is a treadmill. The object is prominently displayed in the center of the image, with two individuals standing on either side of it.

The correct class name from the list is:
Treadmill"
data/thin/hq/treadmill_PNG28.jpg,Treadmill,"Based on the visual information provided in the image, the main object is a piece of exercise equipment.

The object is a treadmill, which is a machine designed for walking or running. It is positioned in the foreground of the image, with a large, white building in the background. The treadmill has a black frame, a digital display on the handlebars, and the brand name ""20-MP"" is visible on the side.

Therefore, the correct class name is:

Treadmill"
data/thin/hq/treadmill_PNG36.jpg,Treadmill,
data/thin/hq/treadmill_PNG38.jpg,Treadmill,"Based on the image provided, the main object is a treadmill.

The treadmill is a piece of exercise equipment with a running belt, a control panel, and a frame. It is positioned in the foreground, with an elephant standing behind it, which makes the treadmill the central focus of the image.

The correct class name from the list is:

Treadmill"
data/thin/hq/treadmill_PNG43.jpg,Treadmill,
data/thin/hq/treadmill_PNG6.jpg,Treadmill,"Based on the visual information provided in the image, the main object is a piece of exercise equipment.

The object has the following characteristics:
- It is a treadmill, which is a type of exercise machine.
- It is black in color.
- It has a frame with a running belt, a console at the top, and a digital display.
- It is positioned in the foreground, with a large building in the background.

Given these features, the correct class name from the list is:

Tread"
data/thin/hq/treadmill_PNG7.jpg,Treadmill,
data/thin/hq/treadmill_PNG75.jpg,Treadmill,
data/thin/hq/treadmill_PNG8.jpg,Treadmill,
data/thin/hq/treadmill_PNG9.jpg,Treadmill,
data/thin/hq/treadmill_PNG94.jpg,Treadmill,
data/thin/hq/treadmill_PNG99.jpg,Treadmill,
data/thin/hq/tripod_PNG1.jpg,Tripod,"Based on the image provided, the main object is a tripod. It is a black, three-legged support structure with a central column and a head, designed to hold a camera or other equipment. The tripod is positioned in the foreground, with ancient stone ruins and a mountainous landscape in the background.

The correct class name from the list is:

Tripod"
data/thin/hq/tripod_PNG100.jpg,Tripod,
data/thin/hq/tripod_PNG102.jpg,Tripod,
data/thin/hq/tripod_PNG109.jpg,Tripod,Tripod
data/thin/hq/tripod_PNG112.jpg,Tripod,
data/thin/hq/tripod_PNG114.jpg,Tripod,
data/thin/hq/tripod_PNG115.jpg,Tripod,
data/thin/hq/tripod_PNG116.jpg,Tripod,Tripod
data/thin/hq/tripod_PNG117.jpg,Tripod,"Based on the image provided, the main object is a tripod. It is a tall, black tripod with three legs, positioned on a grassy hillside with trees in the background. The tripod is likely used for photography or videography, as suggested by the presence of a person in the lower right corner who appears to be holding a camera.

The class name for the main object is:

Tripod"
data/thin/hq/tripod_PNG12.jpg,Tripod,
data/thin/hq/tripod_PNG120.jpg,Tripod,"Based on the visual information in the image, the main object is a tripod. It is a metal structure with three legs and a central mounting point, commonly used for stability in photography, surveying, or other applications.

The correct class name from the list provided is:

Tripod"
data/thin/hq/tripod_PNG131.jpg,Tripod,
data/thin/hq/tripod_PNG132.jpg,Tripod,
data/thin/hq/tripod_PNG133.jpg,Tripod,"Based on the image provided, the main object is a large, black tripod-like structure with two lights on top, which is clearly a **Telescope**.

- The object has a tripod base, three legs, and a central pole with a large lens at the top.
- The lens is mounted on a platform that appears to be a sighting device.
- The structure is positioned in front of the Arc de Triomphe, which is a famous landmark in Paris.

Therefore, the correct class name"
data/thin/hq/tripod_PNG135.jpg,Tripod,
data/thin/hq/tripod_PNG139.jpg,Tripod,
data/thin/hq/tripod_PNG141.jpg,Tripod,
data/thin/hq/tripod_PNG144.jpg,Tripod,"Based on the image provided, the main object is a camera mounted on a tripod. The camera is positioned in the center of the image, and the tripod is set up on a market stall with fresh produce.

The class that best describes the main object in the image is:

Video Camera"
data/thin/hq/tripod_PNG146.jpg,Tripod,
data/thin/hq/tripod_PNG16.jpg,Tripod,
data/thin/hq/tripod_PNG17.jpg,Tripod,
data/thin/hq/tripod_PNG2.jpg,Tripod,
data/thin/hq/tripod_PNG30.jpg,Tripod,
data/thin/hq/tripod_PNG33.jpg,Tripod,
data/thin/hq/tripod_PNG36.jpg,Tripod,Tripod
data/thin/hq/tripod_PNG40.jpg,Tripod,
data/thin/hq/tripod_PNG43.jpg,Tripod,
data/thin/hq/tripod_PNG46.jpg,Tripod,
data/thin/hq/tripod_PNG48.jpg,Tripod,
data/thin/hq/tripod_PNG49.jpg,Tripod,"Based on the visual information provided in the image, the main object is a piece of professional video equipment.

The object is a video camera mounted on a tripod, which is positioned in front of an ancient stone structure. This setup is typical for a video production or documentary filming.

The class name for this object is:

Video Camera"
data/thin/hq/tripod_PNG52.jpg,Tripod,
data/thin/hq/tripod_PNG54.jpg,Tripod,
data/thin/hq/tripod_PNG58.jpg,Tripod,
data/thin/hq/tripod_PNG63.jpg,Tripod,
data/thin/hq/tripod_PNG65.jpg,Tripod,
data/thin/hq/tripod_PNG67.jpg,Tripod,
data/thin/hq/tripod_PNG72.jpg,Tripod,
data/thin/hq/tripod_PNG73.jpg,Tripod,
data/thin/hq/tripod_PNG74.jpg,Tripod,
data/thin/hq/tripod_PNG76.jpg,Tripod,
data/thin/hq/tripod_PNG77.jpg,Tripod,
data/thin/hq/tripod_PNG78.jpg,Tripod,"Based on the image provided, the main object is a camera tripod.

The object is a tripod with a camera mounted on top. It is positioned in the center of the image, and its structure is clearly visible. The surrounding environment includes people and a market setting, but the tripod is the central focus.

The correct class name from the list is:

Tripod"
data/thin/hq/tripod_PNG86.jpg,Tripod,"Based on the image provided, the main object is a camera mounted on a tripod.

The correct class name from the list is:
Video Camera"
data/thin/hq/tripod_PNG88.jpg,Tripod,"Based on the visual information in the image, the main object is a tripod.

The image shows a tripod with three legs, a central column, and a camera mounted on top. It is positioned in a greenhouse setting, surrounded by plants and natural light.

The correct class name from the list is:
Tripod"
data/thin/hq/tripod_PNG91.jpg,Tripod,
data/thin/hq/tripod_PNG92.jpg,Tripod,
data/thin/hq/tripod_PNG93.jpg,Tripod,
data/thin/hq/tripod_PNG94.jpg,Tripod,
data/thin/hq/tripod_PNG95.jpg,Tripod,"Based on the visual information in the image, the main object is a camera tripod.

The image displays a black tripod with a camera mounted on its top head, set against a background of a building and a street. The tripod is the central focus of the photograph.

The correct class name from the list is:
Tripod"
data/thin/hq/tripod_PNG97.jpg,Tripod,"Based on the image provided, the main object is a tripod with a camera mounted on top.

The correct class name from the list is:
Tripod"
data/thin/hq/tripod_PNG99.jpg,Tripod,
data/thin/hq/trolleybus_PNG10.jpg,Trolleybus,"Based on the image provided, the main object is a public transport vehicle.

The vehicle is a tram, which is a type of bus. It is painted green and white, and has the number 1222 on the front. The tram is on a track, and there are people visible inside the vehicle.

Therefore, the correct class name is:

Tram"
data/thin/hq/trolleybus_PNG11.jpg,Trolleybus,"To identify the main object in the image, we need to analyze the visual content.

- The image displays a large vehicle with a white and blue color scheme.
- It has a long body, multiple windows, and a distinctive roof with overhead electrical wires, which are characteristic of a trolleybus.
- The vehicle is on a road, and the context suggests it is in a city or town.
- The vehicle has a driver's cabin and seating for passengers, which is typical for a public transport"
data/thin/hq/trolleybus_PNG2.jpg,Trolleybus,
data/thin/hq/trolleybus_PNG26.jpg,Trolleybus,"Based on the image provided, the main object is a public transport vehicle. The vehicle is a trolleybus, which is a type of bus that runs on electric power and is pulled by overhead wires.

The correct class name from the list is:

Tram"
data/thin/hq/trolleybus_PNG30.jpg,Trolleybus,"Based on the image provided, the main object is a vehicle that is a public transit bus, specifically a trolleybus, which is depicted in the water.

The correct class from the list is:

Tram"
data/thin/hq/trombone_PNG1.jpg,Trombone,
data/thin/hq/trombone_PNG10.jpg,Trombone,
data/thin/hq/trombone_PNG12.jpg,Trombone,"Based on the visual information in the image, the main object is a brass instrument.

The object is a brass trombone, which is a type of brass musical instrument. It is characterized by its long, curved slide and a large, golden bell.

Therefore, the correct class name is:

Trombone"
data/thin/hq/trombone_PNG13.jpg,Trombone,
data/thin/hq/trombone_PNG14.jpg,Trombone,"Based on the visual information provided in the image, the main object is a brass instrument.

The instrument has a long, straight tube with a flared bell at the end and a slide mechanism, which are characteristic features of a trombone. The object is shown in a golden-brass finish.

Therefore, the correct class name is:

Trombone"
data/thin/hq/trombone_PNG16.jpg,Trombone,
data/thin/hq/trombone_PNG17.jpg,Trombone,
data/thin/hq/trombone_PNG18.jpg,Trombone,"Based on the image provided, the main object is a musical instrument. It is a brass instrument with a long, curved neck and a bell, which is characteristic of a trombone.

The correct class name from the list is:

Trombone"
data/thin/hq/trombone_PNG2.jpg,Trombone,
data/thin/hq/trombone_PNG20.jpg,Trombone,
data/thin/hq/trombone_PNG29.jpg,Trombone,"Based on the visual information in the image, the main object is a brass musical instrument.

The instrument has a long, curved slide (the trombone's slide), a large bell, and a flared mouthpiece. This is the defining characteristic of a trombone.

Therefore, the correct class name is:

Trombone"
data/thin/hq/trombone_PNG3.jpg,Trombone,
data/thin/hq/trombone_PNG31.jpg,Trombone,The main object in the image is a Trombone.
data/thin/hq/trombone_PNG33.jpg,Trombone,"Based on the image provided, the main object is a brass musical instrument with a long, curved slide and a large bell. This instrument is identifiable as a trombone.

Trombone"
data/thin/hq/trombone_PNG37.jpg,Trombone,
data/thin/hq/trombone_PNG38.jpg,Trombone,
data/thin/hq/trombone_PNG39.jpg,Trombone,"Based on the visual information provided in the image, the main object is a musical instrument.

The instrument has a long, curved tubing, a large bell, and a distinctive shape that is characteristic of a trombone. The presence of a large golden-colored instrument in the foreground, set against a backdrop of a bridge and mountains, strongly suggests it is a prominent feature of the scene.

Therefore, the correct class name is:

Trombone"
data/thin/hq/trombone_PNG4.jpg,Trombone,
data/thin/hq/trombone_PNG40.jpg,Trombone,"Based on the image provided, the main object is a brass instrument. The shape and design of the instrument, including its long slide and bell, are characteristic of a trombone. The image shows the trombone in a close-up view, with the background being a bridge.

The correct class name from the list is:

Trombone"
data/thin/hq/trombone_PNG45.jpg,Trombone,"Based on the visual information in the image, the main object is a brass trombone. It is a musical instrument with a long slide, a large bell at the end, and a U-shaped slide.

The correct class name from the list is:

Trombone"
data/thin/hq/trombone_PNG46.jpg,Trombone,"Based on the visual information provided in the image, the main object is a musical instrument.

The object has a long, curved body with a brass-colored finish, a large bell at the end, and a slide mechanism, which are characteristic features of a trombone.

Therefore, the correct class name is:

Trombone"
data/thin/hq/trombone_PNG5.jpg,Trombone,
data/thin/hq/trombone_PNG52.jpg,Trombone,
data/thin/hq/trombone_PNG54.jpg,Trombone,
data/thin/hq/trombone_PNG55.jpg,Trombone,"The main object in the image is a trumpet. The class name is:

Trumpet"
data/thin/hq/trombone_PNG56.jpg,Trombone,
data/thin/hq/trombone_PNG7.jpg,Trombone,"Based on the visual information provided in the image, the main object is a musical instrument.

The object is a brass trombone, characterized by its long slide, a large bell, and a gold-colored finish. It is positioned horizontally in the image, with its bell pointing upwards and its slide extending to the left.

The correct class name for this object is:

Trombone"
data/thin/hq/trombone_PNG8.jpg,Trombone,Trombone
data/thin/hq/trombone_PNG9.jpg,Trombone,
data/thin/hq/trumpet_saxophone_PNG14721.jpg,Trumpet Saxophone,
data/thin/hq/trumpet_saxophone_PNG14723.jpg,Trumpet Saxophone,
data/thin/hq/trumpet_saxophone_PNG14724.jpg,Trumpet Saxophone,
data/thin/hq/trumpet_saxophone_PNG14726.jpg,Trumpet Saxophone,"To determine the main object in the image, let's analyze the visual content:

- The image features a musical instrument with a shiny, golden brass finish.
- It has a flared bell at the end, a curved body, and a series of valves and tubing, which are characteristic of a brass instrument.
- The instrument is positioned in the foreground, with a decorative, patterned background that appears to be a rug or fabric.

Based on these features, the instrument is clearly identifiable as a brass"
data/thin/hq/trumpet_saxophone_PNG14727.jpg,Trumpet Saxophone,
data/thin/hq/trumpet_saxophone_PNG14728.jpg,Trumpet Saxophone,"To identify the main object in the image, let's analyze the visual content:

- The image features a musical instrument with a brass finish.
- It has a cylindrical body, a flared bell, a mouthpiece, and a series of valves and tubing.
- These are the defining characteristics of a brass instrument.
- The instrument is positioned in the foreground, with a stone or concrete building in the background.

Based on these observations, the instrument is clearly identifiable as a brass instrument.

The correct class"
data/thin/hq/trumpet_saxophone_PNG14729.jpg,Trumpet Saxophone,
data/thin/hq/trumpet_saxophone_PNG14730.jpg,Trumpet Saxophone,
data/thin/hq/trumpet_saxophone_PNG14731.jpg,Trumpet Saxophone,"Based on the visual evidence in the image, the main object is a musical instrument.

The object has the following characteristics:
- It is a brass instrument with a golden color.
- It has a distinctive shape with a curved body and a flared bell.
- It has numerous keys and a complex mechanism, which is typical of a saxophone.
- The instrument is positioned in the foreground, with a blue and white patterned object (possibly a vase or decorative item) in the background.

These features"
data/thin/hq/trumpet_saxophone_PNG14734.jpg,Trumpet Saxophone,
data/thin/hq/trumpet_saxophone_PNG14735.jpg,Trumpet Saxophone,
data/thin/hq/trumpet_saxophone_PNG14738.jpg,Trumpet Saxophone,"Based on the provided image, the main object is a musical instrument.

The object is a saxophone, which is a brass wind instrument with a distinctive curved body and a bell. It is shown in a golden finish and is positioned diagonally in the frame, with a background of a coastal scene.

The correct class name from the list is:

Trumpet Saxophone"
data/thin/hq/trumpet_saxophone_PNG14739.jpg,Trumpet Saxophone,"Based on the image provided, the main object is a musical instrument.

The instrument is a saxophone, which is identifiable by its distinctive shape, gold-colored body, and the arrangement of keys and valves. The saxophone is positioned in the foreground, with a person on a surfboard visible in the background, which is a common scene for this type of instrument.

From the given list of classes, the correct identification is:

Trumpet Saxophone"
data/thin/hq/trumpet_saxophone_PNG14740.jpg,Trumpet Saxophone,"Based on the image provided, the main object is a brass musical instrument.

The object is a trumpet, which is a type of brass instrument used in wind music.

From the given list of classes, the correct one is:

Trumpet"
data/thin/hq/trumpet_saxophone_PNG14743.jpg,Trumpet Saxophone,
data/thin/hq/trumpet_saxophone_PNG14744.jpg,Trumpet Saxophone,
data/thin/hq/trumpet_saxophone_PNG14745.jpg,Trumpet Saxophone,
data/thin/hq/trumpet_saxophone_PNG14746.jpg,Trumpet Saxophone,
data/thin/hq/trumpet_saxophone_PNG14747.jpg,Trumpet Saxophone,
data/thin/hq/trumpet_saxophone_PNG14748.jpg,Trumpet Saxophone,"Based on the visual information in the image, the main object is a brass musical instrument.

The object is a trumpet, which is a brass instrument used in music.

Therefore, the correct class name is:
Trumpet"
data/thin/hq/trumpet_saxophone_PNG14753.jpg,Trumpet Saxophone,
data/thin/hq/trumpet_saxophone_PNG14754.jpg,Trumpet Saxophone,The main object in the image is a saxophone.
data/thin/hq/trumpet_saxophone_PNG14755.jpg,Trumpet Saxophone,
data/thin/hq/trumpet_saxophone_PNG14756.jpg,Trumpet Saxophone,
data/thin/hq/trumpet_saxophone_PNG14757.jpg,Trumpet Saxophone,
data/thin/hq/trumpet_saxophone_PNG14758.jpg,Trumpet Saxophone,
data/thin/hq/trumpet_saxophone_PNG14759.jpg,Trumpet Saxophone,"Based on the image provided, the main object is a musical instrument.

The object in the image is a brass trumpet, which is a type of wind instrument. It is characterized by its golden color, conical shape, and the three valves that allow for different notes.

Looking at the provided list of classes, the correct one is:

Trumpet"
data/thin/hq/trumpet_saxophone_PNG14760.jpg,Trumpet Saxophone,
data/thin/hq/trumpet_saxophone_PNG14769.jpg,Trumpet Saxophone,"Based on the image provided, the main object is a brass musical instrument. The instrument has a golden finish, a flared bell, a mouthpiece, and multiple valves, which are characteristic features of a trumpet.

From the given list of classes, the correct identification is:

Trumpet"
data/thin/hq/tulip_PNG8978.jpg,Tulip,
data/thin/hq/tulip_PNG8979.jpg,Tulip,
data/thin/hq/tulip_PNG8980.jpg,Tulip,
data/thin/hq/tulip_PNG8983.jpg,Tulip,
data/thin/hq/tulip_PNG8995.jpg,Tulip,
data/thin/hq/tulip_PNG8997.jpg,Tulip,The main object in the image is a tulip.
data/thin/hq/tulip_PNG9000.jpg,Tulip,
data/thin/hq/tulip_PNG9003.jpg,Tulip,
data/thin/hq/tulip_PNG9004.jpg,Tulip,
data/thin/hq/tulip_PNG9005.jpg,Tulip,"Based on the visual information provided in the image, the main object is a flower.

The flower is a yellow tulip, which is the most prominent and central element in the photograph. The image is composed of the tulip in the foreground, with a background that includes a desert landscape and a few palm trees. The focus is clearly on the tulip.

Therefore, the correct class name is:

Tulip"
data/thin/hq/tulip_PNG9006.jpg,Tulip,
data/thin/hq/tulip_PNG9009.jpg,Tulip,
data/thin/hq/tulip_PNG9019.jpg,Tulip,
data/thin/hq/tulip_PNG9020.jpg,Tulip,
data/thin/hq/tulip_PNG9022.jpg,Tulip,
data/thin/hq/tulip_PNG9023.jpg,Tulip,
data/thin/hq/tulip_PNG9024.jpg,Tulip,The main object in the image is a tulip.
data/thin/hq/tulip_PNG9025.jpg,Tulip,
data/thin/hq/tulip_PNG9026.jpg,Tulip,
data/thin/hq/turkey_PNG58546.jpg,Turkey,
data/thin/hq/turkey_PNG58547.jpg,Turkey,"Based on the image provided, the main object is a bird. More specifically, it is a guinea fowl, which is a type of bird known for its distinctive black and white plumage and the presence of a red comb on its head.

The correct class name from the list is:

Bird"
data/thin/hq/turkey_PNG58548.jpg,Turkey,Ostrich
data/thin/hq/turkey_PNG58549.jpg,Turkey,"Based on the image provided, the main object is a bird.

The bird in the image is a turkey, which is a type of bird.

From the given list of classes, the correct one is:

Turkey"
data/thin/hq/turkey_PNG58559.jpg,Turkey,
data/thin/hq/turkey_PNG58579.jpg,Turkey,
data/thin/hq/turkey_PNG58588.jpg,Turkey,Turkey
data/thin/hq/turkey_PNG58599.jpg,Turkey,Turkey
data/thin/hq/turkey_PNG58605.jpg,Turkey,
data/thin/hq/turtle_PNG55.jpg,Turtle,
data/thin/hq/turtle_PNG63.jpg,Turtle,
data/thin/hq/typewriter_PNG10.jpg,Typewriter,"Based on the image provided, the main object is a typewriter.

The correct class name from the list is:
Typewriter"
data/thin/hq/typewriter_PNG11.jpg,Typewriter,"Based on the image provided, the main object is a typewriter.

The object is a vintage Underwood typewriter, which is the central focus of the image. It is positioned in the foreground, with a dog partially visible behind it.

The correct class name from the list is:

Typewriter"
data/thin/hq/typewriter_PNG19.jpg,Typewriter,"Based on the visual information in the image, the main object is a typewriter.

The object is a vintage-style typewriter with a black and silver body, a keyboard with white keys, and the brand name ""REMINGTON 665"" clearly visible on the top. This is a classic example of a mechanical typewriter.

The correct class name from the list is:

Typewriter"
data/thin/hq/typewriter_PNG2.jpg,Typewriter,"Based on the image provided, the main object is a typewriter.

The correct class name from the list is:
Typewriter"
data/thin/hq/typewriter_PNG21.jpg,Typewriter,
data/thin/hq/typewriter_PNG27.jpg,Typewriter,"Based on the image provided, the main object is a typewriter.

The correct class name from the list is:
Typewriter"
data/thin/hq/typewriter_PNG3.jpg,Typewriter,
data/thin/hq/typewriter_PNG33.jpg,Typewriter,
data/thin/hq/typewriter_PNG4.jpg,Typewriter,
data/thin/hq/typewriter_PNG43.jpg,Typewriter,"Based on the image provided, the main object is a typewriter.

The correct class name from the list is:
Typewriter"
data/thin/hq/typewriter_PNG45.jpg,Typewriter,Typewriter
data/thin/hq/typewriter_PNG5.jpg,Typewriter,"Based on the visual information provided in the image, the main object is a typewriter.

The image shows a vintage-style typewriter with a dark-colored body, a keyboard with numerous keys, and a carriage mechanism. It is positioned in the center of the frame, with a background of pink flowers and green foliage.

The correct class name from the list is:
Typewriter"
data/thin/hq/typewriter_PNG55.jpg,Typewriter,
data/thin/hq/typewriter_PNG56.jpg,Typewriter,
data/thin/hq/typewriter_PNG58.jpg,Typewriter,"Based on the image provided, the main object is a typewriter.

The correct class name from the list is:

Typewriter"
data/thin/hq/typewriter_PNG59.jpg,Typewriter,"Based on the image provided, the main object is a typewriter.

The correct class name from the list is:
Typewriter"
data/thin/hq/typewriter_PNG6.jpg,Typewriter,
data/thin/hq/typewriter_PNG60.jpg,Typewriter,
data/thin/hq/typewriter_PNG62.jpg,Typewriter,
data/thin/hq/typewriter_PNG63.jpg,Typewriter,Typewriter
data/thin/hq/typewriter_PNG64.jpg,Typewriter,
data/thin/hq/typewriter_PNG68.jpg,Typewriter,
data/thin/hq/typewriter_PNG75.jpg,Typewriter,
data/thin/hq/typewriter_PNG76.jpg,Typewriter,
data/thin/hq/typewriter_PNG77.jpg,Typewriter,"Based on the image provided, the main object is a typewriter.

The correct class name from the list is:
Typewriter"
data/thin/hq/typewriter_PNG78b.jpg,Typewriter,"Based on the image provided, the main object is a vintage typewriter.

The correct class name from the list is:
Typewriter"
data/thin/hq/typewriter_PNG81.jpg,Typewriter,"Based on the image provided, the main object is a vintage typewriter.

The correct class name from the list is:
Typewriter"
data/thin/hq/typewriter_PNG87.jpg,Typewriter,"Based on the image provided, the main object is a typewriter.

The correct class name from the list is:
Typewriter"
data/thin/hq/typewriter_PNG9.jpg,Typewriter,"Based on the visual information in the image, the main object is a typewriter.

The correct class name from the list is:
Typewriter"
data/thin/hq/typewriter_PNG93.jpg,Typewriter,
data/thin/hq/typewriter_PNG98.jpg,Typewriter,"Based on the image provided, the main object is a typewriter.

The correct class name from the list is:
Typewriter"
data/thin/hq/umbrella_PNG500.jpg,Umbrella,
data/thin/hq/umbrella_PNG69117.jpg,Umbrella,
data/thin/hq/umbrella_PNG69123.jpg,Umbrella,
data/thin/hq/umbrella_PNG69124.jpg,Umbrella,
data/thin/hq/umbrella_PNG69129a.jpg,Umbrella,
data/thin/hq/umbrella_PNG69129b.jpg,Umbrella,
data/thin/hq/umbrella_PNG69129c.jpg,Umbrella,
data/thin/hq/umbrella_PNG69129d.jpg,Umbrella,
data/thin/hq/umbrella_PNG69129e.jpg,Umbrella,
data/thin/hq/umbrella_PNG69129f.jpg,Umbrella,
data/thin/hq/umbrella_PNG69130.jpg,Umbrella,
data/thin/hq/umbrella_PNG69145.jpg,Umbrella,Umbrella
data/thin/hq/umbrella_PNG69217.jpg,Umbrella,
data/thin/hq/umbrella_PNG69225.jpg,Umbrella,
data/thin/hq/umbrella_PNG69226a.jpg,Umbrella,
data/thin/hq/umbrella_PNG69226b.jpg,Umbrella,
data/thin/hq/umbrella_PNG69226c.jpg,Umbrella,
data/thin/hq/umbrella_PNG69226e.jpg,Umbrella,
data/thin/hq/umbrella_PNG69226f.jpg,Umbrella,
data/thin/hq/umbrella_PNG69226g.jpg,Umbrella,
data/thin/hq/umbrella_PNG69226h.jpg,Umbrella,
data/thin/hq/umbrella_PNG69227b.jpg,Umbrella,
data/thin/hq/umbrella_PNG69227d.jpg,Umbrella,
data/thin/hq/umbrella_PNG69227e.jpg,Umbrella,
data/thin/hq/umbrella_PNG69230.jpg,Umbrella,Mosquito
data/thin/hq/umbrella_PNG69231.jpg,Umbrella,"Based on the provided image and the list of classes, the main object is:

Umbrella"
data/thin/hq/umbrella_PNG69232.jpg,Umbrella,"Based on the image provided, the main object is an umbrella.

The correct class name from the list is:
Umbrella"
data/thin/hq/umbrella_PNG69233.jpg,Umbrella,"Based on the visual information in the image, the main object is:

Umbrella"
data/thin/hq/umbrella_PNG69234.jpg,Umbrella,
data/thin/hq/vacuum_cleaner_PNG1.jpg,Vacuum Cleaner,"Based on the visual information provided in the image, the main object is a large industrial vacuum cleaner.

The object has a silver and black color scheme, a cylindrical body, a handle on top, and a hose attached to the base. It is designed for heavy-duty cleaning tasks, such as cleaning large areas or removing debris from floors.

Therefore, the correct class name from the list is:

Vacuum Cleaner"
data/thin/hq/vacuum_cleaner_PNG10.jpg,Vacuum Cleaner,"Based on the image provided, the main object is a vacuum cleaner. It is shown in a unique context, submerged underwater with a diver, which is an unusual setting for a typical vacuum cleaner.

The correct class name from the list is:

Vacuum Cleaner"
data/thin/hq/vacuum_cleaner_PNG17.jpg,Vacuum Cleaner,
data/thin/hq/vacuum_cleaner_PNG19.jpg,Vacuum Cleaner,"Based on the image provided, the main object is a vacuum cleaner. It is a red model with a black handle and base, and it is positioned in the center of the image.

The correct class name is:

Vacuum Cleaner"
data/thin/hq/vacuum_cleaner_PNG20.jpg,Vacuum Cleaner,
data/thin/hq/vacuum_cleaner_PNG21.jpg,Vacuum Cleaner,
data/thin/hq/vacuum_cleaner_PNG23.jpg,Vacuum Cleaner,"Based on the visual information in the image, the main object is a vacuum cleaner.

The object has a black cylindrical body with a handle and a hose, and it is positioned in front of a building. The design is typical of a modern vacuum cleaner.

The correct class name from the list is:

Vacuum Cleaner"
data/thin/hq/vacuum_cleaner_PNG28.jpg,Vacuum Cleaner,"Based on the visual information in the image, the main object is a cleaning appliance.

The object is a vacuum cleaner with a yellow and black body, a long hose, and a vacuum head. It is positioned outdoors on a paved surface, with a stone wall and a dog visible in the background.

The correct class name for this object is:

Vacuum Cleaner"
data/thin/hq/vacuum_cleaner_PNG29.jpg,Vacuum Cleaner,Vacuum Cleaner
data/thin/hq/vacuum_cleaner_PNG33.jpg,Vacuum Cleaner,"Based on the image provided, the main object is a vacuum cleaner.

The correct class name from the list is:
Vacuum Cleaner"
data/thin/hq/vacuum_cleaner_PNG43.jpg,Vacuum Cleaner,"Based on the visual information in the image, the main object is a vacuum cleaner.

The object has a cylindrical body, a handle, a hose, and a cleaning attachment, which are all characteristic features of a vacuum cleaner.

Therefore, the correct class name is:

Vacuum Cleaner"
data/thin/hq/vacuum_cleaner_PNG44.jpg,Vacuum Cleaner,Vacuum Cleaner
data/thin/hq/vacuum_cleaner_PNG45.jpg,Vacuum Cleaner,
data/thin/hq/vacuum_cleaner_PNG46.jpg,Vacuum Cleaner,"Based on the visual information in the image, the main object is a vacuum cleaner.

The object is a red and black vacuum cleaner with a hose and a cleaning head, positioned on a rocky, coastal landscape. The brand name ""FANCL"" and the power rating ""1400W"" are visible on the body of the vacuum.

Therefore, the correct class name is:

Vacuum Cleaner"
data/thin/hq/vacuum_cleaner_PNG47.jpg,Vacuum Cleaner,"Based on the visual information in the image, the main object is a vacuum cleaner.

The object has a red cylindrical body, a black handle and hose, and a black floor nozzle. It is designed for cleaning floors and is a common household appliance.

Therefore, the correct class name is:

Vacuum Cleaner"
data/thin/hq/vacuum_cleaner_PNG48.jpg,Vacuum Cleaner,"Based on the image provided, the main object is a vacuum cleaner. It is a large, modern-looking vacuum cleaner with a silver and blue body, a transparent hose, and a handle. It is being held by a person who appears to be a soccer player.

The correct class name from the list is:

Vacuum Cleaner"
data/thin/hq/vacuum_cleaner_PNG49.jpg,Vacuum Cleaner,
data/thin/hq/vacuum_cleaner_PNG50.jpg,Vacuum Cleaner,
data/thin/hq/vacuum_cleaner_PNG52.jpg,Vacuum Cleaner,"Based on the visual information in the image, the main object is a vacuum cleaner.

The object has a cylindrical body with a blue and silver color scheme, a handle on top, and a long black hose. The brand name ""VYTRONIX"" is visible on the side. The wheels and the vacuum head are clearly identifiable as features of a vacuum cleaner.

Therefore, the correct class name is:

Vacuum Cleaner"
data/thin/hq/vacuum_cleaner_PNG53.jpg,Vacuum Cleaner,"Based on the visual information in the image, the main object is a vacuum cleaner.

The object has a long hose, a dustbin, and a cleaning head, which are characteristic features of a vacuum cleaner.

The correct class name from the list is:

Vacuum Cleaner"
data/thin/hq/vacuum_cleaner_PNG54.jpg,Vacuum Cleaner,"Based on the visual information provided in the image, the main object is a vacuum cleaner.

The object has a cylindrical stainless steel body, a green top section, and a black handle and hose. It is designed for cleaning, which is a primary function of vacuum cleaners.

Therefore, the correct class name from the list is:

Vacuum Cleaner"
data/thin/hq/vacuum_cleaner_PNG56.jpg,Vacuum Cleaner,Vacuum Cleaner
data/thin/hq/vacuum_cleaner_PNG7.jpg,Vacuum Cleaner,
data/thin/hq/vacuum_cleaner_PNG8.jpg,Vacuum Cleaner,"Based on the visual information in the image, the main object is a steam cleaning machine.

The object has a large, cylindrical stainless steel tank, a control panel with various buttons and dials, a hose, and a vacuum cleaner attachment. It is designed for cleaning and disinfecting surfaces.

The correct class name from the list provided is:

Vacuum Cleaner"
data/thin/hq/vase_PNG123.jpg,Vase,
data/thin/hq/vase_PNG153.jpg,Vase,
data/thin/hq/vase_PNG179a.jpg,Vase,
data/thin/hq/vase_PNG179b.jpg,Vase,
data/thin/hq/vase_PNG81.jpg,Vase,
data/thin/hq/vase_PNG94.jpg,Vase,"Based on the image provided, the main object is a bird with a vase of tulips on its head.

The correct class name from the list is:
Eagle"
data/thin/hq/vase_PNG96.jpg,Vase,
data/thin/hq/video_camera_PNG7856.jpg,Video Camera,
data/thin/hq/video_camera_PNG7864.jpg,Video Camera,
data/thin/hq/video_camera_PNG7868.jpg,Video Camera,Video Camera
data/thin/hq/video_camera_PNG7870.jpg,Video Camera,"Based on the image provided, the main object is a video camera.

The correct class name from the list is:
Video Camera"
data/thin/hq/video_camera_PNG7875.jpg,Video Camera,
data/thin/hq/video_camera_PNG7880.jpg,Video Camera,"Based on the image provided, the main object is a video camera.

The object is a professional-grade video camera, specifically a Sony model, mounted on a tripod. It is equipped with a microphone and other accessories, suggesting it is used for recording video, possibly for a broadcast or documentary.

The class name for this object is:
Video Camera"
data/thin/hq/video_camera_PNG7891.jpg,Video Camera,
data/thin/hq/violin_PNG12820.jpg,Violin,
data/thin/hq/violin_PNG12821.jpg,Violin,"Based on the image provided, the main object is a spear.

The image shows a close-up of a lioness with a spear diagonally placed across its face. The spear is the most prominent object in the scene, and it is clearly identifiable as a spear.

Therefore, the correct class name is:

Spear"
data/thin/hq/violin_PNG12822.jpg,Violin,"Based on the image provided, the main object is a stringed musical instrument.

The correct class name from the list is:

Violin"
data/thin/hq/violin_PNG12839.jpg,Violin,
data/thin/hq/wedding_cake_PNG19427.jpg,Wedding Cake,"Based on the visual information in the image, the main object is a large, multi-tiered cake.

The object is a wedding cake, as indicated by the bride and groom figurine on top of the cake and the decorative elements.

Therefore, the correct class name is:

Wedding Cake"
data/thin/hq/wedding_cake_PNG19465.jpg,Wedding Cake,"Based on the visual information in the image, the main object is a multi-tiered cake.

The object is decorated with red flowers and green vines, and it is presented on a stand with a couple figurine on top. This is a wedding cake.

Therefore, the correct class name is:

Wedding Cake"
data/thin/hq/wedding_cake_PNG19467.jpg,Wedding Cake,
data/thin/hq/wheelchair_PNG17838.jpg,Wheelchair,"Based on the image provided, the main object is a wheelchair.

The correct class name from the list is:
Wheelchair"
data/thin/hq/wheelchair_PNG17840.jpg,Wheelchair,"Based on the provided image and the list of classes, the main object is:

Wheelchair"
data/thin/hq/wheelchair_PNG17845.jpg,Wheelchair,"Based on the image provided, the main object is a wheelchair.

The correct class name from the list is:
Wheelchair"
data/thin/hq/wheelchair_PNG17846.jpg,Wheelchair,"Based on the image provided, the main object is a wheelchair.

The correct class name from the list is:
Wheelchair"
data/thin/hq/wheelchair_PNG17849.jpg,Wheelchair,"Based on the image provided, the main object is a wheelchair.

The correct class name from the list is:
Wheelchair"
data/thin/hq/wheelchair_PNG17852.jpg,Wheelchair,"Based on the visual information in the image, the main object is a wheelchair.

The image shows a person in a wheelchair, with a backpack and a red jacket visible, standing in a snowy, mountainous environment. The wheelchair is the central focus of the image.

The correct class name from the list is:

Wheelchair"
data/thin/hq/wheelchair_PNG17854.jpg,Wheelchair,"Based on the visual information in the image, the main object is a wheelchair.

The image shows a wheelchair with a pink seat and backrest, a white frame, and large rear wheels. It is positioned in the foreground, with a scenic background of a large building, a body of water, and a stone embankment.

Therefore, the correct class name is:

Wheelchair"
data/thin/hq/wheelchair_PNG17855.jpg,Wheelchair,
data/thin/hq/wheelchair_PNG17858.jpg,Wheelchair,"Based on the visual information in the image, the main object is a wheelchair.

The correct class name from the list is:
Wheelchair"
data/thin/hq/wheelchair_PNG17861.jpg,Wheelchair,
data/thin/hq/wheelchair_PNG17863.jpg,Wheelchair,"Based on the image provided, the main object is a wheelchair.

The correct class name from the list is:
Wheelchair"
data/thin/hq/wheelchair_PNG17865.jpg,Wheelchair,
data/thin/hq/wheelchair_PNG17869.jpg,Wheelchair,"Based on the visual information in the image, the main object is a mobility device designed for a person with mobility challenges. It has a frame, wheels, and a seat, and is used to assist in movement.

The object in the image is a wheelchair.

Wheelchair"
data/thin/hq/wheelchair_PNG17875.jpg,Wheelchair,"Based on the image provided, the main object is a wheelchair.

The correct class name from the list is:
Wheelchair"
data/thin/hq/wheelchair_PNG82761.jpg,Wheelchair,"Based on the visual information provided in the image, the main object is a wheelchair.

The image shows a wheelchair with a red frame, black wheels, and a patterned seat and backrest. It is positioned in an outdoor setting with buildings and a red-tiled roof in the background.

Therefore, the correct class name is:

Wheelchair"
data/thin/hq/wheelchair_PNG82762.jpg,Wheelchair,Wheelchair
data/thin/hq/wheelchair_PNG82763.jpg,Wheelchair,"Based on the visual information in the image, the main object is a wheelchair.

The object is a manual wheelchair with a black frame, a blue seat, and large rear wheels with a silver rim. It is being held by a person whose hand is visible on the right side of the image. The background is blurred, but the person's hand and the wheelchair are the most prominent elements.

Therefore, the correct class name is:

Wheelchair"
data/thin/hq/wheelchair_PNG82765.jpg,Wheelchair,"Based on the visual information provided in the image, the main object is a wheelchair.

The image shows a black wheelchair with large rear wheels and smaller front wheels, positioned against a background of what appears to be a mushroom. The wheelchair is the central focus of the image.

The correct class name from the list is:

Wheelchair"
data/thin/hq/wheelchair_PNG82771.jpg,Wheelchair,"Based on the visual information in the image, the main object is a wheelchair.

The object has the following characteristics:
- It is a manual wheelchair with a blue frame, black seat and backrest, and silver-colored wheels.
- It includes a footrest and a hand brake.
- It is positioned in an outdoor setting with ferns in the background.

From the provided list of classes, the most appropriate identification is:

Wheelchair"
data/thin/hq/wheelchair_PNG82773.jpg,Wheelchair,
data/thin/hq/wheelchair_PNG82774.jpg,Wheelchair,"Based on the visual information provided in the image, the main object is a wheelchair.

The image shows a black and grey wheelchair with wheels, positioned in front of a group of penguins. The wheelchair is the central focus of the photograph.

Therefore, the correct class name is:

Wheelchair"
data/thin/hq/wheelchair_PNG82775.jpg,Wheelchair,"Based on the visual information provided in the image, the main object is a mobility device designed for individuals with limited mobility.

The object is a wheelchair, which is a type of assistive device. It is a manual wheelchair with a frame, wheels, and a seat. The wheelchair is shown in a dark setting, and there is a large, stylized rose in the background.

The correct class name from the list is:

Wheelchair"
data/thin/hq/wheelchair_PNG82777.jpg,Wheelchair,"Based on the image provided, the main object is a wheelchair.

The correct class name from the list is:
Wheelchair"
data/thin/hq/wheelchair_PNG82778.jpg,Wheelchair,"Based on the visual information in the image, the main object is a wheelchair.

The object is a wheelchair with a grey seat and backrest, red frame, and black armrests. It is positioned in the center of the image against a backdrop of modern skyscrapers.

The correct class name from the list is:
Wheelchair"
data/thin/hq/wheelchair_PNG82783.jpg,Wheelchair,"Based on the provided image, the main object is a wheelchair.

The correct class name from the list is:
Wheelchair"
data/thin/hq/wheelchair_PNG82784.jpg,Wheelchair,Wheelchair
data/thin/hq/wheelchair_PNG82790.jpg,Wheelchair,"Based on the image provided, the main object is a wheelchair.

The correct class name from the list is:
Wheelchair"
data/thin/hq/wheelchair_PNG82792.jpg,Wheelchair,"Based on the image provided, the main object is a wheelchair.

Wheelchair"
data/thin/hq/wheelchair_PNG82794.jpg,Wheelchair,"Based on the image provided, the main object is a wheelchair.

The correct class name from the list is:
Wheelchair"
data/thin/hq/wheelchair_PNG82799.jpg,Wheelchair,
data/thin/hq/wheelchair_PNG82800.jpg,Wheelchair,"Based on the image provided, the main object is a wheelchair.

The correct class name from the list is:
Wheelchair"
data/thin/hq/wheelchair_PNG82801.jpg,Wheelchair,"Based on the image provided, the main object is a wheelchair.

The correct class name from the list is:
Wheelchair"
data/thin/hq/wheelchair_PNG82803.jpg,Wheelchair,"Based on the image provided, the main object is a wheelchair.

The correct class name from the list is:
Wheelchair"
data/thin/hq/wheelchair_PNG82804.jpg,Wheelchair,"Based on the image provided, the main object is a wheelchair. It is a specialized mobility device with a black frame, large wheels with yellow accents, and a design that suggests it is suitable for outdoor use.

The correct class name from the list is:
Wheelchair"
data/thin/hq/wheelchair_PNG82810.jpg,Wheelchair,"Based on the provided image, the main object is a wheelchair.

The correct class name from the list is:
Wheelchair"
data/thin/hq/wheelchair_PNG82812.jpg,Wheelchair,"Based on the image provided, the main object is a wheelchair. It is a manual wheelchair with a metal frame, black and grey upholstery, and is positioned on a sandy surface next to a large crocodile.

The correct class name from the list is:

Wheelchair"
data/thin/hq/wheelchair_PNG82814.jpg,Wheelchair,"Based on the image provided, the main object is a mobility device designed for individuals with mobility challenges. It is equipped with wheels, a seat, and a frame that allows for independent movement.

The class that best describes this object is:

Wheelchair"
data/thin/hq/wheelchair_PNG82816.jpg,Wheelchair,"Based on the image provided, the main object is a wheelchair.

The correct class name from the list is:
Wheelchair"
data/thin/hq/wineglass_PNG2833.jpg,Wineglass,
data/thin/hq/wineglass_PNG2837.jpg,Wineglass,
data/thin/hq/wineglass_PNG2838.jpg,Wineglass,The main object in the image is a Wineglass.
data/thin/hq/wineglass_PNG2845a.jpg,Wineglass,
data/thin/hq/wineglass_PNG2845b.jpg,Wineglass,
data/thin/hq/wineglass_PNG2856.jpg,Wineglass,"Based on the visual information provided in the image, the main object is a wineglass.

The image displays a clear, stemmed wineglass with a bowl, a long stem, and a circular base. The glass is positioned in the foreground, and the background appears to be a blurred aquatic environment, possibly an aquarium.

From the given list of classes, the most accurate identification is:

Wineglass"
data/thin/hq/wineglass_PNG2857.jpg,Wineglass,
data/thin/hq/wineglass_PNG2861.jpg,Wineglass,
data/thin/hq/wineglass_PNG2863.jpg,Wineglass,"Based on the visual information provided in the image, the main object is a glass containing a dark red liquid, which is consistent with a red wine.

The object is a wineglass.

Wineglass"
data/thin/hq/wineglass_PNG2870.jpg,Wineglass,"Based on the visual information in the image, the main object is a wine glass.

The image displays a clear, stemmed wine glass with a blue accent on the stem, set against a background of a green shirt and a blue jacket. The glass is the central focus of the photograph.

Therefore, the correct class name is:

Wineglass"
data/thin/hq/wineglass_PNG2871.jpg,Wineglass,"Based on the image provided, the main object is a wineglass filled with an orange liquid. The glass is tall and has a slender stem, which is characteristic of a wine glass. The liquid appears to be a type of juice or cocktail, possibly a fruit-based drink.

The correct class name from the list is:

Wineglass"
data/thin/hq/wineglass_PNG2872.jpg,Wineglass,"Based on the visual information provided in the image, the main object is a glass of red wine.

The object is clearly identifiable as a wineglass, which is a type of glassware used for serving wine.

From the given list of classes, the correct identification is:

Wineglass"
data/thin/hq/wineglass_PNG2873.jpg,Wineglass,"Based on the provided image, the main object is a wine glass containing red wine.

The correct class name from the list is:

Wineglass"
data/thin/hq/wineglass_PNG2874.jpg,Wineglass,The main object in the image is a Wineglass.
data/thin/hq/wineglass_PNG2875.jpg,Wineglass,"Based on the image provided, the main object is a wine glass filled with red wine.

The correct class name from the list is:
Wineglass"
data/thin/hq/wineglass_PNG2876.jpg,Wineglass,
data/thin/hq/wineglass_PNG2877.jpg,Wineglass,"To identify the main object in the image, let's analyze the visual content:

- The image prominently features a clear glass wine glass.
- The glass is filled with a dark red liquid, which is consistent with red wine.
- The glass has a classic shape with a bowl, a long stem, and a base.
- The background is somewhat blurred, but it appears to be an outdoor setting with greenery and possibly a bird.

Given the object's distinct shape and the context of the liquid,"
data/thin/hq/wineglass_PNG2878.jpg,Wineglass,"Based on the visual information provided in the image, the main object is a glass containing a light-colored liquid, which is characteristic of wine. The glass has a long stem and a wide base, typical of a wine glass. The context of the image, with a person wearing a helmet and sunglasses, and a bicycle in the background, suggests an outdoor setting, possibly a cycling event.

Therefore, the main object in the image is:

Wineglass"
data/thin/hq/wineglass_PNG2879.jpg,Wineglass,"Based on the visual information provided in the image, the main object is a glassware item that is typically used for serving beverages, specifically a champagne flute. This type of glass is designed to hold and serve sparkling wines or champagne.

The correct class name from the list provided is:

Wineglass"
data/thin/hq/wineglass_PNG2880.jpg,Wineglass,Wineglass
data/thin/hq/wineglass_PNG2881.jpg,Wineglass,"Based on the visual information in the image, the main object is a glass containing a yellow liquid, which is clearly a wine glass.

The correct class name from the list is:

Wineglass"
data/thin/hq/wineglass_PNG2887.jpg,Wineglass,
data/thin/hq/wineglass_PNG2891.jpg,Wineglass,
data/thin/hq/wineglass_PNG2896.jpg,Wineglass,"Based on the image provided, the main object is a glass of red wine.

The correct class name from the list is:
Wineglass"
data/thin/hq/wineglass_PNG2898a.jpg,Wineglass,
data/thin/hq/wineglass_PNG2898b.jpg,Wineglass,
data/thin/hq/wineglass_PNG2900.jpg,Wineglass,"Based on the image provided, the main object is a glass wine glass.

The correct class name from the list is:
Wineglass"
data/thin/hq/wineglass_PNG2901.jpg,Wineglass,"Based on the visual information provided in the image, the main object is a wineglass.

The image shows a clear, transparent glass object with a bowl shape, a stem, and a base, which are characteristic features of a wineglass. It is set against a background of red soil and sand, which may suggest a desert or arid environment.

The class name for this object is:
Wineglass"
data/thin/hq/wineglass_PNG2902.jpg,Wineglass,
data/thin/hq/wineglass_PNG2909a.jpg,Wineglass,
data/thin/hq/wineglass_PNG2909b.jpg,Wineglass,
data/thin/hq/wineglass_PNG2917b.jpg,Wineglass,
data/thin/hq/wrench_PNG1107.jpg,Wrench,The main object in the image is a Wrench.
data/thin/hq/wrench_PNG1108.jpg,Wrench,
data/thin/hq/wrench_PNG1109.jpg,Wrench,
data/thin/hq/wrench_PNG1112.jpg,Wrench,
data/thin/hq/wrench_PNG1113.jpg,Wrench,"Based on the image provided, the main object is a tool used for tightening or loosening nuts and bolts.

The object is a **wrench**. It is a two-sided wrench, often called a ""combination wrench,"" which is designed to fit different sizes of nuts and bolts.

Therefore, the correct class name is:

Wrench"
data/thin/hq/wrench_PNG1115.jpg,Wrench,
data/thin/hq/wrench_PNG1117.jpg,Wrench,
data/thin/hq/wrench_PNG1119.jpg,Wrench,
data/thin/hq/wrench_PNG3117.jpg,Wrench,
data/thin/hq/wrench_PNG3118a.jpg,Wrench,
data/thin/hq/wrench_PNG3118c.jpg,Wrench,
data/thin/hq/wrench_PNG3118e.jpg,Wrench,
data/thin/hq/wrench_PNG3120.jpg,Wrench,
data/thin/hq/wrench_PNG3122.jpg,Wrench,
data/thin/hq/wrench_PNG3124.jpg,Wrench,
data/thin/hq/wrench_PNG3125.jpg,Wrench,
data/thin/hq/wrench_PNG3127.jpg,Wrench,
data/thin/hq/wrench_PNG3128.jpg,Wrench,Wrench
