image_path,label,prediction
data/thin/hq/anaconda_PNG1.jpg,Anaconda,"Sorry, as a base VLM I am not trained to answer this question."
data/thin/hq/anaconda_PNG10.jpg,Anaconda,"Sorry, as a base VLM I am not trained to answer this question."
data/thin/hq/anaconda_PNG14.jpg,Anaconda,anaconda
data/thin/hq/anaconda_PNG2.jpg,Anaconda,"Sorry, as a base VLM I am not trained to answer this question."
data/thin/hq/anaconda_PNG7.jpg,Anaconda,"Sorry, as a base VLM I am not trained to answer this question."
data/thin/hq/anaconda_PNG8.jpg,Anaconda,"Sorry, as a base VLM I am not trained to answer this question."
data/thin/hq/ant_PNG19350.jpg,Ant,"ant, insect, invertebrate"
data/thin/hq/ant_PNG19355.jpg,Ant,ant
data/thin/hq/ant_PNG19362.jpg,Ant,"ant, insect, invertebrate"
data/thin/hq/ant_PNG19363a.jpg,Ant,"Sorry, as a base VLM I am not trained to answer this question."
data/thin/hq/ant_PNG19363b.jpg,Ant,ant
data/thin/hq/ant_PNG19363c.jpg,Ant,"ant, beetle, cockroach, ant, bee, bug, caterpillar, fly, honey bee, termite"
data/thin/hq/ant_PNG19364.jpg,Ant,"ant, insect, invertebrate"
data/thin/hq/ant_PNG19365.jpg,Ant,"Sorry, as a base VLM I am not trained to answer this question."
data/thin/hq/apple_PNG12405.jpg,Apple,apple
data/thin/hq/apple_PNG12429.jpg,Apple,apple
data/thin/hq/apple_PNG12471.jpg,Apple,"apple, animal, apple tree, apple core, apple stem, apple tree, apple tree, apple skin, apple stem, apple tree, apple tree, apple tree, apple tree, apple tree, apple tree, apple tree, apple tree, apple tree, apple tree, apple tree, apple tree, apple tree, apple tree, apple tree, apple tree, apple tree, apple tree, apple tree, apple tree, apple tree, apple tree, apple tree, apple tree, apple tree,"
data/thin/hq/apple_PNG12492.jpg,Apple,"Sorry, as a base VLM I am not trained to answer this question."
data/thin/hq/apple_PNG12496.jpg,Apple,apple
data/thin/hq/armchair_PNG7023.jpg,Armchair,"Sorry, as a base VLM I am not trained to answer this question."
data/thin/hq/armchair_PNG7028.jpg,Armchair,"Sorry, as a base VLM I am not trained to answer this question."
data/thin/hq/armchair_PNG7034.jpg,Armchair,"Sorry, as a base VLM I am not trained to answer this question."
data/thin/hq/armchair_PNG7041.jpg,Armchair,"Sorry, as a base VLM I am not trained to answer this question."
data/thin/hq/armchair_PNG7043.jpg,Armchair,"Sorry, as a base VLM I am not trained to answer this question."
data/thin/hq/armchair_PNG7044.jpg,Armchair,"Sorry, as a base VLM I am not trained to answer this question."
data/thin/hq/armchair_PNG7047.jpg,Armchair,"Sorry, as a base VLM I am not trained to answer this question."
data/thin/hq/armchair_PNG7060.jpg,Armchair,"Sorry, as a base VLM I am not trained to answer this question."
data/thin/hq/armchair_PNG7068.jpg,Armchair,"Sorry, as a base VLM I am not trained to answer this question."
data/thin/hq/armchair_PNG7072.jpg,Armchair,"Sorry, as a base VLM I am not trained to answer this question."
data/thin/hq/armchair_PNG7074.jpg,Armchair,"Sorry, as a base VLM I am not trained to answer this question."
data/thin/hq/arrow_bow_PNG12a.jpg,Arrow Bow,"Sorry, as a base VLM I am not trained to answer this question."
data/thin/hq/arrow_bow_PNG12b.jpg,Arrow Bow,"Sorry, as a base VLM I am not trained to answer this question."
data/thin/hq/arrow_bow_PNG13.jpg,Arrow Bow,"Sorry, as a base VLM I am not trained to answer this question."
data/thin/hq/arrow_bow_PNG15.jpg,Arrow Bow,"Sorry, as a base VLM I am not trained to answer this question."
data/thin/hq/arrow_bow_PNG16.jpg,Arrow Bow,"Sorry, as a base VLM I am not trained to answer this question."
data/thin/hq/arrow_bow_PNG17.jpg,Arrow Bow,"Sorry, as a base VLM I am not trained to answer this question."
data/thin/hq/arrow_bow_PNG2.jpg,Arrow Bow,"Sorry, as a base VLM I am not trained to answer this question."
data/thin/hq/arrow_bow_PNG21.jpg,Arrow Bow,"Sorry, as a base VLM I am not trained to answer this question."
data/thin/hq/arrow_bow_PNG23.jpg,Arrow Bow,"Sorry, as a base VLM I am not trained to answer this question."
data/thin/hq/arrow_bow_PNG24.jpg,Arrow Bow,bird
data/thin/hq/arrow_bow_PNG26.jpg,Arrow Bow,"Sorry, as a base VLM I am not trained to answer this question."
data/thin/hq/arrow_bow_PNG27.jpg,Arrow Bow,"Sorry, as a base VLM I am not trained to answer this question."
data/thin/hq/arrow_bow_PNG30.jpg,Arrow Bow,bird
data/thin/hq/arrow_bow_PNG37.jpg,Arrow Bow,"Sorry, as a base VLM I am not trained to answer this question."
data/thin/hq/arrow_bow_PNG45.jpg,Arrow Bow,bird
data/thin/hq/arrow_bow_PNG47a.jpg,Arrow Bow,"Sorry, as a base VLM I am not trained to answer this question."
data/thin/hq/arrow_bow_PNG47b.jpg,Arrow Bow,"Sorry, as a base VLM I am not trained to answer this question."
data/thin/hq/arrow_bow_PNG8a.jpg,Arrow Bow,"Sorry, as a base VLM I am not trained to answer this question."
data/thin/hq/arrow_bow_PNG8b.jpg,Arrow Bow,"Sorry, as a base VLM I am not trained to answer this question."
data/thin/hq/arrow_bow_PNG9.jpg,Arrow Bow,"Sorry, as a base VLM I am not trained to answer this question."
data/thin/hq/ax_PNG9088.jpg,Ax,"Sorry, as a base VLM I am not trained to answer this question."
data/thin/hq/ax_PNG9092.jpg,Ax,"Sorry, as a base VLM I am not trained to answer this question."
data/thin/hq/ax_PNG9094.jpg,Ax,"Sorry, as a base VLM I am not trained to answer this question."
data/thin/hq/ax_PNG9099.jpg,Ax,"Sorry, as a base VLM I am not trained to answer this question."
data/thin/hq/ax_PNG9100.jpg,Ax,"ax, bird, caterpillar, axe"
data/thin/hq/ax_PNG9101.jpg,Ax,"ax, axe, hatchet"
data/thin/hq/ax_PNG9104.jpg,Ax,"Sorry, as a base VLM I am not trained to answer this question."
data/thin/hq/ax_PNG9105.jpg,Ax,"Sorry, as a base VLM I am not trained to answer this question."
data/thin/hq/ax_PNG9108.jpg,Ax,"Sorry, as a base VLM I am not trained to answer this question."
data/thin/hq/ax_PNG9110.jpg,Ax,"Sorry, as a base VLM I am not trained to answer this question."
data/thin/hq/backpack_PNG6314.jpg,Backpack,"Sorry, as a base VLM I am not trained to answer this question."
data/thin/hq/backpack_PNG6317.jpg,Backpack,"Sorry, as a base VLM I am not trained to answer this question."
data/thin/hq/backpack_PNG6320.jpg,Backpack,"Sorry, as a base VLM I am not trained to answer this question."
data/thin/hq/backpack_PNG6326.jpg,Backpack,"Sorry, as a base VLM I am not trained to answer this question."
data/thin/hq/backpack_PNG6333.jpg,Backpack,"Sorry, as a base VLM I am not trained to answer this question."
data/thin/hq/backpack_PNG6339.jpg,Backpack,"Sorry, as a base VLM I am not trained to answer this question."
data/thin/hq/backpack_PNG6341.jpg,Backpack,"Sorry, as a base VLM I am not trained to answer this question."
data/thin/hq/backpack_PNG6342.jpg,Backpack,"Sorry, as a base VLM I am not trained to answer this question."
data/thin/hq/backpack_PNG6347.jpg,Backpack,"Sorry, as a base VLM I am not trained to answer this question."
data/thin/hq/backpack_PNG6349.jpg,Backpack,"Sorry, as a base VLM I am not trained to answer this question."
data/thin/hq/backpack_PNG6351.jpg,Backpack,"Sorry, as a base VLM I am not trained to answer this question."
data/thin/hq/backpack_PNG6353.jpg,Backpack,"Sorry, as a base VLM I am not trained to answer this question."
data/thin/hq/backpack_PNG6354.jpg,Backpack,"Sorry, as a base VLM I am not trained to answer this question."
data/thin/hq/backpack_PNG6356.jpg,Backpack,"Sorry, as a base VLM I am not trained to answer this question."
data/thin/hq/backpack_PNG6363.jpg,Backpack,"Sorry, as a base VLM I am not trained to answer this question."
data/thin/hq/barbell_PNG16340.jpg,Barbell,"Sorry, as a base VLM I am not trained to answer this question."
data/thin/hq/barbell_PNG16342.jpg,Barbell,"Sorry, as a base VLM I am not trained to answer this question."
data/thin/hq/barbell_PNG16343.jpg,Barbell,"Sorry, as a base VLM I am not trained to answer this question."
data/thin/hq/barbell_PNG16344.jpg,Barbell,bird
data/thin/hq/barbell_PNG16348.jpg,Barbell,"Sorry, as a base VLM I am not trained to answer this question."
data/thin/hq/barbell_PNG16351.jpg,Barbell,"Sorry, as a base VLM I am not trained to answer this question."
data/thin/hq/barbell_PNG16354a.jpg,Barbell,bird
data/thin/hq/barbell_PNG16354b.jpg,Barbell,"Sorry, as a base VLM I am not trained to answer this question."
data/thin/hq/barbell_PNG16356.jpg,Barbell,"Sorry, as a base VLM I am not trained to answer this question."
data/thin/hq/barbell_PNG16357.jpg,Barbell,"Sorry, as a base VLM I am not trained to answer this question."
data/thin/hq/barbell_PNG16359.jpg,Barbell,"Sorry, as a base VLM I am not trained to answer this question."
data/thin/hq/bassinet_PNG15.jpg,Bassinet,"Sorry, as a base VLM I am not trained to answer this question."
data/thin/hq/bassinet_PNG23.jpg,Bassinet,"Sorry, as a base VLM I am not trained to answer this question."
data/thin/hq/bassinet_PNG26.jpg,Bassinet,"Sorry, as a base VLM I am not trained to answer this question."
data/thin/hq/bassinet_PNG27.jpg,Bassinet,"Sorry, as a base VLM I am not trained to answer this question."
data/thin/hq/bassinet_PNG28.jpg,Bassinet,"Sorry, as a base VLM I am not trained to answer this question."
data/thin/hq/bassinet_PNG29.jpg,Bassinet,"Sorry, as a base VLM I am not trained to answer this question."
data/thin/hq/bassinet_PNG46.jpg,Bassinet,"Sorry, as a base VLM I am not trained to answer this question."
data/thin/hq/bassinet_PNG50.jpg,Bassinet,"Sorry, as a base VLM I am not trained to answer this question."
data/thin/hq/bassinet_PNG52.jpg,Bassinet,"Sorry, as a base VLM I am not trained to answer this question."
data/thin/hq/bassinet_PNG57.jpg,Bassinet,"Sorry, as a base VLM I am not trained to answer this question."
data/thin/hq/bassinet_PNG58.jpg,Bassinet,"Sorry, as a base VLM I am not trained to answer this question."
data/thin/hq/bassinet_PNG59.jpg,Bassinet,"Sorry, as a base VLM I am not trained to answer this question."
data/thin/hq/bassinet_PNG60.jpg,Bassinet,bird
data/thin/hq/bassinet_PNG61.jpg,Bassinet,"Sorry, as a base VLM I am not trained to answer this question."
data/thin/hq/bassinet_PNG7.jpg,Bassinet,"Sorry, as a base VLM I am not trained to answer this question."
data/thin/hq/bassinet_PNG73.jpg,Bassinet,"Sorry, as a base VLM I am not trained to answer this question."
data/thin/hq/bassinet_PNG74.jpg,Bassinet,bird
data/thin/hq/bassinet_PNG76.jpg,Bassinet,"Sorry, as a base VLM I am not trained to answer this question."
data/thin/hq/bassinet_PNG77.jpg,Bassinet,"Sorry, as a base VLM I am not trained to answer this question."
data/thin/hq/bassinet_PNG78.jpg,Bassinet,bird
data/thin/hq/bathtub_PNG19.jpg,Bathtub,bird
data/thin/hq/bathtub_PNG22.jpg,Bathtub,"Sorry, as a base VLM I am not trained to answer this question."
data/thin/hq/bathtub_PNG3.jpg,Bathtub,"Sorry, as a base VLM I am not trained to answer this question."
data/thin/hq/bathtub_PNG31.jpg,Bathtub,"Sorry, as a base VLM I am not trained to answer this question."
data/thin/hq/bathtub_PNG32.jpg,Bathtub,"Sorry, as a base VLM I am not trained to answer this question."
data/thin/hq/bathtub_PNG34.jpg,Bathtub,"Sorry, as a base VLM I am not trained to answer this question."
data/thin/hq/bathtub_PNG36.jpg,Bathtub,bird
data/thin/hq/bathtub_PNG39.jpg,Bathtub,"Sorry, as a base VLM I am not trained to answer this question."
data/thin/hq/bathtub_PNG42.jpg,Bathtub,"Sorry, as a base VLM I am not trained to answer this question."
data/thin/hq/bathtub_PNG43.jpg,Bathtub,"Sorry, as a base VLM I am not trained to answer this question."
data/thin/hq/bathtub_PNG44.jpg,Bathtub,"Sorry, as a base VLM I am not trained to answer this question."
data/thin/hq/bathtub_PNG46.jpg,Bathtub,"Sorry, as a base VLM I am not trained to answer this question."
data/thin/hq/bathtub_PNG48.jpg,Bathtub,"Sorry, as a base VLM I am not trained to answer this question."
data/thin/hq/bathtub_PNG50.jpg,Bathtub,"Sorry, as a base VLM I am not trained to answer this question."
data/thin/hq/bathtub_PNG9.jpg,Bathtub,"Sorry, as a base VLM I am not trained to answer this question."
data/thin/hq/bed_PNG17375.jpg,Bed,bird
data/thin/hq/bed_PNG17394.jpg,Bed,"Sorry, as a base VLM I am not trained to answer this question."
data/thin/hq/bed_PNG17420.jpg,Bed,"Sorry, as a base VLM I am not trained to answer this question."
data/thin/hq/bed_PNG17421.jpg,Bed,"Sorry, as a base VLM I am not trained to answer this question."
data/thin/hq/bee_PNG2.jpg,Bee,bee
data/thin/hq/bee_PNG3.jpg,Bee,"ant, bee, fly"
data/thin/hq/bee_PNG5.jpg,Bee,"ant, bee, fly, honey bee"
data/thin/hq/bee_PNG74692.jpg,Bee,bee
data/thin/hq/bee_PNG74695.jpg,Bee,bee
data/thin/hq/bee_PNG74739.jpg,Bee,bee
data/thin/hq/bee_PNG74756.jpg,Bee,bee
data/thin/hq/bicycle_PNG5350.jpg,Bicycle,bird
data/thin/hq/bicycle_PNG5352.jpg,Bicycle,"Sorry, as a base VLM I am not trained to answer this question."
data/thin/hq/bicycle_PNG5354.jpg,Bicycle,"Sorry, as a base VLM I am not trained to answer this question."
data/thin/hq/bicycle_PNG5355.jpg,Bicycle,bird
data/thin/hq/bicycle_PNG5356.jpg,Bicycle,"Sorry, as a base VLM I am not trained to answer this question."
data/thin/hq/bicycle_PNG5357.jpg,Bicycle,"Sorry, as a base VLM I am not trained to answer this question."
data/thin/hq/bicycle_PNG5358.jpg,Bicycle,"Sorry, as a base VLM I am not trained to answer this question."
data/thin/hq/bicycle_PNG5362.jpg,Bicycle,"Sorry, as a base VLM I am not trained to answer this question."
data/thin/hq/bicycle_PNG5363.jpg,Bicycle,"Sorry, as a base VLM I am not trained to answer this question."
data/thin/hq/bicycle_PNG5366.jpg,Bicycle,"Sorry, as a base VLM I am not trained to answer this question."
data/thin/hq/bicycle_PNG5375.jpg,Bicycle,bird
data/thin/hq/bicycle_PNG5382.jpg,Bicycle,"Sorry, as a base VLM I am not trained to answer this question."
data/thin/hq/bicycle_PNG5383.jpg,Bicycle,"Sorry, as a base VLM I am not trained to answer this question."
data/thin/hq/birds_PNG100.jpg,Birds,bird
data/thin/hq/birds_PNG102.jpg,Birds,bird
data/thin/hq/birds_PNG103.jpg,Birds,bird
data/thin/hq/birds_PNG106.jpg,Birds,bird
data/thin/hq/birds_PNG110.jpg,Birds,"Sorry, as a base VLM I am not trained to answer this question."
data/thin/hq/birds_PNG116.jpg,Birds,bird
data/thin/hq/birds_PNG12.jpg,Birds,bird
data/thin/hq/birds_PNG22.jpg,Birds,bird
data/thin/hq/birds_PNG43.jpg,Birds,bird
data/thin/hq/birds_PNG50.jpg,Birds,bird
data/thin/hq/birds_PNG60.jpg,Birds,bird
data/thin/hq/birds_PNG65.jpg,Birds,bird
data/thin/hq/birds_PNG69.jpg,Birds,bird
data/thin/hq/birds_PNG80.jpg,Birds,bird
data/thin/hq/birds_PNG96.jpg,Birds,"Sorry, as a base VLM I am not trained to answer this question."
data/thin/hq/birds_PNG99.jpg,Birds,bird
data/thin/hq/boat_PNG36.jpg,Boat,"Sorry, as a base VLM I am not trained to answer this question."
data/thin/hq/boat_PNG55.jpg,Boat,boat
data/thin/hq/boat_PNG69.jpg,Boat,"Sorry, as a base VLM I am not trained to answer this question."
data/thin/hq/boots_PNG7806.jpg,Boots,"Sorry, as a base VLM I am not trained to answer this question."
data/thin/hq/bridge_PNG1.jpg,Bridge,"Sorry, as a base VLM I am not trained to answer this question."
data/thin/hq/bridge_PNG11.jpg,Bridge,"Sorry, as a base VLM I am not trained to answer this question."
data/thin/hq/bridge_PNG19.jpg,Bridge,"Sorry, as a base VLM I am not trained to answer this question."
data/thin/hq/bridge_PNG3.jpg,Bridge,"Sorry, as a base VLM I am not trained to answer this question."
data/thin/hq/bridge_PNG35.jpg,Bridge,"Sorry, as a base VLM I am not trained to answer this question."
data/thin/hq/bridge_PNG5.jpg,Bridge,"Sorry, as a base VLM I am not trained to answer this question."
data/thin/hq/bridge_PNG63.jpg,Bridge,"Sorry, as a base VLM I am not trained to answer this question."
data/thin/hq/bridge_PNG70.jpg,Bridge,"Sorry, as a base VLM I am not trained to answer this question."
data/thin/hq/bridge_PNG72.jpg,Bridge,"Sorry, as a base VLM I am not trained to answer this question."
data/thin/hq/bridge_PNG73.jpg,Bridge,"Sorry, as a base VLM I am not trained to answer this question."
data/thin/hq/bridge_PNG74.jpg,Bridge,"Sorry, as a base VLM I am not trained to answer this question."
data/thin/hq/bridge_PNG84.jpg,Bridge,"Sorry, as a base VLM I am not trained to answer this question."
data/thin/hq/bridge_PNG85.jpg,Bridge,"Sorry, as a base VLM I am not trained to answer this question."
data/thin/hq/broom_PNG17.jpg,Broom,"Sorry, as a base VLM I am not trained to answer this question."
data/thin/hq/broom_PNG18.jpg,Broom,"Sorry, as a base VLM I am not trained to answer this question."
data/thin/hq/broom_PNG26.jpg,Broom,bird
data/thin/hq/broom_PNG28.jpg,Broom,"Sorry, as a base VLM I am not trained to answer this question."
data/thin/hq/broom_PNG40.jpg,Broom,"Sorry, as a base VLM I am not trained to answer this question."
data/thin/hq/broom_PNG51.jpg,Broom,bird
data/thin/hq/broom_PNG54.jpg,Broom,bird
data/thin/hq/broom_PNG56.jpg,Broom,"Sorry, as a base VLM I am not trained to answer this question."
data/thin/hq/broom_PNG58.jpg,Broom,"Sorry, as a base VLM I am not trained to answer this question."
data/thin/hq/broom_PNG59.jpg,Broom,"Sorry, as a base VLM I am not trained to answer this question."
data/thin/hq/broom_PNG6.jpg,Broom,bird
data/thin/hq/broom_PNG60a.jpg,Broom,"Sorry, as a base VLM I am not trained to answer this question."
data/thin/hq/broom_PNG60b.jpg,Broom,"Sorry, as a base VLM I am not trained to answer this question."
data/thin/hq/broom_PNG61.jpg,Broom,"Sorry, as a base VLM I am not trained to answer this question."
data/thin/hq/broom_PNG64b.jpg,Broom,bird
data/thin/hq/broom_PNG68.jpg,Broom,"Sorry, as a base VLM I am not trained to answer this question."
data/thin/hq/bucket_PNG7757.jpg,Bucket,"Sorry, as a base VLM I am not trained to answer this question."
data/thin/hq/bucket_PNG7761.jpg,Bucket,"Sorry, as a base VLM I am not trained to answer this question."
data/thin/hq/bucket_PNG7762.jpg,Bucket,"Sorry, as a base VLM I am not trained to answer this question."
data/thin/hq/bucket_PNG7763.jpg,Bucket,"Sorry, as a base VLM I am not trained to answer this question."
data/thin/hq/bucket_PNG7771.jpg,Bucket,"Sorry, as a base VLM I am not trained to answer this question."
data/thin/hq/bucket_PNG7777.jpg,Bucket,"Sorry, as a base VLM I am not trained to answer this question."
data/thin/hq/bulldozer_PNG16444.jpg,Bulldozer,"Sorry, as a base VLM I am not trained to answer this question."
data/thin/hq/bulldozer_PNG16447.jpg,Bulldozer,"Sorry, as a base VLM I am not trained to answer this question."
data/thin/hq/bulldozer_PNG16460.jpg,Bulldozer,"Sorry, as a base VLM I am not trained to answer this question."
data/thin/hq/bulldozer_PNG16462.jpg,Bulldozer,"Sorry, as a base VLM I am not trained to answer this question."
data/thin/hq/butterfly_PNG1001.jpg,Butterfly,butterfly
data/thin/hq/butterfly_PNG1004.jpg,Butterfly,butterfly
data/thin/hq/butterfly_PNG1005.jpg,Butterfly,butterfly
data/thin/hq/butterfly_PNG1006.jpg,Butterfly,"Sorry, as a base VLM I am not trained to answer this question."
data/thin/hq/butterfly_PNG1007.jpg,Butterfly,butterfly
data/thin/hq/butterfly_PNG1008.jpg,Butterfly,butterfly
data/thin/hq/butterfly_PNG1015.jpg,Butterfly,butterfly
data/thin/hq/butterfly_PNG1017.jpg,Butterfly,butterfly
data/thin/hq/butterfly_PNG1023.jpg,Butterfly,butterfly
data/thin/hq/butterfly_PNG1024.jpg,Butterfly,butterfly
data/thin/hq/butterfly_PNG1025.jpg,Butterfly,butterfly
data/thin/hq/butterfly_PNG1026.jpg,Butterfly,"Sorry, as a base VLM I am not trained to answer this question."
data/thin/hq/butterfly_PNG1027.jpg,Butterfly,butterfly
data/thin/hq/butterfly_PNG1028.jpg,Butterfly,butterfly
data/thin/hq/butterfly_PNG1031.jpg,Butterfly,"Sorry, as a base VLM I am not trained to answer this question."
data/thin/hq/butterfly_PNG1032.jpg,Butterfly,butterfly
data/thin/hq/butterfly_PNG1037.jpg,Butterfly,butterfly
data/thin/hq/butterfly_PNG1038.jpg,Butterfly,"Sorry, as a base VLM I am not trained to answer this question."
data/thin/hq/butterfly_PNG1042.jpg,Butterfly,butterfly
data/thin/hq/butterfly_PNG1044.jpg,Butterfly,butterfly
data/thin/hq/butterfly_PNG1049.jpg,Butterfly,"Sorry, as a base VLM I am not trained to answer this question."
data/thin/hq/butterfly_PNG1056.jpg,Butterfly,butterfly
data/thin/hq/butterfly_PNG1058.jpg,Butterfly,butterfly
data/thin/hq/butterfly_PNG1059.jpg,Butterfly,butterfly
data/thin/hq/butterfly_PNG1061.jpg,Butterfly,"Sorry, as a base VLM I am not trained to answer this question."
data/thin/hq/butterfly_PNG1062.jpg,Butterfly,butterfly
data/thin/hq/butterfly_PNG1064.jpg,Butterfly,"Sorry, as a base VLM I am not trained to answer this question."
data/thin/hq/butterfly_PNG1065.jpg,Butterfly,butterfly
data/thin/hq/cactus_PNG23614.jpg,Cactus,"Sorry, as a base VLM I am not trained to answer this question."
data/thin/hq/cactus_PNG23638.jpg,Cactus,"Sorry, as a base VLM I am not trained to answer this question."
data/thin/hq/cactus_PNG23643.jpg,Cactus,"Sorry, as a base VLM I am not trained to answer this question."
data/thin/hq/cage_PNG1.jpg,Cage,"Sorry, as a base VLM I am not trained to answer this question."
data/thin/hq/cage_PNG11.jpg,Cage,"Sorry, as a base VLM I am not trained to answer this question."
data/thin/hq/cage_PNG18.jpg,Cage,"Sorry, as a base VLM I am not trained to answer this question."
data/thin/hq/cage_PNG23a.jpg,Cage,bird
data/thin/hq/cage_PNG23b.jpg,Cage,"Sorry, as a base VLM I am not trained to answer this question."
data/thin/hq/cage_PNG23c.jpg,Cage,bird
data/thin/hq/cage_PNG30.jpg,Cage,bird
data/thin/hq/cage_PNG3a.jpg,Cage,bird
data/thin/hq/cage_PNG4.jpg,Cage,"Sorry, as a base VLM I am not trained to answer this question."
data/thin/hq/cage_PNG45.jpg,Cage,"Sorry, as a base VLM I am not trained to answer this question."
data/thin/hq/cage_PNG46.jpg,Cage,bird
data/thin/hq/cage_PNG48.jpg,Cage,"Sorry, as a base VLM I am not trained to answer this question."
data/thin/hq/cage_PNG49.jpg,Cage,"Sorry, as a base VLM I am not trained to answer this question."
data/thin/hq/cage_PNG50.jpg,Cage,"Sorry, as a base VLM I am not trained to answer this question."
data/thin/hq/cage_PNG51.jpg,Cage,"Sorry, as a base VLM I am not trained to answer this question."
data/thin/hq/cage_PNG53.jpg,Cage,bird
data/thin/hq/camel_PNG23426.jpg,Camel,camel
data/thin/hq/camel_PNG23435.jpg,Camel,"Sorry, as a base VLM I am not trained to answer this question."
data/thin/hq/camel_PNG23436.jpg,Camel,"Sorry, as a base VLM I am not trained to answer this question."
data/thin/hq/camel_PNG2920.jpg,Camel,"animal, camel, mammal"
data/thin/hq/camel_PNG2921.jpg,Camel,"Sorry, as a base VLM I am not trained to answer this question."
data/thin/hq/camel_PNG2923.jpg,Camel,"Sorry, as a base VLM I am not trained to answer this question."
data/thin/hq/cannon_PNG10.jpg,Cannon,"Sorry, as a base VLM I am not trained to answer this question."
data/thin/hq/cannon_PNG12.jpg,Cannon,"Sorry, as a base VLM I am not trained to answer this question."
data/thin/hq/cannon_PNG13.jpg,Cannon,"Sorry, as a base VLM I am not trained to answer this question."
data/thin/hq/cannon_PNG16.jpg,Cannon,"Sorry, as a base VLM I am not trained to answer this question."
data/thin/hq/cannon_PNG21.jpg,Cannon,"Sorry, as a base VLM I am not trained to answer this question."
data/thin/hq/cannon_PNG22.jpg,Cannon,"Sorry, as a base VLM I am not trained to answer this question."
data/thin/hq/cannon_PNG24.jpg,Cannon,"Sorry, as a base VLM I am not trained to answer this question."
data/thin/hq/cannon_PNG25.jpg,Cannon,"Sorry, as a base VLM I am not trained to answer this question."
data/thin/hq/cannon_PNG26.jpg,Cannon,"Sorry, as a base VLM I am not trained to answer this question."
data/thin/hq/cannon_PNG28.jpg,Cannon,"Sorry, as a base VLM I am not trained to answer this question."
data/thin/hq/cannon_PNG3.jpg,Cannon,"Sorry, as a base VLM I am not trained to answer this question."
data/thin/hq/cannon_PNG31.jpg,Cannon,"Sorry, as a base VLM I am not trained to answer this question."
data/thin/hq/cannon_PNG32.jpg,Cannon,"Sorry, as a base VLM I am not trained to answer this question."
data/thin/hq/cannon_PNG33.jpg,Cannon,"Sorry, as a base VLM I am not trained to answer this question."
data/thin/hq/cannon_PNG37.jpg,Cannon,"Sorry, as a base VLM I am not trained to answer this question."
data/thin/hq/cannon_PNG4.jpg,Cannon,"Sorry, as a base VLM I am not trained to answer this question."
data/thin/hq/cannon_PNG40.jpg,Cannon,"Sorry, as a base VLM I am not trained to answer this question."
data/thin/hq/cannon_PNG56.jpg,Cannon,"Sorry, as a base VLM I am not trained to answer this question."
data/thin/hq/cannon_PNG57.jpg,Cannon,"Sorry, as a base VLM I am not trained to answer this question."
data/thin/hq/cannon_PNG59.jpg,Cannon,"Sorry, as a base VLM I am not trained to answer this question."
data/thin/hq/cannon_PNG6.jpg,Cannon,"Sorry, as a base VLM I am not trained to answer this question."
data/thin/hq/cannon_PNG65.jpg,Cannon,"Sorry, as a base VLM I am not trained to answer this question."
data/thin/hq/cannon_PNG66.jpg,Cannon,"Sorry, as a base VLM I am not trained to answer this question."
data/thin/hq/cannon_PNG70.jpg,Cannon,"Sorry, as a base VLM I am not trained to answer this question."
data/thin/hq/cannon_PNG74.jpg,Cannon,"Sorry, as a base VLM I am not trained to answer this question."
data/thin/hq/cannon_PNG75.jpg,Cannon,"Sorry, as a base VLM I am not trained to answer this question."
data/thin/hq/cannon_PNG79.jpg,Cannon,"Sorry, as a base VLM I am not trained to answer this question."
data/thin/hq/cannon_PNG8.jpg,Cannon,"Sorry, as a base VLM I am not trained to answer this question."
data/thin/hq/cannon_PNG80.jpg,Cannon,"Sorry, as a base VLM I am not trained to answer this question."
data/thin/hq/cannon_PNG82.jpg,Cannon,"Sorry, as a base VLM I am not trained to answer this question."
data/thin/hq/cannon_PNG83.jpg,Cannon,"Sorry, as a base VLM I am not trained to answer this question."
data/thin/hq/cannon_PNG84.jpg,Cannon,"Sorry, as a base VLM I am not trained to answer this question."
data/thin/hq/cannon_PNG85.jpg,Cannon,"Sorry, as a base VLM I am not trained to answer this question."
data/thin/hq/cannon_PNG86.jpg,Cannon,"Sorry, as a base VLM I am not trained to answer this question."
data/thin/hq/cannon_PNG88.jpg,Cannon,"Sorry, as a base VLM I am not trained to answer this question."
data/thin/hq/cannon_PNG89.jpg,Cannon,"Sorry, as a base VLM I am not trained to answer this question."
data/thin/hq/cannon_PNG9.jpg,Cannon,"Sorry, as a base VLM I am not trained to answer this question."
data/thin/hq/cannon_PNG90.jpg,Cannon,"Sorry, as a base VLM I am not trained to answer this question."
data/thin/hq/cannon_PNG91.jpg,Cannon,"Sorry, as a base VLM I am not trained to answer this question."
data/thin/hq/cannon_PNG93.jpg,Cannon,"Sorry, as a base VLM I am not trained to answer this question."
data/thin/hq/cannon_PNG94.jpg,Cannon,"Sorry, as a base VLM I am not trained to answer this question."
data/thin/hq/canoe_PNG146.jpg,Canoe,"Sorry, as a base VLM I am not trained to answer this question."
data/thin/hq/canoe_PNG168.jpg,Canoe,"Sorry, as a base VLM I am not trained to answer this question."
data/thin/hq/canoe_PNG75.jpg,Canoe,"Sorry, as a base VLM I am not trained to answer this question."
data/thin/hq/canoe_PNG83.jpg,Canoe,"Sorry, as a base VLM I am not trained to answer this question."
data/thin/hq/canoe_PNG91.jpg,Canoe,"Sorry, as a base VLM I am not trained to answer this question."
data/thin/hq/canoe_PNG94.jpg,Canoe,"Sorry, as a base VLM I am not trained to answer this question."
data/thin/hq/carriage_PNG11.jpg,Carriage,"Sorry, as a base VLM I am not trained to answer this question."
data/thin/hq/carriage_PNG12.jpg,Carriage,"Sorry, as a base VLM I am not trained to answer this question."
data/thin/hq/carriage_PNG14.jpg,Carriage,bird
data/thin/hq/carriage_PNG22.jpg,Carriage,"Sorry, as a base VLM I am not trained to answer this question."
data/thin/hq/carriage_PNG26.jpg,Carriage,"Sorry, as a base VLM I am not trained to answer this question."
data/thin/hq/carriage_PNG27.jpg,Carriage,"Sorry, as a base VLM I am not trained to answer this question."
data/thin/hq/carriage_PNG28.jpg,Carriage,"Sorry, as a base VLM I am not trained to answer this question."
data/thin/hq/carriage_PNG31.jpg,Carriage,"Sorry, as a base VLM I am not trained to answer this question."
data/thin/hq/carriage_PNG32.jpg,Carriage,"Sorry, as a base VLM I am not trained to answer this question."
data/thin/hq/carriage_PNG43.jpg,Carriage,"Sorry, as a base VLM I am not trained to answer this question."
data/thin/hq/carriage_PNG44.jpg,Carriage,"Sorry, as a base VLM I am not trained to answer this question."
data/thin/hq/carriage_PNG46.jpg,Carriage,"Sorry, as a base VLM I am not trained to answer this question."
data/thin/hq/carriage_PNG47.jpg,Carriage,"Sorry, as a base VLM I am not trained to answer this question."
data/thin/hq/carriage_PNG48.jpg,Carriage,"Sorry, as a base VLM I am not trained to answer this question."
data/thin/hq/carriage_PNG50.jpg,Carriage,"Sorry, as a base VLM I am not trained to answer this question."
data/thin/hq/carriage_PNG63.jpg,Carriage,"Sorry, as a base VLM I am not trained to answer this question."
data/thin/hq/carriage_PNG70a.jpg,Carriage,"Sorry, as a base VLM I am not trained to answer this question."
data/thin/hq/carriage_PNG70b.jpg,Carriage,"Sorry, as a base VLM I am not trained to answer this question."
data/thin/hq/carriage_PNG73.jpg,Carriage,"Sorry, as a base VLM I am not trained to answer this question."
data/thin/hq/carriage_PNG74.jpg,Carriage,"Sorry, as a base VLM I am not trained to answer this question."
data/thin/hq/carriage_PNG76.jpg,Carriage,"Sorry, as a base VLM I am not trained to answer this question."
data/thin/hq/carriage_PNG78a.jpg,Carriage,"Sorry, as a base VLM I am not trained to answer this question."
data/thin/hq/carriage_PNG78b.jpg,Carriage,"Sorry, as a base VLM I am not trained to answer this question."
data/thin/hq/carriage_PNG78c.jpg,Carriage,"Sorry, as a base VLM I am not trained to answer this question."
data/thin/hq/carriage_PNG78d.jpg,Carriage,horse
data/thin/hq/carriage_PNG79.jpg,Carriage,horse
data/thin/hq/carriage_PNG81.jpg,Carriage,"Sorry, as a base VLM I am not trained to answer this question."
data/thin/hq/carriage_PNG85.jpg,Carriage,"Sorry, as a base VLM I am not trained to answer this question."
data/thin/hq/cat_PNG50479.jpg,Cat,cat
data/thin/hq/cat_PNG50507.jpg,Cat,cat
data/thin/hq/cat_PNG50540.jpg,Cat,"Sorry, as a base VLM I am not trained to answer this question."
data/thin/hq/cat_PNG50543.jpg,Cat,cat
data/thin/hq/cat_PNG50547.jpg,Cat,cat
data/thin/hq/chain_saw_PNG18499.jpg,Chain Saw,bird
data/thin/hq/chain_saw_PNG18500.jpg,Chain Saw,bird
data/thin/hq/chain_saw_PNG18501.jpg,Chain Saw,"Sorry, as a base VLM I am not trained to answer this question."
data/thin/hq/chain_saw_PNG18502.jpg,Chain Saw,"Sorry, as a base VLM I am not trained to answer this question."
data/thin/hq/chain_saw_PNG18504.jpg,Chain Saw,"Sorry, as a base VLM I am not trained to answer this question."
data/thin/hq/chain_saw_PNG18506.jpg,Chain Saw,"Sorry, as a base VLM I am not trained to answer this question."
data/thin/hq/chain_saw_PNG18510.jpg,Chain Saw,"Sorry, as a base VLM I am not trained to answer this question."
data/thin/hq/chain_saw_PNG18512.jpg,Chain Saw,"Sorry, as a base VLM I am not trained to answer this question."
data/thin/hq/chain_saw_PNG18514.jpg,Chain Saw,"Sorry, as a base VLM I am not trained to answer this question."
data/thin/hq/chain_saw_PNG18515.jpg,Chain Saw,"Sorry, as a base VLM I am not trained to answer this question."
data/thin/hq/chain_saw_PNG18517.jpg,Chain Saw,"Sorry, as a base VLM I am not trained to answer this question."
data/thin/hq/chain_saw_PNG18527.jpg,Chain Saw,bird
data/thin/hq/chain_saw_PNG18531.jpg,Chain Saw,bird
data/thin/hq/chain_saw_PNG18533.jpg,Chain Saw,"Sorry, as a base VLM I am not trained to answer this question."
data/thin/hq/chain_saw_PNG18536.jpg,Chain Saw,"Sorry, as a base VLM I am not trained to answer this question."
data/thin/hq/chair_PNG6843.jpg,Chair,"Sorry, as a base VLM I am not trained to answer this question."
data/thin/hq/chair_PNG6844.jpg,Chair,"Sorry, as a base VLM I am not trained to answer this question."
data/thin/hq/chair_PNG6845.jpg,Chair,bird
data/thin/hq/chair_PNG6846.jpg,Chair,"Sorry, as a base VLM I am not trained to answer this question."
data/thin/hq/chair_PNG6847.jpg,Chair,"Sorry, as a base VLM I am not trained to answer this question."
data/thin/hq/chair_PNG6848.jpg,Chair,"Sorry, as a base VLM I am not trained to answer this question."
data/thin/hq/chair_PNG6849.jpg,Chair,"Sorry, as a base VLM I am not trained to answer this question."
data/thin/hq/chair_PNG6851.jpg,Chair,"Sorry, as a base VLM I am not trained to answer this question."
data/thin/hq/chair_PNG6852.jpg,Chair,bird
data/thin/hq/chair_PNG6853.jpg,Chair,"Sorry, as a base VLM I am not trained to answer this question."
data/thin/hq/chair_PNG6855.jpg,Chair,"Sorry, as a base VLM I am not trained to answer this question."
data/thin/hq/chair_PNG6856.jpg,Chair,"Sorry, as a base VLM I am not trained to answer this question."
data/thin/hq/chair_PNG6857.jpg,Chair,"Sorry, as a base VLM I am not trained to answer this question."
data/thin/hq/chair_PNG6859.jpg,Chair,chair
data/thin/hq/chair_PNG6860.jpg,Chair,"Sorry, as a base VLM I am not trained to answer this question."
data/thin/hq/chair_PNG6861.jpg,Chair,"Sorry, as a base VLM I am not trained to answer this question."
data/thin/hq/chair_PNG6862.jpg,Chair,"Sorry, as a base VLM I am not trained to answer this question."
data/thin/hq/chair_PNG6865a.jpg,Chair,bird
data/thin/hq/chair_PNG6865b.jpg,Chair,"Sorry, as a base VLM I am not trained to answer this question."
data/thin/hq/chair_PNG6866a.jpg,Chair,"Sorry, as a base VLM I am not trained to answer this question."
data/thin/hq/chair_PNG6866c.jpg,Chair,"Sorry, as a base VLM I am not trained to answer this question."
data/thin/hq/chair_PNG6866d.jpg,Chair,bird
data/thin/hq/chair_PNG6866e.jpg,Chair,"Sorry, as a base VLM I am not trained to answer this question."
data/thin/hq/chair_PNG6866f.jpg,Chair,bird
data/thin/hq/chair_PNG6866g.jpg,Chair,"Sorry, as a base VLM I am not trained to answer this question."
data/thin/hq/chair_PNG6866h.jpg,Chair,"animal, bird, cat, chair, tiger"
data/thin/hq/chair_PNG6867a.jpg,Chair,"Sorry, as a base VLM I am not trained to answer this question."
data/thin/hq/chair_PNG6867b.jpg,Chair,"Sorry, as a base VLM I am not trained to answer this question."
data/thin/hq/chair_PNG6867d.jpg,Chair,"Sorry, as a base VLM I am not trained to answer this question."
data/thin/hq/chair_PNG6867f.jpg,Chair,cat
data/thin/hq/chair_PNG6867h.jpg,Chair,"Sorry, as a base VLM I am not trained to answer this question."
data/thin/hq/chair_PNG6869.jpg,Chair,"Sorry, as a base VLM I am not trained to answer this question."
data/thin/hq/chair_PNG6872.jpg,Chair,"Sorry, as a base VLM I am not trained to answer this question."
data/thin/hq/chair_PNG6873.jpg,Chair,"Sorry, as a base VLM I am not trained to answer this question."
data/thin/hq/chair_PNG6874a.jpg,Chair,"Sorry, as a base VLM I am not trained to answer this question."
data/thin/hq/chair_PNG6874b.jpg,Chair,bird
data/thin/hq/chair_PNG6874d.jpg,Chair,"Sorry, as a base VLM I am not trained to answer this question."
data/thin/hq/chair_PNG6874e.jpg,Chair,"Sorry, as a base VLM I am not trained to answer this question."
data/thin/hq/chair_PNG6874f.jpg,Chair,chair
data/thin/hq/chair_PNG6874h.jpg,Chair,"Sorry, as a base VLM I am not trained to answer this question."
data/thin/hq/chair_PNG6877.jpg,Chair,"Sorry, as a base VLM I am not trained to answer this question."
data/thin/hq/chair_PNG6878a.jpg,Chair,"Sorry, as a base VLM I am not trained to answer this question."
data/thin/hq/chair_PNG6878b.jpg,Chair,"animal, bird, fish"
data/thin/hq/chair_PNG6878c.jpg,Chair,"animal, bird, fish"
data/thin/hq/chair_PNG6878d.jpg,Chair,"Sorry, as a base VLM I am not trained to answer this question."
data/thin/hq/chair_PNG6878e.jpg,Chair,anaconda
data/thin/hq/chair_PNG6878f.jpg,Chair,"Sorry, as a base VLM I am not trained to answer this question."
data/thin/hq/chair_PNG6878g.jpg,Chair,bird
data/thin/hq/chair_PNG6878h.jpg,Chair,"Sorry, as a base VLM I am not trained to answer this question."
data/thin/hq/chair_PNG6880.jpg,Chair,"Sorry, as a base VLM I am not trained to answer this question."
data/thin/hq/chair_PNG6881.jpg,Chair,"Sorry, as a base VLM I am not trained to answer this question."
data/thin/hq/chair_PNG6882a.jpg,Chair,"Sorry, as a base VLM I am not trained to answer this question."
data/thin/hq/chair_PNG6882b.jpg,Chair,"Sorry, as a base VLM I am not trained to answer this question."
data/thin/hq/chair_PNG6883.jpg,Chair,"Sorry, as a base VLM I am not trained to answer this question."
data/thin/hq/chair_PNG6887.jpg,Chair,"Sorry, as a base VLM I am not trained to answer this question."
data/thin/hq/chair_PNG6892.jpg,Chair,"Sorry, as a base VLM I am not trained to answer this question."
data/thin/hq/chair_PNG6897.jpg,Chair,"Sorry, as a base VLM I am not trained to answer this question."
data/thin/hq/chair_PNG6898.jpg,Chair,bird
data/thin/hq/chair_PNG6899.jpg,Chair,"Sorry, as a base VLM I am not trained to answer this question."
data/thin/hq/chair_PNG6901.jpg,Chair,"Sorry, as a base VLM I am not trained to answer this question."
data/thin/hq/chair_PNG6902.jpg,Chair,"Sorry, as a base VLM I am not trained to answer this question."
data/thin/hq/chair_PNG6905.jpg,Chair,"Sorry, as a base VLM I am not trained to answer this question."
data/thin/hq/chair_PNG6906.jpg,Chair,"Sorry, as a base VLM I am not trained to answer this question."
data/thin/hq/chair_PNG6907.jpg,Chair,"Sorry, as a base VLM I am not trained to answer this question."
data/thin/hq/chair_PNG6908.jpg,Chair,bird
data/thin/hq/chair_PNG6909.jpg,Chair,"Sorry, as a base VLM I am not trained to answer this question."
data/thin/hq/chicken_PNG2145.jpg,Chicken,bird
data/thin/hq/chicken_PNG2147.jpg,Chicken,bird
data/thin/hq/chicken_PNG2150.jpg,Chicken,"Sorry, as a base VLM I am not trained to answer this question."
data/thin/hq/chicken_PNG2151.jpg,Chicken,bird
data/thin/hq/chicken_PNG2154.jpg,Chicken,"Sorry, as a base VLM I am not trained to answer this question."
data/thin/hq/chicken_PNG2164.jpg,Chicken,"Sorry, as a base VLM I am not trained to answer this question."
data/thin/hq/chicken_PNG2165.jpg,Chicken,"Sorry, as a base VLM I am not trained to answer this question."
data/thin/hq/chicken_PNG2167.jpg,Chicken,"Sorry, as a base VLM I am not trained to answer this question."
data/thin/hq/chicken_PNG2171.jpg,Chicken,bird
data/thin/hq/chicken_PNG2172.jpg,Chicken,bird
data/thin/hq/chicken_PNG2173.jpg,Chicken,"Sorry, as a base VLM I am not trained to answer this question."
data/thin/hq/cobra_PNG12.jpg,Cobra,"Sorry, as a base VLM I am not trained to answer this question."
data/thin/hq/cobra_PNG41.jpg,Cobra,"Sorry, as a base VLM I am not trained to answer this question."
data/thin/hq/cobra_PNG47.jpg,Cobra,"Sorry, as a base VLM I am not trained to answer this question."
data/thin/hq/cobra_PNG55.jpg,Cobra,"Sorry, as a base VLM I am not trained to answer this question."
data/thin/hq/cock_PNG19926.jpg,Cock,"Sorry, as a base VLM I am not trained to answer this question."
data/thin/hq/cock_PNG19930.jpg,Cock,"Sorry, as a base VLM I am not trained to answer this question."
data/thin/hq/cock_PNG20.jpg,Cock,rooster
data/thin/hq/cock_PNG27.jpg,Cock,"Sorry, as a base VLM I am not trained to answer this question."
data/thin/hq/cock_PNG29.jpg,Cock,"Sorry, as a base VLM I am not trained to answer this question."
data/thin/hq/cock_PNG3.jpg,Cock,"Sorry, as a base VLM I am not trained to answer this question."
data/thin/hq/cock_PNG4.jpg,Cock,"Sorry, as a base VLM I am not trained to answer this question."
data/thin/hq/cock_PNG5.jpg,Cock,bird
data/thin/hq/cock_PNG6.jpg,Cock,bird
data/thin/hq/cock_PNG8.jpg,Cock,"Sorry, as a base VLM I am not trained to answer this question."
data/thin/hq/cock_PNG9.jpg,Cock,"Sorry, as a base VLM I am not trained to answer this question."
data/thin/hq/comb_PNG1.jpg,Comb,"Sorry, as a base VLM I am not trained to answer this question."
data/thin/hq/comb_PNG10.jpg,Comb,bird
data/thin/hq/comb_PNG106.jpg,Comb,bird
data/thin/hq/comb_PNG11.jpg,Comb,bird
data/thin/hq/comb_PNG112.jpg,Comb,bird
data/thin/hq/comb_PNG113.jpg,Comb,"Sorry, as a base VLM I am not trained to answer this question."
data/thin/hq/comb_PNG114.jpg,Comb,bird
data/thin/hq/comb_PNG118.jpg,Comb,"Sorry, as a base VLM I am not trained to answer this question."
data/thin/hq/comb_PNG120.jpg,Comb,"Sorry, as a base VLM I am not trained to answer this question."
data/thin/hq/comb_PNG121.jpg,Comb,"Sorry, as a base VLM I am not trained to answer this question."
data/thin/hq/comb_PNG124.jpg,Comb,bird
data/thin/hq/comb_PNG125a.jpg,Comb,"Sorry, as a base VLM I am not trained to answer this question."
data/thin/hq/comb_PNG125b.jpg,Comb,"Sorry, as a base VLM I am not trained to answer this question."
data/thin/hq/comb_PNG136a.jpg,Comb,"Sorry, as a base VLM I am not trained to answer this question."
data/thin/hq/comb_PNG136b.jpg,Comb,bird
data/thin/hq/comb_PNG137.jpg,Comb,"Sorry, as a base VLM I am not trained to answer this question."
data/thin/hq/comb_PNG14.jpg,Comb,"Sorry, as a base VLM I am not trained to answer this question."
data/thin/hq/comb_PNG140a.jpg,Comb,bird
data/thin/hq/comb_PNG141.jpg,Comb,bird
data/thin/hq/comb_PNG142.jpg,Comb,"Sorry, as a base VLM I am not trained to answer this question."
data/thin/hq/comb_PNG144.jpg,Comb,"Sorry, as a base VLM I am not trained to answer this question."
data/thin/hq/comb_PNG146.jpg,Comb,bird
data/thin/hq/comb_PNG154a.jpg,Comb,bird
data/thin/hq/comb_PNG154b.jpg,Comb,bird
data/thin/hq/comb_PNG154d.jpg,Comb,"Sorry, as a base VLM I am not trained to answer this question."
data/thin/hq/comb_PNG155a.jpg,Comb,"Sorry, as a base VLM I am not trained to answer this question."
data/thin/hq/comb_PNG155b.jpg,Comb,"Sorry, as a base VLM I am not trained to answer this question."
data/thin/hq/comb_PNG156.jpg,Comb,"Sorry, as a base VLM I am not trained to answer this question."
data/thin/hq/comb_PNG158.jpg,Comb,"Sorry, as a base VLM I am not trained to answer this question."
data/thin/hq/comb_PNG159.jpg,Comb,bird
data/thin/hq/comb_PNG16.jpg,Comb,"Sorry, as a base VLM I am not trained to answer this question."
data/thin/hq/comb_PNG17.jpg,Comb,"Sorry, as a base VLM I am not trained to answer this question."
data/thin/hq/comb_PNG18.jpg,Comb,bird
data/thin/hq/comb_PNG23.jpg,Comb,bird
data/thin/hq/comb_PNG28.jpg,Comb,"Sorry, as a base VLM I am not trained to answer this question."
data/thin/hq/comb_PNG29.jpg,Comb,"Sorry, as a base VLM I am not trained to answer this question."
data/thin/hq/comb_PNG37.jpg,Comb,bird
data/thin/hq/comb_PNG40.jpg,Comb,"Sorry, as a base VLM I am not trained to answer this question."
data/thin/hq/comb_PNG43.jpg,Comb,"Sorry, as a base VLM I am not trained to answer this question."
data/thin/hq/comb_PNG45.jpg,Comb,"Sorry, as a base VLM I am not trained to answer this question."
data/thin/hq/comb_PNG47.jpg,Comb,"Sorry, as a base VLM I am not trained to answer this question."
data/thin/hq/comb_PNG48.jpg,Comb,"Sorry, as a base VLM I am not trained to answer this question."
data/thin/hq/comb_PNG49.jpg,Comb,"Sorry, as a base VLM I am not trained to answer this question."
data/thin/hq/comb_PNG5.jpg,Comb,"Sorry, as a base VLM I am not trained to answer this question."
data/thin/hq/comb_PNG50.jpg,Comb,bird
data/thin/hq/comb_PNG66.jpg,Comb,bird
data/thin/hq/comb_PNG68.jpg,Comb,"Sorry, as a base VLM I am not trained to answer this question."
data/thin/hq/comb_PNG7.jpg,Comb,"Sorry, as a base VLM I am not trained to answer this question."
data/thin/hq/comb_PNG71a.jpg,Comb,bird
data/thin/hq/comb_PNG71b.jpg,Comb,"Sorry, as a base VLM I am not trained to answer this question."
data/thin/hq/comb_PNG81.jpg,Comb,"Sorry, as a base VLM I am not trained to answer this question."
data/thin/hq/comb_PNG82.jpg,Comb,bird
data/thin/hq/comb_PNG83.jpg,Comb,"Sorry, as a base VLM I am not trained to answer this question."
data/thin/hq/comb_PNG84.jpg,Comb,"Sorry, as a base VLM I am not trained to answer this question."
data/thin/hq/comb_PNG87.jpg,Comb,bird
data/thin/hq/cooking_pan_PNG8363.jpg,Cooking Pan,"Sorry, as a base VLM I am not trained to answer this question."
data/thin/hq/cooking_pan_PNG8364.jpg,Cooking Pan,"Sorry, as a base VLM I am not trained to answer this question."
data/thin/hq/cooking_pan_PNG8365.jpg,Cooking Pan,bird
data/thin/hq/cooking_pan_PNG8366.jpg,Cooking Pan,"Sorry, as a base VLM I am not trained to answer this question."
data/thin/hq/cooking_pan_PNG8367a.jpg,Cooking Pan,"Sorry, as a base VLM I am not trained to answer this question."
data/thin/hq/cooking_pan_PNG8367b.jpg,Cooking Pan,"Sorry, as a base VLM I am not trained to answer this question."
data/thin/hq/cooking_pan_PNG8367c.jpg,Cooking Pan,"Sorry, as a base VLM I am not trained to answer this question."
data/thin/hq/cooking_pan_PNG8367d.jpg,Cooking Pan,"Sorry, as a base VLM I am not trained to answer this question."
data/thin/hq/cooking_pan_PNG8369.jpg,Cooking Pan,"Sorry, as a base VLM I am not trained to answer this question."
data/thin/hq/cooking_pan_PNG8370.jpg,Cooking Pan,"Sorry, as a base VLM I am not trained to answer this question."
data/thin/hq/cooking_pan_PNG8387.jpg,Cooking Pan,"Sorry, as a base VLM I am not trained to answer this question."
data/thin/hq/cooking_pan_PNG8398.jpg,Cooking Pan,"Sorry, as a base VLM I am not trained to answer this question."
data/thin/hq/cooking_pan_PNG8399.jpg,Cooking Pan,"Sorry, as a base VLM I am not trained to answer this question."
data/thin/hq/corkscrew_PNG1.jpg,Corkscrew,"Sorry, as a base VLM I am not trained to answer this question."
data/thin/hq/corkscrew_PNG15.jpg,Corkscrew,"Sorry, as a base VLM I am not trained to answer this question."
data/thin/hq/corkscrew_PNG18.jpg,Corkscrew,bird
data/thin/hq/corkscrew_PNG2.jpg,Corkscrew,"Sorry, as a base VLM I am not trained to answer this question."
data/thin/hq/corkscrew_PNG33.jpg,Corkscrew,"Sorry, as a base VLM I am not trained to answer this question."
data/thin/hq/corkscrew_PNG35.jpg,Corkscrew,"Sorry, as a base VLM I am not trained to answer this question."
data/thin/hq/corkscrew_PNG36.jpg,Corkscrew,"Sorry, as a base VLM I am not trained to answer this question."
data/thin/hq/corkscrew_PNG37.jpg,Corkscrew,"Sorry, as a base VLM I am not trained to answer this question."
data/thin/hq/corkscrew_PNG38.jpg,Corkscrew,"Sorry, as a base VLM I am not trained to answer this question."
data/thin/hq/corkscrew_PNG39.jpg,Corkscrew,bird
data/thin/hq/corkscrew_PNG4.jpg,Corkscrew,"Sorry, as a base VLM I am not trained to answer this question."
data/thin/hq/corkscrew_PNG40.jpg,Corkscrew,"Sorry, as a base VLM I am not trained to answer this question."
data/thin/hq/corkscrew_PNG41.jpg,Corkscrew,"Sorry, as a base VLM I am not trained to answer this question."
data/thin/hq/corkscrew_PNG42.jpg,Corkscrew,bird
data/thin/hq/corkscrew_PNG43.jpg,Corkscrew,"Sorry, as a base VLM I am not trained to answer this question."
data/thin/hq/corkscrew_PNG44.jpg,Corkscrew,"Sorry, as a base VLM I am not trained to answer this question."
data/thin/hq/corkscrew_PNG49.jpg,Corkscrew,"Sorry, as a base VLM I am not trained to answer this question."
data/thin/hq/corkscrew_PNG5.jpg,Corkscrew,"Sorry, as a base VLM I am not trained to answer this question."
data/thin/hq/corkscrew_PNG50.jpg,Corkscrew,"Sorry, as a base VLM I am not trained to answer this question."
data/thin/hq/corkscrew_PNG52.jpg,Corkscrew,"Sorry, as a base VLM I am not trained to answer this question."
data/thin/hq/corkscrew_PNG7.jpg,Corkscrew,bird
data/thin/hq/corkscrew_PNG8.jpg,Corkscrew,"Sorry, as a base VLM I am not trained to answer this question."
data/thin/hq/corkscrew_PNG9.jpg,Corkscrew,bird
data/thin/hq/cow_PNG50577.jpg,Cow,"Sorry, as a base VLM I am not trained to answer this question."
data/thin/hq/cow_PNG50601.jpg,Cow,"Sorry, as a base VLM I am not trained to answer this question."
data/thin/hq/cow_PNG50606.jpg,Cow,"Sorry, as a base VLM I am not trained to answer this question."
data/thin/hq/crab_PNG1.jpg,Crab,"Sorry, as a base VLM I am not trained to answer this question."
data/thin/hq/crab_PNG11.jpg,Crab,crab
data/thin/hq/crab_PNG12.jpg,Crab,crab
data/thin/hq/crab_PNG13.jpg,Crab,"Sorry, as a base VLM I am not trained to answer this question."
data/thin/hq/crab_PNG16.jpg,Crab,crab
data/thin/hq/crab_PNG18.jpg,Crab,"animal, bird, crab, zebra"
data/thin/hq/crab_PNG19.jpg,Crab,crab
data/thin/hq/crab_PNG2.jpg,Crab,"Sorry, as a base VLM I am not trained to answer this question."
data/thin/hq/crab_PNG20.jpg,Crab,crab
data/thin/hq/crab_PNG23.jpg,Crab,crab
data/thin/hq/crab_PNG24.jpg,Crab,crab
data/thin/hq/crab_PNG28.jpg,Crab,crab
data/thin/hq/crab_PNG3.jpg,Crab,crab
data/thin/hq/crab_PNG30.jpg,Crab,crab
data/thin/hq/crab_PNG34.jpg,Crab,crab
data/thin/hq/crab_PNG38.jpg,Crab,crab
data/thin/hq/crab_PNG4.jpg,Crab,"Sorry, as a base VLM I am not trained to answer this question."
data/thin/hq/crab_PNG42.jpg,Crab,crab
data/thin/hq/crab_PNG46.jpg,Crab,crab
data/thin/hq/crab_PNG7.jpg,Crab,crab
data/thin/hq/crab_PNG8.jpg,Crab,crab
data/thin/hq/crab_PNG9.jpg,Crab,crab
data/thin/hq/crane_PNG1.jpg,Crane,"Sorry, as a base VLM I am not trained to answer this question."
data/thin/hq/crane_PNG18.jpg,Crane,"Sorry, as a base VLM I am not trained to answer this question."
data/thin/hq/crane_PNG2.jpg,Crane,bird
data/thin/hq/crane_PNG21.jpg,Crane,"Sorry, as a base VLM I am not trained to answer this question."
data/thin/hq/crane_PNG24.jpg,Crane,"Sorry, as a base VLM I am not trained to answer this question."
data/thin/hq/crocodile_PNG13162.jpg,Crocodile,"alligator, amphibian, alligator, animal, animalia, aquatic, aquatic animal, alligator, animal, amphibian, amphibian, animal, animal, animal, animal, animal, animal, animal, animal, animal, animal, animal, animal, animal, animal, animal, animal, animal, animal, animal, animal, animal, animal, animal, animal, animal, animal, animal, animal, animal, animal, animal, animal, animal, animal, animal, animal,"
data/thin/hq/crocodile_PNG13163.jpg,Crocodile,"Sorry, as a base VLM I am not trained to answer this question."
data/thin/hq/crocodile_PNG13178.jpg,Crocodile,"Sorry, as a base VLM I am not trained to answer this question."
data/thin/hq/crow_PNG3095.jpg,Crow,bird
data/thin/hq/crow_PNG3097.jpg,Crow,bird
data/thin/hq/crow_PNG3099.jpg,Crow,"Sorry, as a base VLM I am not trained to answer this question."
data/thin/hq/crow_PNG3101.jpg,Crow,bird
data/thin/hq/crow_PNG3103.jpg,Crow,bird
data/thin/hq/crow_PNG3104.jpg,Crow,bird
data/thin/hq/crow_PNG3105.jpg,Crow,"Sorry, as a base VLM I am not trained to answer this question."
data/thin/hq/crow_PNG3106.jpg,Crow,"Sorry, as a base VLM I am not trained to answer this question."
data/thin/hq/crow_PNG3107.jpg,Crow,bird
data/thin/hq/crow_PNG3110.jpg,Crow,bird
data/thin/hq/crow_PNG3111.jpg,Crow,bird
data/thin/hq/crow_PNG3113.jpg,Crow,bird
data/thin/hq/crow_PNG3115.jpg,Crow,"Sorry, as a base VLM I am not trained to answer this question."
data/thin/hq/crown_PNG21.jpg,Crown,"Sorry, as a base VLM I am not trained to answer this question."
data/thin/hq/crown_PNG23852.jpg,Crown,"Sorry, as a base VLM I am not trained to answer this question."
data/thin/hq/crown_PNG23854.jpg,Crown,"Sorry, as a base VLM I am not trained to answer this question."
data/thin/hq/crutch_PNG1.jpg,Crutch,bird
data/thin/hq/crutch_PNG14.jpg,Crutch,"Sorry, as a base VLM I am not trained to answer this question."
data/thin/hq/crutch_PNG15.jpg,Crutch,"Sorry, as a base VLM I am not trained to answer this question."
data/thin/hq/crutch_PNG17a.jpg,Crutch,"Sorry, as a base VLM I am not trained to answer this question."
data/thin/hq/crutch_PNG17b.jpg,Crutch,"Sorry, as a base VLM I am not trained to answer this question."
data/thin/hq/crutch_PNG2.jpg,Crutch,"Sorry, as a base VLM I am not trained to answer this question."
data/thin/hq/crutch_PNG31.jpg,Crutch,"Sorry, as a base VLM I am not trained to answer this question."
data/thin/hq/crutch_PNG32.jpg,Crutch,"Sorry, as a base VLM I am not trained to answer this question."
data/thin/hq/crutch_PNG34a.jpg,Crutch,"Sorry, as a base VLM I am not trained to answer this question."
data/thin/hq/crutch_PNG34b.jpg,Crutch,"Sorry, as a base VLM I am not trained to answer this question."
data/thin/hq/crutch_PNG35.jpg,Crutch,"Sorry, as a base VLM I am not trained to answer this question."
data/thin/hq/crutch_PNG36.jpg,Crutch,"Sorry, as a base VLM I am not trained to answer this question."
data/thin/hq/crutch_PNG38b.jpg,Crutch,bird
data/thin/hq/crutch_PNG9.jpg,Crutch,"Sorry, as a base VLM I am not trained to answer this question."
data/thin/hq/darts_PNG10.jpg,Darts,"Sorry, as a base VLM I am not trained to answer this question."
data/thin/hq/darts_PNG11.jpg,Darts,"Sorry, as a base VLM I am not trained to answer this question."
data/thin/hq/darts_PNG12.jpg,Darts,"Sorry, as a base VLM I am not trained to answer this question."
data/thin/hq/darts_PNG13.jpg,Darts,"Sorry, as a base VLM I am not trained to answer this question."
data/thin/hq/darts_PNG14.jpg,Darts,"Sorry, as a base VLM I am not trained to answer this question."
data/thin/hq/darts_PNG16.jpg,Darts,bird
data/thin/hq/darts_PNG17.jpg,Darts,"Sorry, as a base VLM I am not trained to answer this question."
data/thin/hq/darts_PNG21.jpg,Darts,bird
data/thin/hq/darts_PNG22.jpg,Darts,"Sorry, as a base VLM I am not trained to answer this question."
data/thin/hq/darts_PNG25.jpg,Darts,"Sorry, as a base VLM I am not trained to answer this question."
data/thin/hq/darts_PNG28.jpg,Darts,bird
data/thin/hq/darts_PNG30.jpg,Darts,"Sorry, as a base VLM I am not trained to answer this question."
data/thin/hq/darts_PNG41.jpg,Darts,"Sorry, as a base VLM I am not trained to answer this question."
data/thin/hq/darts_PNG44.jpg,Darts,"Sorry, as a base VLM I am not trained to answer this question."
data/thin/hq/darts_PNG45.jpg,Darts,"Sorry, as a base VLM I am not trained to answer this question."
data/thin/hq/darts_PNG46.jpg,Darts,"Sorry, as a base VLM I am not trained to answer this question."
data/thin/hq/darts_PNG47.jpg,Darts,"Sorry, as a base VLM I am not trained to answer this question."
data/thin/hq/darts_PNG49.jpg,Darts,"Sorry, as a base VLM I am not trained to answer this question."
data/thin/hq/darts_PNG50.jpg,Darts,"Sorry, as a base VLM I am not trained to answer this question."
data/thin/hq/darts_PNG53.jpg,Darts,"Sorry, as a base VLM I am not trained to answer this question."
data/thin/hq/darts_PNG58.jpg,Darts,"Sorry, as a base VLM I am not trained to answer this question."
data/thin/hq/darts_PNG6.jpg,Darts,bird
data/thin/hq/darts_PNG8.jpg,Darts,"Sorry, as a base VLM I am not trained to answer this question."
data/thin/hq/darts_PNG9.jpg,Darts,"Sorry, as a base VLM I am not trained to answer this question."
data/thin/hq/deer_PNG10170.jpg,Deer,"Sorry, as a base VLM I am not trained to answer this question."
data/thin/hq/deer_PNG10171.jpg,Deer,"Sorry, as a base VLM I am not trained to answer this question."
data/thin/hq/deer_PNG10172.jpg,Deer,bird
data/thin/hq/deer_PNG10175.jpg,Deer,"Sorry, as a base VLM I am not trained to answer this question."
data/thin/hq/deer_PNG10177.jpg,Deer,"Sorry, as a base VLM I am not trained to answer this question."
data/thin/hq/deer_PNG10178.jpg,Deer,"Sorry, as a base VLM I am not trained to answer this question."
data/thin/hq/deer_PNG10182.jpg,Deer,bird
data/thin/hq/deer_PNG10185.jpg,Deer,bird
data/thin/hq/dog_PNG50373.jpg,Dog,dog
data/thin/hq/dog_PNG50383.jpg,Dog,dog
data/thin/hq/donkey_PNG24.jpg,Donkey,"Sorry, as a base VLM I am not trained to answer this question."
data/thin/hq/dragonfly_PNG11.jpg,Dragonfly,"ant, bee, dragonfly"
data/thin/hq/dragonfly_PNG20.jpg,Dragonfly,dragonfly
data/thin/hq/dragonfly_PNG4.jpg,Dragonfly,dragonfly
data/thin/hq/dragonfly_PNG5.jpg,Dragonfly,"ant, beetle, dragonfly, fly, insect, invertebrate"
data/thin/hq/dragonfly_PNG9.jpg,Dragonfly,dragonfly
data/thin/hq/dresser_PNG126.jpg,Dresser,"Sorry, as a base VLM I am not trained to answer this question."
data/thin/hq/drone_PNG103.jpg,Drone,"Sorry, as a base VLM I am not trained to answer this question."
data/thin/hq/drone_PNG107.jpg,Drone,"Sorry, as a base VLM I am not trained to answer this question."
data/thin/hq/drone_PNG110.jpg,Drone,"Sorry, as a base VLM I am not trained to answer this question."
data/thin/hq/drone_PNG112.jpg,Drone,"Sorry, as a base VLM I am not trained to answer this question."
data/thin/hq/drone_PNG114.jpg,Drone,"Sorry, as a base VLM I am not trained to answer this question."
data/thin/hq/drone_PNG117.jpg,Drone,"Sorry, as a base VLM I am not trained to answer this question."
data/thin/hq/drone_PNG12.jpg,Drone,bird
data/thin/hq/drone_PNG123.jpg,Drone,"Sorry, as a base VLM I am not trained to answer this question."
data/thin/hq/drone_PNG125.jpg,Drone,"Sorry, as a base VLM I am not trained to answer this question."
data/thin/hq/drone_PNG128.jpg,Drone,bird
data/thin/hq/drone_PNG129.jpg,Drone,"Sorry, as a base VLM I am not trained to answer this question."
data/thin/hq/drone_PNG137.jpg,Drone,"Sorry, as a base VLM I am not trained to answer this question."
data/thin/hq/drone_PNG140.jpg,Drone,bird
data/thin/hq/drone_PNG150.jpg,Drone,"Sorry, as a base VLM I am not trained to answer this question."
data/thin/hq/drone_PNG161.jpg,Drone,bird
data/thin/hq/drone_PNG169.jpg,Drone,"Sorry, as a base VLM I am not trained to answer this question."
data/thin/hq/drone_PNG181.jpg,Drone,"Sorry, as a base VLM I am not trained to answer this question."
data/thin/hq/drone_PNG190.jpg,Drone,"Sorry, as a base VLM I am not trained to answer this question."
data/thin/hq/drone_PNG191.jpg,Drone,"Sorry, as a base VLM I am not trained to answer this question."
data/thin/hq/drone_PNG194.jpg,Drone,"Sorry, as a base VLM I am not trained to answer this question."
data/thin/hq/drone_PNG204.jpg,Drone,"Sorry, as a base VLM I am not trained to answer this question."
data/thin/hq/drone_PNG207.jpg,Drone,"Sorry, as a base VLM I am not trained to answer this question."
data/thin/hq/drone_PNG208.jpg,Drone,bird
data/thin/hq/drone_PNG26.jpg,Drone,"Sorry, as a base VLM I am not trained to answer this question."
data/thin/hq/drone_PNG36.jpg,Drone,"Sorry, as a base VLM I am not trained to answer this question."
data/thin/hq/drone_PNG38.jpg,Drone,"Sorry, as a base VLM I am not trained to answer this question."
data/thin/hq/drone_PNG39.jpg,Drone,"Sorry, as a base VLM I am not trained to answer this question."
data/thin/hq/drone_PNG40.jpg,Drone,"Sorry, as a base VLM I am not trained to answer this question."
data/thin/hq/drone_PNG41.jpg,Drone,"Sorry, as a base VLM I am not trained to answer this question."
data/thin/hq/drone_PNG46.jpg,Drone,"Sorry, as a base VLM I am not trained to answer this question."
data/thin/hq/drone_PNG5.jpg,Drone,"Sorry, as a base VLM I am not trained to answer this question."
data/thin/hq/drone_PNG65.jpg,Drone,"Sorry, as a base VLM I am not trained to answer this question."
data/thin/hq/drone_PNG85.jpg,Drone,"Sorry, as a base VLM I am not trained to answer this question."
data/thin/hq/drone_PNG88.jpg,Drone,"Sorry, as a base VLM I am not trained to answer this question."
data/thin/hq/drone_PNG89.jpg,Drone,"Sorry, as a base VLM I am not trained to answer this question."
data/thin/hq/drone_PNG9.jpg,Drone,"Sorry, as a base VLM I am not trained to answer this question."
data/thin/hq/drone_PNG91.jpg,Drone,"Sorry, as a base VLM I am not trained to answer this question."
data/thin/hq/drum_PNG14337.jpg,Drum,"Sorry, as a base VLM I am not trained to answer this question."
data/thin/hq/drum_PNG14342.jpg,Drum,"Sorry, as a base VLM I am not trained to answer this question."
data/thin/hq/drum_PNG14343.jpg,Drum,"Sorry, as a base VLM I am not trained to answer this question."
data/thin/hq/drum_PNG14344.jpg,Drum,"Sorry, as a base VLM I am not trained to answer this question."
data/thin/hq/drum_PNG14345.jpg,Drum,"Sorry, as a base VLM I am not trained to answer this question."
data/thin/hq/eagle_PNG1202.jpg,Eagle,bird
data/thin/hq/eagle_PNG1215.jpg,Eagle,bird
data/thin/hq/eagle_PNG1225.jpg,Eagle,bird
data/thin/hq/eagle_PNG1228.jpg,Eagle,bird
data/thin/hq/eiffel_tower_PNG17.jpg,Eiffel Tower,bird
data/thin/hq/eiffel_tower_PNG21.jpg,Eiffel Tower,"Sorry, as a base VLM I am not trained to answer this question."
data/thin/hq/eiffel_tower_PNG29.jpg,Eiffel Tower,bird
data/thin/hq/eiffel_tower_PNG38.jpg,Eiffel Tower,"Sorry, as a base VLM I am not trained to answer this question."
data/thin/hq/eiffel_tower_PNG6.jpg,Eiffel Tower,"Sorry, as a base VLM I am not trained to answer this question."
data/thin/hq/eiffel_tower_PNG72.jpg,Eiffel Tower,"Sorry, as a base VLM I am not trained to answer this question."
data/thin/hq/elephants_PNG18747.jpg,Elephants,"animal, elephant, mammal"
data/thin/hq/elephants_PNG18748.jpg,Elephants,"animal, bird, elephant, mammal"
data/thin/hq/elephants_PNG18749.jpg,Elephants,"animal, elephant, mammal"
data/thin/hq/elephants_PNG18762.jpg,Elephants,bird
data/thin/hq/elephants_PNG18775.jpg,Elephants,"animal, elephant, mammal"
data/thin/hq/elephants_PNG18779.jpg,Elephants,"animal, elephant, mammal"
data/thin/hq/elephants_PNG18781.jpg,Elephants,"animal, elephant, mammal"
data/thin/hq/elephants_PNG18782.jpg,Elephants,"animal, bird, elephant"
data/thin/hq/elephants_PNG18785.jpg,Elephants,"animal, bird, elephant"
data/thin/hq/elephants_PNG18787.jpg,Elephants,"Sorry, as a base VLM I am not trained to answer this question."
data/thin/hq/elephants_PNG18788.jpg,Elephants,"animal, elephant, mammal"
data/thin/hq/elephants_PNG18793.jpg,Elephants,"animal, elephant, mammal"
data/thin/hq/elephants_PNG18799.jpg,Elephants,"Sorry, as a base VLM I am not trained to answer this question."
data/thin/hq/elephants_PNG18800.jpg,Elephants,"animal, elephant, mammal"
data/thin/hq/elephants_PNG18801.jpg,Elephants,"Sorry, as a base VLM I am not trained to answer this question."
data/thin/hq/elephants_PNG18805.jpg,Elephants,"Sorry, as a base VLM I am not trained to answer this question."
data/thin/hq/excavator_PNG1.jpg,Excavator,"Sorry, as a base VLM I am not trained to answer this question."
data/thin/hq/excavator_PNG12.jpg,Excavator,"Sorry, as a base VLM I am not trained to answer this question."
data/thin/hq/excavator_PNG20.jpg,Excavator,"Sorry, as a base VLM I am not trained to answer this question."
data/thin/hq/excavator_PNG21.jpg,Excavator,"Sorry, as a base VLM I am not trained to answer this question."
data/thin/hq/excavator_PNG23.jpg,Excavator,"Sorry, as a base VLM I am not trained to answer this question."
data/thin/hq/excavator_PNG26.jpg,Excavator,"Sorry, as a base VLM I am not trained to answer this question."
data/thin/hq/excavator_PNG27.jpg,Excavator,"Sorry, as a base VLM I am not trained to answer this question."
data/thin/hq/excavator_PNG28.jpg,Excavator,"Sorry, as a base VLM I am not trained to answer this question."
data/thin/hq/excavator_PNG29.jpg,Excavator,bird
data/thin/hq/excavator_PNG32.jpg,Excavator,"Sorry, as a base VLM I am not trained to answer this question."
data/thin/hq/excavator_PNG37.jpg,Excavator,"Sorry, as a base VLM I am not trained to answer this question."
data/thin/hq/excavator_PNG40.jpg,Excavator,bird
data/thin/hq/excavator_PNG45.jpg,Excavator,"Sorry, as a base VLM I am not trained to answer this question."
data/thin/hq/excavator_PNG58.jpg,Excavator,"Sorry, as a base VLM I am not trained to answer this question."
data/thin/hq/excavator_PNG65.jpg,Excavator,"Sorry, as a base VLM I am not trained to answer this question."
data/thin/hq/excavator_PNG8.jpg,Excavator,"Sorry, as a base VLM I am not trained to answer this question."
data/thin/hq/excavator_PNG9.jpg,Excavator,"Sorry, as a base VLM I am not trained to answer this question."
data/thin/hq/fan_PNG14457.jpg,Fan,"Sorry, as a base VLM I am not trained to answer this question."
data/thin/hq/fan_PNG14458.jpg,Fan,"Sorry, as a base VLM I am not trained to answer this question."
data/thin/hq/fan_PNG14460.jpg,Fan,"Sorry, as a base VLM I am not trained to answer this question."
data/thin/hq/fan_PNG14461.jpg,Fan,"Sorry, as a base VLM I am not trained to answer this question."
data/thin/hq/fan_PNG14462.jpg,Fan,"Sorry, as a base VLM I am not trained to answer this question."
data/thin/hq/fan_PNG14463.jpg,Fan,"Sorry, as a base VLM I am not trained to answer this question."
data/thin/hq/fan_PNG14464.jpg,Fan,"Sorry, as a base VLM I am not trained to answer this question."
data/thin/hq/fan_PNG14465.jpg,Fan,"Sorry, as a base VLM I am not trained to answer this question."
data/thin/hq/fan_PNG14467.jpg,Fan,"Sorry, as a base VLM I am not trained to answer this question."
data/thin/hq/fan_PNG14469.jpg,Fan,"Sorry, as a base VLM I am not trained to answer this question."
data/thin/hq/fan_PNG14471.jpg,Fan,"Sorry, as a base VLM I am not trained to answer this question."
data/thin/hq/fan_PNG14472.jpg,Fan,bird
data/thin/hq/fan_PNG14473.jpg,Fan,bird
data/thin/hq/fan_PNG14475.jpg,Fan,"Sorry, as a base VLM I am not trained to answer this question."
data/thin/hq/fan_PNG14478.jpg,Fan,"Sorry, as a base VLM I am not trained to answer this question."
data/thin/hq/fan_PNG14479.jpg,Fan,"Sorry, as a base VLM I am not trained to answer this question."
data/thin/hq/fan_PNG14482.jpg,Fan,"Sorry, as a base VLM I am not trained to answer this question."
data/thin/hq/fan_PNG14483.jpg,Fan,bird
data/thin/hq/fan_PNG14484.jpg,Fan,"Sorry, as a base VLM I am not trained to answer this question."
data/thin/hq/fan_PNG14485.jpg,Fan,"Sorry, as a base VLM I am not trained to answer this question."
data/thin/hq/fan_PNG14486.jpg,Fan,"Sorry, as a base VLM I am not trained to answer this question."
data/thin/hq/fan_PNG14487.jpg,Fan,"Sorry, as a base VLM I am not trained to answer this question."
data/thin/hq/fan_PNG14489.jpg,Fan,"Sorry, as a base VLM I am not trained to answer this question."
data/thin/hq/fan_PNG14490.jpg,Fan,"Sorry, as a base VLM I am not trained to answer this question."
data/thin/hq/fan_PNG14491.jpg,Fan,"Sorry, as a base VLM I am not trained to answer this question."
data/thin/hq/fan_PNG14492.jpg,Fan,bird
data/thin/hq/fir_tree_PNG3691.jpg,Fir Tree,cat
data/thin/hq/fire_truck_PNG11.jpg,Fire Truck,"Sorry, as a base VLM I am not trained to answer this question."
data/thin/hq/fire_truck_PNG22.jpg,Fire Truck,"Sorry, as a base VLM I am not trained to answer this question."
data/thin/hq/fire_truck_PNG37.jpg,Fire Truck,"Sorry, as a base VLM I am not trained to answer this question."
data/thin/hq/fire_truck_PNG40.jpg,Fire Truck,fire truck
data/thin/hq/fire_truck_PNG43.jpg,Fire Truck,fire truck
data/thin/hq/fire_truck_PNG44.jpg,Fire Truck,"Sorry, as a base VLM I am not trained to answer this question."
data/thin/hq/fire_truck_PNG46.jpg,Fire Truck,"Sorry, as a base VLM I am not trained to answer this question."
data/thin/hq/fish_PNG25106.jpg,Fish,"Sorry, as a base VLM I am not trained to answer this question."
data/thin/hq/flags_PNG14677.jpg,Flags,"Sorry, as a base VLM I am not trained to answer this question."
data/thin/hq/flags_PNG14717.jpg,Flags,"Sorry, as a base VLM I am not trained to answer this question."
data/thin/hq/flags_PNG14719.jpg,Flags,"Sorry, as a base VLM I am not trained to answer this question."
data/thin/hq/flamingo_PNG15094.jpg,Flamingo,bird
data/thin/hq/flamingo_PNG15095.jpg,Flamingo,bird
data/thin/hq/flamingo_PNG15099.jpg,Flamingo,bird
data/thin/hq/flamingo_PNG15101.jpg,Flamingo,bird
data/thin/hq/flamingo_PNG15107.jpg,Flamingo,bird
data/thin/hq/flamingo_PNG15110.jpg,Flamingo,bird
data/thin/hq/flamingo_PNG15111.jpg,Flamingo,bird
data/thin/hq/flamingo_PNG15112.jpg,Flamingo,bird
data/thin/hq/flippers_PNG37454.jpg,Flippers,"Sorry, as a base VLM I am not trained to answer this question."
data/thin/hq/flippers_PNG37457.jpg,Flippers,"Sorry, as a base VLM I am not trained to answer this question."
data/thin/hq/flippers_PNG37458.jpg,Flippers,"Sorry, as a base VLM I am not trained to answer this question."
data/thin/hq/flippers_PNG37461.jpg,Flippers,"Sorry, as a base VLM I am not trained to answer this question."
data/thin/hq/flippers_PNG37473.jpg,Flippers,"Sorry, as a base VLM I am not trained to answer this question."
data/thin/hq/football_goal_PNG10.jpg,Football Goal,bird
data/thin/hq/football_goal_PNG12.jpg,Football Goal,"Sorry, as a base VLM I am not trained to answer this question."
data/thin/hq/football_goal_PNG13.jpg,Football Goal,"Sorry, as a base VLM I am not trained to answer this question."
data/thin/hq/football_goal_PNG14.jpg,Football Goal,"Sorry, as a base VLM I am not trained to answer this question."
data/thin/hq/football_goal_PNG15.jpg,Football Goal,"Sorry, as a base VLM I am not trained to answer this question."
data/thin/hq/football_goal_PNG17.jpg,Football Goal,"Sorry, as a base VLM I am not trained to answer this question."
data/thin/hq/football_goal_PNG19.jpg,Football Goal,"Sorry, as a base VLM I am not trained to answer this question."
data/thin/hq/football_goal_PNG22.jpg,Football Goal,"Sorry, as a base VLM I am not trained to answer this question."
data/thin/hq/football_goal_PNG24.jpg,Football Goal,"Sorry, as a base VLM I am not trained to answer this question."
data/thin/hq/football_goal_PNG25.jpg,Football Goal,"Sorry, as a base VLM I am not trained to answer this question."
data/thin/hq/football_goal_PNG26.jpg,Football Goal,"Sorry, as a base VLM I am not trained to answer this question."
data/thin/hq/football_goal_PNG33.jpg,Football Goal,"Sorry, as a base VLM I am not trained to answer this question."
data/thin/hq/football_goal_PNG38.jpg,Football Goal,"Sorry, as a base VLM I am not trained to answer this question."
data/thin/hq/football_goal_PNG41.jpg,Football Goal,bird
data/thin/hq/football_goal_PNG7.jpg,Football Goal,"Sorry, as a base VLM I am not trained to answer this question."
data/thin/hq/fork_PNG3051.jpg,Fork,fork
data/thin/hq/fork_PNG3052.jpg,Fork,"animal, bird, elephant"
data/thin/hq/fork_PNG3053.jpg,Fork,bird
data/thin/hq/fork_PNG3054.jpg,Fork,"Sorry, as a base VLM I am not trained to answer this question."
data/thin/hq/fork_PNG3056.jpg,Fork,bird
data/thin/hq/fork_PNG3058.jpg,Fork,bird
data/thin/hq/fork_PNG3061.jpg,Fork,bird
data/thin/hq/fork_PNG3063.jpg,Fork,bird
data/thin/hq/fork_PNG3064.jpg,Fork,bird
data/thin/hq/fork_PNG3065.jpg,Fork,bird
data/thin/hq/fork_PNG3066.jpg,Fork,fork
data/thin/hq/fork_PNG3068.jpg,Fork,bird
data/thin/hq/frog_PNG35716.jpg,Frog,frog
data/thin/hq/frog_PNG35720.jpg,Frog,bird
data/thin/hq/frog_PNG35721.jpg,Frog,"Sorry, as a base VLM I am not trained to answer this question."
data/thin/hq/frog_PNG35727.jpg,Frog,frog
data/thin/hq/frog_PNG35729.jpg,Frog,frog
data/thin/hq/frog_PNG35730.jpg,Frog,frog
data/thin/hq/frog_PNG35734.jpg,Frog,frog
data/thin/hq/frog_PNG35735.jpg,Frog,frog
data/thin/hq/frog_PNG35738.jpg,Frog,frog
data/thin/hq/frog_PNG35739.jpg,Frog,"Sorry, as a base VLM I am not trained to answer this question."
data/thin/hq/frog_PNG35740.jpg,Frog,frog
data/thin/hq/frog_PNG35741.jpg,Frog,frog
data/thin/hq/frog_PNG35742.jpg,Frog,frog
data/thin/hq/frog_PNG35746.jpg,Frog,frog
data/thin/hq/frog_PNG35754.jpg,Frog,frog
data/thin/hq/frog_PNG35756.jpg,Frog,frog
data/thin/hq/frog_PNG35759.jpg,Frog,frog
data/thin/hq/frog_PNG35761.jpg,Frog,frog
data/thin/hq/frog_PNG35772.jpg,Frog,frog
data/thin/hq/frog_PNG35776.jpg,Frog,frog
data/thin/hq/frog_PNG3832.jpg,Frog,frog
data/thin/hq/frog_PNG3835.jpg,Frog,frog
data/thin/hq/frog_PNG3837.jpg,Frog,"Sorry, as a base VLM I am not trained to answer this question."
data/thin/hq/frog_PNG3838.jpg,Frog,frog
data/thin/hq/frog_PNG3839.jpg,Frog,frog
data/thin/hq/frog_PNG3840.jpg,Frog,frog
data/thin/hq/frog_PNG3841.jpg,Frog,"Sorry, as a base VLM I am not trained to answer this question."
data/thin/hq/frog_PNG3843.jpg,Frog,"Sorry, as a base VLM I am not trained to answer this question."
data/thin/hq/frog_PNG3845.jpg,Frog,frog
data/thin/hq/frog_PNG3846.jpg,Frog,frog
data/thin/hq/frog_PNG3847.jpg,Frog,frog
data/thin/hq/frying_pan_PNG8330.jpg,Frying Pan,"Sorry, as a base VLM I am not trained to answer this question."
data/thin/hq/frying_pan_PNG8331.jpg,Frying Pan,bird
data/thin/hq/frying_pan_PNG8336.jpg,Frying Pan,"Sorry, as a base VLM I am not trained to answer this question."
data/thin/hq/frying_pan_PNG8337.jpg,Frying Pan,"Sorry, as a base VLM I am not trained to answer this question."
data/thin/hq/frying_pan_PNG8338.jpg,Frying Pan,"Sorry, as a base VLM I am not trained to answer this question."
data/thin/hq/frying_pan_PNG8342.jpg,Frying Pan,"Sorry, as a base VLM I am not trained to answer this question."
data/thin/hq/frying_pan_PNG8345.jpg,Frying Pan,"Sorry, as a base VLM I am not trained to answer this question."
data/thin/hq/frying_pan_PNG8346.jpg,Frying Pan,"Sorry, as a base VLM I am not trained to answer this question."
data/thin/hq/frying_pan_PNG8349.jpg,Frying Pan,"Sorry, as a base VLM I am not trained to answer this question."
data/thin/hq/frying_pan_PNG8357.jpg,Frying Pan,"Sorry, as a base VLM I am not trained to answer this question."
data/thin/hq/frying_pan_PNG8359.jpg,Frying Pan,"Sorry, as a base VLM I am not trained to answer this question."
data/thin/hq/frying_pan_PNG8360.jpg,Frying Pan,"Sorry, as a base VLM I am not trained to answer this question."
data/thin/hq/frying_pan_PNG8361.jpg,Frying Pan,"Sorry, as a base VLM I am not trained to answer this question."
data/thin/hq/frying_pan_PNG8362.jpg,Frying Pan,"Sorry, as a base VLM I am not trained to answer this question."
data/thin/hq/gas_mask_PNG1.jpg,Gas Mask,"Sorry, as a base VLM I am not trained to answer this question."
data/thin/hq/gas_mask_PNG12.jpg,Gas Mask,"Sorry, as a base VLM I am not trained to answer this question."
data/thin/hq/gas_mask_PNG13.jpg,Gas Mask,"Sorry, as a base VLM I am not trained to answer this question."
data/thin/hq/gas_mask_PNG16.jpg,Gas Mask,bird
data/thin/hq/gas_mask_PNG18.jpg,Gas Mask,"Sorry, as a base VLM I am not trained to answer this question."
data/thin/hq/gas_mask_PNG33.jpg,Gas Mask,bird
data/thin/hq/gas_mask_PNG43.jpg,Gas Mask,"Sorry, as a base VLM I am not trained to answer this question."
data/thin/hq/giraffe_PNG13518.jpg,Giraffe,bird
data/thin/hq/giraffe_PNG13522.jpg,Giraffe,bird
data/thin/hq/giraffe_PNG13525.jpg,Giraffe,bird
data/thin/hq/giraffe_PNG13534.jpg,Giraffe,bird
data/thin/hq/giraffe_PNG13539.jpg,Giraffe,bird
data/thin/hq/glider_PNG24.jpg,Glider,"Sorry, as a base VLM I am not trained to answer this question."
data/thin/hq/glider_PNG6.jpg,Glider,"Sorry, as a base VLM I am not trained to answer this question."
data/thin/hq/goat_PNG13150.jpg,Goat,"Sorry, as a base VLM I am not trained to answer this question."
data/thin/hq/goat_PNG13151.jpg,Goat,"Sorry, as a base VLM I am not trained to answer this question."
data/thin/hq/golden_cup_PNG14537.jpg,Golden Cup,"Sorry, as a base VLM I am not trained to answer this question."
data/thin/hq/golden_cup_PNG14538.jpg,Golden Cup,"Sorry, as a base VLM I am not trained to answer this question."
data/thin/hq/golden_cup_PNG14539.jpg,Golden Cup,"Sorry, as a base VLM I am not trained to answer this question."
data/thin/hq/golden_cup_PNG14542.jpg,Golden Cup,"Sorry, as a base VLM I am not trained to answer this question."
data/thin/hq/golden_cup_PNG14547.jpg,Golden Cup,"Sorry, as a base VLM I am not trained to answer this question."
data/thin/hq/golden_cup_PNG14548.jpg,Golden Cup,"Sorry, as a base VLM I am not trained to answer this question."
data/thin/hq/golden_cup_PNG14549.jpg,Golden Cup,"Sorry, as a base VLM I am not trained to answer this question."
data/thin/hq/golden_cup_PNG14550.jpg,Golden Cup,"Sorry, as a base VLM I am not trained to answer this question."
data/thin/hq/golden_cup_PNG14551.jpg,Golden Cup,"Sorry, as a base VLM I am not trained to answer this question."
data/thin/hq/golden_cup_PNG14559.jpg,Golden Cup,"Sorry, as a base VLM I am not trained to answer this question."
data/thin/hq/golden_cup_PNG14569.jpg,Golden Cup,bird
data/thin/hq/golden_cup_PNG14571.jpg,Golden Cup,"Sorry, as a base VLM I am not trained to answer this question."
data/thin/hq/golden_cup_PNG14575.jpg,Golden Cup,"Sorry, as a base VLM I am not trained to answer this question."
data/thin/hq/grasshopper_PNG11.jpg,Grasshopper,"ant, beetle, grasshopper"
data/thin/hq/grasshopper_PNG13.jpg,Grasshopper,"Sorry, as a base VLM I am not trained to answer this question."
data/thin/hq/grasshopper_PNG18.jpg,Grasshopper,"ant, bee, bird, cricket, grasshopper"
data/thin/hq/grasshopper_PNG20.jpg,Grasshopper,"ant, beetle, grasshopper"
data/thin/hq/grasshopper_PNG32.jpg,Grasshopper,"ant, beetle, grasshopper"
data/thin/hq/grasshopper_PNG4.jpg,Grasshopper,"ant, beetle, grasshopper"
data/thin/hq/grasshopper_PNG40.jpg,Grasshopper,"Sorry, as a base VLM I am not trained to answer this question."
data/thin/hq/grasshopper_PNG44.jpg,Grasshopper,"ant, bee, bird, cricket, fly, grasshopper"
data/thin/hq/grasshopper_PNG6.jpg,Grasshopper,"Sorry, as a base VLM I am not trained to answer this question."
data/thin/hq/grasshopper_PNG7.jpg,Grasshopper,"ant, beetle, grasshopper"
data/thin/hq/grasshopper_PNG9.jpg,Grasshopper,"ant, beetle, cricket, grasshopper"
data/thin/hq/grenade_launcher_PNG15324.jpg,Grenade Launcher,"Sorry, as a base VLM I am not trained to answer this question."
data/thin/hq/grenade_launcher_PNG15327.jpg,Grenade Launcher,"Sorry, as a base VLM I am not trained to answer this question."
data/thin/hq/grenade_launcher_PNG15330.jpg,Grenade Launcher,"Sorry, as a base VLM I am not trained to answer this question."
data/thin/hq/grenade_launcher_PNG15334.jpg,Grenade Launcher,"Sorry, as a base VLM I am not trained to answer this question."
data/thin/hq/grenade_launcher_PNG15335.jpg,Grenade Launcher,"Sorry, as a base VLM I am not trained to answer this question."
data/thin/hq/grenade_launcher_PNG15338.jpg,Grenade Launcher,"Sorry, as a base VLM I am not trained to answer this question."
data/thin/hq/grenade_launcher_PNG15340.jpg,Grenade Launcher,"Sorry, as a base VLM I am not trained to answer this question."
data/thin/hq/grill_PNG13937.jpg,Grill,"Sorry, as a base VLM I am not trained to answer this question."
data/thin/hq/grill_PNG13938.jpg,Grill,bird
data/thin/hq/grill_PNG13939.jpg,Grill,bird
data/thin/hq/grill_PNG13942.jpg,Grill,"Sorry, as a base VLM I am not trained to answer this question."
data/thin/hq/grill_PNG13944.jpg,Grill,"Sorry, as a base VLM I am not trained to answer this question."
data/thin/hq/grill_PNG13947.jpg,Grill,bird
data/thin/hq/gun_PNG1353.jpg,Gun,"Sorry, as a base VLM I am not trained to answer this question."
data/thin/hq/gun_PNG1354.jpg,Gun,"Sorry, as a base VLM I am not trained to answer this question."
data/thin/hq/gun_PNG1355.jpg,Gun,"Sorry, as a base VLM I am not trained to answer this question."
data/thin/hq/gun_PNG1357.jpg,Gun,"Sorry, as a base VLM I am not trained to answer this question."
data/thin/hq/gun_PNG1358.jpg,Gun,"Sorry, as a base VLM I am not trained to answer this question."
data/thin/hq/gun_PNG1360.jpg,Gun,"Sorry, as a base VLM I am not trained to answer this question."
data/thin/hq/gun_PNG1363.jpg,Gun,"Sorry, as a base VLM I am not trained to answer this question."
data/thin/hq/gun_PNG1371.jpg,Gun,"Sorry, as a base VLM I am not trained to answer this question."
data/thin/hq/gun_PNG1373.jpg,Gun,"Sorry, as a base VLM I am not trained to answer this question."
data/thin/hq/gun_PNG1374.jpg,Gun,"Sorry, as a base VLM I am not trained to answer this question."
data/thin/hq/gun_PNG1377.jpg,Gun,"Sorry, as a base VLM I am not trained to answer this question."
data/thin/hq/gun_PNG1378.jpg,Gun,"Sorry, as a base VLM I am not trained to answer this question."
data/thin/hq/gun_PNG1379.jpg,Gun,"Sorry, as a base VLM I am not trained to answer this question."
data/thin/hq/gun_PNG1381.jpg,Gun,"Sorry, as a base VLM I am not trained to answer this question."
data/thin/hq/gun_PNG1384.jpg,Gun,"Sorry, as a base VLM I am not trained to answer this question."
data/thin/hq/gun_PNG1385.jpg,Gun,"Sorry, as a base VLM I am not trained to answer this question."
data/thin/hq/gun_PNG1386.jpg,Gun,"Sorry, as a base VLM I am not trained to answer this question."
data/thin/hq/gun_PNG1389.jpg,Gun,"Sorry, as a base VLM I am not trained to answer this question."
data/thin/hq/hairbrush_PNG105.jpg,Hairbrush,bird
data/thin/hq/hairbrush_PNG107.jpg,Hairbrush,"Sorry, as a base VLM I am not trained to answer this question."
data/thin/hq/hairbrush_PNG110.jpg,Hairbrush,"Sorry, as a base VLM I am not trained to answer this question."
data/thin/hq/hairbrush_PNG134.jpg,Hairbrush,"Sorry, as a base VLM I am not trained to answer this question."
data/thin/hq/hairbrush_PNG135.jpg,Hairbrush,bird
data/thin/hq/hairbrush_PNG136a.jpg,Hairbrush,"Sorry, as a base VLM I am not trained to answer this question."
data/thin/hq/hairbrush_PNG136d.jpg,Hairbrush,bird
data/thin/hq/hairbrush_PNG136f.jpg,Hairbrush,bird
data/thin/hq/hairbrush_PNG138.jpg,Hairbrush,bird
data/thin/hq/hairbrush_PNG140.jpg,Hairbrush,bird
data/thin/hq/hairbrush_PNG145.jpg,Hairbrush,"Sorry, as a base VLM I am not trained to answer this question."
data/thin/hq/hairbrush_PNG146.jpg,Hairbrush,"Sorry, as a base VLM I am not trained to answer this question."
data/thin/hq/hairbrush_PNG152.jpg,Hairbrush,"Sorry, as a base VLM I am not trained to answer this question."
data/thin/hq/hairbrush_PNG154.jpg,Hairbrush,bird
data/thin/hq/hairbrush_PNG157.jpg,Hairbrush,bird
data/thin/hq/hairbrush_PNG162.jpg,Hairbrush,bird
data/thin/hq/hairbrush_PNG20.jpg,Hairbrush,"Sorry, as a base VLM I am not trained to answer this question."
data/thin/hq/hairbrush_PNG47.jpg,Hairbrush,"Sorry, as a base VLM I am not trained to answer this question."
data/thin/hq/hairbrush_PNG53.jpg,Hairbrush,horse
data/thin/hq/hairbrush_PNG63.jpg,Hairbrush,bird
data/thin/hq/hairbrush_PNG64.jpg,Hairbrush,bird
data/thin/hq/hairbrush_PNG65.jpg,Hairbrush,"Sorry, as a base VLM I am not trained to answer this question."
data/thin/hq/hairbrush_PNG78.jpg,Hairbrush,bird
data/thin/hq/hairbrush_PNG81.jpg,Hairbrush,"Sorry, as a base VLM I am not trained to answer this question."
data/thin/hq/hammer_PNG1122.jpg,Hammer,"Sorry, as a base VLM I am not trained to answer this question."
data/thin/hq/hammer_PNG1124.jpg,Hammer,cat
data/thin/hq/hammer_PNG1127.jpg,Hammer,bird
data/thin/hq/hammer_PNG1131.jpg,Hammer,"Sorry, as a base VLM I am not trained to answer this question."
data/thin/hq/hammer_PNG1132.jpg,Hammer,"Sorry, as a base VLM I am not trained to answer this question."
data/thin/hq/hammer_PNG1134.jpg,Hammer,"Sorry, as a base VLM I am not trained to answer this question."
data/thin/hq/hammer_PNG1138.jpg,Hammer,"Sorry, as a base VLM I am not trained to answer this question."
data/thin/hq/hammer_PNG1140.jpg,Hammer,bird
data/thin/hq/hammer_PNG3888.jpg,Hammer,bird
data/thin/hq/hammer_PNG3889a.jpg,Hammer,"Sorry, as a base VLM I am not trained to answer this question."
data/thin/hq/hammer_PNG3889b.jpg,Hammer,bird
data/thin/hq/hammer_PNG3891.jpg,Hammer,"Sorry, as a base VLM I am not trained to answer this question."
data/thin/hq/hammock_PNG1.jpg,Hammock,"Sorry, as a base VLM I am not trained to answer this question."
data/thin/hq/hammock_PNG12.jpg,Hammock,"Sorry, as a base VLM I am not trained to answer this question."
data/thin/hq/hammock_PNG18.jpg,Hammock,"Sorry, as a base VLM I am not trained to answer this question."
data/thin/hq/hammock_PNG19.jpg,Hammock,"Sorry, as a base VLM I am not trained to answer this question."
data/thin/hq/hammock_PNG2.jpg,Hammock,"Sorry, as a base VLM I am not trained to answer this question."
data/thin/hq/hammock_PNG23.jpg,Hammock,"Sorry, as a base VLM I am not trained to answer this question."
data/thin/hq/hammock_PNG3.jpg,Hammock,"Sorry, as a base VLM I am not trained to answer this question."
data/thin/hq/hammock_PNG32.jpg,Hammock,"Sorry, as a base VLM I am not trained to answer this question."
data/thin/hq/hammock_PNG33.jpg,Hammock,"Sorry, as a base VLM I am not trained to answer this question."
data/thin/hq/hammock_PNG37.jpg,Hammock,"Sorry, as a base VLM I am not trained to answer this question."
data/thin/hq/hammock_PNG39.jpg,Hammock,"Sorry, as a base VLM I am not trained to answer this question."
data/thin/hq/hammock_PNG4.jpg,Hammock,"Sorry, as a base VLM I am not trained to answer this question."
data/thin/hq/hammock_PNG41.jpg,Hammock,bird
data/thin/hq/hammock_PNG43.jpg,Hammock,"Sorry, as a base VLM I am not trained to answer this question."
data/thin/hq/hammock_PNG45.jpg,Hammock,bird
data/thin/hq/hammock_PNG48.jpg,Hammock,"Sorry, as a base VLM I am not trained to answer this question."
data/thin/hq/hammock_PNG49.jpg,Hammock,"animal, insect, invertebrate"
data/thin/hq/hammock_PNG50.jpg,Hammock,bird
data/thin/hq/hammock_PNG61.jpg,Hammock,"Sorry, as a base VLM I am not trained to answer this question."
data/thin/hq/hammock_PNG63.jpg,Hammock,"Sorry, as a base VLM I am not trained to answer this question."
data/thin/hq/hammock_PNG64.jpg,Hammock,"Sorry, as a base VLM I am not trained to answer this question."
data/thin/hq/hammock_PNG65.jpg,Hammock,"Sorry, as a base VLM I am not trained to answer this question."
data/thin/hq/hammock_PNG7.jpg,Hammock,bird
data/thin/hq/hammock_PNG9.jpg,Hammock,"Sorry, as a base VLM I am not trained to answer this question."
data/thin/hq/hand_saw_PNG9530.jpg,Hand Saw,"Sorry, as a base VLM I am not trained to answer this question."
data/thin/hq/hand_saw_PNG9531.jpg,Hand Saw,"Sorry, as a base VLM I am not trained to answer this question."
data/thin/hq/hand_saw_PNG9532.jpg,Hand Saw,unanswerable
data/thin/hq/hand_saw_PNG9541.jpg,Hand Saw,"Sorry, as a base VLM I am not trained to answer this question."
data/thin/hq/hand_saw_PNG9545.jpg,Hand Saw,"Sorry, as a base VLM I am not trained to answer this question."
data/thin/hq/hand_saw_PNG9549.jpg,Hand Saw,"Sorry, as a base VLM I am not trained to answer this question."
data/thin/hq/handcuffs_PNG12.jpg,Handcuffs,"Sorry, as a base VLM I am not trained to answer this question."
data/thin/hq/handcuffs_PNG13.jpg,Handcuffs,"Sorry, as a base VLM I am not trained to answer this question."
data/thin/hq/handcuffs_PNG14.jpg,Handcuffs,"Sorry, as a base VLM I am not trained to answer this question."
data/thin/hq/handcuffs_PNG16.jpg,Handcuffs,"Sorry, as a base VLM I am not trained to answer this question."
data/thin/hq/handcuffs_PNG18a.jpg,Handcuffs,"Sorry, as a base VLM I am not trained to answer this question."
data/thin/hq/handcuffs_PNG1a.jpg,Handcuffs,"Sorry, as a base VLM I am not trained to answer this question."
data/thin/hq/handcuffs_PNG1b.jpg,Handcuffs,"Sorry, as a base VLM I am not trained to answer this question."
data/thin/hq/handcuffs_PNG22.jpg,Handcuffs,"Sorry, as a base VLM I am not trained to answer this question."
data/thin/hq/handcuffs_PNG25.jpg,Handcuffs,"Sorry, as a base VLM I am not trained to answer this question."
data/thin/hq/handcuffs_PNG3.jpg,Handcuffs,"Sorry, as a base VLM I am not trained to answer this question."
data/thin/hq/handcuffs_PNG30.jpg,Handcuffs,"Sorry, as a base VLM I am not trained to answer this question."
data/thin/hq/handcuffs_PNG31.jpg,Handcuffs,"Sorry, as a base VLM I am not trained to answer this question."
data/thin/hq/handcuffs_PNG34.jpg,Handcuffs,"Sorry, as a base VLM I am not trained to answer this question."
data/thin/hq/handcuffs_PNG35.jpg,Handcuffs,"Sorry, as a base VLM I am not trained to answer this question."
data/thin/hq/handcuffs_PNG38.jpg,Handcuffs,"Sorry, as a base VLM I am not trained to answer this question."
data/thin/hq/handcuffs_PNG44.jpg,Handcuffs,"Sorry, as a base VLM I am not trained to answer this question."
data/thin/hq/handcuffs_PNG47.jpg,Handcuffs,"Sorry, as a base VLM I am not trained to answer this question."
data/thin/hq/handcuffs_PNG48.jpg,Handcuffs,bird
data/thin/hq/handcuffs_PNG52.jpg,Handcuffs,"Sorry, as a base VLM I am not trained to answer this question."
data/thin/hq/handcuffs_PNG55.jpg,Handcuffs,"Sorry, as a base VLM I am not trained to answer this question."
data/thin/hq/handcuffs_PNG8.jpg,Handcuffs,"Sorry, as a base VLM I am not trained to answer this question."
data/thin/hq/handcuffs_PNG9.jpg,Handcuffs,"Sorry, as a base VLM I am not trained to answer this question."
data/thin/hq/harp_PNG1.jpg,Harp,"Sorry, as a base VLM I am not trained to answer this question."
data/thin/hq/harp_PNG12.jpg,Harp,"Sorry, as a base VLM I am not trained to answer this question."
data/thin/hq/harp_PNG21.jpg,Harp,"Sorry, as a base VLM I am not trained to answer this question."
data/thin/hq/harp_PNG26.jpg,Harp,"Sorry, as a base VLM I am not trained to answer this question."
data/thin/hq/harp_PNG30.jpg,Harp,"Sorry, as a base VLM I am not trained to answer this question."
data/thin/hq/harp_PNG32.jpg,Harp,"Sorry, as a base VLM I am not trained to answer this question."
data/thin/hq/harp_PNG4.jpg,Harp,"Sorry, as a base VLM I am not trained to answer this question."
data/thin/hq/harp_PNG8.jpg,Harp,"Sorry, as a base VLM I am not trained to answer this question."
data/thin/hq/headphones_PNG7634.jpg,Headphones,bird
data/thin/hq/hedgehog_PNG11.jpg,Hedgehog,"animal, bird, hedgehog"
data/thin/hq/hedgehog_PNG13.jpg,Hedgehog,"animal, bird, hedgehog"
data/thin/hq/hedgehog_PNG16.jpg,Hedgehog,"animal, bird, hedgehog"
data/thin/hq/hedgehog_PNG9.jpg,Hedgehog,"animal, bird, hedgehog"
data/thin/hq/helicopter_PNG5300.jpg,Helicopter,"Sorry, as a base VLM I am not trained to answer this question."
data/thin/hq/helicopter_PNG5301.jpg,Helicopter,bird
data/thin/hq/helicopter_PNG5302.jpg,Helicopter,bird
data/thin/hq/helicopter_PNG5306.jpg,Helicopter,bird
data/thin/hq/helicopter_PNG5311.jpg,Helicopter,"Sorry, as a base VLM I am not trained to answer this question."
data/thin/hq/helicopter_PNG5312.jpg,Helicopter,bird
data/thin/hq/helicopter_PNG5313.jpg,Helicopter,"Sorry, as a base VLM I am not trained to answer this question."
data/thin/hq/helicopter_PNG5315.jpg,Helicopter,"Sorry, as a base VLM I am not trained to answer this question."
data/thin/hq/helicopter_PNG80002.jpg,Helicopter,"Sorry, as a base VLM I am not trained to answer this question."
data/thin/hq/helicopter_PNG80006.jpg,Helicopter,"Sorry, as a base VLM I am not trained to answer this question."
data/thin/hq/helicopter_PNG80008.jpg,Helicopter,bird
data/thin/hq/helicopter_PNG80016.jpg,Helicopter,"Sorry, as a base VLM I am not trained to answer this question."
data/thin/hq/helicopter_PNG80017.jpg,Helicopter,"Sorry, as a base VLM I am not trained to answer this question."
data/thin/hq/helicopter_PNG80033.jpg,Helicopter,"Sorry, as a base VLM I am not trained to answer this question."
data/thin/hq/helicopter_PNG80039.jpg,Helicopter,bird
data/thin/hq/helicopter_PNG80040.jpg,Helicopter,"Sorry, as a base VLM I am not trained to answer this question."
data/thin/hq/helicopter_PNG80041.jpg,Helicopter,bird
data/thin/hq/helicopter_PNG80043.jpg,Helicopter,"Sorry, as a base VLM I am not trained to answer this question."
data/thin/hq/helicopter_PNG80044.jpg,Helicopter,bird
data/thin/hq/helicopter_PNG80045.jpg,Helicopter,bird
data/thin/hq/helicopter_PNG80046.jpg,Helicopter,bird
data/thin/hq/helicopter_PNG80048.jpg,Helicopter,"Sorry, as a base VLM I am not trained to answer this question."
data/thin/hq/helicopter_PNG80049.jpg,Helicopter,"Sorry, as a base VLM I am not trained to answer this question."
data/thin/hq/helicopter_PNG80050.jpg,Helicopter,"Sorry, as a base VLM I am not trained to answer this question."
data/thin/hq/helicopter_PNG80051.jpg,Helicopter,"Sorry, as a base VLM I am not trained to answer this question."
data/thin/hq/helicopter_PNG80060.jpg,Helicopter,"Sorry, as a base VLM I am not trained to answer this question."
data/thin/hq/helicopter_PNG80061.jpg,Helicopter,bird
data/thin/hq/helicopter_PNG80062.jpg,Helicopter,"Sorry, as a base VLM I am not trained to answer this question."
data/thin/hq/helicopter_PNG80066.jpg,Helicopter,"Sorry, as a base VLM I am not trained to answer this question."
data/thin/hq/helicopter_PNG80072.jpg,Helicopter,"Sorry, as a base VLM I am not trained to answer this question."
data/thin/hq/helicopter_PNG80079.jpg,Helicopter,bird
data/thin/hq/helicopter_PNG80087.jpg,Helicopter,bird
data/thin/hq/helicopter_PNG80088.jpg,Helicopter,bird
data/thin/hq/helicopter_PNG80093.jpg,Helicopter,"Sorry, as a base VLM I am not trained to answer this question."
data/thin/hq/helicopter_PNG80095.jpg,Helicopter,"Sorry, as a base VLM I am not trained to answer this question."
data/thin/hq/helicopter_PNG80097.jpg,Helicopter,"Sorry, as a base VLM I am not trained to answer this question."
data/thin/hq/helicopter_PNG80098.jpg,Helicopter,"Sorry, as a base VLM I am not trained to answer this question."
data/thin/hq/helicopter_PNG80105.jpg,Helicopter,"Sorry, as a base VLM I am not trained to answer this question."
data/thin/hq/helicopter_PNG80110.jpg,Helicopter,"Sorry, as a base VLM I am not trained to answer this question."
data/thin/hq/horseshoe_PNG34.jpg,Horseshoe,"Sorry, as a base VLM I am not trained to answer this question."
data/thin/hq/horseshoe_PNG5.jpg,Horseshoe,"Sorry, as a base VLM I am not trained to answer this question."
data/thin/hq/horseshoe_PNG52.jpg,Horseshoe,"Sorry, as a base VLM I am not trained to answer this question."
data/thin/hq/horseshoe_PNG57.jpg,Horseshoe,"Sorry, as a base VLM I am not trained to answer this question."
data/thin/hq/horseshoe_PNG58.jpg,Horseshoe,"Sorry, as a base VLM I am not trained to answer this question."
data/thin/hq/horseshoe_PNG6.jpg,Horseshoe,"Sorry, as a base VLM I am not trained to answer this question."
data/thin/hq/horseshoe_PNG61.jpg,Horseshoe,"Sorry, as a base VLM I am not trained to answer this question."
data/thin/hq/horseshoe_PNG7.jpg,Horseshoe,"Sorry, as a base VLM I am not trained to answer this question."
data/thin/hq/horseshoe_PNG8.jpg,Horseshoe,"Sorry, as a base VLM I am not trained to answer this question."
data/thin/hq/ice_axe_PNG10.jpg,Ice Axe,"Sorry, as a base VLM I am not trained to answer this question."
data/thin/hq/ice_axe_PNG14.jpg,Ice Axe,"Sorry, as a base VLM I am not trained to answer this question."
data/thin/hq/ice_axe_PNG15.jpg,Ice Axe,"Sorry, as a base VLM I am not trained to answer this question."
data/thin/hq/ice_axe_PNG22.jpg,Ice Axe,"Sorry, as a base VLM I am not trained to answer this question."
data/thin/hq/ice_axe_PNG23a.jpg,Ice Axe,"Sorry, as a base VLM I am not trained to answer this question."
data/thin/hq/ice_axe_PNG25.jpg,Ice Axe,"Sorry, as a base VLM I am not trained to answer this question."
data/thin/hq/ice_axe_PNG36.jpg,Ice Axe,"Sorry, as a base VLM I am not trained to answer this question."
data/thin/hq/ice_axe_PNG37.jpg,Ice Axe,"Sorry, as a base VLM I am not trained to answer this question."
data/thin/hq/ice_axe_PNG38.jpg,Ice Axe,"Sorry, as a base VLM I am not trained to answer this question."
data/thin/hq/ice_axe_PNG39.jpg,Ice Axe,"Sorry, as a base VLM I am not trained to answer this question."
data/thin/hq/ice_axe_PNG47.jpg,Ice Axe,"Sorry, as a base VLM I am not trained to answer this question."
data/thin/hq/ice_axe_PNG49.jpg,Ice Axe,"Sorry, as a base VLM I am not trained to answer this question."
data/thin/hq/ice_axe_PNG51.jpg,Ice Axe,"Sorry, as a base VLM I am not trained to answer this question."
data/thin/hq/ice_axe_PNG52.jpg,Ice Axe,"Sorry, as a base VLM I am not trained to answer this question."
data/thin/hq/ice_axe_PNG53.jpg,Ice Axe,"Sorry, as a base VLM I am not trained to answer this question."
data/thin/hq/ice_axe_PNG54.jpg,Ice Axe,"Sorry, as a base VLM I am not trained to answer this question."
data/thin/hq/ice_axe_PNG55.jpg,Ice Axe,"Sorry, as a base VLM I am not trained to answer this question."
data/thin/hq/ice_axe_PNG58.jpg,Ice Axe,"Sorry, as a base VLM I am not trained to answer this question."
data/thin/hq/ice_axe_PNG6.jpg,Ice Axe,"Sorry, as a base VLM I am not trained to answer this question."
data/thin/hq/ice_axe_PNG7.jpg,Ice Axe,"Sorry, as a base VLM I am not trained to answer this question."
data/thin/hq/ice_axe_PNG8.jpg,Ice Axe,"Sorry, as a base VLM I am not trained to answer this question."
data/thin/hq/iron_PNG15526.jpg,Iron,bird
data/thin/hq/iron_PNG15527.jpg,Iron,"Sorry, as a base VLM I am not trained to answer this question."
data/thin/hq/iron_PNG15536.jpg,Iron,"Sorry, as a base VLM I am not trained to answer this question."
data/thin/hq/iron_PNG15547.jpg,Iron,"Sorry, as a base VLM I am not trained to answer this question."
data/thin/hq/iron_PNG15560.jpg,Iron,bird
data/thin/hq/iron_PNG15563.jpg,Iron,"Sorry, as a base VLM I am not trained to answer this question."
data/thin/hq/iron_PNG15565.jpg,Iron,"Sorry, as a base VLM I am not trained to answer this question."
data/thin/hq/iron_PNG15566.jpg,Iron,bird
data/thin/hq/iron_PNG15567.jpg,Iron,bird
data/thin/hq/iron_PNG15568.jpg,Iron,"Sorry, as a base VLM I am not trained to answer this question."
data/thin/hq/jail_PNG10.jpg,Jail,"Sorry, as a base VLM I am not trained to answer this question."
data/thin/hq/jail_PNG36.jpg,Jail,"Sorry, as a base VLM I am not trained to answer this question."
data/thin/hq/jail_PNG38.jpg,Jail,bird
data/thin/hq/jail_PNG39.jpg,Jail,"Sorry, as a base VLM I am not trained to answer this question."
data/thin/hq/jail_PNG40.jpg,Jail,"Sorry, as a base VLM I am not trained to answer this question."
data/thin/hq/jail_PNG45.jpg,Jail,"Sorry, as a base VLM I am not trained to answer this question."
data/thin/hq/jail_PNG53.jpg,Jail,"Sorry, as a base VLM I am not trained to answer this question."
data/thin/hq/jeep_PNG143.jpg,Jeep,"Sorry, as a base VLM I am not trained to answer this question."
data/thin/hq/kangaroo_PNG11.jpg,Kangaroo,"Sorry, as a base VLM I am not trained to answer this question."
data/thin/hq/kangaroo_PNG12.jpg,Kangaroo,"animal, bird, kangaroo"
data/thin/hq/kangaroo_PNG13.jpg,Kangaroo,"animal, bird, kangaroo"
data/thin/hq/kangaroo_PNG14.jpg,Kangaroo,bird
data/thin/hq/kangaroo_PNG16.jpg,Kangaroo,"Sorry, as a base VLM I am not trained to answer this question."
data/thin/hq/kangaroo_PNG22.jpg,Kangaroo,"Sorry, as a base VLM I am not trained to answer this question."
data/thin/hq/kangaroo_PNG4.jpg,Kangaroo,bird
data/thin/hq/kangaroo_PNG5.jpg,Kangaroo,"Sorry, as a base VLM I am not trained to answer this question."
data/thin/hq/kangaroo_PNG6.jpg,Kangaroo,"Sorry, as a base VLM I am not trained to answer this question."
data/thin/hq/katana_PNG12.jpg,Katana,"Sorry, as a base VLM I am not trained to answer this question."
data/thin/hq/katana_PNG16.jpg,Katana,"Sorry, as a base VLM I am not trained to answer this question."
data/thin/hq/katana_PNG18.jpg,Katana,"Sorry, as a base VLM I am not trained to answer this question."
data/thin/hq/katana_PNG2a.jpg,Katana,"Sorry, as a base VLM I am not trained to answer this question."
data/thin/hq/katana_PNG2b.jpg,Katana,"Sorry, as a base VLM I am not trained to answer this question."
data/thin/hq/katana_PNG3a.jpg,Katana,"Sorry, as a base VLM I am not trained to answer this question."
data/thin/hq/katana_PNG3b.jpg,Katana,"Sorry, as a base VLM I am not trained to answer this question."
data/thin/hq/katana_PNG4.jpg,Katana,"Sorry, as a base VLM I am not trained to answer this question."
data/thin/hq/katana_PNG41.jpg,Katana,"Sorry, as a base VLM I am not trained to answer this question."
data/thin/hq/katana_PNG42.jpg,Katana,"Sorry, as a base VLM I am not trained to answer this question."
data/thin/hq/katana_PNG52.jpg,Katana,"Sorry, as a base VLM I am not trained to answer this question."
data/thin/hq/katana_PNG6.jpg,Katana,"Sorry, as a base VLM I am not trained to answer this question."
data/thin/hq/katana_PNG61b.jpg,Katana,"Sorry, as a base VLM I am not trained to answer this question."
data/thin/hq/katana_PNG7.jpg,Katana,"Sorry, as a base VLM I am not trained to answer this question."
data/thin/hq/katana_PNG72.jpg,Katana,"Sorry, as a base VLM I am not trained to answer this question."
data/thin/hq/kayak_PNG127.jpg,Kayak,bird
data/thin/hq/kayak_PNG135.jpg,Kayak,bird
data/thin/hq/kayak_PNG152.jpg,Kayak,bird
data/thin/hq/kayak_PNG39.jpg,Kayak,"Sorry, as a base VLM I am not trained to answer this question."
data/thin/hq/kayak_PNG48.jpg,Kayak,bird
data/thin/hq/kayak_PNG50.jpg,Kayak,"Sorry, as a base VLM I am not trained to answer this question."
data/thin/hq/kayak_PNG52.jpg,Kayak,"Sorry, as a base VLM I am not trained to answer this question."
data/thin/hq/kayak_PNG65.jpg,Kayak,"Sorry, as a base VLM I am not trained to answer this question."
data/thin/hq/kayak_PNG72.jpg,Kayak,"Sorry, as a base VLM I am not trained to answer this question."
data/thin/hq/kayak_PNG98.jpg,Kayak,bird
data/thin/hq/kettle_PNG8694.jpg,Kettle,bird
data/thin/hq/kettle_PNG8695.jpg,Kettle,"Sorry, as a base VLM I am not trained to answer this question."
data/thin/hq/kettle_PNG8696.jpg,Kettle,"Sorry, as a base VLM I am not trained to answer this question."
data/thin/hq/kettle_PNG8698.jpg,Kettle,bird
data/thin/hq/kettle_PNG8700.jpg,Kettle,bird
data/thin/hq/kettle_PNG8709.jpg,Kettle,bird
data/thin/hq/kettle_PNG8710.jpg,Kettle,bird
data/thin/hq/kettle_PNG8711.jpg,Kettle,"Sorry, as a base VLM I am not trained to answer this question."
data/thin/hq/kettle_PNG8720.jpg,Kettle,bird
data/thin/hq/kettle_PNG8726.jpg,Kettle,"Sorry, as a base VLM I am not trained to answer this question."
data/thin/hq/key_PNG1167.jpg,Key,bird
data/thin/hq/key_PNG3378.jpg,Key,"Sorry, as a base VLM I am not trained to answer this question."
data/thin/hq/kick_scooter_PNG11384.jpg,Kick Scooter,bird
data/thin/hq/kick_scooter_PNG11386.jpg,Kick Scooter,bird
data/thin/hq/kick_scooter_PNG11389.jpg,Kick Scooter,"Sorry, as a base VLM I am not trained to answer this question."
data/thin/hq/kick_scooter_PNG11390.jpg,Kick Scooter,"Sorry, as a base VLM I am not trained to answer this question."
data/thin/hq/kick_scooter_PNG11391.jpg,Kick Scooter,"Sorry, as a base VLM I am not trained to answer this question."
data/thin/hq/kick_scooter_PNG11393.jpg,Kick Scooter,"Sorry, as a base VLM I am not trained to answer this question."
data/thin/hq/kick_scooter_PNG11394.jpg,Kick Scooter,"Sorry, as a base VLM I am not trained to answer this question."
data/thin/hq/kick_scooter_PNG11396.jpg,Kick Scooter,"Sorry, as a base VLM I am not trained to answer this question."
data/thin/hq/ladder_PNG14772.jpg,Ladder,"Sorry, as a base VLM I am not trained to answer this question."
data/thin/hq/ladder_PNG14773.jpg,Ladder,"Sorry, as a base VLM I am not trained to answer this question."
data/thin/hq/ladder_PNG14774.jpg,Ladder,"Sorry, as a base VLM I am not trained to answer this question."
data/thin/hq/ladder_PNG14775.jpg,Ladder,"Sorry, as a base VLM I am not trained to answer this question."
data/thin/hq/ladder_PNG14778.jpg,Ladder,"Sorry, as a base VLM I am not trained to answer this question."
data/thin/hq/ladder_PNG14779.jpg,Ladder,"Sorry, as a base VLM I am not trained to answer this question."
data/thin/hq/ladder_PNG14780.jpg,Ladder,dog
data/thin/hq/ladder_PNG14785.jpg,Ladder,"Sorry, as a base VLM I am not trained to answer this question."
data/thin/hq/ladder_PNG14788.jpg,Ladder,"Sorry, as a base VLM I am not trained to answer this question."
data/thin/hq/ladder_PNG14789.jpg,Ladder,"Sorry, as a base VLM I am not trained to answer this question."
data/thin/hq/ladder_PNG14800.jpg,Ladder,"Sorry, as a base VLM I am not trained to answer this question."
data/thin/hq/ladder_PNG14801.jpg,Ladder,"Sorry, as a base VLM I am not trained to answer this question."
data/thin/hq/ladder_PNG14805.jpg,Ladder,"Sorry, as a base VLM I am not trained to answer this question."
data/thin/hq/ladder_PNG14807.jpg,Ladder,"Sorry, as a base VLM I am not trained to answer this question."
data/thin/hq/ladybug_PNG3960.jpg,Ladybug,"Sorry, as a base VLM I am not trained to answer this question."
data/thin/hq/ladybug_PNG3967.jpg,Ladybug,"Sorry, as a base VLM I am not trained to answer this question."
data/thin/hq/lemur_PNG15.jpg,Lemur,"Sorry, as a base VLM I am not trained to answer this question."
data/thin/hq/lemur_PNG26.jpg,Lemur,"animal, bird, mammal"
data/thin/hq/lemur_PNG33.jpg,Lemur,"animal, bird, mammal"
data/thin/hq/lifebuoy_PNG2.jpg,Lifebuoy,"Sorry, as a base VLM I am not trained to answer this question."
data/thin/hq/lizard_PNG1.jpg,Lizard,"Sorry, as a base VLM I am not trained to answer this question."
data/thin/hq/lizard_PNG11.jpg,Lizard,unanswerable
data/thin/hq/lizard_PNG12.jpg,Lizard,bird
data/thin/hq/lizard_PNG13.jpg,Lizard,"Sorry, as a base VLM I am not trained to answer this question."
data/thin/hq/lizard_PNG15.jpg,Lizard,"animal, bird, reptile"
data/thin/hq/lizard_PNG16.jpg,Lizard,"Sorry, as a base VLM I am not trained to answer this question."
data/thin/hq/lizard_PNG17.jpg,Lizard,"animal, reptile, lizard"
data/thin/hq/lizard_PNG2.jpg,Lizard,"Sorry, as a base VLM I am not trained to answer this question."
data/thin/hq/lizard_PNG21.jpg,Lizard,bird
data/thin/hq/lizard_PNG23.jpg,Lizard,"Sorry, as a base VLM I am not trained to answer this question."
data/thin/hq/lizard_PNG24.jpg,Lizard,"Sorry, as a base VLM I am not trained to answer this question."
data/thin/hq/lizard_PNG28.jpg,Lizard,bird
data/thin/hq/lizard_PNG29.jpg,Lizard,"Sorry, as a base VLM I am not trained to answer this question."
data/thin/hq/lizard_PNG32.jpg,Lizard,"Sorry, as a base VLM I am not trained to answer this question."
data/thin/hq/lizard_PNG35.jpg,Lizard,"Sorry, as a base VLM I am not trained to answer this question."
data/thin/hq/lizard_PNG4.jpg,Lizard,bird
data/thin/hq/lizard_PNG5.jpg,Lizard,"Sorry, as a base VLM I am not trained to answer this question."
data/thin/hq/lizard_PNG6.jpg,Lizard,"Sorry, as a base VLM I am not trained to answer this question."
data/thin/hq/lizard_PNG7.jpg,Lizard,"Sorry, as a base VLM I am not trained to answer this question."
data/thin/hq/lizard_PNG8.jpg,Lizard,"Sorry, as a base VLM I am not trained to answer this question."
data/thin/hq/lizard_PNG9.jpg,Lizard,"Sorry, as a base VLM I am not trained to answer this question."
data/thin/hq/lobster_PNG14231.jpg,Lobster,lobster
data/thin/hq/lobster_PNG14234.jpg,Lobster,lobster
data/thin/hq/lobster_PNG14238.jpg,Lobster,"Sorry, as a base VLM I am not trained to answer this question."
data/thin/hq/lobster_PNG14240.jpg,Lobster,"ant, beetle, crab, lobster"
data/thin/hq/lobster_PNG14242.jpg,Lobster,"Sorry, as a base VLM I am not trained to answer this question."
data/thin/hq/lobster_PNG14247.jpg,Lobster,lobster
data/thin/hq/lobster_PNG14248.jpg,Lobster,"Sorry, as a base VLM I am not trained to answer this question."
data/thin/hq/louboutin_PNG10835.jpg,Louboutin,"Sorry, as a base VLM I am not trained to answer this question."
data/thin/hq/louboutin_PNG10838.jpg,Louboutin,bird
data/thin/hq/louboutin_PNG10841.jpg,Louboutin,"Sorry, as a base VLM I am not trained to answer this question."
data/thin/hq/louboutin_PNG10842.jpg,Louboutin,"Sorry, as a base VLM I am not trained to answer this question."
data/thin/hq/louboutin_PNG10843.jpg,Louboutin,bird
data/thin/hq/louboutin_PNG10845.jpg,Louboutin,bird
data/thin/hq/louboutin_PNG10846.jpg,Louboutin,"Sorry, as a base VLM I am not trained to answer this question."
data/thin/hq/louboutin_PNG10849.jpg,Louboutin,bird
data/thin/hq/mantis_PNG14.jpg,Mantis,"ant, bee, cockroach, fly, mantis"
data/thin/hq/mantis_PNG17.jpg,Mantis,"ant, bee, cockroach, fly, mantis"
data/thin/hq/mantis_PNG35.jpg,Mantis,"ant, bee, butterfly, cricket, fly, mantis, moth, spider"
data/thin/hq/mantis_PNG37.jpg,Mantis,"Sorry, as a base VLM I am not trained to answer this question."
data/thin/hq/mantis_PNG55.jpg,Mantis,"ant, bee, bird, caterpillar, crab, fly, grasshopper, mantis"
data/thin/hq/mantis_PNG59.jpg,Mantis,"ant, beetle, bug, cricket, fly, grasshopper, honey bee, mantis, moth, mosquito, fly, termite, termite, ant"
data/thin/hq/mantis_PNG60.jpg,Mantis,"animal, insect, invertebrate"
data/thin/hq/mantis_PNG71.jpg,Mantis,"ant, bee, bird, bug, caterpillar, crab, fly, grasshopper, honey bee, moth, mosquito, snail, spider"
data/thin/hq/megaphone_PNG113.jpg,Megaphone,"Sorry, as a base VLM I am not trained to answer this question."
data/thin/hq/megaphone_PNG116.jpg,Megaphone,"Sorry, as a base VLM I am not trained to answer this question."
data/thin/hq/megaphone_PNG14.jpg,Megaphone,"Sorry, as a base VLM I am not trained to answer this question."
data/thin/hq/megaphone_PNG30.jpg,Megaphone,"Sorry, as a base VLM I am not trained to answer this question."
data/thin/hq/megaphone_PNG31.jpg,Megaphone,"Sorry, as a base VLM I am not trained to answer this question."
data/thin/hq/megaphone_PNG39.jpg,Megaphone,"Sorry, as a base VLM I am not trained to answer this question."
data/thin/hq/megaphone_PNG91.jpg,Megaphone,"Sorry, as a base VLM I am not trained to answer this question."
data/thin/hq/microphone_PNG7900.jpg,Microphone,"Sorry, as a base VLM I am not trained to answer this question."
data/thin/hq/microphone_PNG7920.jpg,Microphone,"Sorry, as a base VLM I am not trained to answer this question."
data/thin/hq/moose_PNG1.jpg,Moose,"Sorry, as a base VLM I am not trained to answer this question."
data/thin/hq/moose_PNG13.jpg,Moose,"Sorry, as a base VLM I am not trained to answer this question."
data/thin/hq/moose_PNG2.jpg,Moose,"Sorry, as a base VLM I am not trained to answer this question."
data/thin/hq/moose_PNG27.jpg,Moose,"Sorry, as a base VLM I am not trained to answer this question."
data/thin/hq/moose_PNG28.jpg,Moose,bird
data/thin/hq/moose_PNG39.jpg,Moose,"Sorry, as a base VLM I am not trained to answer this question."
data/thin/hq/moose_PNG40.jpg,Moose,bird
data/thin/hq/moose_PNG41.jpg,Moose,"Sorry, as a base VLM I am not trained to answer this question."
data/thin/hq/moose_PNG50.jpg,Moose,"Sorry, as a base VLM I am not trained to answer this question."
data/thin/hq/moose_PNG64.jpg,Moose,bird
data/thin/hq/moose_PNG65.jpg,Moose,"Sorry, as a base VLM I am not trained to answer this question."
data/thin/hq/mop_PNG10.jpg,Mop,"Sorry, as a base VLM I am not trained to answer this question."
data/thin/hq/mop_PNG12.jpg,Mop,bird
data/thin/hq/mop_PNG13.jpg,Mop,"Sorry, as a base VLM I am not trained to answer this question."
data/thin/hq/mop_PNG15.jpg,Mop,"Sorry, as a base VLM I am not trained to answer this question."
data/thin/hq/mop_PNG19.jpg,Mop,"Sorry, as a base VLM I am not trained to answer this question."
data/thin/hq/mop_PNG20a.jpg,Mop,"Sorry, as a base VLM I am not trained to answer this question."
data/thin/hq/mop_PNG20b.jpg,Mop,"Sorry, as a base VLM I am not trained to answer this question."
data/thin/hq/mop_PNG21.jpg,Mop,"Sorry, as a base VLM I am not trained to answer this question."
data/thin/hq/mop_PNG22.jpg,Mop,"Sorry, as a base VLM I am not trained to answer this question."
data/thin/hq/mop_PNG23.jpg,Mop,"Sorry, as a base VLM I am not trained to answer this question."
data/thin/hq/mop_PNG24.jpg,Mop,unanswerable
data/thin/hq/mop_PNG25.jpg,Mop,"Sorry, as a base VLM I am not trained to answer this question."
data/thin/hq/mop_PNG28.jpg,Mop,"ant, bee, dragonfly"
data/thin/hq/mop_PNG34.jpg,Mop,bird
data/thin/hq/mop_PNG35.jpg,Mop,horse
data/thin/hq/mop_PNG36.jpg,Mop,"Sorry, as a base VLM I am not trained to answer this question."
data/thin/hq/mop_PNG37.jpg,Mop,"Sorry, as a base VLM I am not trained to answer this question."
data/thin/hq/mop_PNG38.jpg,Mop,bird
data/thin/hq/mop_PNG4.jpg,Mop,"Sorry, as a base VLM I am not trained to answer this question."
data/thin/hq/mop_PNG41.jpg,Mop,"Sorry, as a base VLM I am not trained to answer this question."
data/thin/hq/mop_PNG44.jpg,Mop,"Sorry, as a base VLM I am not trained to answer this question."
data/thin/hq/mop_PNG45.jpg,Mop,bird
data/thin/hq/mop_PNG46.jpg,Mop,"Sorry, as a base VLM I am not trained to answer this question."
data/thin/hq/mop_PNG48.jpg,Mop,"Sorry, as a base VLM I am not trained to answer this question."
data/thin/hq/mop_PNG52.jpg,Mop,"Sorry, as a base VLM I am not trained to answer this question."
data/thin/hq/mop_PNG58.jpg,Mop,"Sorry, as a base VLM I am not trained to answer this question."
data/thin/hq/mop_PNG6.jpg,Mop,"Sorry, as a base VLM I am not trained to answer this question."
data/thin/hq/mop_PNG66.jpg,Mop,bird
data/thin/hq/mop_PNG68.jpg,Mop,"Sorry, as a base VLM I am not trained to answer this question."
data/thin/hq/mop_PNG70.jpg,Mop,"Sorry, as a base VLM I am not trained to answer this question."
data/thin/hq/mop_PNG71.jpg,Mop,"Sorry, as a base VLM I am not trained to answer this question."
data/thin/hq/mop_PNG74.jpg,Mop,"Sorry, as a base VLM I am not trained to answer this question."
data/thin/hq/mop_PNG75a.jpg,Mop,"Sorry, as a base VLM I am not trained to answer this question."
data/thin/hq/mop_PNG75b.jpg,Mop,"Sorry, as a base VLM I am not trained to answer this question."
data/thin/hq/mop_PNG78.jpg,Mop,bird
data/thin/hq/mop_PNG79.jpg,Mop,"Sorry, as a base VLM I am not trained to answer this question."
data/thin/hq/mop_PNG81.jpg,Mop,"Sorry, as a base VLM I am not trained to answer this question."
data/thin/hq/mop_PNG83.jpg,Mop,bird
data/thin/hq/mop_PNG84.jpg,Mop,"Sorry, as a base VLM I am not trained to answer this question."
data/thin/hq/mop_PNG85.jpg,Mop,"Sorry, as a base VLM I am not trained to answer this question."
data/thin/hq/mop_PNG90.jpg,Mop,"Sorry, as a base VLM I am not trained to answer this question."
data/thin/hq/mop_PNG91.jpg,Mop,"Sorry, as a base VLM I am not trained to answer this question."
data/thin/hq/mop_PNG92.jpg,Mop,"Sorry, as a base VLM I am not trained to answer this question."
data/thin/hq/mortar_PNG1.jpg,Mortar,"Sorry, as a base VLM I am not trained to answer this question."
data/thin/hq/mortar_PNG12.jpg,Mortar,"Sorry, as a base VLM I am not trained to answer this question."
data/thin/hq/mortar_PNG13.jpg,Mortar,"Sorry, as a base VLM I am not trained to answer this question."
data/thin/hq/mortar_PNG15.jpg,Mortar,"Sorry, as a base VLM I am not trained to answer this question."
data/thin/hq/mortar_PNG17.jpg,Mortar,"Sorry, as a base VLM I am not trained to answer this question."
data/thin/hq/mortar_PNG18.jpg,Mortar,"Sorry, as a base VLM I am not trained to answer this question."
data/thin/hq/mortar_PNG21.jpg,Mortar,"Sorry, as a base VLM I am not trained to answer this question."
data/thin/hq/mortar_PNG22.jpg,Mortar,"Sorry, as a base VLM I am not trained to answer this question."
data/thin/hq/mortar_PNG24.jpg,Mortar,bird
data/thin/hq/mortar_PNG25.jpg,Mortar,"Sorry, as a base VLM I am not trained to answer this question."
data/thin/hq/mortar_PNG27.jpg,Mortar,"Sorry, as a base VLM I am not trained to answer this question."
data/thin/hq/mortar_PNG4.jpg,Mortar,bird
data/thin/hq/mortar_PNG5.jpg,Mortar,bird
data/thin/hq/mortar_PNG7.jpg,Mortar,bird
data/thin/hq/mortar_PNG8.jpg,Mortar,bird
data/thin/hq/mortar_PNG9.jpg,Mortar,bird
data/thin/hq/mosquito_PNG18153.jpg,Mosquito,"Sorry, as a base VLM I am not trained to answer this question."
data/thin/hq/mosquito_PNG18154.jpg,Mosquito,"ant, insect, spider"
data/thin/hq/mosquito_PNG18159.jpg,Mosquito,"Sorry, as a base VLM I am not trained to answer this question."
data/thin/hq/mosquito_PNG18164.jpg,Mosquito,"ant, bee, cockroach, mosquito"
data/thin/hq/mosquito_PNG18167.jpg,Mosquito,"animal, insect, mosquito"
data/thin/hq/mosquito_PNG18175.jpg,Mosquito,"ant, bee, cockroach, mosquito"
data/thin/hq/mosquito_PNG18177a.jpg,Mosquito,"Sorry, as a base VLM I am not trained to answer this question."
data/thin/hq/mosquito_PNG18177b.jpg,Mosquito,"Sorry, as a base VLM I am not trained to answer this question."
data/thin/hq/motorcycle_PNG3131.jpg,Motorcycle,"Sorry, as a base VLM I am not trained to answer this question."
data/thin/hq/motorcycle_PNG3132.jpg,Motorcycle,"Sorry, as a base VLM I am not trained to answer this question."
data/thin/hq/motorcycle_PNG3136.jpg,Motorcycle,"Sorry, as a base VLM I am not trained to answer this question."
data/thin/hq/motorcycle_PNG3137.jpg,Motorcycle,"Sorry, as a base VLM I am not trained to answer this question."
data/thin/hq/motorcycle_PNG3147.jpg,Motorcycle,"Sorry, as a base VLM I am not trained to answer this question."
data/thin/hq/motorcycle_PNG3151.jpg,Motorcycle,"Sorry, as a base VLM I am not trained to answer this question."
data/thin/hq/motorcycle_PNG3152.jpg,Motorcycle,"Sorry, as a base VLM I am not trained to answer this question."
data/thin/hq/motorcycle_PNG3157.jpg,Motorcycle,"Sorry, as a base VLM I am not trained to answer this question."
data/thin/hq/motorcycle_PNG3158.jpg,Motorcycle,"Sorry, as a base VLM I am not trained to answer this question."
data/thin/hq/motorcycle_PNG3159.jpg,Motorcycle,"Sorry, as a base VLM I am not trained to answer this question."
data/thin/hq/motorcycle_PNG3161.jpg,Motorcycle,"Sorry, as a base VLM I am not trained to answer this question."
data/thin/hq/motorcycle_PNG3163.jpg,Motorcycle,"Sorry, as a base VLM I am not trained to answer this question."
data/thin/hq/motorcycle_PNG3167.jpg,Motorcycle,bird
data/thin/hq/motorcycle_PNG3174.jpg,Motorcycle,"Sorry, as a base VLM I am not trained to answer this question."
data/thin/hq/motorcycle_PNG3175.jpg,Motorcycle,"Sorry, as a base VLM I am not trained to answer this question."
data/thin/hq/motorcycle_PNG3177.jpg,Motorcycle,"Sorry, as a base VLM I am not trained to answer this question."
data/thin/hq/motorcycle_PNG5348.jpg,Motorcycle,"Sorry, as a base VLM I am not trained to answer this question."
data/thin/hq/octopus_PNG1.jpg,Octopus,"Sorry, as a base VLM I am not trained to answer this question."
data/thin/hq/octopus_PNG11.jpg,Octopus,"animal, octopus"
data/thin/hq/octopus_PNG16.jpg,Octopus,"animal, octopus"
data/thin/hq/ostrich_PNG17.jpg,Ostrich,bird
data/thin/hq/ostrich_PNG76984.jpg,Ostrich,ostrich
data/thin/hq/paddle_PNG10494.jpg,Paddle,bird
data/thin/hq/paddle_PNG10495a.jpg,Paddle,"Sorry, as a base VLM I am not trained to answer this question."
data/thin/hq/paddle_PNG10495b.jpg,Paddle,"Sorry, as a base VLM I am not trained to answer this question."
data/thin/hq/paddle_PNG10496a.jpg,Paddle,"Sorry, as a base VLM I am not trained to answer this question."
data/thin/hq/paddle_PNG10496b.jpg,Paddle,"Sorry, as a base VLM I am not trained to answer this question."
data/thin/hq/paddle_PNG10500.jpg,Paddle,"Sorry, as a base VLM I am not trained to answer this question."
data/thin/hq/paddle_PNG10501.jpg,Paddle,"Sorry, as a base VLM I am not trained to answer this question."
data/thin/hq/paddle_PNG10503.jpg,Paddle,"Sorry, as a base VLM I am not trained to answer this question."
data/thin/hq/paddle_PNG10504.jpg,Paddle,"Sorry, as a base VLM I am not trained to answer this question."
data/thin/hq/paddle_PNG10505.jpg,Paddle,"Sorry, as a base VLM I am not trained to answer this question."
data/thin/hq/paddle_PNG10507.jpg,Paddle,"Sorry, as a base VLM I am not trained to answer this question."
data/thin/hq/paddle_PNG10508.jpg,Paddle,"Sorry, as a base VLM I am not trained to answer this question."
data/thin/hq/paddle_PNG10509.jpg,Paddle,"Sorry, as a base VLM I am not trained to answer this question."
data/thin/hq/paddle_PNG10512.jpg,Paddle,"Sorry, as a base VLM I am not trained to answer this question."
data/thin/hq/paddle_PNG10513.jpg,Paddle,bird
data/thin/hq/paddle_PNG10514.jpg,Paddle,"Sorry, as a base VLM I am not trained to answer this question."
data/thin/hq/paddle_PNG10515.jpg,Paddle,bird
data/thin/hq/paddle_PNG10516.jpg,Paddle,"Sorry, as a base VLM I am not trained to answer this question."
data/thin/hq/paddle_PNG10518.jpg,Paddle,"Sorry, as a base VLM I am not trained to answer this question."
data/thin/hq/paddle_PNG10519.jpg,Paddle,"Sorry, as a base VLM I am not trained to answer this question."
data/thin/hq/paddle_PNG10520.jpg,Paddle,"Sorry, as a base VLM I am not trained to answer this question."
data/thin/hq/padlock_PNG9401a.jpg,Padlock,bird
data/thin/hq/padlock_PNG9402.jpg,Padlock,"Sorry, as a base VLM I am not trained to answer this question."
data/thin/hq/padlock_PNG9420a.jpg,Padlock,"Sorry, as a base VLM I am not trained to answer this question."
data/thin/hq/padlock_PNG9421.jpg,Padlock,"Sorry, as a base VLM I am not trained to answer this question."
data/thin/hq/padlock_PNG9422.jpg,Padlock,"Sorry, as a base VLM I am not trained to answer this question."
data/thin/hq/padlock_PNG9424a.jpg,Padlock,cat
data/thin/hq/padlock_PNG9425.jpg,Padlock,"Sorry, as a base VLM I am not trained to answer this question."
data/thin/hq/padlock_PNG9427.jpg,Padlock,bird
data/thin/hq/padlock_PNG9428.jpg,Padlock,"Sorry, as a base VLM I am not trained to answer this question."
data/thin/hq/padlock_PNG9429a.jpg,Padlock,bird
data/thin/hq/padlock_PNG9429b.jpg,Padlock,bird
data/thin/hq/padlock_PNG9429c.jpg,Padlock,bird
data/thin/hq/padlock_PNG9429d.jpg,Padlock,"Sorry, as a base VLM I am not trained to answer this question."
data/thin/hq/padlock_PNG9430a.jpg,Padlock,"Sorry, as a base VLM I am not trained to answer this question."
data/thin/hq/padlock_PNG9431.jpg,Padlock,"Sorry, as a base VLM I am not trained to answer this question."
data/thin/hq/padlock_PNG9432.jpg,Padlock,"Sorry, as a base VLM I am not trained to answer this question."
data/thin/hq/padlock_PNG9433.jpg,Padlock,"Sorry, as a base VLM I am not trained to answer this question."
data/thin/hq/padlock_PNG9434.jpg,Padlock,"Sorry, as a base VLM I am not trained to answer this question."
data/thin/hq/padlock_PNG9435.jpg,Padlock,"Sorry, as a base VLM I am not trained to answer this question."
data/thin/hq/padlock_PNG9436.jpg,Padlock,bird
data/thin/hq/palm_tree_PNG2487.jpg,Palm Tree,"Sorry, as a base VLM I am not trained to answer this question."
data/thin/hq/parachute_PNG19417.jpg,Parachute,"Sorry, as a base VLM I am not trained to answer this question."
data/thin/hq/parachute_PNG19424.jpg,Parachute,"Sorry, as a base VLM I am not trained to answer this question."
data/thin/hq/parachute_PNG19425.jpg,Parachute,bird
data/thin/hq/parachute_PNG19426.jpg,Parachute,bird
data/thin/hq/pear_PNG3443.jpg,Pear,"Sorry, as a base VLM I am not trained to answer this question."
data/thin/hq/pear_PNG3452.jpg,Pear,"Sorry, as a base VLM I am not trained to answer this question."
data/thin/hq/pear_PNG3459.jpg,Pear,"Sorry, as a base VLM I am not trained to answer this question."
data/thin/hq/pear_PNG3460.jpg,Pear,"Sorry, as a base VLM I am not trained to answer this question."
data/thin/hq/pear_PNG3462.jpg,Pear,"Sorry, as a base VLM I am not trained to answer this question."
data/thin/hq/piano_PNG10871.jpg,Piano,"Sorry, as a base VLM I am not trained to answer this question."
data/thin/hq/piano_PNG10875.jpg,Piano,"Sorry, as a base VLM I am not trained to answer this question."
data/thin/hq/piano_PNG10880.jpg,Piano,"Sorry, as a base VLM I am not trained to answer this question."
data/thin/hq/piano_PNG10881.jpg,Piano,"Sorry, as a base VLM I am not trained to answer this question."
data/thin/hq/piano_PNG10883.jpg,Piano,"Sorry, as a base VLM I am not trained to answer this question."
data/thin/hq/piano_PNG10885.jpg,Piano,piano
data/thin/hq/piano_PNG10887.jpg,Piano,"Sorry, as a base VLM I am not trained to answer this question."
data/thin/hq/piano_PNG10892.jpg,Piano,bird
data/thin/hq/piano_PNG10894.jpg,Piano,bird
data/thin/hq/pineapple_PNG2728.jpg,Pineapple,"Sorry, as a base VLM I am not trained to answer this question."
data/thin/hq/pineapple_PNG2731a.jpg,Pineapple,"Sorry, as a base VLM I am not trained to answer this question."
data/thin/hq/pineapple_PNG2731b.jpg,Pineapple,pineapple
data/thin/hq/pineapple_PNG2734.jpg,Pineapple,"Sorry, as a base VLM I am not trained to answer this question."
data/thin/hq/pineapple_PNG2742.jpg,Pineapple,"Sorry, as a base VLM I am not trained to answer this question."
data/thin/hq/pineapple_PNG2746.jpg,Pineapple,"Sorry, as a base VLM I am not trained to answer this question."
data/thin/hq/pineapple_PNG2749.jpg,Pineapple,"Sorry, as a base VLM I am not trained to answer this question."
data/thin/hq/pineapple_PNG2750.jpg,Pineapple,"Sorry, as a base VLM I am not trained to answer this question."
data/thin/hq/plier_PNG10043.jpg,Plier,"Sorry, as a base VLM I am not trained to answer this question."
data/thin/hq/plier_PNG10045.jpg,Plier,"Sorry, as a base VLM I am not trained to answer this question."
data/thin/hq/plier_PNG10068.jpg,Plier,"Sorry, as a base VLM I am not trained to answer this question."
data/thin/hq/plier_PNG10071.jpg,Plier,"Sorry, as a base VLM I am not trained to answer this question."
data/thin/hq/plier_PNG10072.jpg,Plier,bird
data/thin/hq/plier_PNG10073.jpg,Plier,"Sorry, as a base VLM I am not trained to answer this question."
data/thin/hq/plunger_PNG10.jpg,Plunger,"Sorry, as a base VLM I am not trained to answer this question."
data/thin/hq/plunger_PNG12.jpg,Plunger,"Sorry, as a base VLM I am not trained to answer this question."
data/thin/hq/plunger_PNG13.jpg,Plunger,"Sorry, as a base VLM I am not trained to answer this question."
data/thin/hq/plunger_PNG16.jpg,Plunger,"Sorry, as a base VLM I am not trained to answer this question."
data/thin/hq/plunger_PNG17.jpg,Plunger,"Sorry, as a base VLM I am not trained to answer this question."
data/thin/hq/plunger_PNG18.jpg,Plunger,"Sorry, as a base VLM I am not trained to answer this question."
data/thin/hq/plunger_PNG23.jpg,Plunger,"Sorry, as a base VLM I am not trained to answer this question."
data/thin/hq/plunger_PNG27.jpg,Plunger,"Sorry, as a base VLM I am not trained to answer this question."
data/thin/hq/plunger_PNG29.jpg,Plunger,"Sorry, as a base VLM I am not trained to answer this question."
data/thin/hq/plunger_PNG3.jpg,Plunger,"Sorry, as a base VLM I am not trained to answer this question."
data/thin/hq/plunger_PNG30.jpg,Plunger,"Sorry, as a base VLM I am not trained to answer this question."
data/thin/hq/plunger_PNG33.jpg,Plunger,"Sorry, as a base VLM I am not trained to answer this question."
data/thin/hq/plunger_PNG4.jpg,Plunger,"Sorry, as a base VLM I am not trained to answer this question."
data/thin/hq/plunger_PNG7.jpg,Plunger,"Sorry, as a base VLM I am not trained to answer this question."
data/thin/hq/pram_PNG17877.jpg,Pram,"Sorry, as a base VLM I am not trained to answer this question."
data/thin/hq/pram_PNG17878.jpg,Pram,"Sorry, as a base VLM I am not trained to answer this question."
data/thin/hq/pram_PNG17880.jpg,Pram,"Sorry, as a base VLM I am not trained to answer this question."
data/thin/hq/pram_PNG17881.jpg,Pram,bird
data/thin/hq/pram_PNG17882.jpg,Pram,"Sorry, as a base VLM I am not trained to answer this question."
data/thin/hq/pram_PNG17883.jpg,Pram,"Sorry, as a base VLM I am not trained to answer this question."
data/thin/hq/pram_PNG17884.jpg,Pram,"Sorry, as a base VLM I am not trained to answer this question."
data/thin/hq/pram_PNG17885.jpg,Pram,"Sorry, as a base VLM I am not trained to answer this question."
data/thin/hq/pram_PNG17886.jpg,Pram,"Sorry, as a base VLM I am not trained to answer this question."
data/thin/hq/pram_PNG17891.jpg,Pram,"Sorry, as a base VLM I am not trained to answer this question."
data/thin/hq/pram_PNG17893.jpg,Pram,bird
data/thin/hq/pram_PNG17897.jpg,Pram,"Sorry, as a base VLM I am not trained to answer this question."
data/thin/hq/pram_PNG17899.jpg,Pram,"Sorry, as a base VLM I am not trained to answer this question."
data/thin/hq/pram_PNG17902.jpg,Pram,"Sorry, as a base VLM I am not trained to answer this question."
data/thin/hq/pram_PNG17905.jpg,Pram,"Sorry, as a base VLM I am not trained to answer this question."
data/thin/hq/pram_PNG17907.jpg,Pram,"Sorry, as a base VLM I am not trained to answer this question."
data/thin/hq/pram_PNG17909.jpg,Pram,"Sorry, as a base VLM I am not trained to answer this question."
data/thin/hq/punching_bag_PNG1.jpg,Punching Bag,"Sorry, as a base VLM I am not trained to answer this question."
data/thin/hq/punching_bag_PNG12.jpg,Punching Bag,bird
data/thin/hq/punching_bag_PNG14.jpg,Punching Bag,"Sorry, as a base VLM I am not trained to answer this question."
data/thin/hq/punching_bag_PNG19.jpg,Punching Bag,"Sorry, as a base VLM I am not trained to answer this question."
data/thin/hq/punching_bag_PNG2.jpg,Punching Bag,"Sorry, as a base VLM I am not trained to answer this question."
data/thin/hq/punching_bag_PNG21.jpg,Punching Bag,"Sorry, as a base VLM I am not trained to answer this question."
data/thin/hq/punching_bag_PNG23.jpg,Punching Bag,"Sorry, as a base VLM I am not trained to answer this question."
data/thin/hq/punching_bag_PNG27.jpg,Punching Bag,"Sorry, as a base VLM I am not trained to answer this question."
data/thin/hq/punching_bag_PNG29.jpg,Punching Bag,"Sorry, as a base VLM I am not trained to answer this question."
data/thin/hq/punching_bag_PNG30.jpg,Punching Bag,unanswerable
data/thin/hq/punching_bag_PNG32.jpg,Punching Bag,"Sorry, as a base VLM I am not trained to answer this question."
data/thin/hq/punching_bag_PNG38.jpg,Punching Bag,"Sorry, as a base VLM I am not trained to answer this question."
data/thin/hq/punching_bag_PNG4.jpg,Punching Bag,"Sorry, as a base VLM I am not trained to answer this question."
data/thin/hq/punching_bag_PNG43.jpg,Punching Bag,"Sorry, as a base VLM I am not trained to answer this question."
data/thin/hq/punching_bag_PNG46.jpg,Punching Bag,"Sorry, as a base VLM I am not trained to answer this question."
data/thin/hq/punching_bag_PNG55.jpg,Punching Bag,bird
data/thin/hq/punching_bag_PNG56.jpg,Punching Bag,"Sorry, as a base VLM I am not trained to answer this question."
data/thin/hq/punching_bag_PNG58.jpg,Punching Bag,"Sorry, as a base VLM I am not trained to answer this question."
data/thin/hq/punching_bag_PNG59.jpg,Punching Bag,"Sorry, as a base VLM I am not trained to answer this question."
data/thin/hq/punching_bag_PNG6.jpg,Punching Bag,"Sorry, as a base VLM I am not trained to answer this question."
data/thin/hq/punching_bag_PNG60.jpg,Punching Bag,"Sorry, as a base VLM I am not trained to answer this question."
data/thin/hq/punching_bag_PNG64.jpg,Punching Bag,"Sorry, as a base VLM I am not trained to answer this question."
data/thin/hq/punching_bag_PNG67.jpg,Punching Bag,"Sorry, as a base VLM I am not trained to answer this question."
data/thin/hq/punching_bag_PNG70.jpg,Punching Bag,"Sorry, as a base VLM I am not trained to answer this question."
data/thin/hq/punching_bag_PNG76.jpg,Punching Bag,"Sorry, as a base VLM I am not trained to answer this question."
data/thin/hq/punching_bag_PNG77.jpg,Punching Bag,bird
data/thin/hq/punching_bag_PNG78.jpg,Punching Bag,"Sorry, as a base VLM I am not trained to answer this question."
data/thin/hq/punching_bag_PNG79a.jpg,Punching Bag,"Sorry, as a base VLM I am not trained to answer this question."
data/thin/hq/punching_bag_PNG79b.jpg,Punching Bag,"Sorry, as a base VLM I am not trained to answer this question."
data/thin/hq/punching_bag_PNG79c.jpg,Punching Bag,bird
data/thin/hq/punching_bag_PNG81.jpg,Punching Bag,"Sorry, as a base VLM I am not trained to answer this question."
data/thin/hq/punching_bag_PNG82.jpg,Punching Bag,"Sorry, as a base VLM I am not trained to answer this question."
data/thin/hq/radio_PNG19272.jpg,Radio,"Sorry, as a base VLM I am not trained to answer this question."
data/thin/hq/radio_PNG19281.jpg,Radio,"Sorry, as a base VLM I am not trained to answer this question."
data/thin/hq/radio_PNG19290.jpg,Radio,"Sorry, as a base VLM I am not trained to answer this question."
data/thin/hq/radio_PNG19297.jpg,Radio,bird
data/thin/hq/rat_mouse_PNG23530.jpg,Rat Mouse,"Sorry, as a base VLM I am not trained to answer this question."
data/thin/hq/rat_mouse_PNG23531.jpg,Rat Mouse,"Sorry, as a base VLM I am not trained to answer this question."
data/thin/hq/rat_mouse_PNG23537.jpg,Rat Mouse,mouse
data/thin/hq/rat_mouse_PNG23538.jpg,Rat Mouse,"animal, bird, mammal"
data/thin/hq/rat_mouse_PNG23550.jpg,Rat Mouse,bird
data/thin/hq/rat_mouse_PNG23551.jpg,Rat Mouse,"Sorry, as a base VLM I am not trained to answer this question."
data/thin/hq/rat_mouse_PNG23552.jpg,Rat Mouse,"Sorry, as a base VLM I am not trained to answer this question."
data/thin/hq/rat_mouse_PNG23553.jpg,Rat Mouse,"Sorry, as a base VLM I am not trained to answer this question."
data/thin/hq/rat_mouse_PNG23554.jpg,Rat Mouse,"Sorry, as a base VLM I am not trained to answer this question."
data/thin/hq/rat_mouse_PNG23555.jpg,Rat Mouse,"Sorry, as a base VLM I am not trained to answer this question."
data/thin/hq/raven_PNG14.jpg,Raven,bird
data/thin/hq/raven_PNG22.jpg,Raven,bird
data/thin/hq/raven_PNG31.jpg,Raven,bird
data/thin/hq/raven_PNG35.jpg,Raven,bird
data/thin/hq/raven_PNG37.jpg,Raven,bird
data/thin/hq/raven_PNG42.jpg,Raven,bird
data/thin/hq/raven_PNG47.jpg,Raven,bird
data/thin/hq/raven_PNG49.jpg,Raven,bird
data/thin/hq/raven_PNG50.jpg,Raven,bird
data/thin/hq/raven_PNG52.jpg,Raven,bird
data/thin/hq/raven_PNG53.jpg,Raven,bird
data/thin/hq/raven_PNG55.jpg,Raven,"Sorry, as a base VLM I am not trained to answer this question."
data/thin/hq/raven_PNG60.jpg,Raven,bird
data/thin/hq/raven_PNG7.jpg,Raven,bird
data/thin/hq/raven_PNG70.jpg,Raven,bird
data/thin/hq/raven_PNG95.jpg,Raven,bird
data/thin/hq/raven_PNG98.jpg,Raven,bird
data/thin/hq/roller_skates_PNG44.jpg,Roller Skates,"Sorry, as a base VLM I am not trained to answer this question."
data/thin/hq/roller_skates_PNG73.jpg,Roller Skates,"Sorry, as a base VLM I am not trained to answer this question."
data/thin/hq/roller_skates_PNG86.jpg,Roller Skates,"Sorry, as a base VLM I am not trained to answer this question."
data/thin/hq/roller_skates_PNG87.jpg,Roller Skates,"Sorry, as a base VLM I am not trained to answer this question."
data/thin/hq/roller_skates_PNG94.jpg,Roller Skates,"Sorry, as a base VLM I am not trained to answer this question."
data/thin/hq/rose_PNG66693.jpg,Rose,"Sorry, as a base VLM I am not trained to answer this question."
data/thin/hq/rose_PNG66694.jpg,Rose,"Sorry, as a base VLM I am not trained to answer this question."
data/thin/hq/rose_PNG66696.jpg,Rose,"Sorry, as a base VLM I am not trained to answer this question."
data/thin/hq/rose_PNG66700.jpg,Rose,"Sorry, as a base VLM I am not trained to answer this question."
data/thin/hq/rose_PNG66758.jpg,Rose,"Sorry, as a base VLM I am not trained to answer this question."
data/thin/hq/rose_PNG66768.jpg,Rose,"Sorry, as a base VLM I am not trained to answer this question."
data/thin/hq/rose_PNG66783.jpg,Rose,bird
data/thin/hq/rose_PNG66787a.jpg,Rose,"Sorry, as a base VLM I am not trained to answer this question."
data/thin/hq/rose_PNG66787b.jpg,Rose,"Sorry, as a base VLM I am not trained to answer this question."
data/thin/hq/rose_PNG66788a.jpg,Rose,bird
data/thin/hq/rose_PNG66788b.jpg,Rose,"Sorry, as a base VLM I am not trained to answer this question."
data/thin/hq/rose_PNG66789.jpg,Rose,"Sorry, as a base VLM I am not trained to answer this question."
data/thin/hq/rose_PNG66794.jpg,Rose,"Sorry, as a base VLM I am not trained to answer this question."
data/thin/hq/rose_PNG66819.jpg,Rose,bird
data/thin/hq/rose_PNG66828.jpg,Rose,bird
data/thin/hq/rose_PNG66878.jpg,Rose,"Sorry, as a base VLM I am not trained to answer this question."
data/thin/hq/rose_PNG66948.jpg,Rose,"Sorry, as a base VLM I am not trained to answer this question."
data/thin/hq/rose_PNG66993.jpg,Rose,bird
data/thin/hq/rose_PNG67008.jpg,Rose,bird
data/thin/hq/samovar_PNG1.jpg,Samovar,"Sorry, as a base VLM I am not trained to answer this question."
data/thin/hq/samovar_PNG12.jpg,Samovar,"Sorry, as a base VLM I am not trained to answer this question."
data/thin/hq/samovar_PNG13.jpg,Samovar,"Sorry, as a base VLM I am not trained to answer this question."
data/thin/hq/samovar_PNG2.jpg,Samovar,"Sorry, as a base VLM I am not trained to answer this question."
data/thin/hq/samovar_PNG23.jpg,Samovar,cat
data/thin/hq/samovar_PNG36.jpg,Samovar,"Sorry, as a base VLM I am not trained to answer this question."
data/thin/hq/samovar_PNG39.jpg,Samovar,"Sorry, as a base VLM I am not trained to answer this question."
data/thin/hq/samovar_PNG42.jpg,Samovar,"Sorry, as a base VLM I am not trained to answer this question."
data/thin/hq/samovar_PNG43.jpg,Samovar,"Sorry, as a base VLM I am not trained to answer this question."
data/thin/hq/samovar_PNG45.jpg,Samovar,"Sorry, as a base VLM I am not trained to answer this question."
data/thin/hq/samovar_PNG55.jpg,Samovar,"Sorry, as a base VLM I am not trained to answer this question."
data/thin/hq/samovar_PNG6.jpg,Samovar,"Sorry, as a base VLM I am not trained to answer this question."
data/thin/hq/samovar_PNG66.jpg,Samovar,"Sorry, as a base VLM I am not trained to answer this question."
data/thin/hq/samovar_PNG67.jpg,Samovar,"Sorry, as a base VLM I am not trained to answer this question."
data/thin/hq/samovar_PNG68.jpg,Samovar,"Sorry, as a base VLM I am not trained to answer this question."
data/thin/hq/samovar_PNG88.jpg,Samovar,"Sorry, as a base VLM I am not trained to answer this question."
data/thin/hq/samovar_PNG90.jpg,Samovar,"Sorry, as a base VLM I am not trained to answer this question."
data/thin/hq/samovar_PNG93.jpg,Samovar,"Sorry, as a base VLM I am not trained to answer this question."
data/thin/hq/samovar_PNG94.jpg,Samovar,"Sorry, as a base VLM I am not trained to answer this question."
data/thin/hq/samovar_PNG95.jpg,Samovar,"Sorry, as a base VLM I am not trained to answer this question."
data/thin/hq/sandals_PNG9671.jpg,Sandals,bird
data/thin/hq/sandals_PNG9681a.jpg,Sandals,bird
data/thin/hq/sandals_PNG9691.jpg,Sandals,"Sorry, as a base VLM I am not trained to answer this question."
data/thin/hq/sandals_PNG9695.jpg,Sandals,"Sorry, as a base VLM I am not trained to answer this question."
data/thin/hq/sandals_PNG9708.jpg,Sandals,"Sorry, as a base VLM I am not trained to answer this question."
data/thin/hq/scales_PNG22.jpg,Scales,"Sorry, as a base VLM I am not trained to answer this question."
data/thin/hq/scales_PNG35.jpg,Scales,"Sorry, as a base VLM I am not trained to answer this question."
data/thin/hq/scales_PNG4.jpg,Scales,bird
data/thin/hq/scales_PNG5.jpg,Scales,bird
data/thin/hq/scales_PNG61.jpg,Scales,"Sorry, as a base VLM I am not trained to answer this question."
data/thin/hq/scales_PNG78.jpg,Scales,bird
data/thin/hq/scissors_PNG0.jpg,Scissors,bird
data/thin/hq/scissors_PNG10.jpg,Scissors,"Sorry, as a base VLM I am not trained to answer this question."
data/thin/hq/scissors_PNG11.jpg,Scissors,"Sorry, as a base VLM I am not trained to answer this question."
data/thin/hq/scissors_PNG12.jpg,Scissors,bird
data/thin/hq/scissors_PNG13.jpg,Scissors,"Sorry, as a base VLM I am not trained to answer this question."
data/thin/hq/scissors_PNG14.jpg,Scissors,bird
data/thin/hq/scissors_PNG15.jpg,Scissors,"Sorry, as a base VLM I am not trained to answer this question."
data/thin/hq/scissors_PNG17.jpg,Scissors,bird
data/thin/hq/scissors_PNG18.jpg,Scissors,bird
data/thin/hq/scissors_PNG2.jpg,Scissors,bird
data/thin/hq/scissors_PNG20.jpg,Scissors,bird
data/thin/hq/scissors_PNG21.jpg,Scissors,bird
data/thin/hq/scissors_PNG22a.jpg,Scissors,bird
data/thin/hq/scissors_PNG22b.jpg,Scissors,bird
data/thin/hq/scissors_PNG24a.jpg,Scissors,bird
data/thin/hq/scissors_PNG24b.jpg,Scissors,bird
data/thin/hq/scissors_PNG26.jpg,Scissors,"Sorry, as a base VLM I am not trained to answer this question."
data/thin/hq/scissors_PNG27.jpg,Scissors,ostrich
data/thin/hq/scissors_PNG28.jpg,Scissors,bird
data/thin/hq/scissors_PNG31.jpg,Scissors,bird
data/thin/hq/scissors_PNG32.jpg,Scissors,"Sorry, as a base VLM I am not trained to answer this question."
data/thin/hq/scissors_PNG33.jpg,Scissors,"Sorry, as a base VLM I am not trained to answer this question."
data/thin/hq/scissors_PNG34.jpg,Scissors,bird
data/thin/hq/scissors_PNG35.jpg,Scissors,bird
data/thin/hq/scissors_PNG36.jpg,Scissors,"Sorry, as a base VLM I am not trained to answer this question."
data/thin/hq/scissors_PNG37.jpg,Scissors,bird
data/thin/hq/scissors_PNG39b.jpg,Scissors,bird
data/thin/hq/scissors_PNG41.jpg,Scissors,bird
data/thin/hq/scissors_PNG5.jpg,Scissors,bird
data/thin/hq/scissors_PNG6.jpg,Scissors,"Sorry, as a base VLM I am not trained to answer this question."
data/thin/hq/scissors_PNG8.jpg,Scissors,"Sorry, as a base VLM I am not trained to answer this question."
data/thin/hq/scissors_PNG9.jpg,Scissors,"Sorry, as a base VLM I am not trained to answer this question."
data/thin/hq/scooter_PNG11285.jpg,Scooter,bird
data/thin/hq/scooter_PNG11286.jpg,Scooter,"Sorry, as a base VLM I am not trained to answer this question."
data/thin/hq/scooter_PNG11287.jpg,Scooter,bird
data/thin/hq/scooter_PNG11289.jpg,Scooter,"Sorry, as a base VLM I am not trained to answer this question."
data/thin/hq/scooter_PNG11290.jpg,Scooter,bird
data/thin/hq/scooter_PNG11291.jpg,Scooter,bird
data/thin/hq/scooter_PNG11298.jpg,Scooter,"Sorry, as a base VLM I am not trained to answer this question."
data/thin/hq/scooter_PNG11301.jpg,Scooter,bird
data/thin/hq/scooter_PNG11302.jpg,Scooter,bird
data/thin/hq/scooter_PNG11303.jpg,Scooter,bird
data/thin/hq/scooter_PNG11306.jpg,Scooter,"Sorry, as a base VLM I am not trained to answer this question."
data/thin/hq/scooter_PNG11309.jpg,Scooter,bird
data/thin/hq/scooter_PNG11311.jpg,Scooter,bird
data/thin/hq/scooter_PNG11312.jpg,Scooter,"Sorry, as a base VLM I am not trained to answer this question."
data/thin/hq/scooter_PNG11316.jpg,Scooter,bird
data/thin/hq/scooter_PNG11321.jpg,Scooter,"Sorry, as a base VLM I am not trained to answer this question."
data/thin/hq/scooter_PNG11325.jpg,Scooter,bird
data/thin/hq/scooter_PNG11327.jpg,Scooter,"Sorry, as a base VLM I am not trained to answer this question."
data/thin/hq/scooter_PNG11328.jpg,Scooter,bird
data/thin/hq/scooter_PNG11330.jpg,Scooter,"Sorry, as a base VLM I am not trained to answer this question."
data/thin/hq/scooter_PNG11331.jpg,Scooter,"Sorry, as a base VLM I am not trained to answer this question."
data/thin/hq/scooter_PNG11332.jpg,Scooter,"Sorry, as a base VLM I am not trained to answer this question."
data/thin/hq/scooter_PNG11338.jpg,Scooter,"Sorry, as a base VLM I am not trained to answer this question."
data/thin/hq/scorpion_PNG12113a.jpg,Scorpion,scorpion
data/thin/hq/scorpion_PNG12113b.jpg,Scorpion,"Sorry, as a base VLM I am not trained to answer this question."
data/thin/hq/scorpion_PNG12114.jpg,Scorpion,scorpion
data/thin/hq/scorpion_PNG12115.jpg,Scorpion,"Sorry, as a base VLM I am not trained to answer this question."
data/thin/hq/scorpion_PNG12116.jpg,Scorpion,"Sorry, as a base VLM I am not trained to answer this question."
data/thin/hq/scorpion_PNG12117.jpg,Scorpion,"Sorry, as a base VLM I am not trained to answer this question."
data/thin/hq/scorpion_PNG12122.jpg,Scorpion,"Sorry, as a base VLM I am not trained to answer this question."
data/thin/hq/scorpion_PNG12125.jpg,Scorpion,scorpion
data/thin/hq/scorpion_PNG12128.jpg,Scorpion,"Sorry, as a base VLM I am not trained to answer this question."
data/thin/hq/scorpion_PNG12130.jpg,Scorpion,"Sorry, as a base VLM I am not trained to answer this question."
data/thin/hq/scorpion_PNG12136.jpg,Scorpion,scorpion
data/thin/hq/scorpion_PNG12138.jpg,Scorpion,"animal, insect, scorpion"
data/thin/hq/screwdriver_PNG9494.jpg,Screwdriver,bird
data/thin/hq/screwdriver_PNG9496.jpg,Screwdriver,bird
data/thin/hq/screwdriver_PNG9497.jpg,Screwdriver,"Sorry, as a base VLM I am not trained to answer this question."
data/thin/hq/screwdriver_PNG9499.jpg,Screwdriver,"Sorry, as a base VLM I am not trained to answer this question."
data/thin/hq/screwdriver_PNG9502.jpg,Screwdriver,"Sorry, as a base VLM I am not trained to answer this question."
data/thin/hq/screwdriver_PNG9503.jpg,Screwdriver,"Sorry, as a base VLM I am not trained to answer this question."
data/thin/hq/screwdriver_PNG9510.jpg,Screwdriver,"Sorry, as a base VLM I am not trained to answer this question."
data/thin/hq/screwdriver_PNG9511.jpg,Screwdriver,"Sorry, as a base VLM I am not trained to answer this question."
data/thin/hq/screwdriver_PNG9512.jpg,Screwdriver,"Sorry, as a base VLM I am not trained to answer this question."
data/thin/hq/screwdriver_PNG9513b.jpg,Screwdriver,"Sorry, as a base VLM I am not trained to answer this question."
data/thin/hq/screwdriver_PNG9513c.jpg,Screwdriver,"Sorry, as a base VLM I am not trained to answer this question."
data/thin/hq/screwdriver_PNG9513d.jpg,Screwdriver,"Sorry, as a base VLM I am not trained to answer this question."
data/thin/hq/screwdriver_PNG9513e.jpg,Screwdriver,"Sorry, as a base VLM I am not trained to answer this question."
data/thin/hq/screwdriver_PNG9513f.jpg,Screwdriver,"Sorry, as a base VLM I am not trained to answer this question."
data/thin/hq/screwdriver_PNG9513g.jpg,Screwdriver,snake
data/thin/hq/screwdriver_PNG9513h.jpg,Screwdriver,"Sorry, as a base VLM I am not trained to answer this question."
data/thin/hq/screwdriver_PNG9513i.jpg,Screwdriver,"Sorry, as a base VLM I am not trained to answer this question."
data/thin/hq/screwdriver_PNG9514a.jpg,Screwdriver,anaconda
data/thin/hq/screwdriver_PNG9514b.jpg,Screwdriver,"Sorry, as a base VLM I am not trained to answer this question."
data/thin/hq/screwdriver_PNG9514e.jpg,Screwdriver,bird
data/thin/hq/screwdriver_PNG9514f.jpg,Screwdriver,"Sorry, as a base VLM I am not trained to answer this question."
data/thin/hq/screwdriver_PNG9514h.jpg,Screwdriver,"Sorry, as a base VLM I am not trained to answer this question."
data/thin/hq/screwdriver_PNG9516b.jpg,Screwdriver,"Sorry, as a base VLM I am not trained to answer this question."
data/thin/hq/screwdriver_PNG9516c.jpg,Screwdriver,"Sorry, as a base VLM I am not trained to answer this question."
data/thin/hq/screwdriver_PNG9516d.jpg,Screwdriver,"Sorry, as a base VLM I am not trained to answer this question."
data/thin/hq/screwdriver_PNG9516e.jpg,Screwdriver,"Sorry, as a base VLM I am not trained to answer this question."
data/thin/hq/screwdriver_PNG9518.jpg,Screwdriver,"Sorry, as a base VLM I am not trained to answer this question."
data/thin/hq/screwdriver_PNG9519.jpg,Screwdriver,"Sorry, as a base VLM I am not trained to answer this question."
data/thin/hq/screwdriver_PNG9522.jpg,Screwdriver,bird
data/thin/hq/screwdriver_PNG9523.jpg,Screwdriver,"Sorry, as a base VLM I am not trained to answer this question."
data/thin/hq/screwdriver_PNG9527.jpg,Screwdriver,"Sorry, as a base VLM I am not trained to answer this question."
data/thin/hq/screwdriver_PNG9528.jpg,Screwdriver,"Sorry, as a base VLM I am not trained to answer this question."
data/thin/hq/screwdriver_PNG9529.jpg,Screwdriver,"Sorry, as a base VLM I am not trained to answer this question."
data/thin/hq/seahorse_PNG11.jpg,Seahorse,"Sorry, as a base VLM I am not trained to answer this question."
data/thin/hq/seahorse_PNG12.jpg,Seahorse,"Sorry, as a base VLM I am not trained to answer this question."
data/thin/hq/seahorse_PNG2.jpg,Seahorse,"Sorry, as a base VLM I am not trained to answer this question."
data/thin/hq/seahorse_PNG3a.jpg,Seahorse,bird
data/thin/hq/seahorse_PNG3b.jpg,Seahorse,"alligator, crocodile, seahorse"
data/thin/hq/seahorse_PNG5.jpg,Seahorse,"Sorry, as a base VLM I am not trained to answer this question."
data/thin/hq/seahorse_PNG8.jpg,Seahorse,"Sorry, as a base VLM I am not trained to answer this question."
data/thin/hq/sewing_machine_PNG31.jpg,Sewing Machine,"Sorry, as a base VLM I am not trained to answer this question."
data/thin/hq/sewing_machine_PNG66.jpg,Sewing Machine,sewing machine
data/thin/hq/sewing_machine_PNG69.jpg,Sewing Machine,"Sorry, as a base VLM I am not trained to answer this question."
data/thin/hq/ship_PNG5403.jpg,Ship,"Sorry, as a base VLM I am not trained to answer this question."
data/thin/hq/ship_PNG5407.jpg,Ship,"Sorry, as a base VLM I am not trained to answer this question."
data/thin/hq/ship_PNG5416.jpg,Ship,"Sorry, as a base VLM I am not trained to answer this question."
data/thin/hq/shopping_cart_PNG1.jpg,Shopping Cart,bird
data/thin/hq/shopping_cart_PNG21.jpg,Shopping Cart,"Sorry, as a base VLM I am not trained to answer this question."
data/thin/hq/shopping_cart_PNG28.jpg,Shopping Cart,"Sorry, as a base VLM I am not trained to answer this question."
data/thin/hq/shopping_cart_PNG30.jpg,Shopping Cart,bird
data/thin/hq/shopping_cart_PNG32.jpg,Shopping Cart,"Sorry, as a base VLM I am not trained to answer this question."
data/thin/hq/shopping_cart_PNG36.jpg,Shopping Cart,"Sorry, as a base VLM I am not trained to answer this question."
data/thin/hq/shopping_cart_PNG43.jpg,Shopping Cart,"Sorry, as a base VLM I am not trained to answer this question."
data/thin/hq/shopping_cart_PNG47.jpg,Shopping Cart,"Sorry, as a base VLM I am not trained to answer this question."
data/thin/hq/shopping_cart_PNG49.jpg,Shopping Cart,bird
data/thin/hq/shopping_cart_PNG63.jpg,Shopping Cart,"Sorry, as a base VLM I am not trained to answer this question."
data/thin/hq/shopping_cart_PNG67.jpg,Shopping Cart,"Sorry, as a base VLM I am not trained to answer this question."
data/thin/hq/shopping_cart_PNG70.jpg,Shopping Cart,"Sorry, as a base VLM I am not trained to answer this question."
data/thin/hq/shopping_cart_PNG72.jpg,Shopping Cart,zebra
data/thin/hq/shopping_cart_PNG74.jpg,Shopping Cart,"Sorry, as a base VLM I am not trained to answer this question."
data/thin/hq/shovel_PNG7595.jpg,Shovel,"Sorry, as a base VLM I am not trained to answer this question."
data/thin/hq/shovel_PNG7598.jpg,Shovel,bird
data/thin/hq/shovel_PNG7599.jpg,Shovel,"Sorry, as a base VLM I am not trained to answer this question."
data/thin/hq/shovel_PNG7601.jpg,Shovel,"Sorry, as a base VLM I am not trained to answer this question."
data/thin/hq/shovel_PNG7604.jpg,Shovel,"Sorry, as a base VLM I am not trained to answer this question."
data/thin/hq/shovel_PNG7608.jpg,Shovel,bird
data/thin/hq/shovel_PNG7609a.jpg,Shovel,"Sorry, as a base VLM I am not trained to answer this question."
data/thin/hq/shovel_PNG7609b.jpg,Shovel,"Sorry, as a base VLM I am not trained to answer this question."
data/thin/hq/shovel_PNG7609c.jpg,Shovel,"Sorry, as a base VLM I am not trained to answer this question."
data/thin/hq/shovel_PNG7611.jpg,Shovel,"Sorry, as a base VLM I am not trained to answer this question."
data/thin/hq/shovel_PNG7617.jpg,Shovel,"Sorry, as a base VLM I am not trained to answer this question."
data/thin/hq/shovel_PNG7618.jpg,Shovel,"Sorry, as a base VLM I am not trained to answer this question."
data/thin/hq/shrimps_PNG18255.jpg,Shrimps,"animal, bird, insect, invertebrate"
data/thin/hq/shrimps_PNG18257.jpg,Shrimps,bird
data/thin/hq/shrimps_PNG18261b.jpg,Shrimps,"animal, insect, shrimp"
data/thin/hq/shrimps_PNG18265.jpg,Shrimps,"Sorry, as a base VLM I am not trained to answer this question."
data/thin/hq/shrimps_PNG18267.jpg,Shrimps,"animal, bird, fish"
data/thin/hq/shrimps_PNG18274.jpg,Shrimps,"Sorry, as a base VLM I am not trained to answer this question."
data/thin/hq/shrimps_PNG18277.jpg,Shrimps,"Sorry, as a base VLM I am not trained to answer this question."
data/thin/hq/skeleton_PNG42614.jpg,Skeleton,"Sorry, as a base VLM I am not trained to answer this question."
data/thin/hq/skeleton_PNG42616.jpg,Skeleton,bird
data/thin/hq/skeleton_PNG42618b.jpg,Skeleton,bird
data/thin/hq/skeleton_PNG42619.jpg,Skeleton,"Sorry, as a base VLM I am not trained to answer this question."
data/thin/hq/skeleton_PNG42621.jpg,Skeleton,"Sorry, as a base VLM I am not trained to answer this question."
data/thin/hq/skeleton_PNG42624.jpg,Skeleton,bird
data/thin/hq/skeleton_PNG42627.jpg,Skeleton,bird
data/thin/hq/skeleton_PNG42629.jpg,Skeleton,cat
data/thin/hq/skeleton_PNG42633.jpg,Skeleton,"Sorry, as a base VLM I am not trained to answer this question."
data/thin/hq/skeleton_PNG42637a.jpg,Skeleton,"Sorry, as a base VLM I am not trained to answer this question."
data/thin/hq/skeleton_PNG42637b.jpg,Skeleton,"Sorry, as a base VLM I am not trained to answer this question."
data/thin/hq/skeleton_PNG42639.jpg,Skeleton,"Sorry, as a base VLM I am not trained to answer this question."
data/thin/hq/skeleton_PNG42645.jpg,Skeleton,"Sorry, as a base VLM I am not trained to answer this question."
data/thin/hq/skeleton_PNG42647.jpg,Skeleton,"Sorry, as a base VLM I am not trained to answer this question."
data/thin/hq/skeleton_PNG42648.jpg,Skeleton,"Sorry, as a base VLM I am not trained to answer this question."
data/thin/hq/skeleton_PNG42649.jpg,Skeleton,bird
data/thin/hq/skeleton_PNG42652.jpg,Skeleton,bird
data/thin/hq/skeleton_PNG42654.jpg,Skeleton,"Sorry, as a base VLM I am not trained to answer this question."
data/thin/hq/skeleton_PNG42655.jpg,Skeleton,"Sorry, as a base VLM I am not trained to answer this question."
data/thin/hq/skeleton_PNG42656.jpg,Skeleton,"Sorry, as a base VLM I am not trained to answer this question."
data/thin/hq/skeleton_PNG42657.jpg,Skeleton,"Sorry, as a base VLM I am not trained to answer this question."
data/thin/hq/skeleton_PNG42660.jpg,Skeleton,"Sorry, as a base VLM I am not trained to answer this question."
data/thin/hq/skeleton_PNG42661.jpg,Skeleton,"Sorry, as a base VLM I am not trained to answer this question."
data/thin/hq/skeleton_PNG42662.jpg,Skeleton,"Sorry, as a base VLM I am not trained to answer this question."
data/thin/hq/skeleton_PNG42663.jpg,Skeleton,"Sorry, as a base VLM I am not trained to answer this question."
data/thin/hq/skeleton_PNG42666a.jpg,Skeleton,bird
data/thin/hq/skeleton_PNG5531.jpg,Skeleton,"Sorry, as a base VLM I am not trained to answer this question."
data/thin/hq/skeleton_PNG5532.jpg,Skeleton,bird
data/thin/hq/skeleton_PNG5536.jpg,Skeleton,"Sorry, as a base VLM I am not trained to answer this question."
data/thin/hq/skeleton_PNG5538.jpg,Skeleton,bird
data/thin/hq/skeleton_PNG5539.jpg,Skeleton,"Sorry, as a base VLM I am not trained to answer this question."
data/thin/hq/skeleton_PNG5545.jpg,Skeleton,"Sorry, as a base VLM I am not trained to answer this question."
data/thin/hq/skeleton_PNG5557.jpg,Skeleton,bird
data/thin/hq/skeleton_PNG5558.jpg,Skeleton,bird
data/thin/hq/skeleton_PNG5565a.jpg,Skeleton,"animal, bird, mammal, reptile, insect"
data/thin/hq/skeleton_PNG5565b.jpg,Skeleton,"Sorry, as a base VLM I am not trained to answer this question."
data/thin/hq/sled_PNG11.jpg,Sled,"Sorry, as a base VLM I am not trained to answer this question."
data/thin/hq/sled_PNG15.jpg,Sled,bird
data/thin/hq/sled_PNG23.jpg,Sled,bird
data/thin/hq/sled_PNG24.jpg,Sled,"Sorry, as a base VLM I am not trained to answer this question."
data/thin/hq/sled_PNG26.jpg,Sled,"Sorry, as a base VLM I am not trained to answer this question."
data/thin/hq/sled_PNG30.jpg,Sled,bird
data/thin/hq/sled_PNG33.jpg,Sled,"Sorry, as a base VLM I am not trained to answer this question."
data/thin/hq/sled_PNG37a.jpg,Sled,"Sorry, as a base VLM I am not trained to answer this question."
data/thin/hq/sled_PNG37b.jpg,Sled,"Sorry, as a base VLM I am not trained to answer this question."
data/thin/hq/sled_PNG37c.jpg,Sled,"Sorry, as a base VLM I am not trained to answer this question."
data/thin/hq/sled_PNG37d.jpg,Sled,"Sorry, as a base VLM I am not trained to answer this question."
data/thin/hq/sled_PNG5.jpg,Sled,"Sorry, as a base VLM I am not trained to answer this question."
data/thin/hq/sled_PNG6.jpg,Sled,"Sorry, as a base VLM I am not trained to answer this question."
data/thin/hq/snails_PNG13189.jpg,Snails,"animal, bird, insect, snail"
data/thin/hq/snails_PNG13190.jpg,Snails,"animal, insect, snail"
data/thin/hq/snails_PNG13192.jpg,Snails,"Sorry, as a base VLM I am not trained to answer this question."
data/thin/hq/snails_PNG13193.jpg,Snails,"Sorry, as a base VLM I am not trained to answer this question."
data/thin/hq/snails_PNG13194.jpg,Snails,snail
data/thin/hq/snails_PNG13196.jpg,Snails,"Sorry, as a base VLM I am not trained to answer this question."
data/thin/hq/snails_PNG13197.jpg,Snails,"Sorry, as a base VLM I am not trained to answer this question."
data/thin/hq/snails_PNG13198b.jpg,Snails,"Sorry, as a base VLM I am not trained to answer this question."
data/thin/hq/snails_PNG13198c.jpg,Snails,"Sorry, as a base VLM I am not trained to answer this question."
data/thin/hq/snails_PNG13204.jpg,Snails,"animal, insect, snail"
data/thin/hq/snails_PNG13205.jpg,Snails,snail
data/thin/hq/snails_PNG13207.jpg,Snails,"animal, insect, snail"
data/thin/hq/snails_PNG13209.jpg,Snails,"animal, insect, snail"
data/thin/hq/snails_PNG13211.jpg,Snails,"ant, beetle, clam, snail"
data/thin/hq/snails_PNG13212.jpg,Snails,"animal, insect, snail"
data/thin/hq/snails_PNG13213.jpg,Snails,snail
data/thin/hq/snails_PNG13214.jpg,Snails,snail
data/thin/hq/snails_PNG13215.jpg,Snails,"Sorry, as a base VLM I am not trained to answer this question."
data/thin/hq/snake_PNG4044.jpg,Snake,"Sorry, as a base VLM I am not trained to answer this question."
data/thin/hq/snake_PNG4077.jpg,Snake,"Sorry, as a base VLM I am not trained to answer this question."
data/thin/hq/snake_PNG4080.jpg,Snake,"Sorry, as a base VLM I am not trained to answer this question."
data/thin/hq/snake_PNG4086.jpg,Snake,"Sorry, as a base VLM I am not trained to answer this question."
data/thin/hq/sofa_PNG6953.jpg,Sofa,"Sorry, as a base VLM I am not trained to answer this question."
data/thin/hq/spear_PNG10.jpg,Spear,"Sorry, as a base VLM I am not trained to answer this question."
data/thin/hq/spear_PNG14.jpg,Spear,"Sorry, as a base VLM I am not trained to answer this question."
data/thin/hq/spear_PNG16.jpg,Spear,"Sorry, as a base VLM I am not trained to answer this question."
data/thin/hq/spear_PNG17.jpg,Spear,"Sorry, as a base VLM I am not trained to answer this question."
data/thin/hq/spear_PNG19.jpg,Spear,"Sorry, as a base VLM I am not trained to answer this question."
data/thin/hq/spear_PNG2.jpg,Spear,bird
data/thin/hq/spear_PNG23.jpg,Spear,"Sorry, as a base VLM I am not trained to answer this question."
data/thin/hq/spear_PNG27.jpg,Spear,"Sorry, as a base VLM I am not trained to answer this question."
data/thin/hq/spear_PNG28.jpg,Spear,bird
data/thin/hq/spear_PNG29.jpg,Spear,"Sorry, as a base VLM I am not trained to answer this question."
data/thin/hq/spear_PNG31.jpg,Spear,"Sorry, as a base VLM I am not trained to answer this question."
data/thin/hq/spear_PNG32.jpg,Spear,"Sorry, as a base VLM I am not trained to answer this question."
data/thin/hq/spear_PNG33.jpg,Spear,"Sorry, as a base VLM I am not trained to answer this question."
data/thin/hq/spear_PNG4.jpg,Spear,"Sorry, as a base VLM I am not trained to answer this question."
data/thin/hq/spear_PNG40.jpg,Spear,"Sorry, as a base VLM I am not trained to answer this question."
data/thin/hq/spear_PNG45.jpg,Spear,"Sorry, as a base VLM I am not trained to answer this question."
data/thin/hq/spear_PNG5.jpg,Spear,"Sorry, as a base VLM I am not trained to answer this question."
data/thin/hq/spear_PNG51.jpg,Spear,"Sorry, as a base VLM I am not trained to answer this question."
data/thin/hq/spear_PNG6.jpg,Spear,"Sorry, as a base VLM I am not trained to answer this question."
data/thin/hq/spear_PNG9.jpg,Spear,"Sorry, as a base VLM I am not trained to answer this question."
data/thin/hq/spider_PNG13.jpg,Spider,"Sorry, as a base VLM I am not trained to answer this question."
data/thin/hq/spider_PNG20.jpg,Spider,spider
data/thin/hq/spider_PNG22.jpg,Spider,"Sorry, as a base VLM I am not trained to answer this question."
data/thin/hq/spider_PNG27a.jpg,Spider,"Sorry, as a base VLM I am not trained to answer this question."
data/thin/hq/spider_PNG27b.jpg,Spider,"Sorry, as a base VLM I am not trained to answer this question."
data/thin/hq/spider_PNG27d.jpg,Spider,"Sorry, as a base VLM I am not trained to answer this question."
data/thin/hq/spider_PNG27e.jpg,Spider,spider
data/thin/hq/spider_PNG29.jpg,Spider,"Sorry, as a base VLM I am not trained to answer this question."
data/thin/hq/spider_PNG2a.jpg,Spider,bird
data/thin/hq/spider_PNG2b.jpg,Spider,"Sorry, as a base VLM I am not trained to answer this question."
data/thin/hq/spider_PNG2c.jpg,Spider,"Sorry, as a base VLM I am not trained to answer this question."
data/thin/hq/spider_PNG2d.jpg,Spider,"Sorry, as a base VLM I am not trained to answer this question."
data/thin/hq/spider_PNG2e.jpg,Spider,"Sorry, as a base VLM I am not trained to answer this question."
data/thin/hq/spider_PNG2g.jpg,Spider,"Sorry, as a base VLM I am not trained to answer this question."
data/thin/hq/spider_PNG2h.jpg,Spider,"Sorry, as a base VLM I am not trained to answer this question."
data/thin/hq/spider_PNG2i.jpg,Spider,"Sorry, as a base VLM I am not trained to answer this question."
data/thin/hq/spider_PNG32.jpg,Spider,spider
data/thin/hq/spider_PNG33.jpg,Spider,"Sorry, as a base VLM I am not trained to answer this question."
data/thin/hq/spider_PNG37.jpg,Spider,"animal, insect, spider"
data/thin/hq/spider_PNG39.jpg,Spider,"Sorry, as a base VLM I am not trained to answer this question."
data/thin/hq/spider_PNG41.jpg,Spider,spider
data/thin/hq/spider_PNG42.jpg,Spider,"animal, insect, spider"
data/thin/hq/spider_PNG43.jpg,Spider,"animal, insect, spider"
data/thin/hq/spider_PNG44.jpg,Spider,spider
data/thin/hq/spider_PNG5.jpg,Spider,"Sorry, as a base VLM I am not trained to answer this question."
data/thin/hq/spider_PNG6.jpg,Spider,spider
data/thin/hq/spider_PNG7.jpg,Spider,"Sorry, as a base VLM I am not trained to answer this question."
data/thin/hq/spider_PNG8.jpg,Spider,"Sorry, as a base VLM I am not trained to answer this question."
data/thin/hq/spoon_PNG3035.jpg,Spoon,bird
data/thin/hq/spoon_PNG3037.jpg,Spoon,"Sorry, as a base VLM I am not trained to answer this question."
data/thin/hq/spoon_PNG3038.jpg,Spoon,"Sorry, as a base VLM I am not trained to answer this question."
data/thin/hq/spoon_PNG3039.jpg,Spoon,bird
data/thin/hq/spoon_PNG3041.jpg,Spoon,lion
data/thin/hq/spoon_PNG3043.jpg,Spoon,bird
data/thin/hq/spoon_PNG3045.jpg,Spoon,"Sorry, as a base VLM I am not trained to answer this question."
data/thin/hq/spoon_PNG3046.jpg,Spoon,bird
data/thin/hq/spoon_PNG3048 - Copy.jpg,Spoon,"Sorry, as a base VLM I am not trained to answer this question."
data/thin/hq/spoon_PNG3048.jpg,Spoon,bird
data/thin/hq/squid_PNG3.jpg,Squid,"Sorry, as a base VLM I am not trained to answer this question."
data/thin/hq/starfish_PNG16a.jpg,Starfish,"Sorry, as a base VLM I am not trained to answer this question."
data/thin/hq/starfish_PNG16b.jpg,Starfish,bird
data/thin/hq/starfish_PNG4.jpg,Starfish,"Sorry, as a base VLM I am not trained to answer this question."
data/thin/hq/starfish_PNG6.jpg,Starfish,bird
data/thin/hq/statue_of_liberty_PNG1.jpg,Statue Of Liberty,"Sorry, as a base VLM I am not trained to answer this question."
data/thin/hq/statue_of_liberty_PNG11.jpg,Statue Of Liberty,"Sorry, as a base VLM I am not trained to answer this question."
data/thin/hq/statue_of_liberty_PNG17.jpg,Statue Of Liberty,"Sorry, as a base VLM I am not trained to answer this question."
data/thin/hq/statue_of_liberty_PNG2.jpg,Statue Of Liberty,bird
data/thin/hq/statue_of_liberty_PNG30.jpg,Statue Of Liberty,"Sorry, as a base VLM I am not trained to answer this question."
data/thin/hq/statue_of_liberty_PNG5.jpg,Statue Of Liberty,"Sorry, as a base VLM I am not trained to answer this question."
data/thin/hq/statue_of_liberty_PNG6.jpg,Statue Of Liberty,"Sorry, as a base VLM I am not trained to answer this question."
data/thin/hq/statue_of_liberty_PNG9.jpg,Statue Of Liberty,"Sorry, as a base VLM I am not trained to answer this question."
data/thin/hq/stethoscope_PNG103.jpg,Stethoscope,"Sorry, as a base VLM I am not trained to answer this question."
data/thin/hq/stethoscope_PNG111.jpg,Stethoscope,"Sorry, as a base VLM I am not trained to answer this question."
data/thin/hq/stethoscope_PNG114.jpg,Stethoscope,"Sorry, as a base VLM I am not trained to answer this question."
data/thin/hq/stethoscope_PNG117.jpg,Stethoscope,bird
data/thin/hq/stethoscope_PNG122.jpg,Stethoscope,"Sorry, as a base VLM I am not trained to answer this question."
data/thin/hq/stethoscope_PNG13.jpg,Stethoscope,"Sorry, as a base VLM I am not trained to answer this question."
data/thin/hq/stethoscope_PNG19.jpg,Stethoscope,"Sorry, as a base VLM I am not trained to answer this question."
data/thin/hq/stethoscope_PNG33.jpg,Stethoscope,"Sorry, as a base VLM I am not trained to answer this question."
data/thin/hq/stethoscope_PNG36.jpg,Stethoscope,"Sorry, as a base VLM I am not trained to answer this question."
data/thin/hq/stethoscope_PNG38.jpg,Stethoscope,bird
data/thin/hq/stethoscope_PNG5.jpg,Stethoscope,"Sorry, as a base VLM I am not trained to answer this question."
data/thin/hq/stethoscope_PNG62.jpg,Stethoscope,"Sorry, as a base VLM I am not trained to answer this question."
data/thin/hq/stethoscope_PNG63.jpg,Stethoscope,bird
data/thin/hq/stethoscope_PNG65.jpg,Stethoscope,"Sorry, as a base VLM I am not trained to answer this question."
data/thin/hq/stethoscope_PNG73.jpg,Stethoscope,cat
data/thin/hq/stethoscope_PNG75.jpg,Stethoscope,bird
data/thin/hq/stethoscope_PNG81.jpg,Stethoscope,"Sorry, as a base VLM I am not trained to answer this question."
data/thin/hq/stethoscope_PNG82.jpg,Stethoscope,bird
data/thin/hq/stethoscope_PNG85.jpg,Stethoscope,"Sorry, as a base VLM I am not trained to answer this question."
data/thin/hq/stethoscope_PNG86.jpg,Stethoscope,"Sorry, as a base VLM I am not trained to answer this question."
data/thin/hq/stethoscope_PNG88.jpg,Stethoscope,"Sorry, as a base VLM I am not trained to answer this question."
data/thin/hq/stork_PNG1.jpg,Stork,bird
data/thin/hq/stork_PNG11.jpg,Stork,bird
data/thin/hq/stork_PNG12.jpg,Stork,bird
data/thin/hq/stork_PNG19.jpg,Stork,bird
data/thin/hq/stork_PNG27.jpg,Stork,bird
data/thin/hq/stork_PNG31.jpg,Stork,bird
data/thin/hq/stork_PNG39.jpg,Stork,"Sorry, as a base VLM I am not trained to answer this question."
data/thin/hq/stork_PNG40.jpg,Stork,bird
data/thin/hq/stork_PNG46.jpg,Stork,bird
data/thin/hq/street_light_PNG11509.jpg,Street Light,"Sorry, as a base VLM I am not trained to answer this question."
data/thin/hq/street_light_PNG11510a.jpg,Street Light,"Sorry, as a base VLM I am not trained to answer this question."
data/thin/hq/street_light_PNG11510b.jpg,Street Light,bird
data/thin/hq/street_light_PNG11510c.jpg,Street Light,"Sorry, as a base VLM I am not trained to answer this question."
data/thin/hq/street_light_PNG11510d.jpg,Street Light,bird
data/thin/hq/street_light_PNG11515.jpg,Street Light,"Sorry, as a base VLM I am not trained to answer this question."
data/thin/hq/street_light_PNG11518.jpg,Street Light,"Sorry, as a base VLM I am not trained to answer this question."
data/thin/hq/street_light_PNG11519.jpg,Street Light,"Sorry, as a base VLM I am not trained to answer this question."
data/thin/hq/street_light_PNG11520.jpg,Street Light,"Sorry, as a base VLM I am not trained to answer this question."
data/thin/hq/street_light_PNG11525.jpg,Street Light,"Sorry, as a base VLM I am not trained to answer this question."
data/thin/hq/street_light_PNG11527.jpg,Street Light,"Sorry, as a base VLM I am not trained to answer this question."
data/thin/hq/street_light_PNG11531.jpg,Street Light,"Sorry, as a base VLM I am not trained to answer this question."
data/thin/hq/street_light_PNG11532.jpg,Street Light,"Sorry, as a base VLM I am not trained to answer this question."
data/thin/hq/street_light_PNG11538.jpg,Street Light,"Sorry, as a base VLM I am not trained to answer this question."
data/thin/hq/street_light_PNG11542.jpg,Street Light,"Sorry, as a base VLM I am not trained to answer this question."
data/thin/hq/street_light_PNG11543.jpg,Street Light,"Sorry, as a base VLM I am not trained to answer this question."
data/thin/hq/street_light_PNG11545.jpg,Street Light,bird
data/thin/hq/submarine_PNG44.jpg,Submarine,"Sorry, as a base VLM I am not trained to answer this question."
data/thin/hq/submarine_PNG68.jpg,Submarine,"Sorry, as a base VLM I am not trained to answer this question."
data/thin/hq/suitcase_PNG10749.jpg,Suitcase,bird
data/thin/hq/suitcase_PNG10750.jpg,Suitcase,bird
data/thin/hq/suitcase_PNG10751.jpg,Suitcase,"Sorry, as a base VLM I am not trained to answer this question."
data/thin/hq/suitcase_PNG10752.jpg,Suitcase,bird
data/thin/hq/suitcase_PNG10753.jpg,Suitcase,"Sorry, as a base VLM I am not trained to answer this question."
data/thin/hq/suitcase_PNG10754.jpg,Suitcase,bird
data/thin/hq/suitcase_PNG10755.jpg,Suitcase,bird
data/thin/hq/suitcase_PNG10756.jpg,Suitcase,"Sorry, as a base VLM I am not trained to answer this question."
data/thin/hq/suitcase_PNG10757.jpg,Suitcase,"Sorry, as a base VLM I am not trained to answer this question."
data/thin/hq/suitcase_PNG10758.jpg,Suitcase,"Sorry, as a base VLM I am not trained to answer this question."
data/thin/hq/suitcase_PNG10759.jpg,Suitcase,zebra
data/thin/hq/suitcase_PNG10761.jpg,Suitcase,bird
data/thin/hq/suitcase_PNG10762.jpg,Suitcase,"Sorry, as a base VLM I am not trained to answer this question."
data/thin/hq/suitcase_PNG10763.jpg,Suitcase,"Sorry, as a base VLM I am not trained to answer this question."
data/thin/hq/suitcase_PNG10764.jpg,Suitcase,bird
data/thin/hq/suitcase_PNG10770.jpg,Suitcase,bird
data/thin/hq/suitcase_PNG10773.jpg,Suitcase,"Sorry, as a base VLM I am not trained to answer this question."
data/thin/hq/suitcase_PNG10774.jpg,Suitcase,"Sorry, as a base VLM I am not trained to answer this question."
data/thin/hq/suitcase_PNG10775.jpg,Suitcase,"Sorry, as a base VLM I am not trained to answer this question."
data/thin/hq/sunflower_PNG13366a.jpg,Sunflower,bird
data/thin/hq/sunflower_PNG13366b.jpg,Sunflower,"Sorry, as a base VLM I am not trained to answer this question."
data/thin/hq/sunflower_PNG13385.jpg,Sunflower,"Sorry, as a base VLM I am not trained to answer this question."
data/thin/hq/sunflower_PNG13390.jpg,Sunflower,"Sorry, as a base VLM I am not trained to answer this question."
data/thin/hq/sunflower_PNG13393.jpg,Sunflower,bird
data/thin/hq/sunflower_PNG13403.jpg,Sunflower,"Sorry, as a base VLM I am not trained to answer this question."
data/thin/hq/sunglasses_PNG101.jpg,Sunglasses,bird
data/thin/hq/sunglasses_PNG114a.jpg,Sunglasses,"Sorry, as a base VLM I am not trained to answer this question."
data/thin/hq/sunglasses_PNG114b.jpg,Sunglasses,"Sorry, as a base VLM I am not trained to answer this question."
data/thin/hq/sunglasses_PNG116.jpg,Sunglasses,"Sorry, as a base VLM I am not trained to answer this question."
data/thin/hq/sunglasses_PNG117a.jpg,Sunglasses,bird
data/thin/hq/sunglasses_PNG117b.jpg,Sunglasses,bird
data/thin/hq/sunglasses_PNG119.jpg,Sunglasses,"Sorry, as a base VLM I am not trained to answer this question."
data/thin/hq/sunglasses_PNG120.jpg,Sunglasses,"Sorry, as a base VLM I am not trained to answer this question."
data/thin/hq/sunglasses_PNG122.jpg,Sunglasses,"Sorry, as a base VLM I am not trained to answer this question."
data/thin/hq/sunglasses_PNG124.jpg,Sunglasses,bird
data/thin/hq/sunglasses_PNG127.jpg,Sunglasses,"Sorry, as a base VLM I am not trained to answer this question."
data/thin/hq/sunglasses_PNG128.jpg,Sunglasses,"Sorry, as a base VLM I am not trained to answer this question."
data/thin/hq/sunglasses_PNG129.jpg,Sunglasses,"Sorry, as a base VLM I am not trained to answer this question."
data/thin/hq/sunglasses_PNG13.jpg,Sunglasses,"Sorry, as a base VLM I am not trained to answer this question."
data/thin/hq/sunglasses_PNG132.jpg,Sunglasses,"Sorry, as a base VLM I am not trained to answer this question."
data/thin/hq/sunglasses_PNG137.jpg,Sunglasses,"Sorry, as a base VLM I am not trained to answer this question."
data/thin/hq/sunglasses_PNG17.jpg,Sunglasses,"Sorry, as a base VLM I am not trained to answer this question."
data/thin/hq/sunglasses_PNG29.jpg,Sunglasses,bird
data/thin/hq/sunglasses_PNG45.jpg,Sunglasses,"Sorry, as a base VLM I am not trained to answer this question."
data/thin/hq/sunglasses_PNG50.jpg,Sunglasses,"Sorry, as a base VLM I am not trained to answer this question."
data/thin/hq/sunglasses_PNG55.jpg,Sunglasses,"Sorry, as a base VLM I am not trained to answer this question."
data/thin/hq/sunglasses_PNG8.jpg,Sunglasses,"Sorry, as a base VLM I am not trained to answer this question."
data/thin/hq/sunglasses_PNG88.jpg,Sunglasses,"Sorry, as a base VLM I am not trained to answer this question."
data/thin/hq/sunglasses_PNG89.jpg,Sunglasses,"Sorry, as a base VLM I am not trained to answer this question."
data/thin/hq/sunglasses_PNG94.jpg,Sunglasses,"Sorry, as a base VLM I am not trained to answer this question."
data/thin/hq/sunglasses_PNG97.jpg,Sunglasses,bird
data/thin/hq/sunglasses_PNG98.jpg,Sunglasses,"Sorry, as a base VLM I am not trained to answer this question."
data/thin/hq/swan_PNG30.jpg,Swan,bird
data/thin/hq/swan_PNG46.jpg,Swan,bird
data/thin/hq/swan_PNG51.jpg,Swan,bird
data/thin/hq/swan_PNG53.jpg,Swan,bird
data/thin/hq/sword_PNG5499.jpg,Sword,"Sorry, as a base VLM I am not trained to answer this question."
data/thin/hq/sword_PNG5500.jpg,Sword,"Sorry, as a base VLM I am not trained to answer this question."
data/thin/hq/sword_PNG5503.jpg,Sword,"Sorry, as a base VLM I am not trained to answer this question."
data/thin/hq/sword_PNG5506.jpg,Sword,"Sorry, as a base VLM I am not trained to answer this question."
data/thin/hq/sword_PNG5507.jpg,Sword,"Sorry, as a base VLM I am not trained to answer this question."
data/thin/hq/sword_PNG5509.jpg,Sword,"Sorry, as a base VLM I am not trained to answer this question."
data/thin/hq/sword_PNG5513.jpg,Sword,"Sorry, as a base VLM I am not trained to answer this question."
data/thin/hq/sword_PNG5521.jpg,Sword,"Sorry, as a base VLM I am not trained to answer this question."
data/thin/hq/sword_PNG5522.jpg,Sword,"Sorry, as a base VLM I am not trained to answer this question."
data/thin/hq/sword_PNG5523.jpg,Sword,bird
data/thin/hq/sword_PNG5525.jpg,Sword,"Sorry, as a base VLM I am not trained to answer this question."
data/thin/hq/sword_PNG5526.jpg,Sword,bird
data/thin/hq/syringe_PNG12375a.jpg,Syringe,"Sorry, as a base VLM I am not trained to answer this question."
data/thin/hq/syringe_PNG12376.jpg,Syringe,"Sorry, as a base VLM I am not trained to answer this question."
data/thin/hq/syringe_PNG12384.jpg,Syringe,"Sorry, as a base VLM I am not trained to answer this question."
data/thin/hq/syringe_PNG12386.jpg,Syringe,"Sorry, as a base VLM I am not trained to answer this question."
data/thin/hq/syringe_PNG12393.jpg,Syringe,"Sorry, as a base VLM I am not trained to answer this question."
data/thin/hq/syringe_PNG12394.jpg,Syringe,"Sorry, as a base VLM I am not trained to answer this question."
data/thin/hq/table_PNG6972.jpg,Table,"Sorry, as a base VLM I am not trained to answer this question."
data/thin/hq/table_PNG6973.jpg,Table,"Sorry, as a base VLM I am not trained to answer this question."
data/thin/hq/table_PNG6974.jpg,Table,"Sorry, as a base VLM I am not trained to answer this question."
data/thin/hq/table_PNG6975.jpg,Table,"Sorry, as a base VLM I am not trained to answer this question."
data/thin/hq/table_PNG6977.jpg,Table,"Sorry, as a base VLM I am not trained to answer this question."
data/thin/hq/table_PNG6979.jpg,Table,"Sorry, as a base VLM I am not trained to answer this question."
data/thin/hq/table_PNG6981.jpg,Table,"Sorry, as a base VLM I am not trained to answer this question."
data/thin/hq/table_PNG6983.jpg,Table,"Sorry, as a base VLM I am not trained to answer this question."
data/thin/hq/table_PNG6984.jpg,Table,"Sorry, as a base VLM I am not trained to answer this question."
data/thin/hq/table_PNG6985.jpg,Table,"Sorry, as a base VLM I am not trained to answer this question."
data/thin/hq/table_PNG6986.jpg,Table,"Sorry, as a base VLM I am not trained to answer this question."
data/thin/hq/table_PNG6988.jpg,Table,"Sorry, as a base VLM I am not trained to answer this question."
data/thin/hq/table_PNG6989.jpg,Table,"Sorry, as a base VLM I am not trained to answer this question."
data/thin/hq/table_PNG6990.jpg,Table,"Sorry, as a base VLM I am not trained to answer this question."
data/thin/hq/table_PNG6991.jpg,Table,bird
data/thin/hq/table_PNG6993.jpg,Table,"Sorry, as a base VLM I am not trained to answer this question."
data/thin/hq/table_PNG6995.jpg,Table,"Sorry, as a base VLM I am not trained to answer this question."
data/thin/hq/table_PNG6996.jpg,Table,"Sorry, as a base VLM I am not trained to answer this question."
data/thin/hq/table_PNG6997a.jpg,Table,"animal, insect, invertebrate"
data/thin/hq/table_PNG6997b.jpg,Table,"Sorry, as a base VLM I am not trained to answer this question."
data/thin/hq/table_PNG6997c.jpg,Table,"Sorry, as a base VLM I am not trained to answer this question."
data/thin/hq/table_PNG6997e.jpg,Table,"Sorry, as a base VLM I am not trained to answer this question."
data/thin/hq/table_PNG6997f.jpg,Table,"Sorry, as a base VLM I am not trained to answer this question."
data/thin/hq/table_PNG6997g.jpg,Table,bird
data/thin/hq/table_PNG6997i.jpg,Table,"Sorry, as a base VLM I am not trained to answer this question."
data/thin/hq/table_PNG6998.jpg,Table,"Sorry, as a base VLM I am not trained to answer this question."
data/thin/hq/table_PNG7000.jpg,Table,"Sorry, as a base VLM I am not trained to answer this question."
data/thin/hq/table_PNG7005.jpg,Table,"Sorry, as a base VLM I am not trained to answer this question."
data/thin/hq/table_PNG7006.jpg,Table,"Sorry, as a base VLM I am not trained to answer this question."
data/thin/hq/table_PNG7007.jpg,Table,bird
data/thin/hq/table_PNG7008.jpg,Table,bird
data/thin/hq/tank_PNG1285.jpg,Tank,"Sorry, as a base VLM I am not trained to answer this question."
data/thin/hq/tank_PNG1297.jpg,Tank,"Sorry, as a base VLM I am not trained to answer this question."
data/thin/hq/tank_PNG1299.jpg,Tank,"Sorry, as a base VLM I am not trained to answer this question."
data/thin/hq/tank_PNG1302.jpg,Tank,"Sorry, as a base VLM I am not trained to answer this question."
data/thin/hq/tank_PNG1307.jpg,Tank,"Sorry, as a base VLM I am not trained to answer this question."
data/thin/hq/tank_PNG1308.jpg,Tank,"Sorry, as a base VLM I am not trained to answer this question."
data/thin/hq/tank_PNG1309.jpg,Tank,"Sorry, as a base VLM I am not trained to answer this question."
data/thin/hq/tank_PNG1310.jpg,Tank,"Sorry, as a base VLM I am not trained to answer this question."
data/thin/hq/tank_PNG1320.jpg,Tank,"Sorry, as a base VLM I am not trained to answer this question."
data/thin/hq/tank_PNG1322.jpg,Tank,"Sorry, as a base VLM I am not trained to answer this question."
data/thin/hq/tank_PNG1324.jpg,Tank,"Sorry, as a base VLM I am not trained to answer this question."
data/thin/hq/tap_PNG1.jpg,Tap,"Sorry, as a base VLM I am not trained to answer this question."
data/thin/hq/tap_PNG101.jpg,Tap,"Sorry, as a base VLM I am not trained to answer this question."
data/thin/hq/tap_PNG11.jpg,Tap,"Sorry, as a base VLM I am not trained to answer this question."
data/thin/hq/tap_PNG114.jpg,Tap,"Sorry, as a base VLM I am not trained to answer this question."
data/thin/hq/tap_PNG115.jpg,Tap,"Sorry, as a base VLM I am not trained to answer this question."
data/thin/hq/tap_PNG12.jpg,Tap,bird
data/thin/hq/tap_PNG130.jpg,Tap,"Sorry, as a base VLM I am not trained to answer this question."
data/thin/hq/tap_PNG131.jpg,Tap,"Sorry, as a base VLM I am not trained to answer this question."
data/thin/hq/tap_PNG16.jpg,Tap,"Sorry, as a base VLM I am not trained to answer this question."
data/thin/hq/tap_PNG17.jpg,Tap,"Sorry, as a base VLM I am not trained to answer this question."
data/thin/hq/tap_PNG19.jpg,Tap,"Sorry, as a base VLM I am not trained to answer this question."
data/thin/hq/tap_PNG2.jpg,Tap,"Sorry, as a base VLM I am not trained to answer this question."
data/thin/hq/tap_PNG27.jpg,Tap,"Sorry, as a base VLM I am not trained to answer this question."
data/thin/hq/tap_PNG30.jpg,Tap,"Sorry, as a base VLM I am not trained to answer this question."
data/thin/hq/tap_PNG38.jpg,Tap,"Sorry, as a base VLM I am not trained to answer this question."
data/thin/hq/tap_PNG47.jpg,Tap,"Sorry, as a base VLM I am not trained to answer this question."
data/thin/hq/tap_PNG48.jpg,Tap,"Sorry, as a base VLM I am not trained to answer this question."
data/thin/hq/tap_PNG55.jpg,Tap,"Sorry, as a base VLM I am not trained to answer this question."
data/thin/hq/tap_PNG58.jpg,Tap,"Sorry, as a base VLM I am not trained to answer this question."
data/thin/hq/tap_PNG6.jpg,Tap,"Sorry, as a base VLM I am not trained to answer this question."
data/thin/hq/tap_PNG60.jpg,Tap,"Sorry, as a base VLM I am not trained to answer this question."
data/thin/hq/tap_PNG61.jpg,Tap,"Sorry, as a base VLM I am not trained to answer this question."
data/thin/hq/tap_PNG66.jpg,Tap,"Sorry, as a base VLM I am not trained to answer this question."
data/thin/hq/tap_PNG68.jpg,Tap,"Sorry, as a base VLM I am not trained to answer this question."
data/thin/hq/tap_PNG73.jpg,Tap,"Sorry, as a base VLM I am not trained to answer this question."
data/thin/hq/tap_PNG76.jpg,Tap,"Sorry, as a base VLM I am not trained to answer this question."
data/thin/hq/tap_PNG9.jpg,Tap,"Sorry, as a base VLM I am not trained to answer this question."
data/thin/hq/tap_PNG91.jpg,Tap,"Sorry, as a base VLM I am not trained to answer this question."
data/thin/hq/tap_PNG95.jpg,Tap,"Sorry, as a base VLM I am not trained to answer this question."
data/thin/hq/tap_PNG99.jpg,Tap,"Sorry, as a base VLM I am not trained to answer this question."
data/thin/hq/telephone_booth_PNG37.jpg,Telephone Booth,"Sorry, as a base VLM I am not trained to answer this question."
data/thin/hq/telephone_booth_PNG39.jpg,Telephone Booth,"Sorry, as a base VLM I am not trained to answer this question."
data/thin/hq/telephone_booth_PNG43.jpg,Telephone Booth,bird
data/thin/hq/telephone_booth_PNG7.jpg,Telephone Booth,"Sorry, as a base VLM I am not trained to answer this question."
data/thin/hq/telescope_PNG1.jpg,Telescope,"Sorry, as a base VLM I am not trained to answer this question."
data/thin/hq/telescope_PNG101.jpg,Telescope,"Sorry, as a base VLM I am not trained to answer this question."
data/thin/hq/telescope_PNG102.jpg,Telescope,"Sorry, as a base VLM I am not trained to answer this question."
data/thin/hq/telescope_PNG105.jpg,Telescope,"Sorry, as a base VLM I am not trained to answer this question."
data/thin/hq/telescope_PNG107.jpg,Telescope,"Sorry, as a base VLM I am not trained to answer this question."
data/thin/hq/telescope_PNG112.jpg,Telescope,bird
data/thin/hq/telescope_PNG114.jpg,Telescope,"Sorry, as a base VLM I am not trained to answer this question."
data/thin/hq/telescope_PNG13.jpg,Telescope,bird
data/thin/hq/telescope_PNG17.jpg,Telescope,"Sorry, as a base VLM I am not trained to answer this question."
data/thin/hq/telescope_PNG18.jpg,Telescope,"Sorry, as a base VLM I am not trained to answer this question."
data/thin/hq/telescope_PNG19.jpg,Telescope,"Sorry, as a base VLM I am not trained to answer this question."
data/thin/hq/telescope_PNG2.jpg,Telescope,"Sorry, as a base VLM I am not trained to answer this question."
data/thin/hq/telescope_PNG35.jpg,Telescope,"Sorry, as a base VLM I am not trained to answer this question."
data/thin/hq/telescope_PNG40.jpg,Telescope,"Sorry, as a base VLM I am not trained to answer this question."
data/thin/hq/telescope_PNG41.jpg,Telescope,"Sorry, as a base VLM I am not trained to answer this question."
data/thin/hq/telescope_PNG43.jpg,Telescope,"Sorry, as a base VLM I am not trained to answer this question."
data/thin/hq/telescope_PNG52.jpg,Telescope,"Sorry, as a base VLM I am not trained to answer this question."
data/thin/hq/telescope_PNG53.jpg,Telescope,"Sorry, as a base VLM I am not trained to answer this question."
data/thin/hq/telescope_PNG57.jpg,Telescope,"Sorry, as a base VLM I am not trained to answer this question."
data/thin/hq/telescope_PNG60.jpg,Telescope,cat
data/thin/hq/telescope_PNG61.jpg,Telescope,"Sorry, as a base VLM I am not trained to answer this question."
data/thin/hq/telescope_PNG63.jpg,Telescope,"Sorry, as a base VLM I am not trained to answer this question."
data/thin/hq/telescope_PNG67.jpg,Telescope,"Sorry, as a base VLM I am not trained to answer this question."
data/thin/hq/telescope_PNG69.jpg,Telescope,bird
data/thin/hq/telescope_PNG75.jpg,Telescope,"Sorry, as a base VLM I am not trained to answer this question."
data/thin/hq/telescope_PNG80.jpg,Telescope,bird
data/thin/hq/telescope_PNG87.jpg,Telescope,"Sorry, as a base VLM I am not trained to answer this question."
data/thin/hq/telescope_PNG97.jpg,Telescope,"Sorry, as a base VLM I am not trained to answer this question."
data/thin/hq/telescope_PNG99.jpg,Telescope,"Sorry, as a base VLM I am not trained to answer this question."
data/thin/hq/tent_PNG2.jpg,Tent,"Sorry, as a base VLM I am not trained to answer this question."
data/thin/hq/tent_PNG24.jpg,Tent,"Sorry, as a base VLM I am not trained to answer this question."
data/thin/hq/tent_PNG3.jpg,Tent,"Sorry, as a base VLM I am not trained to answer this question."
data/thin/hq/tent_PNG30.jpg,Tent,"Sorry, as a base VLM I am not trained to answer this question."
data/thin/hq/tent_PNG33.jpg,Tent,"Sorry, as a base VLM I am not trained to answer this question."
data/thin/hq/tent_PNG34.jpg,Tent,"Sorry, as a base VLM I am not trained to answer this question."
data/thin/hq/tent_PNG35.jpg,Tent,"Sorry, as a base VLM I am not trained to answer this question."
data/thin/hq/tent_PNG36.jpg,Tent,bird
data/thin/hq/tent_PNG38.jpg,Tent,"Sorry, as a base VLM I am not trained to answer this question."
data/thin/hq/tent_PNG4.jpg,Tent,"Sorry, as a base VLM I am not trained to answer this question."
data/thin/hq/tent_PNG40.jpg,Tent,"Sorry, as a base VLM I am not trained to answer this question."
data/thin/hq/tent_PNG5.jpg,Tent,"Sorry, as a base VLM I am not trained to answer this question."
data/thin/hq/tent_PNG50.jpg,Tent,"Sorry, as a base VLM I am not trained to answer this question."
data/thin/hq/tent_PNG6.jpg,Tent,"Sorry, as a base VLM I am not trained to answer this question."
data/thin/hq/tent_PNG9.jpg,Tent,"Sorry, as a base VLM I am not trained to answer this question."
data/thin/hq/tie_PNG8174.jpg,Tie,"Sorry, as a base VLM I am not trained to answer this question."
data/thin/hq/tie_PNG8175.jpg,Tie,bird
data/thin/hq/tie_PNG8180.jpg,Tie,bird
data/thin/hq/tie_PNG8182.jpg,Tie,"Sorry, as a base VLM I am not trained to answer this question."
data/thin/hq/tie_PNG8192.jpg,Tie,"Sorry, as a base VLM I am not trained to answer this question."
data/thin/hq/tie_PNG8194.jpg,Tie,"Sorry, as a base VLM I am not trained to answer this question."
data/thin/hq/tie_PNG8196.jpg,Tie,"Sorry, as a base VLM I am not trained to answer this question."
data/thin/hq/tie_PNG8197.jpg,Tie,"Sorry, as a base VLM I am not trained to answer this question."
data/thin/hq/time_bomb_PNG1.jpg,Time Bomb,"Sorry, as a base VLM I am not trained to answer this question."
data/thin/hq/time_bomb_PNG11.jpg,Time Bomb,"Sorry, as a base VLM I am not trained to answer this question."
data/thin/hq/time_bomb_PNG2.jpg,Time Bomb,"Sorry, as a base VLM I am not trained to answer this question."
data/thin/hq/time_bomb_PNG3.jpg,Time Bomb,"Sorry, as a base VLM I am not trained to answer this question."
data/thin/hq/time_bomb_PNG6.jpg,Time Bomb,"Sorry, as a base VLM I am not trained to answer this question."
data/thin/hq/time_bomb_PNG8.jpg,Time Bomb,"Sorry, as a base VLM I am not trained to answer this question."
data/thin/hq/time_bomb_PNG9.jpg,Time Bomb,"Sorry, as a base VLM I am not trained to answer this question."
data/thin/hq/titanic_PNG19.jpg,Titanic,"Sorry, as a base VLM I am not trained to answer this question."
data/thin/hq/titanic_PNG3.jpg,Titanic,"Sorry, as a base VLM I am not trained to answer this question."
data/thin/hq/titanic_PNG35.jpg,Titanic,"Sorry, as a base VLM I am not trained to answer this question."
data/thin/hq/titanic_PNG37.jpg,Titanic,"Sorry, as a base VLM I am not trained to answer this question."
data/thin/hq/titanic_PNG40.jpg,Titanic,"Sorry, as a base VLM I am not trained to answer this question."
data/thin/hq/titanic_PNG5.jpg,Titanic,"Sorry, as a base VLM I am not trained to answer this question."
data/thin/hq/titanic_PNG7.jpg,Titanic,"Sorry, as a base VLM I am not trained to answer this question."
data/thin/hq/toothbrush_PNG102.jpg,Toothbrush,"Sorry, as a base VLM I am not trained to answer this question."
data/thin/hq/toothbrush_PNG114.jpg,Toothbrush,bird
data/thin/hq/toothbrush_PNG119.jpg,Toothbrush,"Sorry, as a base VLM I am not trained to answer this question."
data/thin/hq/toothbrush_PNG120.jpg,Toothbrush,bird
data/thin/hq/toothbrush_PNG121.jpg,Toothbrush,"Sorry, as a base VLM I am not trained to answer this question."
data/thin/hq/toothbrush_PNG122.jpg,Toothbrush,"Sorry, as a base VLM I am not trained to answer this question."
data/thin/hq/toothbrush_PNG124.jpg,Toothbrush,"Sorry, as a base VLM I am not trained to answer this question."
data/thin/hq/toothbrush_PNG125.jpg,Toothbrush,"Sorry, as a base VLM I am not trained to answer this question."
data/thin/hq/toothbrush_PNG126.jpg,Toothbrush,"Sorry, as a base VLM I am not trained to answer this question."
data/thin/hq/toothbrush_PNG127a.jpg,Toothbrush,"Sorry, as a base VLM I am not trained to answer this question."
data/thin/hq/toothbrush_PNG127b.jpg,Toothbrush,bird
data/thin/hq/toothbrush_PNG128.jpg,Toothbrush,bird
data/thin/hq/toothbrush_PNG130.jpg,Toothbrush,"Sorry, as a base VLM I am not trained to answer this question."
data/thin/hq/toothbrush_PNG132.jpg,Toothbrush,"Sorry, as a base VLM I am not trained to answer this question."
data/thin/hq/toothbrush_PNG135.jpg,Toothbrush,"Sorry, as a base VLM I am not trained to answer this question."
data/thin/hq/toothbrush_PNG137b.jpg,Toothbrush,"Sorry, as a base VLM I am not trained to answer this question."
data/thin/hq/toothbrush_PNG137c.jpg,Toothbrush,"Sorry, as a base VLM I am not trained to answer this question."
data/thin/hq/toothbrush_PNG13a.jpg,Toothbrush,bird
data/thin/hq/toothbrush_PNG140.jpg,Toothbrush,bird
data/thin/hq/toothbrush_PNG142.jpg,Toothbrush,bird
data/thin/hq/toothbrush_PNG153.jpg,Toothbrush,"Sorry, as a base VLM I am not trained to answer this question."
data/thin/hq/toothbrush_PNG16.jpg,Toothbrush,bird
data/thin/hq/toothbrush_PNG163.jpg,Toothbrush,bird
data/thin/hq/toothbrush_PNG166.jpg,Toothbrush,bird
data/thin/hq/toothbrush_PNG167.jpg,Toothbrush,"Sorry, as a base VLM I am not trained to answer this question."
data/thin/hq/toothbrush_PNG169.jpg,Toothbrush,"Sorry, as a base VLM I am not trained to answer this question."
data/thin/hq/toothbrush_PNG17.jpg,Toothbrush,bird
data/thin/hq/toothbrush_PNG170.jpg,Toothbrush,bird
data/thin/hq/toothbrush_PNG171.jpg,Toothbrush,bird
data/thin/hq/toothbrush_PNG174.jpg,Toothbrush,"Sorry, as a base VLM I am not trained to answer this question."
data/thin/hq/toothbrush_PNG179.jpg,Toothbrush,"Sorry, as a base VLM I am not trained to answer this question."
data/thin/hq/toothbrush_PNG18.jpg,Toothbrush,dog
data/thin/hq/toothbrush_PNG181.jpg,Toothbrush,"Sorry, as a base VLM I am not trained to answer this question."
data/thin/hq/toothbrush_PNG182a.jpg,Toothbrush,snake
data/thin/hq/toothbrush_PNG182c.jpg,Toothbrush,"Sorry, as a base VLM I am not trained to answer this question."
data/thin/hq/toothbrush_PNG183.jpg,Toothbrush,"Sorry, as a base VLM I am not trained to answer this question."
data/thin/hq/toothbrush_PNG184.jpg,Toothbrush,"Sorry, as a base VLM I am not trained to answer this question."
data/thin/hq/toothbrush_PNG2.jpg,Toothbrush,"Sorry, as a base VLM I am not trained to answer this question."
data/thin/hq/toothbrush_PNG21.jpg,Toothbrush,bird
data/thin/hq/toothbrush_PNG22.jpg,Toothbrush,bird
data/thin/hq/toothbrush_PNG25.jpg,Toothbrush,"Sorry, as a base VLM I am not trained to answer this question."
data/thin/hq/toothbrush_PNG28.jpg,Toothbrush,"Sorry, as a base VLM I am not trained to answer this question."
data/thin/hq/toothbrush_PNG30.jpg,Toothbrush,bird
data/thin/hq/toothbrush_PNG33.jpg,Toothbrush,bird
data/thin/hq/toothbrush_PNG34.jpg,Toothbrush,bird
data/thin/hq/toothbrush_PNG38.jpg,Toothbrush,"Sorry, as a base VLM I am not trained to answer this question."
data/thin/hq/toothbrush_PNG42.jpg,Toothbrush,"Sorry, as a base VLM I am not trained to answer this question."
data/thin/hq/toothbrush_PNG45.jpg,Toothbrush,dog
data/thin/hq/toothbrush_PNG49.jpg,Toothbrush,"Sorry, as a base VLM I am not trained to answer this question."
data/thin/hq/toothbrush_PNG51.jpg,Toothbrush,bird
data/thin/hq/toothbrush_PNG52.jpg,Toothbrush,"Sorry, as a base VLM I am not trained to answer this question."
data/thin/hq/toothbrush_PNG54.jpg,Toothbrush,"Sorry, as a base VLM I am not trained to answer this question."
data/thin/hq/toothbrush_PNG55.jpg,Toothbrush,"Sorry, as a base VLM I am not trained to answer this question."
data/thin/hq/toothbrush_PNG56.jpg,Toothbrush,"Sorry, as a base VLM I am not trained to answer this question."
data/thin/hq/toothbrush_PNG59.jpg,Toothbrush,"Sorry, as a base VLM I am not trained to answer this question."
data/thin/hq/toothbrush_PNG65.jpg,Toothbrush,bird
data/thin/hq/toothbrush_PNG70.jpg,Toothbrush,"Sorry, as a base VLM I am not trained to answer this question."
data/thin/hq/toothbrush_PNG77.jpg,Toothbrush,bird
data/thin/hq/toothbrush_PNG78b.jpg,Toothbrush,"Sorry, as a base VLM I am not trained to answer this question."
data/thin/hq/toothbrush_PNG79.jpg,Toothbrush,"Sorry, as a base VLM I am not trained to answer this question."
data/thin/hq/toothbrush_PNG80.jpg,Toothbrush,"Sorry, as a base VLM I am not trained to answer this question."
data/thin/hq/toothbrush_PNG81a.jpg,Toothbrush,"Sorry, as a base VLM I am not trained to answer this question."
data/thin/hq/toothbrush_PNG81b.jpg,Toothbrush,bird
data/thin/hq/toothbrush_PNG84.jpg,Toothbrush,"Sorry, as a base VLM I am not trained to answer this question."
data/thin/hq/toothbrush_PNG87.jpg,Toothbrush,"Sorry, as a base VLM I am not trained to answer this question."
data/thin/hq/toothbrush_PNG92.jpg,Toothbrush,bird
data/thin/hq/toothbrush_PNG94b.jpg,Toothbrush,bird
data/thin/hq/toothbrush_PNG98.jpg,Toothbrush,bird
data/thin/hq/tractor_PNG16106.jpg,Tractor,"Sorry, as a base VLM I am not trained to answer this question."
data/thin/hq/tractor_PNG16107.jpg,Tractor,"Sorry, as a base VLM I am not trained to answer this question."
data/thin/hq/tractor_PNG16127.jpg,Tractor,"Sorry, as a base VLM I am not trained to answer this question."
data/thin/hq/tractor_PNG16128.jpg,Tractor,"Sorry, as a base VLM I am not trained to answer this question."
data/thin/hq/tractor_PNG16131.jpg,Tractor,"Sorry, as a base VLM I am not trained to answer this question."
data/thin/hq/tractor_PNG16132.jpg,Tractor,"Sorry, as a base VLM I am not trained to answer this question."
data/thin/hq/tractor_PNG16139.jpg,Tractor,"Sorry, as a base VLM I am not trained to answer this question."
data/thin/hq/tractor_PNG16164.jpg,Tractor,bird
data/thin/hq/tractor_PNG16165.jpg,Tractor,"Sorry, as a base VLM I am not trained to answer this question."
data/thin/hq/tractor_PNG16167.jpg,Tractor,"Sorry, as a base VLM I am not trained to answer this question."
data/thin/hq/tractor_PNG16171.jpg,Tractor,"Sorry, as a base VLM I am not trained to answer this question."
data/thin/hq/tractor_PNG16174.jpg,Tractor,"Sorry, as a base VLM I am not trained to answer this question."
data/thin/hq/tractor_PNG16175.jpg,Tractor,"Sorry, as a base VLM I am not trained to answer this question."
data/thin/hq/tram_PNG15.jpg,Tram,"Sorry, as a base VLM I am not trained to answer this question."
data/thin/hq/tram_PNG33.jpg,Tram,"Sorry, as a base VLM I am not trained to answer this question."
data/thin/hq/trampoline_PNG1.jpg,Trampoline,"Sorry, as a base VLM I am not trained to answer this question."
data/thin/hq/trampoline_PNG11.jpg,Trampoline,"Sorry, as a base VLM I am not trained to answer this question."
data/thin/hq/trampoline_PNG12.jpg,Trampoline,"Sorry, as a base VLM I am not trained to answer this question."
data/thin/hq/trampoline_PNG2.jpg,Trampoline,"Sorry, as a base VLM I am not trained to answer this question."
data/thin/hq/trampoline_PNG27.jpg,Trampoline,"Sorry, as a base VLM I am not trained to answer this question."
data/thin/hq/trampoline_PNG29.jpg,Trampoline,"Sorry, as a base VLM I am not trained to answer this question."
data/thin/hq/trampoline_PNG34.jpg,Trampoline,"Sorry, as a base VLM I am not trained to answer this question."
data/thin/hq/trampoline_PNG5.jpg,Trampoline,"Sorry, as a base VLM I am not trained to answer this question."
data/thin/hq/trampoline_PNG57.jpg,Trampoline,"Sorry, as a base VLM I am not trained to answer this question."
data/thin/hq/trampoline_PNG6.jpg,Trampoline,"Sorry, as a base VLM I am not trained to answer this question."
data/thin/hq/trampoline_PNG61.jpg,Trampoline,"Sorry, as a base VLM I am not trained to answer this question."
data/thin/hq/trampoline_PNG62.jpg,Trampoline,"Sorry, as a base VLM I am not trained to answer this question."
data/thin/hq/trampoline_PNG64.jpg,Trampoline,"Sorry, as a base VLM I am not trained to answer this question."
data/thin/hq/trampoline_PNG65.jpg,Trampoline,"Sorry, as a base VLM I am not trained to answer this question."
data/thin/hq/trampoline_PNG67.jpg,Trampoline,"Sorry, as a base VLM I am not trained to answer this question."
data/thin/hq/trampoline_PNG72.jpg,Trampoline,"Sorry, as a base VLM I am not trained to answer this question."
data/thin/hq/trampoline_PNG75.jpg,Trampoline,"Sorry, as a base VLM I am not trained to answer this question."
data/thin/hq/trampoline_PNG82.jpg,Trampoline,"Sorry, as a base VLM I am not trained to answer this question."
data/thin/hq/trampoline_PNG84.jpg,Trampoline,"Sorry, as a base VLM I am not trained to answer this question."
data/thin/hq/trampoline_PNG85.jpg,Trampoline,"Sorry, as a base VLM I am not trained to answer this question."
data/thin/hq/trampoline_PNG9.jpg,Trampoline,"Sorry, as a base VLM I am not trained to answer this question."
data/thin/hq/treadmill_PNG101.jpg,Treadmill,"Sorry, as a base VLM I am not trained to answer this question."
data/thin/hq/treadmill_PNG14.jpg,Treadmill,"Sorry, as a base VLM I am not trained to answer this question."
data/thin/hq/treadmill_PNG18.jpg,Treadmill,"Sorry, as a base VLM I am not trained to answer this question."
data/thin/hq/treadmill_PNG19.jpg,Treadmill,"Sorry, as a base VLM I am not trained to answer this question."
data/thin/hq/treadmill_PNG28.jpg,Treadmill,"Sorry, as a base VLM I am not trained to answer this question."
data/thin/hq/treadmill_PNG36.jpg,Treadmill,"Sorry, as a base VLM I am not trained to answer this question."
data/thin/hq/treadmill_PNG38.jpg,Treadmill,"Sorry, as a base VLM I am not trained to answer this question."
data/thin/hq/treadmill_PNG43.jpg,Treadmill,"Sorry, as a base VLM I am not trained to answer this question."
data/thin/hq/treadmill_PNG6.jpg,Treadmill,"Sorry, as a base VLM I am not trained to answer this question."
data/thin/hq/treadmill_PNG7.jpg,Treadmill,"Sorry, as a base VLM I am not trained to answer this question."
data/thin/hq/treadmill_PNG75.jpg,Treadmill,"Sorry, as a base VLM I am not trained to answer this question."
data/thin/hq/treadmill_PNG8.jpg,Treadmill,"Sorry, as a base VLM I am not trained to answer this question."
data/thin/hq/treadmill_PNG9.jpg,Treadmill,"Sorry, as a base VLM I am not trained to answer this question."
data/thin/hq/treadmill_PNG94.jpg,Treadmill,"Sorry, as a base VLM I am not trained to answer this question."
data/thin/hq/treadmill_PNG99.jpg,Treadmill,bird
data/thin/hq/tripod_PNG1.jpg,Tripod,"Sorry, as a base VLM I am not trained to answer this question."
data/thin/hq/tripod_PNG100.jpg,Tripod,"Sorry, as a base VLM I am not trained to answer this question."
data/thin/hq/tripod_PNG102.jpg,Tripod,"Sorry, as a base VLM I am not trained to answer this question."
data/thin/hq/tripod_PNG109.jpg,Tripod,"Sorry, as a base VLM I am not trained to answer this question."
data/thin/hq/tripod_PNG112.jpg,Tripod,"Sorry, as a base VLM I am not trained to answer this question."
data/thin/hq/tripod_PNG114.jpg,Tripod,"Sorry, as a base VLM I am not trained to answer this question."
data/thin/hq/tripod_PNG115.jpg,Tripod,"Sorry, as a base VLM I am not trained to answer this question."
data/thin/hq/tripod_PNG116.jpg,Tripod,"Sorry, as a base VLM I am not trained to answer this question."
data/thin/hq/tripod_PNG117.jpg,Tripod,"Sorry, as a base VLM I am not trained to answer this question."
data/thin/hq/tripod_PNG12.jpg,Tripod,"Sorry, as a base VLM I am not trained to answer this question."
data/thin/hq/tripod_PNG120.jpg,Tripod,"Sorry, as a base VLM I am not trained to answer this question."
data/thin/hq/tripod_PNG131.jpg,Tripod,bird
data/thin/hq/tripod_PNG132.jpg,Tripod,bird
data/thin/hq/tripod_PNG133.jpg,Tripod,"Sorry, as a base VLM I am not trained to answer this question."
data/thin/hq/tripod_PNG135.jpg,Tripod,"Sorry, as a base VLM I am not trained to answer this question."
data/thin/hq/tripod_PNG139.jpg,Tripod,bird
data/thin/hq/tripod_PNG141.jpg,Tripod,bird
data/thin/hq/tripod_PNG144.jpg,Tripod,"Sorry, as a base VLM I am not trained to answer this question."
data/thin/hq/tripod_PNG146.jpg,Tripod,"animal, bird, elephant"
data/thin/hq/tripod_PNG16.jpg,Tripod,bird
data/thin/hq/tripod_PNG17.jpg,Tripod,"Sorry, as a base VLM I am not trained to answer this question."
data/thin/hq/tripod_PNG2.jpg,Tripod,"Sorry, as a base VLM I am not trained to answer this question."
data/thin/hq/tripod_PNG30.jpg,Tripod,"Sorry, as a base VLM I am not trained to answer this question."
data/thin/hq/tripod_PNG33.jpg,Tripod,"Sorry, as a base VLM I am not trained to answer this question."
data/thin/hq/tripod_PNG36.jpg,Tripod,"Sorry, as a base VLM I am not trained to answer this question."
data/thin/hq/tripod_PNG40.jpg,Tripod,"Sorry, as a base VLM I am not trained to answer this question."
data/thin/hq/tripod_PNG43.jpg,Tripod,"Sorry, as a base VLM I am not trained to answer this question."
data/thin/hq/tripod_PNG46.jpg,Tripod,"Sorry, as a base VLM I am not trained to answer this question."
data/thin/hq/tripod_PNG48.jpg,Tripod,"Sorry, as a base VLM I am not trained to answer this question."
data/thin/hq/tripod_PNG49.jpg,Tripod,"Sorry, as a base VLM I am not trained to answer this question."
data/thin/hq/tripod_PNG52.jpg,Tripod,"Sorry, as a base VLM I am not trained to answer this question."
data/thin/hq/tripod_PNG54.jpg,Tripod,"Sorry, as a base VLM I am not trained to answer this question."
data/thin/hq/tripod_PNG58.jpg,Tripod,bird
data/thin/hq/tripod_PNG63.jpg,Tripod,"Sorry, as a base VLM I am not trained to answer this question."
data/thin/hq/tripod_PNG65.jpg,Tripod,"Sorry, as a base VLM I am not trained to answer this question."
data/thin/hq/tripod_PNG67.jpg,Tripod,bird
data/thin/hq/tripod_PNG72.jpg,Tripod,bird
data/thin/hq/tripod_PNG73.jpg,Tripod,"Sorry, as a base VLM I am not trained to answer this question."
data/thin/hq/tripod_PNG74.jpg,Tripod,"Sorry, as a base VLM I am not trained to answer this question."
data/thin/hq/tripod_PNG76.jpg,Tripod,"Sorry, as a base VLM I am not trained to answer this question."
data/thin/hq/tripod_PNG77.jpg,Tripod,"Sorry, as a base VLM I am not trained to answer this question."
data/thin/hq/tripod_PNG78.jpg,Tripod,"Sorry, as a base VLM I am not trained to answer this question."
data/thin/hq/tripod_PNG86.jpg,Tripod,"Sorry, as a base VLM I am not trained to answer this question."
data/thin/hq/tripod_PNG88.jpg,Tripod,"Sorry, as a base VLM I am not trained to answer this question."
data/thin/hq/tripod_PNG91.jpg,Tripod,"Sorry, as a base VLM I am not trained to answer this question."
data/thin/hq/tripod_PNG92.jpg,Tripod,"Sorry, as a base VLM I am not trained to answer this question."
data/thin/hq/tripod_PNG93.jpg,Tripod,"Sorry, as a base VLM I am not trained to answer this question."
data/thin/hq/tripod_PNG94.jpg,Tripod,"Sorry, as a base VLM I am not trained to answer this question."
data/thin/hq/tripod_PNG95.jpg,Tripod,"Sorry, as a base VLM I am not trained to answer this question."
data/thin/hq/tripod_PNG97.jpg,Tripod,"Sorry, as a base VLM I am not trained to answer this question."
data/thin/hq/tripod_PNG99.jpg,Tripod,"Sorry, as a base VLM I am not trained to answer this question."
data/thin/hq/trolleybus_PNG10.jpg,Trolleybus,"Sorry, as a base VLM I am not trained to answer this question."
data/thin/hq/trolleybus_PNG11.jpg,Trolleybus,"Sorry, as a base VLM I am not trained to answer this question."
data/thin/hq/trolleybus_PNG2.jpg,Trolleybus,bird
data/thin/hq/trolleybus_PNG26.jpg,Trolleybus,bird
data/thin/hq/trolleybus_PNG30.jpg,Trolleybus,bird
data/thin/hq/trombone_PNG1.jpg,Trombone,"Sorry, as a base VLM I am not trained to answer this question."
data/thin/hq/trombone_PNG10.jpg,Trombone,"Sorry, as a base VLM I am not trained to answer this question."
data/thin/hq/trombone_PNG12.jpg,Trombone,"Sorry, as a base VLM I am not trained to answer this question."
data/thin/hq/trombone_PNG13.jpg,Trombone,"Sorry, as a base VLM I am not trained to answer this question."
data/thin/hq/trombone_PNG14.jpg,Trombone,"Sorry, as a base VLM I am not trained to answer this question."
data/thin/hq/trombone_PNG16.jpg,Trombone,"Sorry, as a base VLM I am not trained to answer this question."
data/thin/hq/trombone_PNG17.jpg,Trombone,"Sorry, as a base VLM I am not trained to answer this question."
data/thin/hq/trombone_PNG18.jpg,Trombone,"Sorry, as a base VLM I am not trained to answer this question."
data/thin/hq/trombone_PNG2.jpg,Trombone,"Sorry, as a base VLM I am not trained to answer this question."
data/thin/hq/trombone_PNG20.jpg,Trombone,"Sorry, as a base VLM I am not trained to answer this question."
data/thin/hq/trombone_PNG29.jpg,Trombone,"Sorry, as a base VLM I am not trained to answer this question."
data/thin/hq/trombone_PNG3.jpg,Trombone,"Sorry, as a base VLM I am not trained to answer this question."
data/thin/hq/trombone_PNG31.jpg,Trombone,"Sorry, as a base VLM I am not trained to answer this question."
data/thin/hq/trombone_PNG33.jpg,Trombone,"Sorry, as a base VLM I am not trained to answer this question."
data/thin/hq/trombone_PNG37.jpg,Trombone,"Sorry, as a base VLM I am not trained to answer this question."
data/thin/hq/trombone_PNG38.jpg,Trombone,"Sorry, as a base VLM I am not trained to answer this question."
data/thin/hq/trombone_PNG39.jpg,Trombone,"Sorry, as a base VLM I am not trained to answer this question."
data/thin/hq/trombone_PNG4.jpg,Trombone,"Sorry, as a base VLM I am not trained to answer this question."
data/thin/hq/trombone_PNG40.jpg,Trombone,"Sorry, as a base VLM I am not trained to answer this question."
data/thin/hq/trombone_PNG45.jpg,Trombone,"Sorry, as a base VLM I am not trained to answer this question."
data/thin/hq/trombone_PNG46.jpg,Trombone,"Sorry, as a base VLM I am not trained to answer this question."
data/thin/hq/trombone_PNG5.jpg,Trombone,"Sorry, as a base VLM I am not trained to answer this question."
data/thin/hq/trombone_PNG52.jpg,Trombone,bird
data/thin/hq/trombone_PNG54.jpg,Trombone,"Sorry, as a base VLM I am not trained to answer this question."
data/thin/hq/trombone_PNG55.jpg,Trombone,"Sorry, as a base VLM I am not trained to answer this question."
data/thin/hq/trombone_PNG56.jpg,Trombone,"Sorry, as a base VLM I am not trained to answer this question."
data/thin/hq/trombone_PNG7.jpg,Trombone,"Sorry, as a base VLM I am not trained to answer this question."
data/thin/hq/trombone_PNG8.jpg,Trombone,"Sorry, as a base VLM I am not trained to answer this question."
data/thin/hq/trombone_PNG9.jpg,Trombone,"Sorry, as a base VLM I am not trained to answer this question."
data/thin/hq/trumpet_saxophone_PNG14721.jpg,Trumpet Saxophone,"Sorry, as a base VLM I am not trained to answer this question."
data/thin/hq/trumpet_saxophone_PNG14723.jpg,Trumpet Saxophone,"Sorry, as a base VLM I am not trained to answer this question."
data/thin/hq/trumpet_saxophone_PNG14724.jpg,Trumpet Saxophone,"Sorry, as a base VLM I am not trained to answer this question."
data/thin/hq/trumpet_saxophone_PNG14726.jpg,Trumpet Saxophone,"Sorry, as a base VLM I am not trained to answer this question."
data/thin/hq/trumpet_saxophone_PNG14727.jpg,Trumpet Saxophone,bird
data/thin/hq/trumpet_saxophone_PNG14728.jpg,Trumpet Saxophone,"Sorry, as a base VLM I am not trained to answer this question."
data/thin/hq/trumpet_saxophone_PNG14729.jpg,Trumpet Saxophone,"Sorry, as a base VLM I am not trained to answer this question."
data/thin/hq/trumpet_saxophone_PNG14730.jpg,Trumpet Saxophone,"Sorry, as a base VLM I am not trained to answer this question."
data/thin/hq/trumpet_saxophone_PNG14731.jpg,Trumpet Saxophone,"Sorry, as a base VLM I am not trained to answer this question."
data/thin/hq/trumpet_saxophone_PNG14734.jpg,Trumpet Saxophone,bird
data/thin/hq/trumpet_saxophone_PNG14735.jpg,Trumpet Saxophone,"Sorry, as a base VLM I am not trained to answer this question."
data/thin/hq/trumpet_saxophone_PNG14738.jpg,Trumpet Saxophone,"Sorry, as a base VLM I am not trained to answer this question."
data/thin/hq/trumpet_saxophone_PNG14739.jpg,Trumpet Saxophone,"Sorry, as a base VLM I am not trained to answer this question."
data/thin/hq/trumpet_saxophone_PNG14740.jpg,Trumpet Saxophone,"Sorry, as a base VLM I am not trained to answer this question."
data/thin/hq/trumpet_saxophone_PNG14743.jpg,Trumpet Saxophone,"Sorry, as a base VLM I am not trained to answer this question."
data/thin/hq/trumpet_saxophone_PNG14744.jpg,Trumpet Saxophone,"Sorry, as a base VLM I am not trained to answer this question."
data/thin/hq/trumpet_saxophone_PNG14745.jpg,Trumpet Saxophone,"Sorry, as a base VLM I am not trained to answer this question."
data/thin/hq/trumpet_saxophone_PNG14746.jpg,Trumpet Saxophone,bird
data/thin/hq/trumpet_saxophone_PNG14747.jpg,Trumpet Saxophone,"Sorry, as a base VLM I am not trained to answer this question."
data/thin/hq/trumpet_saxophone_PNG14748.jpg,Trumpet Saxophone,bird
data/thin/hq/trumpet_saxophone_PNG14753.jpg,Trumpet Saxophone,bird
data/thin/hq/trumpet_saxophone_PNG14754.jpg,Trumpet Saxophone,"Sorry, as a base VLM I am not trained to answer this question."
data/thin/hq/trumpet_saxophone_PNG14755.jpg,Trumpet Saxophone,"Sorry, as a base VLM I am not trained to answer this question."
data/thin/hq/trumpet_saxophone_PNG14756.jpg,Trumpet Saxophone,bird
data/thin/hq/trumpet_saxophone_PNG14757.jpg,Trumpet Saxophone,"Sorry, as a base VLM I am not trained to answer this question."
data/thin/hq/trumpet_saxophone_PNG14758.jpg,Trumpet Saxophone,"Sorry, as a base VLM I am not trained to answer this question."
data/thin/hq/trumpet_saxophone_PNG14759.jpg,Trumpet Saxophone,"Sorry, as a base VLM I am not trained to answer this question."
data/thin/hq/trumpet_saxophone_PNG14760.jpg,Trumpet Saxophone,"Sorry, as a base VLM I am not trained to answer this question."
data/thin/hq/trumpet_saxophone_PNG14769.jpg,Trumpet Saxophone,"Sorry, as a base VLM I am not trained to answer this question."
data/thin/hq/tulip_PNG8978.jpg,Tulip,bird
data/thin/hq/tulip_PNG8979.jpg,Tulip,bird
data/thin/hq/tulip_PNG8980.jpg,Tulip,"Sorry, as a base VLM I am not trained to answer this question."
data/thin/hq/tulip_PNG8983.jpg,Tulip,"Sorry, as a base VLM I am not trained to answer this question."
data/thin/hq/tulip_PNG8995.jpg,Tulip,bird
data/thin/hq/tulip_PNG8997.jpg,Tulip,"Sorry, as a base VLM I am not trained to answer this question."
data/thin/hq/tulip_PNG9000.jpg,Tulip,"Sorry, as a base VLM I am not trained to answer this question."
data/thin/hq/tulip_PNG9003.jpg,Tulip,"Sorry, as a base VLM I am not trained to answer this question."
data/thin/hq/tulip_PNG9004.jpg,Tulip,"Sorry, as a base VLM I am not trained to answer this question."
data/thin/hq/tulip_PNG9005.jpg,Tulip,"Sorry, as a base VLM I am not trained to answer this question."
data/thin/hq/tulip_PNG9006.jpg,Tulip,"Sorry, as a base VLM I am not trained to answer this question."
data/thin/hq/tulip_PNG9009.jpg,Tulip,"Sorry, as a base VLM I am not trained to answer this question."
data/thin/hq/tulip_PNG9019.jpg,Tulip,"Sorry, as a base VLM I am not trained to answer this question."
data/thin/hq/tulip_PNG9020.jpg,Tulip,bird
data/thin/hq/tulip_PNG9022.jpg,Tulip,"Sorry, as a base VLM I am not trained to answer this question."
data/thin/hq/tulip_PNG9023.jpg,Tulip,bird
data/thin/hq/tulip_PNG9024.jpg,Tulip,"Sorry, as a base VLM I am not trained to answer this question."
data/thin/hq/tulip_PNG9025.jpg,Tulip,"Sorry, as a base VLM I am not trained to answer this question."
data/thin/hq/tulip_PNG9026.jpg,Tulip,"Sorry, as a base VLM I am not trained to answer this question."
data/thin/hq/turkey_PNG58546.jpg,Turkey,bird
data/thin/hq/turkey_PNG58547.jpg,Turkey,bird
data/thin/hq/turkey_PNG58548.jpg,Turkey,bird
data/thin/hq/turkey_PNG58549.jpg,Turkey,"Sorry, as a base VLM I am not trained to answer this question."
data/thin/hq/turkey_PNG58559.jpg,Turkey,bird
data/thin/hq/turkey_PNG58579.jpg,Turkey,bird
data/thin/hq/turkey_PNG58588.jpg,Turkey,bird
data/thin/hq/turkey_PNG58599.jpg,Turkey,"Sorry, as a base VLM I am not trained to answer this question."
data/thin/hq/turkey_PNG58605.jpg,Turkey,bird
data/thin/hq/turtle_PNG55.jpg,Turtle,turtle
data/thin/hq/turtle_PNG63.jpg,Turtle,"Sorry, as a base VLM I am not trained to answer this question."
data/thin/hq/typewriter_PNG10.jpg,Typewriter,"Sorry, as a base VLM I am not trained to answer this question."
data/thin/hq/typewriter_PNG11.jpg,Typewriter,"Sorry, as a base VLM I am not trained to answer this question."
data/thin/hq/typewriter_PNG19.jpg,Typewriter,"Sorry, as a base VLM I am not trained to answer this question."
data/thin/hq/typewriter_PNG2.jpg,Typewriter,bird
data/thin/hq/typewriter_PNG21.jpg,Typewriter,"Sorry, as a base VLM I am not trained to answer this question."
data/thin/hq/typewriter_PNG27.jpg,Typewriter,"Sorry, as a base VLM I am not trained to answer this question."
data/thin/hq/typewriter_PNG3.jpg,Typewriter,"Sorry, as a base VLM I am not trained to answer this question."
data/thin/hq/typewriter_PNG33.jpg,Typewriter,"Sorry, as a base VLM I am not trained to answer this question."
data/thin/hq/typewriter_PNG4.jpg,Typewriter,bird
data/thin/hq/typewriter_PNG43.jpg,Typewriter,bird
data/thin/hq/typewriter_PNG45.jpg,Typewriter,"Sorry, as a base VLM I am not trained to answer this question."
data/thin/hq/typewriter_PNG5.jpg,Typewriter,bird
data/thin/hq/typewriter_PNG55.jpg,Typewriter,"Sorry, as a base VLM I am not trained to answer this question."
data/thin/hq/typewriter_PNG56.jpg,Typewriter,"Sorry, as a base VLM I am not trained to answer this question."
data/thin/hq/typewriter_PNG58.jpg,Typewriter,"Sorry, as a base VLM I am not trained to answer this question."
data/thin/hq/typewriter_PNG59.jpg,Typewriter,bird
data/thin/hq/typewriter_PNG6.jpg,Typewriter,bird
data/thin/hq/typewriter_PNG60.jpg,Typewriter,bird
data/thin/hq/typewriter_PNG62.jpg,Typewriter,bird
data/thin/hq/typewriter_PNG63.jpg,Typewriter,"Sorry, as a base VLM I am not trained to answer this question."
data/thin/hq/typewriter_PNG64.jpg,Typewriter,"Sorry, as a base VLM I am not trained to answer this question."
data/thin/hq/typewriter_PNG68.jpg,Typewriter,"Sorry, as a base VLM I am not trained to answer this question."
data/thin/hq/typewriter_PNG75.jpg,Typewriter,bird
data/thin/hq/typewriter_PNG76.jpg,Typewriter,"Sorry, as a base VLM I am not trained to answer this question."
data/thin/hq/typewriter_PNG77.jpg,Typewriter,"Sorry, as a base VLM I am not trained to answer this question."
data/thin/hq/typewriter_PNG78b.jpg,Typewriter,"Sorry, as a base VLM I am not trained to answer this question."
data/thin/hq/typewriter_PNG81.jpg,Typewriter,bird
data/thin/hq/typewriter_PNG87.jpg,Typewriter,bird
data/thin/hq/typewriter_PNG9.jpg,Typewriter,"Sorry, as a base VLM I am not trained to answer this question."
data/thin/hq/typewriter_PNG93.jpg,Typewriter,"Sorry, as a base VLM I am not trained to answer this question."
data/thin/hq/typewriter_PNG98.jpg,Typewriter,bird
data/thin/hq/umbrella_PNG500.jpg,Umbrella,zebra
data/thin/hq/umbrella_PNG69117.jpg,Umbrella,bird
data/thin/hq/umbrella_PNG69123.jpg,Umbrella,bird
data/thin/hq/umbrella_PNG69124.jpg,Umbrella,"Sorry, as a base VLM I am not trained to answer this question."
data/thin/hq/umbrella_PNG69129a.jpg,Umbrella,bird
data/thin/hq/umbrella_PNG69129b.jpg,Umbrella,bird
data/thin/hq/umbrella_PNG69129c.jpg,Umbrella,"Sorry, as a base VLM I am not trained to answer this question."
data/thin/hq/umbrella_PNG69129d.jpg,Umbrella,bird
data/thin/hq/umbrella_PNG69129e.jpg,Umbrella,"Sorry, as a base VLM I am not trained to answer this question."
data/thin/hq/umbrella_PNG69129f.jpg,Umbrella,"Sorry, as a base VLM I am not trained to answer this question."
data/thin/hq/umbrella_PNG69130.jpg,Umbrella,bird
data/thin/hq/umbrella_PNG69145.jpg,Umbrella,bird
data/thin/hq/umbrella_PNG69217.jpg,Umbrella,"Sorry, as a base VLM I am not trained to answer this question."
data/thin/hq/umbrella_PNG69225.jpg,Umbrella,"Sorry, as a base VLM I am not trained to answer this question."
data/thin/hq/umbrella_PNG69226a.jpg,Umbrella,"Sorry, as a base VLM I am not trained to answer this question."
data/thin/hq/umbrella_PNG69226b.jpg,Umbrella,bird
data/thin/hq/umbrella_PNG69226c.jpg,Umbrella,bird
data/thin/hq/umbrella_PNG69226e.jpg,Umbrella,"Sorry, as a base VLM I am not trained to answer this question."
data/thin/hq/umbrella_PNG69226f.jpg,Umbrella,"animal, bird, reptile, turtle"
data/thin/hq/umbrella_PNG69226g.jpg,Umbrella,"Sorry, as a base VLM I am not trained to answer this question."
data/thin/hq/umbrella_PNG69226h.jpg,Umbrella,"Sorry, as a base VLM I am not trained to answer this question."
data/thin/hq/umbrella_PNG69227b.jpg,Umbrella,"Sorry, as a base VLM I am not trained to answer this question."
data/thin/hq/umbrella_PNG69227d.jpg,Umbrella,bird
data/thin/hq/umbrella_PNG69227e.jpg,Umbrella,"Sorry, as a base VLM I am not trained to answer this question."
data/thin/hq/umbrella_PNG69230.jpg,Umbrella,"Sorry, as a base VLM I am not trained to answer this question."
data/thin/hq/umbrella_PNG69231.jpg,Umbrella,bird
data/thin/hq/umbrella_PNG69232.jpg,Umbrella,bird
data/thin/hq/umbrella_PNG69233.jpg,Umbrella,"Sorry, as a base VLM I am not trained to answer this question."
data/thin/hq/umbrella_PNG69234.jpg,Umbrella,bird
data/thin/hq/vacuum_cleaner_PNG1.jpg,Vacuum Cleaner,"Sorry, as a base VLM I am not trained to answer this question."
data/thin/hq/vacuum_cleaner_PNG10.jpg,Vacuum Cleaner,bird
data/thin/hq/vacuum_cleaner_PNG17.jpg,Vacuum Cleaner,bird
data/thin/hq/vacuum_cleaner_PNG19.jpg,Vacuum Cleaner,"Sorry, as a base VLM I am not trained to answer this question."
data/thin/hq/vacuum_cleaner_PNG20.jpg,Vacuum Cleaner,"Sorry, as a base VLM I am not trained to answer this question."
data/thin/hq/vacuum_cleaner_PNG21.jpg,Vacuum Cleaner,"Sorry, as a base VLM I am not trained to answer this question."
data/thin/hq/vacuum_cleaner_PNG23.jpg,Vacuum Cleaner,"Sorry, as a base VLM I am not trained to answer this question."
data/thin/hq/vacuum_cleaner_PNG28.jpg,Vacuum Cleaner,"Sorry, as a base VLM I am not trained to answer this question."
data/thin/hq/vacuum_cleaner_PNG29.jpg,Vacuum Cleaner,"Sorry, as a base VLM I am not trained to answer this question."
data/thin/hq/vacuum_cleaner_PNG33.jpg,Vacuum Cleaner,"Sorry, as a base VLM I am not trained to answer this question."
data/thin/hq/vacuum_cleaner_PNG43.jpg,Vacuum Cleaner,"Sorry, as a base VLM I am not trained to answer this question."
data/thin/hq/vacuum_cleaner_PNG44.jpg,Vacuum Cleaner,"Sorry, as a base VLM I am not trained to answer this question."
data/thin/hq/vacuum_cleaner_PNG45.jpg,Vacuum Cleaner,bird
data/thin/hq/vacuum_cleaner_PNG46.jpg,Vacuum Cleaner,bird
data/thin/hq/vacuum_cleaner_PNG47.jpg,Vacuum Cleaner,bird
data/thin/hq/vacuum_cleaner_PNG48.jpg,Vacuum Cleaner,bird
data/thin/hq/vacuum_cleaner_PNG49.jpg,Vacuum Cleaner,bird
data/thin/hq/vacuum_cleaner_PNG50.jpg,Vacuum Cleaner,"Sorry, as a base VLM I am not trained to answer this question."
data/thin/hq/vacuum_cleaner_PNG52.jpg,Vacuum Cleaner,"Sorry, as a base VLM I am not trained to answer this question."
data/thin/hq/vacuum_cleaner_PNG53.jpg,Vacuum Cleaner,bird
data/thin/hq/vacuum_cleaner_PNG54.jpg,Vacuum Cleaner,"Sorry, as a base VLM I am not trained to answer this question."
data/thin/hq/vacuum_cleaner_PNG56.jpg,Vacuum Cleaner,"Sorry, as a base VLM I am not trained to answer this question."
data/thin/hq/vacuum_cleaner_PNG7.jpg,Vacuum Cleaner,"Sorry, as a base VLM I am not trained to answer this question."
data/thin/hq/vacuum_cleaner_PNG8.jpg,Vacuum Cleaner,"Sorry, as a base VLM I am not trained to answer this question."
data/thin/hq/vase_PNG123.jpg,Vase,"ant, bee, cockroach, fly, mosquito"
data/thin/hq/vase_PNG153.jpg,Vase,"Sorry, as a base VLM I am not trained to answer this question."
data/thin/hq/vase_PNG179a.jpg,Vase,"Sorry, as a base VLM I am not trained to answer this question."
data/thin/hq/vase_PNG179b.jpg,Vase,"Sorry, as a base VLM I am not trained to answer this question."
data/thin/hq/vase_PNG81.jpg,Vase,"Sorry, as a base VLM I am not trained to answer this question."
data/thin/hq/vase_PNG94.jpg,Vase,bird
data/thin/hq/vase_PNG96.jpg,Vase,bird
data/thin/hq/video_camera_PNG7856.jpg,Video Camera,bird
data/thin/hq/video_camera_PNG7864.jpg,Video Camera,"Sorry, as a base VLM I am not trained to answer this question."
data/thin/hq/video_camera_PNG7868.jpg,Video Camera,"Sorry, as a base VLM I am not trained to answer this question."
data/thin/hq/video_camera_PNG7870.jpg,Video Camera,"Sorry, as a base VLM I am not trained to answer this question."
data/thin/hq/video_camera_PNG7875.jpg,Video Camera,"Sorry, as a base VLM I am not trained to answer this question."
data/thin/hq/video_camera_PNG7880.jpg,Video Camera,"Sorry, as a base VLM I am not trained to answer this question."
data/thin/hq/video_camera_PNG7891.jpg,Video Camera,"Sorry, as a base VLM I am not trained to answer this question."
data/thin/hq/violin_PNG12820.jpg,Violin,"Sorry, as a base VLM I am not trained to answer this question."
data/thin/hq/violin_PNG12821.jpg,Violin,"Sorry, as a base VLM I am not trained to answer this question."
data/thin/hq/violin_PNG12822.jpg,Violin,"Sorry, as a base VLM I am not trained to answer this question."
data/thin/hq/violin_PNG12839.jpg,Violin,bird
data/thin/hq/wedding_cake_PNG19427.jpg,Wedding Cake,"Sorry, as a base VLM I am not trained to answer this question."
data/thin/hq/wedding_cake_PNG19465.jpg,Wedding Cake,"Sorry, as a base VLM I am not trained to answer this question."
data/thin/hq/wedding_cake_PNG19467.jpg,Wedding Cake,"Sorry, as a base VLM I am not trained to answer this question."
data/thin/hq/wheelchair_PNG17838.jpg,Wheelchair,"Sorry, as a base VLM I am not trained to answer this question."
data/thin/hq/wheelchair_PNG17840.jpg,Wheelchair,bird
data/thin/hq/wheelchair_PNG17845.jpg,Wheelchair,"Sorry, as a base VLM I am not trained to answer this question."
data/thin/hq/wheelchair_PNG17846.jpg,Wheelchair,bird
data/thin/hq/wheelchair_PNG17849.jpg,Wheelchair,"Sorry, as a base VLM I am not trained to answer this question."
data/thin/hq/wheelchair_PNG17852.jpg,Wheelchair,"Sorry, as a base VLM I am not trained to answer this question."
data/thin/hq/wheelchair_PNG17854.jpg,Wheelchair,"Sorry, as a base VLM I am not trained to answer this question."
data/thin/hq/wheelchair_PNG17855.jpg,Wheelchair,"Sorry, as a base VLM I am not trained to answer this question."
data/thin/hq/wheelchair_PNG17858.jpg,Wheelchair,"Sorry, as a base VLM I am not trained to answer this question."
data/thin/hq/wheelchair_PNG17861.jpg,Wheelchair,"Sorry, as a base VLM I am not trained to answer this question."
data/thin/hq/wheelchair_PNG17863.jpg,Wheelchair,"Sorry, as a base VLM I am not trained to answer this question."
data/thin/hq/wheelchair_PNG17865.jpg,Wheelchair,"Sorry, as a base VLM I am not trained to answer this question."
data/thin/hq/wheelchair_PNG17869.jpg,Wheelchair,"Sorry, as a base VLM I am not trained to answer this question."
data/thin/hq/wheelchair_PNG17875.jpg,Wheelchair,"Sorry, as a base VLM I am not trained to answer this question."
data/thin/hq/wheelchair_PNG82761.jpg,Wheelchair,"Sorry, as a base VLM I am not trained to answer this question."
data/thin/hq/wheelchair_PNG82762.jpg,Wheelchair,"Sorry, as a base VLM I am not trained to answer this question."
data/thin/hq/wheelchair_PNG82763.jpg,Wheelchair,bird
data/thin/hq/wheelchair_PNG82765.jpg,Wheelchair,"Sorry, as a base VLM I am not trained to answer this question."
data/thin/hq/wheelchair_PNG82771.jpg,Wheelchair,"Sorry, as a base VLM I am not trained to answer this question."
data/thin/hq/wheelchair_PNG82773.jpg,Wheelchair,"Sorry, as a base VLM I am not trained to answer this question."
data/thin/hq/wheelchair_PNG82774.jpg,Wheelchair,"Sorry, as a base VLM I am not trained to answer this question."
data/thin/hq/wheelchair_PNG82775.jpg,Wheelchair,"Sorry, as a base VLM I am not trained to answer this question."
data/thin/hq/wheelchair_PNG82777.jpg,Wheelchair,"Sorry, as a base VLM I am not trained to answer this question."
data/thin/hq/wheelchair_PNG82778.jpg,Wheelchair,"Sorry, as a base VLM I am not trained to answer this question."
data/thin/hq/wheelchair_PNG82783.jpg,Wheelchair,"Sorry, as a base VLM I am not trained to answer this question."
data/thin/hq/wheelchair_PNG82784.jpg,Wheelchair,bird
data/thin/hq/wheelchair_PNG82790.jpg,Wheelchair,"Sorry, as a base VLM I am not trained to answer this question."
data/thin/hq/wheelchair_PNG82792.jpg,Wheelchair,"Sorry, as a base VLM I am not trained to answer this question."
data/thin/hq/wheelchair_PNG82794.jpg,Wheelchair,"Sorry, as a base VLM I am not trained to answer this question."
data/thin/hq/wheelchair_PNG82799.jpg,Wheelchair,"Sorry, as a base VLM I am not trained to answer this question."
data/thin/hq/wheelchair_PNG82800.jpg,Wheelchair,"Sorry, as a base VLM I am not trained to answer this question."
data/thin/hq/wheelchair_PNG82801.jpg,Wheelchair,"Sorry, as a base VLM I am not trained to answer this question."
data/thin/hq/wheelchair_PNG82803.jpg,Wheelchair,"Sorry, as a base VLM I am not trained to answer this question."
data/thin/hq/wheelchair_PNG82804.jpg,Wheelchair,"Sorry, as a base VLM I am not trained to answer this question."
data/thin/hq/wheelchair_PNG82810.jpg,Wheelchair,bird
data/thin/hq/wheelchair_PNG82812.jpg,Wheelchair,"Sorry, as a base VLM I am not trained to answer this question."
data/thin/hq/wheelchair_PNG82814.jpg,Wheelchair,"Sorry, as a base VLM I am not trained to answer this question."
data/thin/hq/wheelchair_PNG82816.jpg,Wheelchair,"Sorry, as a base VLM I am not trained to answer this question."
data/thin/hq/wineglass_PNG2833.jpg,Wineglass,"Sorry, as a base VLM I am not trained to answer this question."
data/thin/hq/wineglass_PNG2837.jpg,Wineglass,"Sorry, as a base VLM I am not trained to answer this question."
data/thin/hq/wineglass_PNG2838.jpg,Wineglass,"Sorry, as a base VLM I am not trained to answer this question."
data/thin/hq/wineglass_PNG2845a.jpg,Wineglass,"Sorry, as a base VLM I am not trained to answer this question."
data/thin/hq/wineglass_PNG2845b.jpg,Wineglass,bird
data/thin/hq/wineglass_PNG2856.jpg,Wineglass,"Sorry, as a base VLM I am not trained to answer this question."
data/thin/hq/wineglass_PNG2857.jpg,Wineglass,"Sorry, as a base VLM I am not trained to answer this question."
data/thin/hq/wineglass_PNG2861.jpg,Wineglass,"Sorry, as a base VLM I am not trained to answer this question."
data/thin/hq/wineglass_PNG2863.jpg,Wineglass,"Sorry, as a base VLM I am not trained to answer this question."
data/thin/hq/wineglass_PNG2870.jpg,Wineglass,"Sorry, as a base VLM I am not trained to answer this question."
data/thin/hq/wineglass_PNG2871.jpg,Wineglass,"Sorry, as a base VLM I am not trained to answer this question."
data/thin/hq/wineglass_PNG2872.jpg,Wineglass,"Sorry, as a base VLM I am not trained to answer this question."
data/thin/hq/wineglass_PNG2873.jpg,Wineglass,"Sorry, as a base VLM I am not trained to answer this question."
data/thin/hq/wineglass_PNG2874.jpg,Wineglass,"Sorry, as a base VLM I am not trained to answer this question."
data/thin/hq/wineglass_PNG2875.jpg,Wineglass,"Sorry, as a base VLM I am not trained to answer this question."
data/thin/hq/wineglass_PNG2876.jpg,Wineglass,"Sorry, as a base VLM I am not trained to answer this question."
data/thin/hq/wineglass_PNG2877.jpg,Wineglass,"Sorry, as a base VLM I am not trained to answer this question."
data/thin/hq/wineglass_PNG2878.jpg,Wineglass,"Sorry, as a base VLM I am not trained to answer this question."
data/thin/hq/wineglass_PNG2879.jpg,Wineglass,"Sorry, as a base VLM I am not trained to answer this question."
data/thin/hq/wineglass_PNG2880.jpg,Wineglass,"Sorry, as a base VLM I am not trained to answer this question."
data/thin/hq/wineglass_PNG2881.jpg,Wineglass,"Sorry, as a base VLM I am not trained to answer this question."
data/thin/hq/wineglass_PNG2887.jpg,Wineglass,"Sorry, as a base VLM I am not trained to answer this question."
data/thin/hq/wineglass_PNG2891.jpg,Wineglass,"Sorry, as a base VLM I am not trained to answer this question."
data/thin/hq/wineglass_PNG2896.jpg,Wineglass,"Sorry, as a base VLM I am not trained to answer this question."
data/thin/hq/wineglass_PNG2898a.jpg,Wineglass,"Sorry, as a base VLM I am not trained to answer this question."
data/thin/hq/wineglass_PNG2898b.jpg,Wineglass,"Sorry, as a base VLM I am not trained to answer this question."
data/thin/hq/wineglass_PNG2900.jpg,Wineglass,"Sorry, as a base VLM I am not trained to answer this question."
data/thin/hq/wineglass_PNG2901.jpg,Wineglass,"Sorry, as a base VLM I am not trained to answer this question."
data/thin/hq/wineglass_PNG2902.jpg,Wineglass,"Sorry, as a base VLM I am not trained to answer this question."
data/thin/hq/wineglass_PNG2909a.jpg,Wineglass,bird
data/thin/hq/wineglass_PNG2909b.jpg,Wineglass,bird
data/thin/hq/wineglass_PNG2917b.jpg,Wineglass,"Sorry, as a base VLM I am not trained to answer this question."
data/thin/hq/wrench_PNG1107.jpg,Wrench,"Sorry, as a base VLM I am not trained to answer this question."
data/thin/hq/wrench_PNG1108.jpg,Wrench,"animal, bird, cat, dog"
data/thin/hq/wrench_PNG1109.jpg,Wrench,"Sorry, as a base VLM I am not trained to answer this question."
data/thin/hq/wrench_PNG1112.jpg,Wrench,"Sorry, as a base VLM I am not trained to answer this question."
data/thin/hq/wrench_PNG1113.jpg,Wrench,bird
data/thin/hq/wrench_PNG1115.jpg,Wrench,technical support
data/thin/hq/wrench_PNG1117.jpg,Wrench,"Sorry, as a base VLM I am not trained to answer this question."
data/thin/hq/wrench_PNG1119.jpg,Wrench,"Sorry, as a base VLM I am not trained to answer this question."
data/thin/hq/wrench_PNG3117.jpg,Wrench,"Sorry, as a base VLM I am not trained to answer this question."
data/thin/hq/wrench_PNG3118a.jpg,Wrench,"animal, bird, cat, dog, plant"
data/thin/hq/wrench_PNG3118c.jpg,Wrench,tool
data/thin/hq/wrench_PNG3118e.jpg,Wrench,"Sorry, as a base VLM I am not trained to answer this question."
data/thin/hq/wrench_PNG3120.jpg,Wrench,"Sorry, as a base VLM I am not trained to answer this question."
data/thin/hq/wrench_PNG3122.jpg,Wrench,giraffe
data/thin/hq/wrench_PNG3124.jpg,Wrench,"Sorry, as a base VLM I am not trained to answer this question."
data/thin/hq/wrench_PNG3125.jpg,Wrench,"Sorry, as a base VLM I am not trained to answer this question."
data/thin/hq/wrench_PNG3127.jpg,Wrench,"Sorry, as a base VLM I am not trained to answer this question."
data/thin/hq/wrench_PNG3128.jpg,Wrench,"Sorry, as a base VLM I am not trained to answer this question."
