image_path,label,prediction
data/thin/hq/anaconda_PNG1.jpg,Anaconda,Snake.
data/thin/hq/anaconda_PNG10.jpg,Anaconda,Snake.
data/thin/hq/anaconda_PNG14.jpg,Anaconda,Cobra.
data/thin/hq/anaconda_PNG2.jpg,Anaconda,Snake.
data/thin/hq/anaconda_PNG7.jpg,Anaconda,Snake.
data/thin/hq/anaconda_PNG8.jpg,Anaconda,Snake.
data/thin/hq/ant_PNG19350.jpg,Ant,Ant.
data/thin/hq/ant_PNG19355.jpg,Ant,Ant.
data/thin/hq/ant_PNG19362.jpg,Ant,Ant.
data/thin/hq/ant_PNG19363a.jpg,Ant,Engine.
data/thin/hq/ant_PNG19363b.jpg,Ant,Ant.
data/thin/hq/ant_PNG19363c.jpg,Ant,Ant.
data/thin/hq/ant_PNG19364.jpg,Ant,Ant.
data/thin/hq/ant_PNG19365.jpg,Ant,Lobster.
data/thin/hq/apple_PNG12405.jpg,Apple,Apple.
data/thin/hq/apple_PNG12429.jpg,Apple,Apple.
data/thin/hq/apple_PNG12471.jpg,Apple,Apple.
data/thin/hq/apple_PNG12492.jpg,Apple,Apple.
data/thin/hq/apple_PNG12496.jpg,Apple,Apple.
data/thin/hq/armchair_PNG7023.jpg,Armchair,Armchair.
data/thin/hq/armchair_PNG7028.jpg,Armchair,Armchair.
data/thin/hq/armchair_PNG7034.jpg,Armchair,Armchair.
data/thin/hq/armchair_PNG7041.jpg,Armchair,Armchair.
data/thin/hq/armchair_PNG7043.jpg,Armchair,Armchair.
data/thin/hq/armchair_PNG7044.jpg,Armchair,Armchair.
data/thin/hq/armchair_PNG7047.jpg,Armchair,Armchair.
data/thin/hq/armchair_PNG7060.jpg,Armchair,Armchair.
data/thin/hq/armchair_PNG7068.jpg,Armchair,Armchair.
data/thin/hq/armchair_PNG7072.jpg,Armchair,Armchair.
data/thin/hq/armchair_PNG7074.jpg,Armchair,Armchair.
data/thin/hq/arrow_bow_PNG12a.jpg,Arrow Bow,Arrow Bow.
data/thin/hq/arrow_bow_PNG12b.jpg,Arrow Bow,Arrow Bow.
data/thin/hq/arrow_bow_PNG13.jpg,Arrow Bow,Spear.
data/thin/hq/arrow_bow_PNG15.jpg,Arrow Bow,Arrow Bow.
data/thin/hq/arrow_bow_PNG16.jpg,Arrow Bow,Arrow Bow.
data/thin/hq/arrow_bow_PNG17.jpg,Arrow Bow,Arrow Bow.
data/thin/hq/arrow_bow_PNG2.jpg,Arrow Bow,Arrow Bow
data/thin/hq/arrow_bow_PNG21.jpg,Arrow Bow,Arrow Bow.
data/thin/hq/arrow_bow_PNG23.jpg,Arrow Bow,Arrow Bow.
data/thin/hq/arrow_bow_PNG24.jpg,Arrow Bow,Arrow Bow.
data/thin/hq/arrow_bow_PNG26.jpg,Arrow Bow,Arrow Bow.
data/thin/hq/arrow_bow_PNG27.jpg,Arrow Bow,Spear.
data/thin/hq/arrow_bow_PNG30.jpg,Arrow Bow,Spear.
data/thin/hq/arrow_bow_PNG37.jpg,Arrow Bow,Arrow Bow.
data/thin/hq/arrow_bow_PNG45.jpg,Arrow Bow,Giraffe.
data/thin/hq/arrow_bow_PNG47a.jpg,Arrow Bow,Arrow Bow.
data/thin/hq/arrow_bow_PNG47b.jpg,Arrow Bow,Flowers.
data/thin/hq/arrow_bow_PNG8a.jpg,Arrow Bow,Arrow Bow.
data/thin/hq/arrow_bow_PNG8b.jpg,Arrow Bow,Arrow Bow.
data/thin/hq/arrow_bow_PNG9.jpg,Arrow Bow,Arrow Bow.
data/thin/hq/ax_PNG9088.jpg,Ax,Ax.
data/thin/hq/ax_PNG9092.jpg,Ax,Ax.
data/thin/hq/ax_PNG9094.jpg,Ax,Ax.
data/thin/hq/ax_PNG9099.jpg,Ax,Giraffe.
data/thin/hq/ax_PNG9100.jpg,Ax,Ax.
data/thin/hq/ax_PNG9101.jpg,Ax,Ax.
data/thin/hq/ax_PNG9104.jpg,Ax,Ax.
data/thin/hq/ax_PNG9105.jpg,Ax,Ax.
data/thin/hq/ax_PNG9108.jpg,Ax,Ax.
data/thin/hq/ax_PNG9110.jpg,Ax,Ax.
data/thin/hq/backpack_PNG6314.jpg,Backpack,Backpack.
data/thin/hq/backpack_PNG6317.jpg,Backpack,Backpack.
data/thin/hq/backpack_PNG6320.jpg,Backpack,Backpack.
data/thin/hq/backpack_PNG6326.jpg,Backpack,Backpack.
data/thin/hq/backpack_PNG6333.jpg,Backpack,Backpack.
data/thin/hq/backpack_PNG6339.jpg,Backpack,Backpack.
data/thin/hq/backpack_PNG6341.jpg,Backpack,Backpack.
data/thin/hq/backpack_PNG6342.jpg,Backpack,Backpack.
data/thin/hq/backpack_PNG6347.jpg,Backpack,Backpack.
data/thin/hq/backpack_PNG6349.jpg,Backpack,Backpack.
data/thin/hq/backpack_PNG6351.jpg,Backpack,Backpack.
data/thin/hq/backpack_PNG6353.jpg,Backpack,Backpack.
data/thin/hq/backpack_PNG6354.jpg,Backpack,Backpack.
data/thin/hq/backpack_PNG6356.jpg,Backpack,Backpack.
data/thin/hq/backpack_PNG6363.jpg,Backpack,Backpack.
data/thin/hq/barbell_PNG16340.jpg,Barbell,Barbell.
data/thin/hq/barbell_PNG16342.jpg,Barbell,Barbell.
data/thin/hq/barbell_PNG16343.jpg,Barbell,Barbell.
data/thin/hq/barbell_PNG16344.jpg,Barbell,Barbell.
data/thin/hq/barbell_PNG16348.jpg,Barbell,Bicycle.
data/thin/hq/barbell_PNG16351.jpg,Barbell,Barbell.
data/thin/hq/barbell_PNG16354a.jpg,Barbell,Barbell.
data/thin/hq/barbell_PNG16354b.jpg,Barbell,Barbell.
data/thin/hq/barbell_PNG16356.jpg,Barbell,Barbell.
data/thin/hq/barbell_PNG16357.jpg,Barbell,Barbell.
data/thin/hq/barbell_PNG16359.jpg,Barbell,Barbell.
data/thin/hq/bassinet_PNG15.jpg,Bassinet,Bassinet.
data/thin/hq/bassinet_PNG23.jpg,Bassinet,Backpack.
data/thin/hq/bassinet_PNG26.jpg,Bassinet,Bassinet.
data/thin/hq/bassinet_PNG27.jpg,Bassinet,Bassinet.
data/thin/hq/bassinet_PNG28.jpg,Bassinet,Bassinet.
data/thin/hq/bassinet_PNG29.jpg,Bassinet,Bassinet.
data/thin/hq/bassinet_PNG46.jpg,Bassinet,Bassinet.
data/thin/hq/bassinet_PNG50.jpg,Bassinet,Bassinet.
data/thin/hq/bassinet_PNG52.jpg,Bassinet,Bassinet.
data/thin/hq/bassinet_PNG57.jpg,Bassinet,Bassinet.
data/thin/hq/bassinet_PNG58.jpg,Bassinet,Bassinet.
data/thin/hq/bassinet_PNG59.jpg,Bassinet,Bassinet.
data/thin/hq/bassinet_PNG60.jpg,Bassinet,Bassinet.
data/thin/hq/bassinet_PNG61.jpg,Bassinet,Bassinet.
data/thin/hq/bassinet_PNG7.jpg,Bassinet,Bassinet.
data/thin/hq/bassinet_PNG73.jpg,Bassinet,Bassinet.
data/thin/hq/bassinet_PNG74.jpg,Bassinet,Giraffe.
data/thin/hq/bassinet_PNG76.jpg,Bassinet,Bassinet.
data/thin/hq/bassinet_PNG77.jpg,Bassinet,Bassinet.
data/thin/hq/bassinet_PNG78.jpg,Bassinet,Bassinet.
data/thin/hq/bathtub_PNG19.jpg,Bathtub,Bathtub.
data/thin/hq/bathtub_PNG22.jpg,Bathtub,Bathtub.
data/thin/hq/bathtub_PNG3.jpg,Bathtub,Bathtub.
data/thin/hq/bathtub_PNG31.jpg,Bathtub,Bathtub.
data/thin/hq/bathtub_PNG32.jpg,Bathtub,Bathtub.
data/thin/hq/bathtub_PNG34.jpg,Bathtub,Bathtub.
data/thin/hq/bathtub_PNG36.jpg,Bathtub,Bathtub.
data/thin/hq/bathtub_PNG39.jpg,Bathtub,Bathtub.
data/thin/hq/bathtub_PNG42.jpg,Bathtub,Bathtub.
data/thin/hq/bathtub_PNG43.jpg,Bathtub,Bathtub.
data/thin/hq/bathtub_PNG44.jpg,Bathtub,Bowl.
data/thin/hq/bathtub_PNG46.jpg,Bathtub,Bathtub.
data/thin/hq/bathtub_PNG48.jpg,Bathtub,Bathtub.
data/thin/hq/bathtub_PNG50.jpg,Bathtub,Bathtub.
data/thin/hq/bathtub_PNG9.jpg,Bathtub,Bathtub.
data/thin/hq/bed_PNG17375.jpg,Bed,Bed.
data/thin/hq/bed_PNG17394.jpg,Bed,Bed.
data/thin/hq/bed_PNG17420.jpg,Bed,Bed.
data/thin/hq/bed_PNG17421.jpg,Bed,Bed.
data/thin/hq/bee_PNG2.jpg,Bee,Bee.
data/thin/hq/bee_PNG3.jpg,Bee,Bee.
data/thin/hq/bee_PNG5.jpg,Bee,Bee.
data/thin/hq/bee_PNG74692.jpg,Bee,Bee.
data/thin/hq/bee_PNG74695.jpg,Bee,Bee.
data/thin/hq/bee_PNG74739.jpg,Bee,Bee.
data/thin/hq/bee_PNG74756.jpg,Bee,Bee.
data/thin/hq/bicycle_PNG5350.jpg,Bicycle,Bicycle.
data/thin/hq/bicycle_PNG5352.jpg,Bicycle,Bicycle.
data/thin/hq/bicycle_PNG5354.jpg,Bicycle,Bicycle.
data/thin/hq/bicycle_PNG5355.jpg,Bicycle,Bicycle.
data/thin/hq/bicycle_PNG5356.jpg,Bicycle,Bicycle.
data/thin/hq/bicycle_PNG5357.jpg,Bicycle,Bicycle.
data/thin/hq/bicycle_PNG5358.jpg,Bicycle,Bicycle.
data/thin/hq/bicycle_PNG5362.jpg,Bicycle,Bicycle.
data/thin/hq/bicycle_PNG5363.jpg,Bicycle,Bicycle.
data/thin/hq/bicycle_PNG5366.jpg,Bicycle,Bicycle.
data/thin/hq/bicycle_PNG5375.jpg,Bicycle,Bicycle.
data/thin/hq/bicycle_PNG5382.jpg,Bicycle,Bicycle.
data/thin/hq/bicycle_PNG5383.jpg,Bicycle,Bicycle.
data/thin/hq/birds_PNG100.jpg,Birds,Birds.
data/thin/hq/birds_PNG102.jpg,Birds,Birds.
data/thin/hq/birds_PNG103.jpg,Birds,Birds.
data/thin/hq/birds_PNG106.jpg,Birds,Birds.
data/thin/hq/birds_PNG110.jpg,Birds,Birds.
data/thin/hq/birds_PNG116.jpg,Birds,Birds.
data/thin/hq/birds_PNG12.jpg,Birds,Birds.
data/thin/hq/birds_PNG22.jpg,Birds,Birds.
data/thin/hq/birds_PNG43.jpg,Birds,Birds.
data/thin/hq/birds_PNG50.jpg,Birds,Birds.
data/thin/hq/birds_PNG60.jpg,Birds,Birds.
data/thin/hq/birds_PNG65.jpg,Birds,Birds.
data/thin/hq/birds_PNG69.jpg,Birds,Birds.
data/thin/hq/birds_PNG80.jpg,Birds,Birds.
data/thin/hq/birds_PNG96.jpg,Birds,Birds.
data/thin/hq/birds_PNG99.jpg,Birds,Birds.
data/thin/hq/boat_PNG36.jpg,Boat,Boat.
data/thin/hq/boat_PNG55.jpg,Boat,Boat.
data/thin/hq/boat_PNG69.jpg,Boat,Boat.
data/thin/hq/boots_PNG7806.jpg,Boots,Boots.
data/thin/hq/bridge_PNG1.jpg,Bridge,Bridge.
data/thin/hq/bridge_PNG11.jpg,Bridge,Bridge.
data/thin/hq/bridge_PNG19.jpg,Bridge,Bridge.
data/thin/hq/bridge_PNG3.jpg,Bridge,Bridge.
data/thin/hq/bridge_PNG35.jpg,Bridge,Bridge.
data/thin/hq/bridge_PNG5.jpg,Bridge,Bridge.
data/thin/hq/bridge_PNG63.jpg,Bridge,Bridge.
data/thin/hq/bridge_PNG70.jpg,Bridge,Bridge.
data/thin/hq/bridge_PNG72.jpg,Bridge,Bridge.
data/thin/hq/bridge_PNG73.jpg,Bridge,Bridge.
data/thin/hq/bridge_PNG74.jpg,Bridge,Bridge.
data/thin/hq/bridge_PNG84.jpg,Bridge,Bridge.
data/thin/hq/bridge_PNG85.jpg,Bridge,Bridge.
data/thin/hq/broom_PNG17.jpg,Broom,Broom.
data/thin/hq/broom_PNG18.jpg,Broom,Broom.
data/thin/hq/broom_PNG26.jpg,Broom,Broom.
data/thin/hq/broom_PNG28.jpg,Broom,Broom.
data/thin/hq/broom_PNG40.jpg,Broom,Broom.
data/thin/hq/broom_PNG51.jpg,Broom,Broom.
data/thin/hq/broom_PNG54.jpg,Broom,Broom.
data/thin/hq/broom_PNG56.jpg,Broom,Broom.
data/thin/hq/broom_PNG58.jpg,Broom,Broom.
data/thin/hq/broom_PNG59.jpg,Broom,Broom.
data/thin/hq/broom_PNG6.jpg,Broom,Broom.
data/thin/hq/broom_PNG60a.jpg,Broom,Broom.
data/thin/hq/broom_PNG60b.jpg,Broom,Broom.
data/thin/hq/broom_PNG61.jpg,Broom,Broom.
data/thin/hq/broom_PNG64b.jpg,Broom,Broom.
data/thin/hq/broom_PNG68.jpg,Broom,Broom.
data/thin/hq/bucket_PNG7757.jpg,Bucket,Bucket.
data/thin/hq/bucket_PNG7761.jpg,Bucket,Bucket.
data/thin/hq/bucket_PNG7762.jpg,Bucket,Bucket.
data/thin/hq/bucket_PNG7763.jpg,Bucket,Bucket.
data/thin/hq/bucket_PNG7771.jpg,Bucket,Bucket.
data/thin/hq/bucket_PNG7777.jpg,Bucket,Bucket.
data/thin/hq/bulldozer_PNG16444.jpg,Bulldozer,Bulldozer.
data/thin/hq/bulldozer_PNG16447.jpg,Bulldozer,Bulldozer.
data/thin/hq/bulldozer_PNG16460.jpg,Bulldozer,Bulldozer.
data/thin/hq/bulldozer_PNG16462.jpg,Bulldozer,Bulldozer.
data/thin/hq/butterfly_PNG1001.jpg,Butterfly,Butterfly.
data/thin/hq/butterfly_PNG1004.jpg,Butterfly,Butterfly.
data/thin/hq/butterfly_PNG1005.jpg,Butterfly,Butterfly.
data/thin/hq/butterfly_PNG1006.jpg,Butterfly,Butterfly.
data/thin/hq/butterfly_PNG1007.jpg,Butterfly,Butterfly.
data/thin/hq/butterfly_PNG1008.jpg,Butterfly,Butterfly.
data/thin/hq/butterfly_PNG1015.jpg,Butterfly,Butterfly.
data/thin/hq/butterfly_PNG1017.jpg,Butterfly,Butterfly.
data/thin/hq/butterfly_PNG1023.jpg,Butterfly,Butterfly.
data/thin/hq/butterfly_PNG1024.jpg,Butterfly,Butterfly.
data/thin/hq/butterfly_PNG1025.jpg,Butterfly,Butterfly.
data/thin/hq/butterfly_PNG1026.jpg,Butterfly,Butterfly.
data/thin/hq/butterfly_PNG1027.jpg,Butterfly,Butterfly.
data/thin/hq/butterfly_PNG1028.jpg,Butterfly,Butterfly.
data/thin/hq/butterfly_PNG1031.jpg,Butterfly,Butterfly.
data/thin/hq/butterfly_PNG1032.jpg,Butterfly,Butterfly.
data/thin/hq/butterfly_PNG1037.jpg,Butterfly,Butterfly.
data/thin/hq/butterfly_PNG1038.jpg,Butterfly,Butterfly.
data/thin/hq/butterfly_PNG1042.jpg,Butterfly,Butterfly.
data/thin/hq/butterfly_PNG1044.jpg,Butterfly,Butterfly.
data/thin/hq/butterfly_PNG1049.jpg,Butterfly,Butterfly.
data/thin/hq/butterfly_PNG1056.jpg,Butterfly,Butterfly.
data/thin/hq/butterfly_PNG1058.jpg,Butterfly,Butterfly.
data/thin/hq/butterfly_PNG1059.jpg,Butterfly,Butterfly.
data/thin/hq/butterfly_PNG1061.jpg,Butterfly,Butterfly.
data/thin/hq/butterfly_PNG1062.jpg,Butterfly,Butterfly.
data/thin/hq/butterfly_PNG1064.jpg,Butterfly,Butterfly.
data/thin/hq/butterfly_PNG1065.jpg,Butterfly,Butterfly.
data/thin/hq/cactus_PNG23614.jpg,Cactus,Cactus.
data/thin/hq/cactus_PNG23638.jpg,Cactus,Cactus.
data/thin/hq/cactus_PNG23643.jpg,Cactus,Cactus.
data/thin/hq/cage_PNG1.jpg,Cage,Cage.
data/thin/hq/cage_PNG11.jpg,Cage,Cage.
data/thin/hq/cage_PNG18.jpg,Cage,Cage.
data/thin/hq/cage_PNG23a.jpg,Cage,Cage.
data/thin/hq/cage_PNG23b.jpg,Cage,Birds.
data/thin/hq/cage_PNG23c.jpg,Cage,Cage.
data/thin/hq/cage_PNG30.jpg,Cage,Cage.
data/thin/hq/cage_PNG3a.jpg,Cage,Cage.
data/thin/hq/cage_PNG4.jpg,Cage,Cage.
data/thin/hq/cage_PNG45.jpg,Cage,Cage.
data/thin/hq/cage_PNG46.jpg,Cage,Cage.
data/thin/hq/cage_PNG48.jpg,Cage,Cage.
data/thin/hq/cage_PNG49.jpg,Cage,Cage.
data/thin/hq/cage_PNG50.jpg,Cage,Cage.
data/thin/hq/cage_PNG51.jpg,Cage,Birdcage.
data/thin/hq/cage_PNG53.jpg,Cage,Cage.
data/thin/hq/camel_PNG23426.jpg,Camel,Camel.
data/thin/hq/camel_PNG23435.jpg,Camel,Camel.
data/thin/hq/camel_PNG23436.jpg,Camel,Camel.
data/thin/hq/camel_PNG2920.jpg,Camel,Camel.
data/thin/hq/camel_PNG2921.jpg,Camel,Camel.
data/thin/hq/camel_PNG2923.jpg,Camel,Camel.
data/thin/hq/cannon_PNG10.jpg,Cannon,Cannon.
data/thin/hq/cannon_PNG12.jpg,Cannon,Cannon.
data/thin/hq/cannon_PNG13.jpg,Cannon,Cannon.
data/thin/hq/cannon_PNG16.jpg,Cannon,Cannon.
data/thin/hq/cannon_PNG21.jpg,Cannon,Sloth.
data/thin/hq/cannon_PNG22.jpg,Cannon,Cannon.
data/thin/hq/cannon_PNG24.jpg,Cannon,Cannon.
data/thin/hq/cannon_PNG25.jpg,Cannon,Cannon.
data/thin/hq/cannon_PNG26.jpg,Cannon,Cannon.
data/thin/hq/cannon_PNG28.jpg,Cannon,Cannon.
data/thin/hq/cannon_PNG3.jpg,Cannon,Cannon.
data/thin/hq/cannon_PNG31.jpg,Cannon,Cannon.
data/thin/hq/cannon_PNG32.jpg,Cannon,Cannon.
data/thin/hq/cannon_PNG33.jpg,Cannon,Cannon.
data/thin/hq/cannon_PNG37.jpg,Cannon,Cannon.
data/thin/hq/cannon_PNG4.jpg,Cannon,Cannon.
data/thin/hq/cannon_PNG40.jpg,Cannon,Sword.
data/thin/hq/cannon_PNG56.jpg,Cannon,Cannon.
data/thin/hq/cannon_PNG57.jpg,Cannon,Cannon.
data/thin/hq/cannon_PNG59.jpg,Cannon,Cannon.
data/thin/hq/cannon_PNG6.jpg,Cannon,Cannon.
data/thin/hq/cannon_PNG65.jpg,Cannon,"I'm sorry, but I don't see a main object in this image that matches any of the classes you provided."
data/thin/hq/cannon_PNG66.jpg,Cannon,Cannon.
data/thin/hq/cannon_PNG70.jpg,Cannon,Cannon.
data/thin/hq/cannon_PNG74.jpg,Cannon,Tank.
data/thin/hq/cannon_PNG75.jpg,Cannon,Cannon.
data/thin/hq/cannon_PNG79.jpg,Cannon,Cannon.
data/thin/hq/cannon_PNG8.jpg,Cannon,Cannon.
data/thin/hq/cannon_PNG80.jpg,Cannon,Cannon.
data/thin/hq/cannon_PNG82.jpg,Cannon,Cannon.
data/thin/hq/cannon_PNG83.jpg,Cannon,Cannon.
data/thin/hq/cannon_PNG84.jpg,Cannon,Cannon.
data/thin/hq/cannon_PNG85.jpg,Cannon,Cannon.
data/thin/hq/cannon_PNG86.jpg,Cannon,Cannon.
data/thin/hq/cannon_PNG88.jpg,Cannon,Cannon.
data/thin/hq/cannon_PNG89.jpg,Cannon,Cannon.
data/thin/hq/cannon_PNG9.jpg,Cannon,Cannon.
data/thin/hq/cannon_PNG90.jpg,Cannon,Cannon.
data/thin/hq/cannon_PNG91.jpg,Cannon,Cannon.
data/thin/hq/cannon_PNG93.jpg,Cannon,Cannon.
data/thin/hq/cannon_PNG94.jpg,Cannon,Cannon.
data/thin/hq/canoe_PNG146.jpg,Canoe,Kayak.
data/thin/hq/canoe_PNG168.jpg,Canoe,Backpack.
data/thin/hq/canoe_PNG75.jpg,Canoe,Kayak.
data/thin/hq/canoe_PNG83.jpg,Canoe,Kayak.
data/thin/hq/canoe_PNG91.jpg,Canoe,Kayak.
data/thin/hq/canoe_PNG94.jpg,Canoe,Kayak.
data/thin/hq/carriage_PNG11.jpg,Carriage,Carriage.
data/thin/hq/carriage_PNG12.jpg,Carriage,Carriage.
data/thin/hq/carriage_PNG14.jpg,Carriage,Carriage.
data/thin/hq/carriage_PNG22.jpg,Carriage,Carriage.
data/thin/hq/carriage_PNG26.jpg,Carriage,Carriage.
data/thin/hq/carriage_PNG27.jpg,Carriage,Carriage.
data/thin/hq/carriage_PNG28.jpg,Carriage,Carriage.
data/thin/hq/carriage_PNG31.jpg,Carriage,Carriage.
data/thin/hq/carriage_PNG32.jpg,Carriage,Carriage.
data/thin/hq/carriage_PNG43.jpg,Carriage,Carriage.
data/thin/hq/carriage_PNG44.jpg,Carriage,Carriage.
data/thin/hq/carriage_PNG46.jpg,Carriage,Carriage.
data/thin/hq/carriage_PNG47.jpg,Carriage,Carriage.
data/thin/hq/carriage_PNG48.jpg,Carriage,Bassinet.
data/thin/hq/carriage_PNG50.jpg,Carriage,Carriage
data/thin/hq/carriage_PNG63.jpg,Carriage,Carriage.
data/thin/hq/carriage_PNG70a.jpg,Carriage,Carriage.
data/thin/hq/carriage_PNG70b.jpg,Carriage,Carriage.
data/thin/hq/carriage_PNG73.jpg,Carriage,Carriage.
data/thin/hq/carriage_PNG74.jpg,Carriage,Carriage.
data/thin/hq/carriage_PNG76.jpg,Carriage,Carriage.
data/thin/hq/carriage_PNG78a.jpg,Carriage,Window.
data/thin/hq/carriage_PNG78b.jpg,Carriage,Carriage.
data/thin/hq/carriage_PNG78c.jpg,Carriage,Cactus.
data/thin/hq/carriage_PNG78d.jpg,Carriage,Cattle Cart.
data/thin/hq/carriage_PNG79.jpg,Carriage,Carriage.
data/thin/hq/carriage_PNG81.jpg,Carriage,Pram.
data/thin/hq/carriage_PNG85.jpg,Carriage,Carriage.
data/thin/hq/cat_PNG50479.jpg,Cat,Cat.
data/thin/hq/cat_PNG50507.jpg,Cat,Cat.
data/thin/hq/cat_PNG50540.jpg,Cat,Cat.
data/thin/hq/cat_PNG50543.jpg,Cat,Cat.
data/thin/hq/cat_PNG50547.jpg,Cat,Cat.
data/thin/hq/chain_saw_PNG18499.jpg,Chain Saw,Chain Saw.
data/thin/hq/chain_saw_PNG18500.jpg,Chain Saw,Chain Saw.
data/thin/hq/chain_saw_PNG18501.jpg,Chain Saw,Chain Saw.
data/thin/hq/chain_saw_PNG18502.jpg,Chain Saw,Chain Saw.
data/thin/hq/chain_saw_PNG18504.jpg,Chain Saw,Chain Saw.
data/thin/hq/chain_saw_PNG18506.jpg,Chain Saw,Chain Saw.
data/thin/hq/chain_saw_PNG18510.jpg,Chain Saw,Chain Saw.
data/thin/hq/chain_saw_PNG18512.jpg,Chain Saw,Chain Saw.
data/thin/hq/chain_saw_PNG18514.jpg,Chain Saw,Chain Saw.
data/thin/hq/chain_saw_PNG18515.jpg,Chain Saw,Chain Saw.
data/thin/hq/chain_saw_PNG18517.jpg,Chain Saw,Chain Saw.
data/thin/hq/chain_saw_PNG18527.jpg,Chain Saw,Chain Saw.
data/thin/hq/chain_saw_PNG18531.jpg,Chain Saw,Chain Saw.
data/thin/hq/chain_saw_PNG18533.jpg,Chain Saw,Chain Saw.
data/thin/hq/chain_saw_PNG18536.jpg,Chain Saw,Chain Saw.
data/thin/hq/chair_PNG6843.jpg,Chair,Chair.
data/thin/hq/chair_PNG6844.jpg,Chair,Chair.
data/thin/hq/chair_PNG6845.jpg,Chair,Armchair.
data/thin/hq/chair_PNG6846.jpg,Chair,Armchair.
data/thin/hq/chair_PNG6847.jpg,Chair,Armchair.
data/thin/hq/chair_PNG6848.jpg,Chair,Armchair.
data/thin/hq/chair_PNG6849.jpg,Chair,Armchair.
data/thin/hq/chair_PNG6851.jpg,Chair,Chair.
data/thin/hq/chair_PNG6852.jpg,Chair,Armchair.
data/thin/hq/chair_PNG6853.jpg,Chair,Armchair.
data/thin/hq/chair_PNG6855.jpg,Chair,Armchair.
data/thin/hq/chair_PNG6856.jpg,Chair,Armchair.
data/thin/hq/chair_PNG6857.jpg,Chair,Ladder.
data/thin/hq/chair_PNG6859.jpg,Chair,Chair.
data/thin/hq/chair_PNG6860.jpg,Chair,Armchair.
data/thin/hq/chair_PNG6861.jpg,Chair,Chair.
data/thin/hq/chair_PNG6862.jpg,Chair,Armchair.
data/thin/hq/chair_PNG6865a.jpg,Chair,Chair.
data/thin/hq/chair_PNG6865b.jpg,Chair,Armchair.
data/thin/hq/chair_PNG6866a.jpg,Chair,Chair.
data/thin/hq/chair_PNG6866c.jpg,Chair,Crate
data/thin/hq/chair_PNG6866d.jpg,Chair,Chair.
data/thin/hq/chair_PNG6866e.jpg,Chair,Armchair.
data/thin/hq/chair_PNG6866f.jpg,Chair,Chair.
data/thin/hq/chair_PNG6866g.jpg,Chair,Chair.
data/thin/hq/chair_PNG6866h.jpg,Chair,Tiger.
data/thin/hq/chair_PNG6867a.jpg,Chair,Armchair.
data/thin/hq/chair_PNG6867b.jpg,Chair,Chicken.
data/thin/hq/chair_PNG6867d.jpg,Chair,Sailboat.
data/thin/hq/chair_PNG6867f.jpg,Chair,Cat.
data/thin/hq/chair_PNG6867h.jpg,Chair,Chair.
data/thin/hq/chair_PNG6869.jpg,Chair,Chair.
data/thin/hq/chair_PNG6872.jpg,Chair,Chair.
data/thin/hq/chair_PNG6873.jpg,Chair,Armchair.
data/thin/hq/chair_PNG6874a.jpg,Chair,Pool.
data/thin/hq/chair_PNG6874b.jpg,Chair,Seahorse.
data/thin/hq/chair_PNG6874d.jpg,Chair,Building
data/thin/hq/chair_PNG6874e.jpg,Chair,Armchair.
data/thin/hq/chair_PNG6874f.jpg,Chair,Armchair.
data/thin/hq/chair_PNG6874h.jpg,Chair,Armchair.
data/thin/hq/chair_PNG6877.jpg,Chair,Chair.
data/thin/hq/chair_PNG6878a.jpg,Chair,Armchair.
data/thin/hq/chair_PNG6878b.jpg,Chair,Octopus.
data/thin/hq/chair_PNG6878c.jpg,Chair,Chair.
data/thin/hq/chair_PNG6878d.jpg,Chair,Rose.
data/thin/hq/chair_PNG6878e.jpg,Chair,Snake.
data/thin/hq/chair_PNG6878f.jpg,Chair,Chair.
data/thin/hq/chair_PNG6878g.jpg,Chair,Armchair.
data/thin/hq/chair_PNG6878h.jpg,Chair,Church.
data/thin/hq/chair_PNG6880.jpg,Chair,Armchair.
data/thin/hq/chair_PNG6881.jpg,Chair,Armchair.
data/thin/hq/chair_PNG6882a.jpg,Chair,Bed.
data/thin/hq/chair_PNG6882b.jpg,Chair,Armchair.
data/thin/hq/chair_PNG6883.jpg,Chair,Armchair.
data/thin/hq/chair_PNG6887.jpg,Chair,Chair.
data/thin/hq/chair_PNG6892.jpg,Chair,Chair.
data/thin/hq/chair_PNG6897.jpg,Chair,Armchair.
data/thin/hq/chair_PNG6898.jpg,Chair,Armchair.
data/thin/hq/chair_PNG6899.jpg,Chair,Armchair.
data/thin/hq/chair_PNG6901.jpg,Chair,Armchair.
data/thin/hq/chair_PNG6902.jpg,Chair,Armchair.
data/thin/hq/chair_PNG6905.jpg,Chair,Chair.
data/thin/hq/chair_PNG6906.jpg,Chair,Armchair.
data/thin/hq/chair_PNG6907.jpg,Chair,Armchair.
data/thin/hq/chair_PNG6908.jpg,Chair,Armchair.
data/thin/hq/chair_PNG6909.jpg,Chair,Armchair.
data/thin/hq/chicken_PNG2145.jpg,Chicken,Chicken.
data/thin/hq/chicken_PNG2147.jpg,Chicken,Chicken.
data/thin/hq/chicken_PNG2150.jpg,Chicken,Chicken.
data/thin/hq/chicken_PNG2151.jpg,Chicken,Chicken.
data/thin/hq/chicken_PNG2154.jpg,Chicken,Chicken.
data/thin/hq/chicken_PNG2164.jpg,Chicken,Chicken.
data/thin/hq/chicken_PNG2165.jpg,Chicken,Chicken.
data/thin/hq/chicken_PNG2167.jpg,Chicken,Chicken.
data/thin/hq/chicken_PNG2171.jpg,Chicken,Chicken.
data/thin/hq/chicken_PNG2172.jpg,Chicken,Birds.
data/thin/hq/chicken_PNG2173.jpg,Chicken,Chicken.
data/thin/hq/cobra_PNG12.jpg,Cobra,Cobra.
data/thin/hq/cobra_PNG41.jpg,Cobra,Cobra.
data/thin/hq/cobra_PNG47.jpg,Cobra,Cobra.
data/thin/hq/cobra_PNG55.jpg,Cobra,Cobra.
data/thin/hq/cock_PNG19926.jpg,Cock,Chicken.
data/thin/hq/cock_PNG19930.jpg,Cock,Chicken.
data/thin/hq/cock_PNG20.jpg,Cock,Chicken.
data/thin/hq/cock_PNG27.jpg,Cock,Chicken.
data/thin/hq/cock_PNG29.jpg,Cock,Chicken.
data/thin/hq/cock_PNG3.jpg,Cock,Chicken.
data/thin/hq/cock_PNG4.jpg,Cock,Chicken.
data/thin/hq/cock_PNG5.jpg,Cock,Chicken.
data/thin/hq/cock_PNG6.jpg,Cock,Birds
data/thin/hq/cock_PNG8.jpg,Cock,Chicken.
data/thin/hq/cock_PNG9.jpg,Cock,Chicken.
data/thin/hq/comb_PNG1.jpg,Comb,Comb.
data/thin/hq/comb_PNG10.jpg,Comb,Comb.
data/thin/hq/comb_PNG106.jpg,Comb,Comb.
data/thin/hq/comb_PNG11.jpg,Comb,Comb.
data/thin/hq/comb_PNG112.jpg,Comb,Comb.
data/thin/hq/comb_PNG113.jpg,Comb,Comb.
data/thin/hq/comb_PNG114.jpg,Comb,Comb.
data/thin/hq/comb_PNG118.jpg,Comb,Comb.
data/thin/hq/comb_PNG120.jpg,Comb,Comb.
data/thin/hq/comb_PNG121.jpg,Comb,Comb.
data/thin/hq/comb_PNG124.jpg,Comb,Comb.
data/thin/hq/comb_PNG125a.jpg,Comb,Comb.
data/thin/hq/comb_PNG125b.jpg,Comb,Comb.
data/thin/hq/comb_PNG136a.jpg,Comb,Comb.
data/thin/hq/comb_PNG136b.jpg,Comb,Scissors.
data/thin/hq/comb_PNG137.jpg,Comb,Comb.
data/thin/hq/comb_PNG14.jpg,Comb,Comb.
data/thin/hq/comb_PNG140a.jpg,Comb,Comb.
data/thin/hq/comb_PNG141.jpg,Comb,Comb.
data/thin/hq/comb_PNG142.jpg,Comb,Comb.
data/thin/hq/comb_PNG144.jpg,Comb,Comb.
data/thin/hq/comb_PNG146.jpg,Comb,Comb.
data/thin/hq/comb_PNG154a.jpg,Comb,Comb.
data/thin/hq/comb_PNG154b.jpg,Comb,Comb.
data/thin/hq/comb_PNG154d.jpg,Comb,Comb.
data/thin/hq/comb_PNG155a.jpg,Comb,Comb.
data/thin/hq/comb_PNG155b.jpg,Comb,Barn.
data/thin/hq/comb_PNG156.jpg,Comb,Comb.
data/thin/hq/comb_PNG158.jpg,Comb,Comb.
data/thin/hq/comb_PNG159.jpg,Comb,Comb.
data/thin/hq/comb_PNG16.jpg,Comb,Comb.
data/thin/hq/comb_PNG17.jpg,Comb,Comb.
data/thin/hq/comb_PNG18.jpg,Comb,Comb.
data/thin/hq/comb_PNG23.jpg,Comb,Comb.
data/thin/hq/comb_PNG28.jpg,Comb,Comb.
data/thin/hq/comb_PNG29.jpg,Comb,Comb.
data/thin/hq/comb_PNG37.jpg,Comb,Comb.
data/thin/hq/comb_PNG40.jpg,Comb,Comb.
data/thin/hq/comb_PNG43.jpg,Comb,Comb.
data/thin/hq/comb_PNG45.jpg,Comb,Comb.
data/thin/hq/comb_PNG47.jpg,Comb,Comb.
data/thin/hq/comb_PNG48.jpg,Comb,Comb.
data/thin/hq/comb_PNG49.jpg,Comb,Comb.
data/thin/hq/comb_PNG5.jpg,Comb,Comb.
data/thin/hq/comb_PNG50.jpg,Comb,Comb.
data/thin/hq/comb_PNG66.jpg,Comb,Comb.
data/thin/hq/comb_PNG68.jpg,Comb,Comb.
data/thin/hq/comb_PNG7.jpg,Comb,Comb.
data/thin/hq/comb_PNG71a.jpg,Comb,Scissors.
data/thin/hq/comb_PNG71b.jpg,Comb,Comb.
data/thin/hq/comb_PNG81.jpg,Comb,Comb.
data/thin/hq/comb_PNG82.jpg,Comb,Comb.
data/thin/hq/comb_PNG83.jpg,Comb,Comb.
data/thin/hq/comb_PNG84.jpg,Comb,Comb.
data/thin/hq/comb_PNG87.jpg,Comb,Comb.
data/thin/hq/cooking_pan_PNG8363.jpg,Cooking Pan,Cooking Pan.
data/thin/hq/cooking_pan_PNG8364.jpg,Cooking Pan,Cooking Pan.
data/thin/hq/cooking_pan_PNG8365.jpg,Cooking Pan,Cooking Pan.
data/thin/hq/cooking_pan_PNG8366.jpg,Cooking Pan,Cooking Pan.
data/thin/hq/cooking_pan_PNG8367a.jpg,Cooking Pan,Cooking Pan.
data/thin/hq/cooking_pan_PNG8367b.jpg,Cooking Pan,Cooking Pan.
data/thin/hq/cooking_pan_PNG8367c.jpg,Cooking Pan,Cooking Pan.
data/thin/hq/cooking_pan_PNG8367d.jpg,Cooking Pan,Cooking Pan.
data/thin/hq/cooking_pan_PNG8369.jpg,Cooking Pan,Cooking Pan.
data/thin/hq/cooking_pan_PNG8370.jpg,Cooking Pan,Cooking Pan.
data/thin/hq/cooking_pan_PNG8387.jpg,Cooking Pan,Cooking Pan.
data/thin/hq/cooking_pan_PNG8398.jpg,Cooking Pan,Cooking Pan.
data/thin/hq/cooking_pan_PNG8399.jpg,Cooking Pan,Cooking Pan.
data/thin/hq/corkscrew_PNG1.jpg,Corkscrew,Motorcycle.
data/thin/hq/corkscrew_PNG15.jpg,Corkscrew,Corkscrew.
data/thin/hq/corkscrew_PNG18.jpg,Corkscrew,Corkscrew.
data/thin/hq/corkscrew_PNG2.jpg,Corkscrew,Corkscrew.
data/thin/hq/corkscrew_PNG33.jpg,Corkscrew,Corkscrew.
data/thin/hq/corkscrew_PNG35.jpg,Corkscrew,Corkscrew.
data/thin/hq/corkscrew_PNG36.jpg,Corkscrew,Corkscrew.
data/thin/hq/corkscrew_PNG37.jpg,Corkscrew,Corkscrew.
data/thin/hq/corkscrew_PNG38.jpg,Corkscrew,Corkscrew.
data/thin/hq/corkscrew_PNG39.jpg,Corkscrew,Corkscrew.
data/thin/hq/corkscrew_PNG4.jpg,Corkscrew,Corkscrew.
data/thin/hq/corkscrew_PNG40.jpg,Corkscrew,Corkscrew.
data/thin/hq/corkscrew_PNG41.jpg,Corkscrew,Corkscrew.
data/thin/hq/corkscrew_PNG42.jpg,Corkscrew,Corkscrew.
data/thin/hq/corkscrew_PNG43.jpg,Corkscrew,Megaphone.
data/thin/hq/corkscrew_PNG44.jpg,Corkscrew,Corkscrew.
data/thin/hq/corkscrew_PNG49.jpg,Corkscrew,Corkscrew.
data/thin/hq/corkscrew_PNG5.jpg,Corkscrew,Corkscrew.
data/thin/hq/corkscrew_PNG50.jpg,Corkscrew,Corkscrew.
data/thin/hq/corkscrew_PNG52.jpg,Corkscrew,Corkscrew.
data/thin/hq/corkscrew_PNG7.jpg,Corkscrew,Corkscrew.
data/thin/hq/corkscrew_PNG8.jpg,Corkscrew,Corkscrew.
data/thin/hq/corkscrew_PNG9.jpg,Corkscrew,Corkscrew.
data/thin/hq/cow_PNG50577.jpg,Cow,Cow.
data/thin/hq/cow_PNG50601.jpg,Cow,Cow.
data/thin/hq/cow_PNG50606.jpg,Cow,Cow.
data/thin/hq/crab_PNG1.jpg,Crab,Crab.
data/thin/hq/crab_PNG11.jpg,Crab,Crab.
data/thin/hq/crab_PNG12.jpg,Crab,Crab.
data/thin/hq/crab_PNG13.jpg,Crab,Crab.
data/thin/hq/crab_PNG16.jpg,Crab,Crab.
data/thin/hq/crab_PNG18.jpg,Crab,Crab.
data/thin/hq/crab_PNG19.jpg,Crab,Crab.
data/thin/hq/crab_PNG2.jpg,Crab,Crab.
data/thin/hq/crab_PNG20.jpg,Crab,Crab.
data/thin/hq/crab_PNG23.jpg,Crab,Crab.
data/thin/hq/crab_PNG24.jpg,Crab,Crab.
data/thin/hq/crab_PNG28.jpg,Crab,Crab.
data/thin/hq/crab_PNG3.jpg,Crab,Crab.
data/thin/hq/crab_PNG30.jpg,Crab,Crab.
data/thin/hq/crab_PNG34.jpg,Crab,Crab.
data/thin/hq/crab_PNG38.jpg,Crab,Crab.
data/thin/hq/crab_PNG4.jpg,Crab,Crab.
data/thin/hq/crab_PNG42.jpg,Crab,Crab.
data/thin/hq/crab_PNG46.jpg,Crab,Crab.
data/thin/hq/crab_PNG7.jpg,Crab,Crab.
data/thin/hq/crab_PNG8.jpg,Crab,Crab.
data/thin/hq/crab_PNG9.jpg,Crab,Crab.
data/thin/hq/crane_PNG1.jpg,Crane,Crane.
data/thin/hq/crane_PNG18.jpg,Crane,Bicycle.
data/thin/hq/crane_PNG2.jpg,Crane,Cat.
data/thin/hq/crane_PNG21.jpg,Crane,Crane.
data/thin/hq/crane_PNG24.jpg,Crane,Crane.
data/thin/hq/crocodile_PNG13162.jpg,Crocodile,Crocodile.
data/thin/hq/crocodile_PNG13163.jpg,Crocodile,Crocodile.
data/thin/hq/crocodile_PNG13178.jpg,Crocodile,Crocodile.
data/thin/hq/crow_PNG3095.jpg,Crow,Crow.
data/thin/hq/crow_PNG3097.jpg,Crow,Crow.
data/thin/hq/crow_PNG3099.jpg,Crow,Crow.
data/thin/hq/crow_PNG3101.jpg,Crow,Crow.
data/thin/hq/crow_PNG3103.jpg,Crow,Crow.
data/thin/hq/crow_PNG3104.jpg,Crow,Crow.
data/thin/hq/crow_PNG3105.jpg,Crow,Crow.
data/thin/hq/crow_PNG3106.jpg,Crow,Crow.
data/thin/hq/crow_PNG3107.jpg,Crow,Crow.
data/thin/hq/crow_PNG3110.jpg,Crow,Crow.
data/thin/hq/crow_PNG3111.jpg,Crow,Birds.
data/thin/hq/crow_PNG3113.jpg,Crow,Birds.
data/thin/hq/crow_PNG3115.jpg,Crow,Birds.
data/thin/hq/crown_PNG21.jpg,Crown,Crown.
data/thin/hq/crown_PNG23852.jpg,Crown,Crown.
data/thin/hq/crown_PNG23854.jpg,Crown,Crown.
data/thin/hq/crutch_PNG1.jpg,Crutch,Crutch.
data/thin/hq/crutch_PNG14.jpg,Crutch,Bookshelf.
data/thin/hq/crutch_PNG15.jpg,Crutch,Crutch.
data/thin/hq/crutch_PNG17a.jpg,Crutch,Crutch.
data/thin/hq/crutch_PNG17b.jpg,Crutch,Crutch.
data/thin/hq/crutch_PNG2.jpg,Crutch,Bucket.
data/thin/hq/crutch_PNG31.jpg,Crutch,Crutch.
data/thin/hq/crutch_PNG32.jpg,Crutch,Crutch.
data/thin/hq/crutch_PNG34a.jpg,Crutch,Crutch.
data/thin/hq/crutch_PNG34b.jpg,Crutch,Ladder.
data/thin/hq/crutch_PNG35.jpg,Crutch,Crutch.
data/thin/hq/crutch_PNG36.jpg,Crutch,Crutch.
data/thin/hq/crutch_PNG38b.jpg,Crutch,Owl.
data/thin/hq/crutch_PNG9.jpg,Crutch,Crutch.
data/thin/hq/darts_PNG10.jpg,Darts,Spear.
data/thin/hq/darts_PNG11.jpg,Darts,Darts.
data/thin/hq/darts_PNG12.jpg,Darts,Broom.
data/thin/hq/darts_PNG13.jpg,Darts,Spoon.
data/thin/hq/darts_PNG14.jpg,Darts,Spoon.
data/thin/hq/darts_PNG16.jpg,Darts,Birds.
data/thin/hq/darts_PNG17.jpg,Darts,Darts.
data/thin/hq/darts_PNG21.jpg,Darts,Paddle.
data/thin/hq/darts_PNG22.jpg,Darts,Darts.
data/thin/hq/darts_PNG25.jpg,Darts,Umbrella.
data/thin/hq/darts_PNG28.jpg,Darts,Darts.
data/thin/hq/darts_PNG30.jpg,Darts,Darts.
data/thin/hq/darts_PNG41.jpg,Darts,Darts.
data/thin/hq/darts_PNG44.jpg,Darts,Darts.
data/thin/hq/darts_PNG45.jpg,Darts,Darts.
data/thin/hq/darts_PNG46.jpg,Darts,Arrow Bow.
data/thin/hq/darts_PNG47.jpg,Darts,Darts.
data/thin/hq/darts_PNG49.jpg,Darts,Street Light.
data/thin/hq/darts_PNG50.jpg,Darts,Darts.
data/thin/hq/darts_PNG53.jpg,Darts,Darts.
data/thin/hq/darts_PNG58.jpg,Darts,Darts.
data/thin/hq/darts_PNG6.jpg,Darts,Darts.
data/thin/hq/darts_PNG8.jpg,Darts,Darts.
data/thin/hq/darts_PNG9.jpg,Darts,Darts.
data/thin/hq/deer_PNG10170.jpg,Deer,Deer.
data/thin/hq/deer_PNG10171.jpg,Deer,Deer.
data/thin/hq/deer_PNG10172.jpg,Deer,Deer.
data/thin/hq/deer_PNG10175.jpg,Deer,Deer.
data/thin/hq/deer_PNG10177.jpg,Deer,Deer.
data/thin/hq/deer_PNG10178.jpg,Deer,Deer.
data/thin/hq/deer_PNG10182.jpg,Deer,Deer.
data/thin/hq/deer_PNG10185.jpg,Deer,Deer.
data/thin/hq/dog_PNG50373.jpg,Dog,Dog.
data/thin/hq/dog_PNG50383.jpg,Dog,Dog.
data/thin/hq/donkey_PNG24.jpg,Donkey,Donkey.
data/thin/hq/dragonfly_PNG11.jpg,Dragonfly,Dragonfly.
data/thin/hq/dragonfly_PNG20.jpg,Dragonfly,Dragonfly.
data/thin/hq/dragonfly_PNG4.jpg,Dragonfly,Dragonfly.
data/thin/hq/dragonfly_PNG5.jpg,Dragonfly,Dragonfly.
data/thin/hq/dragonfly_PNG9.jpg,Dragonfly,Dragonfly.
data/thin/hq/dresser_PNG126.jpg,Dresser,Dresser.
data/thin/hq/drone_PNG103.jpg,Drone,Drone.
data/thin/hq/drone_PNG107.jpg,Drone,Drone.
data/thin/hq/drone_PNG110.jpg,Drone,Drone.
data/thin/hq/drone_PNG112.jpg,Drone,Drone.
data/thin/hq/drone_PNG114.jpg,Drone,Drone.
data/thin/hq/drone_PNG117.jpg,Drone,Drone.
data/thin/hq/drone_PNG12.jpg,Drone,Drone.
data/thin/hq/drone_PNG123.jpg,Drone,Drone.
data/thin/hq/drone_PNG125.jpg,Drone,Drone.
data/thin/hq/drone_PNG128.jpg,Drone,Wii.
data/thin/hq/drone_PNG129.jpg,Drone,Drone.
data/thin/hq/drone_PNG137.jpg,Drone,Drone.
data/thin/hq/drone_PNG140.jpg,Drone,Drone.
data/thin/hq/drone_PNG150.jpg,Drone,Drone.
data/thin/hq/drone_PNG161.jpg,Drone,Drone.
data/thin/hq/drone_PNG169.jpg,Drone,Drone.
data/thin/hq/drone_PNG181.jpg,Drone,Drone.
data/thin/hq/drone_PNG190.jpg,Drone,Drone.
data/thin/hq/drone_PNG191.jpg,Drone,Drone.
data/thin/hq/drone_PNG194.jpg,Drone,Drone.
data/thin/hq/drone_PNG204.jpg,Drone,Drone.
data/thin/hq/drone_PNG207.jpg,Drone,Drone.
data/thin/hq/drone_PNG208.jpg,Drone,Drone.
data/thin/hq/drone_PNG26.jpg,Drone,Drone.
data/thin/hq/drone_PNG36.jpg,Drone,Drone.
data/thin/hq/drone_PNG38.jpg,Drone,Drone.
data/thin/hq/drone_PNG39.jpg,Drone,Drone.
data/thin/hq/drone_PNG40.jpg,Drone,Drone.
data/thin/hq/drone_PNG41.jpg,Drone,Drone.
data/thin/hq/drone_PNG46.jpg,Drone,Drone.
data/thin/hq/drone_PNG5.jpg,Drone,Drone.
data/thin/hq/drone_PNG65.jpg,Drone,Drone.
data/thin/hq/drone_PNG85.jpg,Drone,Drone.
data/thin/hq/drone_PNG88.jpg,Drone,Drone.
data/thin/hq/drone_PNG89.jpg,Drone,Drone.
data/thin/hq/drone_PNG9.jpg,Drone,Drone.
data/thin/hq/drone_PNG91.jpg,Drone,Drone.
data/thin/hq/drum_PNG14337.jpg,Drum,Drum.
data/thin/hq/drum_PNG14342.jpg,Drum,Drum.
data/thin/hq/drum_PNG14343.jpg,Drum,Drum.
data/thin/hq/drum_PNG14344.jpg,Drum,Drum.
data/thin/hq/drum_PNG14345.jpg,Drum,Drum.
data/thin/hq/eagle_PNG1202.jpg,Eagle,Eagle.
data/thin/hq/eagle_PNG1215.jpg,Eagle,Eagle.
data/thin/hq/eagle_PNG1225.jpg,Eagle,Eagle.
data/thin/hq/eagle_PNG1228.jpg,Eagle,Birds.
data/thin/hq/eiffel_tower_PNG17.jpg,Eiffel Tower,Eiffel Tower.
data/thin/hq/eiffel_tower_PNG21.jpg,Eiffel Tower,Eiffel Tower.
data/thin/hq/eiffel_tower_PNG29.jpg,Eiffel Tower,Eiffel Tower.
data/thin/hq/eiffel_tower_PNG38.jpg,Eiffel Tower,Eiffel Tower.
data/thin/hq/eiffel_tower_PNG6.jpg,Eiffel Tower,Eiffel Tower.
data/thin/hq/eiffel_tower_PNG72.jpg,Eiffel Tower,Eiffel Tower.
data/thin/hq/elephants_PNG18747.jpg,Elephants,Elephants.
data/thin/hq/elephants_PNG18748.jpg,Elephants,Elephants.
data/thin/hq/elephants_PNG18749.jpg,Elephants,Elephants.
data/thin/hq/elephants_PNG18762.jpg,Elephants,Elephants.
data/thin/hq/elephants_PNG18775.jpg,Elephants,Elephants.
data/thin/hq/elephants_PNG18779.jpg,Elephants,Elephants.
data/thin/hq/elephants_PNG18781.jpg,Elephants,Elephants.
data/thin/hq/elephants_PNG18782.jpg,Elephants,Elephants.
data/thin/hq/elephants_PNG18785.jpg,Elephants,Elephants.
data/thin/hq/elephants_PNG18787.jpg,Elephants,Elephants.
data/thin/hq/elephants_PNG18788.jpg,Elephants,Elephants.
data/thin/hq/elephants_PNG18793.jpg,Elephants,Elephants.
data/thin/hq/elephants_PNG18799.jpg,Elephants,Elephants.
data/thin/hq/elephants_PNG18800.jpg,Elephants,Elephants.
data/thin/hq/elephants_PNG18801.jpg,Elephants,Elephants.
data/thin/hq/elephants_PNG18805.jpg,Elephants,Elephants.
data/thin/hq/excavator_PNG1.jpg,Excavator,Excavator.
data/thin/hq/excavator_PNG12.jpg,Excavator,Excavator.
data/thin/hq/excavator_PNG20.jpg,Excavator,Excavator.
data/thin/hq/excavator_PNG21.jpg,Excavator,Excavator.
data/thin/hq/excavator_PNG23.jpg,Excavator,Excavator.
data/thin/hq/excavator_PNG26.jpg,Excavator,Excavator.
data/thin/hq/excavator_PNG27.jpg,Excavator,Excavator.
data/thin/hq/excavator_PNG28.jpg,Excavator,Excavator.
data/thin/hq/excavator_PNG29.jpg,Excavator,Excavator.
data/thin/hq/excavator_PNG32.jpg,Excavator,Excavator.
data/thin/hq/excavator_PNG37.jpg,Excavator,Excavator.
data/thin/hq/excavator_PNG40.jpg,Excavator,Excavator.
data/thin/hq/excavator_PNG45.jpg,Excavator,Excavator.
data/thin/hq/excavator_PNG58.jpg,Excavator,Excavator.
data/thin/hq/excavator_PNG65.jpg,Excavator,Excavator.
data/thin/hq/excavator_PNG8.jpg,Excavator,Excavator.
data/thin/hq/excavator_PNG9.jpg,Excavator,Excavator.
data/thin/hq/fan_PNG14457.jpg,Fan,Fan.
data/thin/hq/fan_PNG14458.jpg,Fan,Fan.
data/thin/hq/fan_PNG14460.jpg,Fan,Fan.
data/thin/hq/fan_PNG14461.jpg,Fan,Fan.
data/thin/hq/fan_PNG14462.jpg,Fan,Fan.
data/thin/hq/fan_PNG14463.jpg,Fan,Fan.
data/thin/hq/fan_PNG14464.jpg,Fan,Fan.
data/thin/hq/fan_PNG14465.jpg,Fan,Fan.
data/thin/hq/fan_PNG14467.jpg,Fan,Fan.
data/thin/hq/fan_PNG14469.jpg,Fan,Fan.
data/thin/hq/fan_PNG14471.jpg,Fan,Fan.
data/thin/hq/fan_PNG14472.jpg,Fan,Fan.
data/thin/hq/fan_PNG14473.jpg,Fan,Fan.
data/thin/hq/fan_PNG14475.jpg,Fan,Fan.
data/thin/hq/fan_PNG14478.jpg,Fan,Fan.
data/thin/hq/fan_PNG14479.jpg,Fan,Fan.
data/thin/hq/fan_PNG14482.jpg,Fan,Fan.
data/thin/hq/fan_PNG14483.jpg,Fan,Fan.
data/thin/hq/fan_PNG14484.jpg,Fan,Fan.
data/thin/hq/fan_PNG14485.jpg,Fan,Fan.
data/thin/hq/fan_PNG14486.jpg,Fan,Fan.
data/thin/hq/fan_PNG14487.jpg,Fan,Fan.
data/thin/hq/fan_PNG14489.jpg,Fan,Fan.
data/thin/hq/fan_PNG14490.jpg,Fan,Fan.
data/thin/hq/fan_PNG14491.jpg,Fan,Fan.
data/thin/hq/fan_PNG14492.jpg,Fan,Fan.
data/thin/hq/fir_tree_PNG3691.jpg,Fir Tree,Fir Tree.
data/thin/hq/fire_truck_PNG11.jpg,Fire Truck,Fire Truck.
data/thin/hq/fire_truck_PNG22.jpg,Fire Truck,Fire Truck.
data/thin/hq/fire_truck_PNG37.jpg,Fire Truck,Fire Truck.
data/thin/hq/fire_truck_PNG40.jpg,Fire Truck,Fire Truck.
data/thin/hq/fire_truck_PNG43.jpg,Fire Truck,Fire Truck.
data/thin/hq/fire_truck_PNG44.jpg,Fire Truck,Fire Truck.
data/thin/hq/fire_truck_PNG46.jpg,Fire Truck,Fire Truck.
data/thin/hq/fish_PNG25106.jpg,Fish,Fish.
data/thin/hq/flags_PNG14677.jpg,Flags,Flag.
data/thin/hq/flags_PNG14717.jpg,Flags,Flags.
data/thin/hq/flags_PNG14719.jpg,Flags,Flag.
data/thin/hq/flamingo_PNG15094.jpg,Flamingo,Elephants.
data/thin/hq/flamingo_PNG15095.jpg,Flamingo,Flamingo.
data/thin/hq/flamingo_PNG15099.jpg,Flamingo,Flamingo.
data/thin/hq/flamingo_PNG15101.jpg,Flamingo,Flamingo.
data/thin/hq/flamingo_PNG15107.jpg,Flamingo,Flamingo.
data/thin/hq/flamingo_PNG15110.jpg,Flamingo,Flamingo.
data/thin/hq/flamingo_PNG15111.jpg,Flamingo,Flamingo.
data/thin/hq/flamingo_PNG15112.jpg,Flamingo,Flamingo.
data/thin/hq/flippers_PNG37454.jpg,Flippers,Flippers.
data/thin/hq/flippers_PNG37457.jpg,Flippers,Flippers.
data/thin/hq/flippers_PNG37458.jpg,Flippers,Flippers.
data/thin/hq/flippers_PNG37461.jpg,Flippers,Flippers.
data/thin/hq/flippers_PNG37473.jpg,Flippers,Flippers.
data/thin/hq/football_goal_PNG10.jpg,Football Goal,Cage.
data/thin/hq/football_goal_PNG12.jpg,Football Goal,Cage.
data/thin/hq/football_goal_PNG13.jpg,Football Goal,Giraffe.
data/thin/hq/football_goal_PNG14.jpg,Football Goal,Soccer Goal.
data/thin/hq/football_goal_PNG15.jpg,Football Goal,Football Goal.
data/thin/hq/football_goal_PNG17.jpg,Football Goal,Football Goal.
data/thin/hq/football_goal_PNG19.jpg,Football Goal,Toilet.
data/thin/hq/football_goal_PNG22.jpg,Football Goal,Football Goal.
data/thin/hq/football_goal_PNG24.jpg,Football Goal,Football Goal.
data/thin/hq/football_goal_PNG25.jpg,Football Goal,Football Goal.
data/thin/hq/football_goal_PNG26.jpg,Football Goal,Football Goal.
data/thin/hq/football_goal_PNG33.jpg,Football Goal,Cage.
data/thin/hq/football_goal_PNG38.jpg,Football Goal,Football Goal.
data/thin/hq/football_goal_PNG41.jpg,Football Goal,Soccer Goal
data/thin/hq/football_goal_PNG7.jpg,Football Goal,Cat.
data/thin/hq/fork_PNG3051.jpg,Fork,Fork.
data/thin/hq/fork_PNG3052.jpg,Fork,Fork.
data/thin/hq/fork_PNG3053.jpg,Fork,Fork.
data/thin/hq/fork_PNG3054.jpg,Fork,Fork.
data/thin/hq/fork_PNG3056.jpg,Fork,Fork.
data/thin/hq/fork_PNG3058.jpg,Fork,Fork.
data/thin/hq/fork_PNG3061.jpg,Fork,Fork.
data/thin/hq/fork_PNG3063.jpg,Fork,Fork.
data/thin/hq/fork_PNG3064.jpg,Fork,Fork.
data/thin/hq/fork_PNG3065.jpg,Fork,Fork.
data/thin/hq/fork_PNG3066.jpg,Fork,Fork.
data/thin/hq/fork_PNG3068.jpg,Fork,Fork.
data/thin/hq/frog_PNG35716.jpg,Frog,Frog.
data/thin/hq/frog_PNG35720.jpg,Frog,Frog.
data/thin/hq/frog_PNG35721.jpg,Frog,Frog.
data/thin/hq/frog_PNG35727.jpg,Frog,Frog.
data/thin/hq/frog_PNG35729.jpg,Frog,Frog.
data/thin/hq/frog_PNG35730.jpg,Frog,Frog.
data/thin/hq/frog_PNG35734.jpg,Frog,Frog.
data/thin/hq/frog_PNG35735.jpg,Frog,Frog.
data/thin/hq/frog_PNG35738.jpg,Frog,Frog.
data/thin/hq/frog_PNG35739.jpg,Frog,Frog.
data/thin/hq/frog_PNG35740.jpg,Frog,Frog.
data/thin/hq/frog_PNG35741.jpg,Frog,Frog.
data/thin/hq/frog_PNG35742.jpg,Frog,Frog.
data/thin/hq/frog_PNG35746.jpg,Frog,Frog.
data/thin/hq/frog_PNG35754.jpg,Frog,Frog.
data/thin/hq/frog_PNG35756.jpg,Frog,Frog.
data/thin/hq/frog_PNG35759.jpg,Frog,Frog.
data/thin/hq/frog_PNG35761.jpg,Frog,Frog.
data/thin/hq/frog_PNG35772.jpg,Frog,Frog.
data/thin/hq/frog_PNG35776.jpg,Frog,Frog.
data/thin/hq/frog_PNG3832.jpg,Frog,Frog.
data/thin/hq/frog_PNG3835.jpg,Frog,Frog.
data/thin/hq/frog_PNG3837.jpg,Frog,Frog.
data/thin/hq/frog_PNG3838.jpg,Frog,Frog.
data/thin/hq/frog_PNG3839.jpg,Frog,Frog.
data/thin/hq/frog_PNG3840.jpg,Frog,Frog.
data/thin/hq/frog_PNG3841.jpg,Frog,Frog.
data/thin/hq/frog_PNG3843.jpg,Frog,Frog.
data/thin/hq/frog_PNG3845.jpg,Frog,Frog.
data/thin/hq/frog_PNG3846.jpg,Frog,Frog.
data/thin/hq/frog_PNG3847.jpg,Frog,Frog.
data/thin/hq/frying_pan_PNG8330.jpg,Frying Pan,Cooking Pan.
data/thin/hq/frying_pan_PNG8331.jpg,Frying Pan,Cooking Pan.
data/thin/hq/frying_pan_PNG8336.jpg,Frying Pan,Cooking Pan.
data/thin/hq/frying_pan_PNG8337.jpg,Frying Pan,Cooking Pan.
data/thin/hq/frying_pan_PNG8338.jpg,Frying Pan,Cooking Pan.
data/thin/hq/frying_pan_PNG8342.jpg,Frying Pan,Cooking Pan.
data/thin/hq/frying_pan_PNG8345.jpg,Frying Pan,Cooking Pan.
data/thin/hq/frying_pan_PNG8346.jpg,Frying Pan,Cooking Pan.
data/thin/hq/frying_pan_PNG8349.jpg,Frying Pan,Cooking Pan.
data/thin/hq/frying_pan_PNG8357.jpg,Frying Pan,Cooking Pan.
data/thin/hq/frying_pan_PNG8359.jpg,Frying Pan,Cooking Pan.
data/thin/hq/frying_pan_PNG8360.jpg,Frying Pan,Cooking Pan.
data/thin/hq/frying_pan_PNG8361.jpg,Frying Pan,Cooking Pan.
data/thin/hq/frying_pan_PNG8362.jpg,Frying Pan,Cooking Pan.
data/thin/hq/gas_mask_PNG1.jpg,Gas Mask,Gas Mask.
data/thin/hq/gas_mask_PNG12.jpg,Gas Mask,Gas mask.
data/thin/hq/gas_mask_PNG13.jpg,Gas Mask,Gas Mask.
data/thin/hq/gas_mask_PNG16.jpg,Gas Mask,Gas Mask.
data/thin/hq/gas_mask_PNG18.jpg,Gas Mask,Gas Mask.
data/thin/hq/gas_mask_PNG33.jpg,Gas Mask,Gas Mask.
data/thin/hq/gas_mask_PNG43.jpg,Gas Mask,Gas Mask.
data/thin/hq/giraffe_PNG13518.jpg,Giraffe,Giraffe.
data/thin/hq/giraffe_PNG13522.jpg,Giraffe,Giraffe.
data/thin/hq/giraffe_PNG13525.jpg,Giraffe,Giraffe.
data/thin/hq/giraffe_PNG13534.jpg,Giraffe,Giraffe.
data/thin/hq/giraffe_PNG13539.jpg,Giraffe,Giraffe.
data/thin/hq/glider_PNG24.jpg,Glider,Glider.
data/thin/hq/glider_PNG6.jpg,Glider,Airplane.
data/thin/hq/goat_PNG13150.jpg,Goat,Goat.
data/thin/hq/goat_PNG13151.jpg,Goat,Goat.
data/thin/hq/golden_cup_PNG14537.jpg,Golden Cup,Golden Cup.
data/thin/hq/golden_cup_PNG14538.jpg,Golden Cup,Golden Cup.
data/thin/hq/golden_cup_PNG14539.jpg,Golden Cup,Trophy.
data/thin/hq/golden_cup_PNG14542.jpg,Golden Cup,Golden Cup.
data/thin/hq/golden_cup_PNG14547.jpg,Golden Cup,Golden Cup.
data/thin/hq/golden_cup_PNG14548.jpg,Golden Cup,Golden Cup.
data/thin/hq/golden_cup_PNG14549.jpg,Golden Cup,Golden Cup.
data/thin/hq/golden_cup_PNG14550.jpg,Golden Cup,Golden Cup.
data/thin/hq/golden_cup_PNG14551.jpg,Golden Cup,Golden Cup.
data/thin/hq/golden_cup_PNG14559.jpg,Golden Cup,Golden Cup.
data/thin/hq/golden_cup_PNG14569.jpg,Golden Cup,Golden Cup.
data/thin/hq/golden_cup_PNG14571.jpg,Golden Cup,Golden Cup.
data/thin/hq/golden_cup_PNG14575.jpg,Golden Cup,Golden Cup.
data/thin/hq/grasshopper_PNG11.jpg,Grasshopper,Grasshopper.
data/thin/hq/grasshopper_PNG13.jpg,Grasshopper,Grasshopper.
data/thin/hq/grasshopper_PNG18.jpg,Grasshopper,Grasshopper.
data/thin/hq/grasshopper_PNG20.jpg,Grasshopper,Grasshopper.
data/thin/hq/grasshopper_PNG32.jpg,Grasshopper,Grasshopper.
data/thin/hq/grasshopper_PNG4.jpg,Grasshopper,Grasshopper.
data/thin/hq/grasshopper_PNG40.jpg,Grasshopper,Grasshopper.
data/thin/hq/grasshopper_PNG44.jpg,Grasshopper,Grasshopper.
data/thin/hq/grasshopper_PNG6.jpg,Grasshopper,Grasshopper.
data/thin/hq/grasshopper_PNG7.jpg,Grasshopper,Grasshopper.
data/thin/hq/grasshopper_PNG9.jpg,Grasshopper,Grasshopper.
data/thin/hq/grenade_launcher_PNG15324.jpg,Grenade Launcher,Grenade Launcher.
data/thin/hq/grenade_launcher_PNG15327.jpg,Grenade Launcher,Gun.
data/thin/hq/grenade_launcher_PNG15330.jpg,Grenade Launcher,Grenade Launcher.
data/thin/hq/grenade_launcher_PNG15334.jpg,Grenade Launcher,Grenade Launcher.
data/thin/hq/grenade_launcher_PNG15335.jpg,Grenade Launcher,Grenade Launcher.
data/thin/hq/grenade_launcher_PNG15338.jpg,Grenade Launcher,Grenade Launcher.
data/thin/hq/grenade_launcher_PNG15340.jpg,Grenade Launcher,Gun.
data/thin/hq/grill_PNG13937.jpg,Grill,Grill.
data/thin/hq/grill_PNG13938.jpg,Grill,Grill.
data/thin/hq/grill_PNG13939.jpg,Grill,Grill.
data/thin/hq/grill_PNG13942.jpg,Grill,Grill.
data/thin/hq/grill_PNG13944.jpg,Grill,Grill.
data/thin/hq/grill_PNG13947.jpg,Grill,Grill.
data/thin/hq/gun_PNG1353.jpg,Gun,Gun.
data/thin/hq/gun_PNG1354.jpg,Gun,Gun.
data/thin/hq/gun_PNG1355.jpg,Gun,Gun.
data/thin/hq/gun_PNG1357.jpg,Gun,Gun.
data/thin/hq/gun_PNG1358.jpg,Gun,Gun.
data/thin/hq/gun_PNG1360.jpg,Gun,Gun.
data/thin/hq/gun_PNG1363.jpg,Gun,Gun.
data/thin/hq/gun_PNG1371.jpg,Gun,Gun.
data/thin/hq/gun_PNG1373.jpg,Gun,Gun.
data/thin/hq/gun_PNG1374.jpg,Gun,Gun.
data/thin/hq/gun_PNG1377.jpg,Gun,Gun.
data/thin/hq/gun_PNG1378.jpg,Gun,Gun.
data/thin/hq/gun_PNG1379.jpg,Gun,Gun.
data/thin/hq/gun_PNG1381.jpg,Gun,Gun.
data/thin/hq/gun_PNG1384.jpg,Gun,Gun.
data/thin/hq/gun_PNG1385.jpg,Gun,Gun.
data/thin/hq/gun_PNG1386.jpg,Gun,Gun.
data/thin/hq/gun_PNG1389.jpg,Gun,Gun.
data/thin/hq/hairbrush_PNG105.jpg,Hairbrush,Toothbrush.
data/thin/hq/hairbrush_PNG107.jpg,Hairbrush,Comb.
data/thin/hq/hairbrush_PNG110.jpg,Hairbrush,Comb.
data/thin/hq/hairbrush_PNG134.jpg,Hairbrush,Hairbrush.
data/thin/hq/hairbrush_PNG135.jpg,Hairbrush,Brush.
data/thin/hq/hairbrush_PNG136a.jpg,Hairbrush,Comb.
data/thin/hq/hairbrush_PNG136d.jpg,Hairbrush,Comb.
data/thin/hq/hairbrush_PNG136f.jpg,Hairbrush,Cooking Pan.
data/thin/hq/hairbrush_PNG138.jpg,Hairbrush,Comb.
data/thin/hq/hairbrush_PNG140.jpg,Hairbrush,Toothbrush.
data/thin/hq/hairbrush_PNG145.jpg,Hairbrush,Comb.
data/thin/hq/hairbrush_PNG146.jpg,Hairbrush,Comb.
data/thin/hq/hairbrush_PNG152.jpg,Hairbrush,Comb.
data/thin/hq/hairbrush_PNG154.jpg,Hairbrush,Hairbrush.
data/thin/hq/hairbrush_PNG157.jpg,Hairbrush,Comb.
data/thin/hq/hairbrush_PNG162.jpg,Hairbrush,Comb.
data/thin/hq/hairbrush_PNG20.jpg,Hairbrush,Comb.
data/thin/hq/hairbrush_PNG47.jpg,Hairbrush,Comb.
data/thin/hq/hairbrush_PNG53.jpg,Hairbrush,Comb.
data/thin/hq/hairbrush_PNG63.jpg,Hairbrush,Comb.
data/thin/hq/hairbrush_PNG64.jpg,Hairbrush,Comb.
data/thin/hq/hairbrush_PNG65.jpg,Hairbrush,Comb.
data/thin/hq/hairbrush_PNG78.jpg,Hairbrush,Hairbrush.
data/thin/hq/hairbrush_PNG81.jpg,Hairbrush,Comb.
data/thin/hq/hammer_PNG1122.jpg,Hammer,Hammer.
data/thin/hq/hammer_PNG1124.jpg,Hammer,Hammer.
data/thin/hq/hammer_PNG1127.jpg,Hammer,Hammer.
data/thin/hq/hammer_PNG1131.jpg,Hammer,Gavel.
data/thin/hq/hammer_PNG1132.jpg,Hammer,Hammer.
data/thin/hq/hammer_PNG1134.jpg,Hammer,Chicken.
data/thin/hq/hammer_PNG1138.jpg,Hammer,Hammer.
data/thin/hq/hammer_PNG1140.jpg,Hammer,Hammer.
data/thin/hq/hammer_PNG3888.jpg,Hammer,Hammer.
data/thin/hq/hammer_PNG3889a.jpg,Hammer,Hammer.
data/thin/hq/hammer_PNG3889b.jpg,Hammer,Hammer.
data/thin/hq/hammer_PNG3891.jpg,Hammer,Hammer.
data/thin/hq/hammock_PNG1.jpg,Hammock,Hammock.
data/thin/hq/hammock_PNG12.jpg,Hammock,Hammock.
data/thin/hq/hammock_PNG18.jpg,Hammock,Hammock.
data/thin/hq/hammock_PNG19.jpg,Hammock,Hammock.
data/thin/hq/hammock_PNG2.jpg,Hammock,Hammock.
data/thin/hq/hammock_PNG23.jpg,Hammock,Hammock.
data/thin/hq/hammock_PNG3.jpg,Hammock,Hammock.
data/thin/hq/hammock_PNG32.jpg,Hammock,Hammock.
data/thin/hq/hammock_PNG33.jpg,Hammock,Hammock.
data/thin/hq/hammock_PNG37.jpg,Hammock,Hammock.
data/thin/hq/hammock_PNG39.jpg,Hammock,Hammock.
data/thin/hq/hammock_PNG4.jpg,Hammock,Hammock.
data/thin/hq/hammock_PNG41.jpg,Hammock,Hammock.
data/thin/hq/hammock_PNG43.jpg,Hammock,Elephants.
data/thin/hq/hammock_PNG45.jpg,Hammock,Hammock.
data/thin/hq/hammock_PNG48.jpg,Hammock,Hammock.
data/thin/hq/hammock_PNG49.jpg,Hammock,Hammock.
data/thin/hq/hammock_PNG50.jpg,Hammock,Person.
data/thin/hq/hammock_PNG61.jpg,Hammock,Hammock.
data/thin/hq/hammock_PNG63.jpg,Hammock,Hammock.
data/thin/hq/hammock_PNG64.jpg,Hammock,Hammock.
data/thin/hq/hammock_PNG65.jpg,Hammock,Hammock.
data/thin/hq/hammock_PNG7.jpg,Hammock,Hammock.
data/thin/hq/hammock_PNG9.jpg,Hammock,Hammock.
data/thin/hq/hand_saw_PNG9530.jpg,Hand Saw,Chain Saw.
data/thin/hq/hand_saw_PNG9531.jpg,Hand Saw,Chain Saw.
data/thin/hq/hand_saw_PNG9532.jpg,Hand Saw,Hand Saw.
data/thin/hq/hand_saw_PNG9541.jpg,Hand Saw,Chain Saw.
data/thin/hq/hand_saw_PNG9545.jpg,Hand Saw,Hand Saw.
data/thin/hq/hand_saw_PNG9549.jpg,Hand Saw,Hand Saw.
data/thin/hq/handcuffs_PNG12.jpg,Handcuffs,Handcuffs.
data/thin/hq/handcuffs_PNG13.jpg,Handcuffs,Handcuffs.
data/thin/hq/handcuffs_PNG14.jpg,Handcuffs,Handcuffs.
data/thin/hq/handcuffs_PNG16.jpg,Handcuffs,Handcuffs.
data/thin/hq/handcuffs_PNG18a.jpg,Handcuffs,Box
data/thin/hq/handcuffs_PNG1a.jpg,Handcuffs,Handcuffs.
data/thin/hq/handcuffs_PNG1b.jpg,Handcuffs,Chicken.
data/thin/hq/handcuffs_PNG22.jpg,Handcuffs,Handcuffs.
data/thin/hq/handcuffs_PNG25.jpg,Handcuffs,Handcuffs.
data/thin/hq/handcuffs_PNG3.jpg,Handcuffs,Handcuffs.
data/thin/hq/handcuffs_PNG30.jpg,Handcuffs,Handcuffs.
data/thin/hq/handcuffs_PNG31.jpg,Handcuffs,Handcuffs.
data/thin/hq/handcuffs_PNG34.jpg,Handcuffs,Handcuffs.
data/thin/hq/handcuffs_PNG35.jpg,Handcuffs,Handcuffs.
data/thin/hq/handcuffs_PNG38.jpg,Handcuffs,Handcuffs.
data/thin/hq/handcuffs_PNG44.jpg,Handcuffs,Handcuffs.
data/thin/hq/handcuffs_PNG47.jpg,Handcuffs,Handcuffs.
data/thin/hq/handcuffs_PNG48.jpg,Handcuffs,Handcuffs.
data/thin/hq/handcuffs_PNG52.jpg,Handcuffs,Handcuffs.
data/thin/hq/handcuffs_PNG55.jpg,Handcuffs,Handcuffs.
data/thin/hq/handcuffs_PNG8.jpg,Handcuffs,Handcuffs.
data/thin/hq/handcuffs_PNG9.jpg,Handcuffs,Handcuffs.
data/thin/hq/harp_PNG1.jpg,Harp,Harp.
data/thin/hq/harp_PNG12.jpg,Harp,Harp.
data/thin/hq/harp_PNG21.jpg,Harp,Harp.
data/thin/hq/harp_PNG26.jpg,Harp,Harp.
data/thin/hq/harp_PNG30.jpg,Harp,Harp.
data/thin/hq/harp_PNG32.jpg,Harp,Harp.
data/thin/hq/harp_PNG4.jpg,Harp,Harp.
data/thin/hq/harp_PNG8.jpg,Harp,Harp.
data/thin/hq/headphones_PNG7634.jpg,Headphones,Headphones.
data/thin/hq/hedgehog_PNG11.jpg,Hedgehog,Hedgehog.
data/thin/hq/hedgehog_PNG13.jpg,Hedgehog,Hedgehog.
data/thin/hq/hedgehog_PNG16.jpg,Hedgehog,Hedgehog.
data/thin/hq/hedgehog_PNG9.jpg,Hedgehog,Hedgehog.
data/thin/hq/helicopter_PNG5300.jpg,Helicopter,Helicopter.
data/thin/hq/helicopter_PNG5301.jpg,Helicopter,Helicopter.
data/thin/hq/helicopter_PNG5302.jpg,Helicopter,Helicopter.
data/thin/hq/helicopter_PNG5306.jpg,Helicopter,Helicopter.
data/thin/hq/helicopter_PNG5311.jpg,Helicopter,Helicopter.
data/thin/hq/helicopter_PNG5312.jpg,Helicopter,Helicopter.
data/thin/hq/helicopter_PNG5313.jpg,Helicopter,Helicopter.
data/thin/hq/helicopter_PNG5315.jpg,Helicopter,Helicopter.
data/thin/hq/helicopter_PNG80002.jpg,Helicopter,Helicopter.
data/thin/hq/helicopter_PNG80006.jpg,Helicopter,Helicopter.
data/thin/hq/helicopter_PNG80008.jpg,Helicopter,Helicopter.
data/thin/hq/helicopter_PNG80016.jpg,Helicopter,Helicopter.
data/thin/hq/helicopter_PNG80017.jpg,Helicopter,Helicopter.
data/thin/hq/helicopter_PNG80033.jpg,Helicopter,Helicopter.
data/thin/hq/helicopter_PNG80039.jpg,Helicopter,Helicopter.
data/thin/hq/helicopter_PNG80040.jpg,Helicopter,Helicopter.
data/thin/hq/helicopter_PNG80041.jpg,Helicopter,Helicopter.
data/thin/hq/helicopter_PNG80043.jpg,Helicopter,Helicopter.
data/thin/hq/helicopter_PNG80044.jpg,Helicopter,Helicopter.
data/thin/hq/helicopter_PNG80045.jpg,Helicopter,Helicopter.
data/thin/hq/helicopter_PNG80046.jpg,Helicopter,Helicopter.
data/thin/hq/helicopter_PNG80048.jpg,Helicopter,Helicopter.
data/thin/hq/helicopter_PNG80049.jpg,Helicopter,Helicopter.
data/thin/hq/helicopter_PNG80050.jpg,Helicopter,Goat.
data/thin/hq/helicopter_PNG80051.jpg,Helicopter,Helicopter.
data/thin/hq/helicopter_PNG80060.jpg,Helicopter,Helicopter.
data/thin/hq/helicopter_PNG80061.jpg,Helicopter,Helicopter.
data/thin/hq/helicopter_PNG80062.jpg,Helicopter,Helicopter.
data/thin/hq/helicopter_PNG80066.jpg,Helicopter,Helicopter.
data/thin/hq/helicopter_PNG80072.jpg,Helicopter,Helicopter.
data/thin/hq/helicopter_PNG80079.jpg,Helicopter,Helicopter.
data/thin/hq/helicopter_PNG80087.jpg,Helicopter,Helicopter.
data/thin/hq/helicopter_PNG80088.jpg,Helicopter,Helicopter.
data/thin/hq/helicopter_PNG80093.jpg,Helicopter,Helicopter.
data/thin/hq/helicopter_PNG80095.jpg,Helicopter,Helicopter.
data/thin/hq/helicopter_PNG80097.jpg,Helicopter,Helicopter.
data/thin/hq/helicopter_PNG80098.jpg,Helicopter,Helicopter.
data/thin/hq/helicopter_PNG80105.jpg,Helicopter,Helicopter.
data/thin/hq/helicopter_PNG80110.jpg,Helicopter,Helicopter.
data/thin/hq/horseshoe_PNG34.jpg,Horseshoe,Horseshoe.
data/thin/hq/horseshoe_PNG5.jpg,Horseshoe,Horseshoe.
data/thin/hq/horseshoe_PNG52.jpg,Horseshoe,Horseshoe.
data/thin/hq/horseshoe_PNG57.jpg,Horseshoe,Horseshoe.
data/thin/hq/horseshoe_PNG58.jpg,Horseshoe,Horseshoe.
data/thin/hq/horseshoe_PNG6.jpg,Horseshoe,Horseshoe.
data/thin/hq/horseshoe_PNG61.jpg,Horseshoe,Horseshoe.
data/thin/hq/horseshoe_PNG7.jpg,Horseshoe,Horseshoe.
data/thin/hq/horseshoe_PNG8.jpg,Horseshoe,Horseshoe.
data/thin/hq/ice_axe_PNG10.jpg,Ice Axe,Ice Axe.
data/thin/hq/ice_axe_PNG14.jpg,Ice Axe,Arrow Bow.
data/thin/hq/ice_axe_PNG15.jpg,Ice Axe,Ice Axe.
data/thin/hq/ice_axe_PNG22.jpg,Ice Axe,Ice Axe.
data/thin/hq/ice_axe_PNG23a.jpg,Ice Axe,Ice Axe.
data/thin/hq/ice_axe_PNG25.jpg,Ice Axe,Ice Axe.
data/thin/hq/ice_axe_PNG36.jpg,Ice Axe,Ice Axe.
data/thin/hq/ice_axe_PNG37.jpg,Ice Axe,Ice Axe.
data/thin/hq/ice_axe_PNG38.jpg,Ice Axe,Ice Axe.
data/thin/hq/ice_axe_PNG39.jpg,Ice Axe,Ice Axe.
data/thin/hq/ice_axe_PNG47.jpg,Ice Axe,Ice Axe.
data/thin/hq/ice_axe_PNG49.jpg,Ice Axe,Ice Axe.
data/thin/hq/ice_axe_PNG51.jpg,Ice Axe,Sword.
data/thin/hq/ice_axe_PNG52.jpg,Ice Axe,Ax.
data/thin/hq/ice_axe_PNG53.jpg,Ice Axe,Ice Axe.
data/thin/hq/ice_axe_PNG54.jpg,Ice Axe,Ice Axe.
data/thin/hq/ice_axe_PNG55.jpg,Ice Axe,Ice Axe.
data/thin/hq/ice_axe_PNG58.jpg,Ice Axe,Ice Axe.
data/thin/hq/ice_axe_PNG6.jpg,Ice Axe,Ice Axe.
data/thin/hq/ice_axe_PNG7.jpg,Ice Axe,Ice Axe.
data/thin/hq/ice_axe_PNG8.jpg,Ice Axe,Ice Axe.
data/thin/hq/iron_PNG15526.jpg,Iron,Iron.
data/thin/hq/iron_PNG15527.jpg,Iron,Sewing Machine.
data/thin/hq/iron_PNG15536.jpg,Iron,Iron.
data/thin/hq/iron_PNG15547.jpg,Iron,Car.
data/thin/hq/iron_PNG15560.jpg,Iron,Iron.
data/thin/hq/iron_PNG15563.jpg,Iron,Iron.
data/thin/hq/iron_PNG15565.jpg,Iron,Iron.
data/thin/hq/iron_PNG15566.jpg,Iron,Iron.
data/thin/hq/iron_PNG15567.jpg,Iron,Iron.
data/thin/hq/iron_PNG15568.jpg,Iron,Iron.
data/thin/hq/jail_PNG10.jpg,Jail,Cage.
data/thin/hq/jail_PNG36.jpg,Jail,Cage.
data/thin/hq/jail_PNG38.jpg,Jail,Cage.
data/thin/hq/jail_PNG39.jpg,Jail,Cage.
data/thin/hq/jail_PNG40.jpg,Jail,Cage.
data/thin/hq/jail_PNG45.jpg,Jail,Cage.
data/thin/hq/jail_PNG53.jpg,Jail,Cage.
data/thin/hq/jeep_PNG143.jpg,Jeep,Jeep.
data/thin/hq/kangaroo_PNG11.jpg,Kangaroo,Kangaroo.
data/thin/hq/kangaroo_PNG12.jpg,Kangaroo,Kangaroo.
data/thin/hq/kangaroo_PNG13.jpg,Kangaroo,Kangaroo.
data/thin/hq/kangaroo_PNG14.jpg,Kangaroo,Kangaroo.
data/thin/hq/kangaroo_PNG16.jpg,Kangaroo,Kangaroo.
data/thin/hq/kangaroo_PNG22.jpg,Kangaroo,Kangaroo.
data/thin/hq/kangaroo_PNG4.jpg,Kangaroo,Kangaroo.
data/thin/hq/kangaroo_PNG5.jpg,Kangaroo,Kangaroo.
data/thin/hq/kangaroo_PNG6.jpg,Kangaroo,Kangaroo.
data/thin/hq/katana_PNG12.jpg,Katana,Sword.
data/thin/hq/katana_PNG16.jpg,Katana,Sword.
data/thin/hq/katana_PNG18.jpg,Katana,None of the above.
data/thin/hq/katana_PNG2a.jpg,Katana,Katana.
data/thin/hq/katana_PNG2b.jpg,Katana,Sword.
data/thin/hq/katana_PNG3a.jpg,Katana,Sword.
data/thin/hq/katana_PNG3b.jpg,Katana,Katana.
data/thin/hq/katana_PNG4.jpg,Katana,Katana.
data/thin/hq/katana_PNG41.jpg,Katana,Sword.
data/thin/hq/katana_PNG42.jpg,Katana,Katana.
data/thin/hq/katana_PNG52.jpg,Katana,Katana.
data/thin/hq/katana_PNG6.jpg,Katana,Katana.
data/thin/hq/katana_PNG61b.jpg,Katana,Corkscrew.
data/thin/hq/katana_PNG7.jpg,Katana,Sword.
data/thin/hq/katana_PNG72.jpg,Katana,Katana.
data/thin/hq/kayak_PNG127.jpg,Kayak,Boat.
data/thin/hq/kayak_PNG135.jpg,Kayak,Kayak.
data/thin/hq/kayak_PNG152.jpg,Kayak,Kayak.
data/thin/hq/kayak_PNG39.jpg,Kayak,Kayak.
data/thin/hq/kayak_PNG48.jpg,Kayak,Kayak.
data/thin/hq/kayak_PNG50.jpg,Kayak,Kayak.
data/thin/hq/kayak_PNG52.jpg,Kayak,Kayak.
data/thin/hq/kayak_PNG65.jpg,Kayak,Kayak.
data/thin/hq/kayak_PNG72.jpg,Kayak,Kayak.
data/thin/hq/kayak_PNG98.jpg,Kayak,Kayak.
data/thin/hq/kettle_PNG8694.jpg,Kettle,Kettle.
data/thin/hq/kettle_PNG8695.jpg,Kettle,Teapot.
data/thin/hq/kettle_PNG8696.jpg,Kettle,Teapot.
data/thin/hq/kettle_PNG8698.jpg,Kettle,Kettle.
data/thin/hq/kettle_PNG8700.jpg,Kettle,Kettle.
data/thin/hq/kettle_PNG8709.jpg,Kettle,Kettle.
data/thin/hq/kettle_PNG8710.jpg,Kettle,Kettle.
data/thin/hq/kettle_PNG8711.jpg,Kettle,Kettle.
data/thin/hq/kettle_PNG8720.jpg,Kettle,Kettle.
data/thin/hq/kettle_PNG8726.jpg,Kettle,Teapot.
data/thin/hq/key_PNG1167.jpg,Key,Key.
data/thin/hq/key_PNG3378.jpg,Key,Key.
data/thin/hq/kick_scooter_PNG11384.jpg,Kick Scooter,Scooter.
data/thin/hq/kick_scooter_PNG11386.jpg,Kick Scooter,Bicycle.
data/thin/hq/kick_scooter_PNG11389.jpg,Kick Scooter,Kick Scooter.
data/thin/hq/kick_scooter_PNG11390.jpg,Kick Scooter,Kick Scooter.
data/thin/hq/kick_scooter_PNG11391.jpg,Kick Scooter,Kick Scooter.
data/thin/hq/kick_scooter_PNG11393.jpg,Kick Scooter,Kick Scooter.
data/thin/hq/kick_scooter_PNG11394.jpg,Kick Scooter,Kick Scooter.
data/thin/hq/kick_scooter_PNG11396.jpg,Kick Scooter,Kick Scooter.
data/thin/hq/ladder_PNG14772.jpg,Ladder,Ladder.
data/thin/hq/ladder_PNG14773.jpg,Ladder,Ladder.
data/thin/hq/ladder_PNG14774.jpg,Ladder,Ladder.
data/thin/hq/ladder_PNG14775.jpg,Ladder,Ladder.
data/thin/hq/ladder_PNG14778.jpg,Ladder,Ladder.
data/thin/hq/ladder_PNG14779.jpg,Ladder,Ladder.
data/thin/hq/ladder_PNG14780.jpg,Ladder,Dog.
data/thin/hq/ladder_PNG14785.jpg,Ladder,Ladder.
data/thin/hq/ladder_PNG14788.jpg,Ladder,Ladder.
data/thin/hq/ladder_PNG14789.jpg,Ladder,Ladder.
data/thin/hq/ladder_PNG14800.jpg,Ladder,Ladder.
data/thin/hq/ladder_PNG14801.jpg,Ladder,Ladder.
data/thin/hq/ladder_PNG14805.jpg,Ladder,Ladder.
data/thin/hq/ladder_PNG14807.jpg,Ladder,Ladder.
data/thin/hq/ladybug_PNG3960.jpg,Ladybug,Ladybug.
data/thin/hq/ladybug_PNG3967.jpg,Ladybug,Ladybug.
data/thin/hq/lemur_PNG15.jpg,Lemur,Lemur.
data/thin/hq/lemur_PNG26.jpg,Lemur,Lemur.
data/thin/hq/lemur_PNG33.jpg,Lemur,Lemur.
data/thin/hq/lifebuoy_PNG2.jpg,Lifebuoy,Lifebuoy.
data/thin/hq/lizard_PNG1.jpg,Lizard,Lizard.
data/thin/hq/lizard_PNG11.jpg,Lizard,Lizard.
data/thin/hq/lizard_PNG12.jpg,Lizard,Crocodile.
data/thin/hq/lizard_PNG13.jpg,Lizard,Lizard.
data/thin/hq/lizard_PNG15.jpg,Lizard,Lizard.
data/thin/hq/lizard_PNG16.jpg,Lizard,Lizard.
data/thin/hq/lizard_PNG17.jpg,Lizard,Lizard.
data/thin/hq/lizard_PNG2.jpg,Lizard,Lizard.
data/thin/hq/lizard_PNG21.jpg,Lizard,Lizard.
data/thin/hq/lizard_PNG23.jpg,Lizard,Lizard.
data/thin/hq/lizard_PNG24.jpg,Lizard,Lizard.
data/thin/hq/lizard_PNG28.jpg,Lizard,Lizard.
data/thin/hq/lizard_PNG29.jpg,Lizard,Crocodile.
data/thin/hq/lizard_PNG32.jpg,Lizard,Lizard.
data/thin/hq/lizard_PNG35.jpg,Lizard,Lizard.
data/thin/hq/lizard_PNG4.jpg,Lizard,Lizard.
data/thin/hq/lizard_PNG5.jpg,Lizard,Lizard.
data/thin/hq/lizard_PNG6.jpg,Lizard,Lizard.
data/thin/hq/lizard_PNG7.jpg,Lizard,Lizard.
data/thin/hq/lizard_PNG8.jpg,Lizard,Airplane.
data/thin/hq/lizard_PNG9.jpg,Lizard,Lizard.
data/thin/hq/lobster_PNG14231.jpg,Lobster,Lobster.
data/thin/hq/lobster_PNG14234.jpg,Lobster,Lobster.
data/thin/hq/lobster_PNG14238.jpg,Lobster,Lobster.
data/thin/hq/lobster_PNG14240.jpg,Lobster,Lobster.
data/thin/hq/lobster_PNG14242.jpg,Lobster,Lobster.
data/thin/hq/lobster_PNG14247.jpg,Lobster,Lobster.
data/thin/hq/lobster_PNG14248.jpg,Lobster,Lobster.
data/thin/hq/louboutin_PNG10835.jpg,Louboutin,Louboutin.
data/thin/hq/louboutin_PNG10838.jpg,Louboutin,Louboutin.
data/thin/hq/louboutin_PNG10841.jpg,Louboutin,Boots.
data/thin/hq/louboutin_PNG10842.jpg,Louboutin,Louboutin.
data/thin/hq/louboutin_PNG10843.jpg,Louboutin,Boots.
data/thin/hq/louboutin_PNG10845.jpg,Louboutin,Louboutin.
data/thin/hq/louboutin_PNG10846.jpg,Louboutin,Louboutin.
data/thin/hq/louboutin_PNG10849.jpg,Louboutin,Louboutin.
data/thin/hq/mantis_PNG14.jpg,Mantis,Mantis.
data/thin/hq/mantis_PNG17.jpg,Mantis,Mantis.
data/thin/hq/mantis_PNG35.jpg,Mantis,Mantis.
data/thin/hq/mantis_PNG37.jpg,Mantis,Mantis.
data/thin/hq/mantis_PNG55.jpg,Mantis,Mantis.
data/thin/hq/mantis_PNG59.jpg,Mantis,Mantis.
data/thin/hq/mantis_PNG60.jpg,Mantis,Mantis.
data/thin/hq/mantis_PNG71.jpg,Mantis,Crab.
data/thin/hq/megaphone_PNG113.jpg,Megaphone,Megaphone.
data/thin/hq/megaphone_PNG116.jpg,Megaphone,Megaphone.
data/thin/hq/megaphone_PNG14.jpg,Megaphone,Megaphone.
data/thin/hq/megaphone_PNG30.jpg,Megaphone,Megaphone.
data/thin/hq/megaphone_PNG31.jpg,Megaphone,Megaphone.
data/thin/hq/megaphone_PNG39.jpg,Megaphone,Megaphone.
data/thin/hq/megaphone_PNG91.jpg,Megaphone,Megaphone.
data/thin/hq/microphone_PNG7900.jpg,Microphone,Microphone.
data/thin/hq/microphone_PNG7920.jpg,Microphone,Microphone.
data/thin/hq/moose_PNG1.jpg,Moose,Moose.
data/thin/hq/moose_PNG13.jpg,Moose,Deer.
data/thin/hq/moose_PNG2.jpg,Moose,Deer.
data/thin/hq/moose_PNG27.jpg,Moose,Deer.
data/thin/hq/moose_PNG28.jpg,Moose,Deer.
data/thin/hq/moose_PNG39.jpg,Moose,Deer.
data/thin/hq/moose_PNG40.jpg,Moose,Deer.
data/thin/hq/moose_PNG41.jpg,Moose,Deer.
data/thin/hq/moose_PNG50.jpg,Moose,Moose.
data/thin/hq/moose_PNG64.jpg,Moose,Moose.
data/thin/hq/moose_PNG65.jpg,Moose,Deer.
data/thin/hq/mop_PNG10.jpg,Mop,Mop.
data/thin/hq/mop_PNG12.jpg,Mop,Broom.
data/thin/hq/mop_PNG13.jpg,Mop,Broom.
data/thin/hq/mop_PNG15.jpg,Mop,Spoon.
data/thin/hq/mop_PNG19.jpg,Mop,Broom.
data/thin/hq/mop_PNG20a.jpg,Mop,Broom.
data/thin/hq/mop_PNG20b.jpg,Mop,Sword.
data/thin/hq/mop_PNG21.jpg,Mop,Broom.
data/thin/hq/mop_PNG22.jpg,Mop,Cat.
data/thin/hq/mop_PNG23.jpg,Mop,Broom.
data/thin/hq/mop_PNG24.jpg,Mop,Broom.
data/thin/hq/mop_PNG25.jpg,Mop,Broom.
data/thin/hq/mop_PNG28.jpg,Mop,Broom.
data/thin/hq/mop_PNG34.jpg,Mop,Broom.
data/thin/hq/mop_PNG35.jpg,Mop,Broom.
data/thin/hq/mop_PNG36.jpg,Mop,Broom.
data/thin/hq/mop_PNG37.jpg,Mop,Broom.
data/thin/hq/mop_PNG38.jpg,Mop,Vacuum Cleaner.
data/thin/hq/mop_PNG4.jpg,Mop,Broom.
data/thin/hq/mop_PNG41.jpg,Mop,Broom.
data/thin/hq/mop_PNG44.jpg,Mop,Broom.
data/thin/hq/mop_PNG45.jpg,Mop,Broom.
data/thin/hq/mop_PNG46.jpg,Mop,Broom.
data/thin/hq/mop_PNG48.jpg,Mop,Broom.
data/thin/hq/mop_PNG52.jpg,Mop,Broom.
data/thin/hq/mop_PNG58.jpg,Mop,Vacuum cleaner.
data/thin/hq/mop_PNG6.jpg,Mop,Broom.
data/thin/hq/mop_PNG66.jpg,Mop,Mop.
data/thin/hq/mop_PNG68.jpg,Mop,Broom.
data/thin/hq/mop_PNG70.jpg,Mop,Broom.
data/thin/hq/mop_PNG71.jpg,Mop,Broom.
data/thin/hq/mop_PNG74.jpg,Mop,Broom.
data/thin/hq/mop_PNG75a.jpg,Mop,Broom.
data/thin/hq/mop_PNG75b.jpg,Mop,Graffiti.
data/thin/hq/mop_PNG78.jpg,Mop,Broom.
data/thin/hq/mop_PNG79.jpg,Mop,Broom.
data/thin/hq/mop_PNG81.jpg,Mop,Broom.
data/thin/hq/mop_PNG83.jpg,Mop,Broom.
data/thin/hq/mop_PNG84.jpg,Mop,Vacuum Cleaner.
data/thin/hq/mop_PNG85.jpg,Mop,Broom.
data/thin/hq/mop_PNG90.jpg,Mop,Bucket.
data/thin/hq/mop_PNG91.jpg,Mop,Broom.
data/thin/hq/mop_PNG92.jpg,Mop,Broom.
data/thin/hq/mortar_PNG1.jpg,Mortar,Hammer.
data/thin/hq/mortar_PNG12.jpg,Mortar,Tripod.
data/thin/hq/mortar_PNG13.jpg,Mortar,Grenade Launcher.
data/thin/hq/mortar_PNG15.jpg,Mortar,Telescope.
data/thin/hq/mortar_PNG17.jpg,Mortar,Tripod.
data/thin/hq/mortar_PNG18.jpg,Mortar,Hydrant.
data/thin/hq/mortar_PNG21.jpg,Mortar,Mortar.
data/thin/hq/mortar_PNG22.jpg,Mortar,Cannon.
data/thin/hq/mortar_PNG24.jpg,Mortar,Tripod.
data/thin/hq/mortar_PNG25.jpg,Mortar,Mortar.
data/thin/hq/mortar_PNG27.jpg,Mortar,Telescope.
data/thin/hq/mortar_PNG4.jpg,Mortar,Car.
data/thin/hq/mortar_PNG5.jpg,Mortar,Birds.
data/thin/hq/mortar_PNG7.jpg,Mortar,Tripod.
data/thin/hq/mortar_PNG8.jpg,Mortar,Bat.
data/thin/hq/mortar_PNG9.jpg,Mortar,Grenade Launcher.
data/thin/hq/mosquito_PNG18153.jpg,Mosquito,Mosquito.
data/thin/hq/mosquito_PNG18154.jpg,Mosquito,Mosquito.
data/thin/hq/mosquito_PNG18159.jpg,Mosquito,Mosquito.
data/thin/hq/mosquito_PNG18164.jpg,Mosquito,Mosquito.
data/thin/hq/mosquito_PNG18167.jpg,Mosquito,Mosquito.
data/thin/hq/mosquito_PNG18175.jpg,Mosquito,Mosquito.
data/thin/hq/mosquito_PNG18177a.jpg,Mosquito,Cage.
data/thin/hq/mosquito_PNG18177b.jpg,Mosquito,Dog.
data/thin/hq/motorcycle_PNG3131.jpg,Motorcycle,Motorcycle.
data/thin/hq/motorcycle_PNG3132.jpg,Motorcycle,Motorcycle.
data/thin/hq/motorcycle_PNG3136.jpg,Motorcycle,Motorcycle.
data/thin/hq/motorcycle_PNG3137.jpg,Motorcycle,Motorcycle.
data/thin/hq/motorcycle_PNG3147.jpg,Motorcycle,Motorcycle.
data/thin/hq/motorcycle_PNG3151.jpg,Motorcycle,Motorcycle.
data/thin/hq/motorcycle_PNG3152.jpg,Motorcycle,Motorcycle.
data/thin/hq/motorcycle_PNG3157.jpg,Motorcycle,Motorcycle.
data/thin/hq/motorcycle_PNG3158.jpg,Motorcycle,Motorcycle.
data/thin/hq/motorcycle_PNG3159.jpg,Motorcycle,Motorcycle.
data/thin/hq/motorcycle_PNG3161.jpg,Motorcycle,Motorcycle.
data/thin/hq/motorcycle_PNG3163.jpg,Motorcycle,Motorcycle.
data/thin/hq/motorcycle_PNG3167.jpg,Motorcycle,Motorcycle.
data/thin/hq/motorcycle_PNG3174.jpg,Motorcycle,Motorcycle.
data/thin/hq/motorcycle_PNG3175.jpg,Motorcycle,Motorcycle.
data/thin/hq/motorcycle_PNG3177.jpg,Motorcycle,Motorcycle.
data/thin/hq/motorcycle_PNG5348.jpg,Motorcycle,Motorcycle.
data/thin/hq/octopus_PNG1.jpg,Octopus,Octopus.
data/thin/hq/octopus_PNG11.jpg,Octopus,Octopus.
data/thin/hq/octopus_PNG16.jpg,Octopus,Octopus.
data/thin/hq/ostrich_PNG17.jpg,Ostrich,Ostrich.
data/thin/hq/ostrich_PNG76984.jpg,Ostrich,Ostrich.
data/thin/hq/paddle_PNG10494.jpg,Paddle,Toothbrush.
data/thin/hq/paddle_PNG10495a.jpg,Paddle,Paddle.
data/thin/hq/paddle_PNG10495b.jpg,Paddle,Spear.
data/thin/hq/paddle_PNG10496a.jpg,Paddle,Paddle.
data/thin/hq/paddle_PNG10496b.jpg,Paddle,Paddle.
data/thin/hq/paddle_PNG10500.jpg,Paddle,Paddle.
data/thin/hq/paddle_PNG10501.jpg,Paddle,Arrow Bow.
data/thin/hq/paddle_PNG10503.jpg,Paddle,Arrow Bow.
data/thin/hq/paddle_PNG10504.jpg,Paddle,Paddle.
data/thin/hq/paddle_PNG10505.jpg,Paddle,Paddle.
data/thin/hq/paddle_PNG10507.jpg,Paddle,Paddle.
data/thin/hq/paddle_PNG10508.jpg,Paddle,Arrow Bow.
data/thin/hq/paddle_PNG10509.jpg,Paddle,Paddle.
data/thin/hq/paddle_PNG10512.jpg,Paddle,Kayak
data/thin/hq/paddle_PNG10513.jpg,Paddle,Paddle.
data/thin/hq/paddle_PNG10514.jpg,Paddle,Paddle.
data/thin/hq/paddle_PNG10515.jpg,Paddle,Paddle.
data/thin/hq/paddle_PNG10516.jpg,Paddle,Spear.
data/thin/hq/paddle_PNG10518.jpg,Paddle,Paddle.
data/thin/hq/paddle_PNG10519.jpg,Paddle,Paddle.
data/thin/hq/paddle_PNG10520.jpg,Paddle,Paddle.
data/thin/hq/padlock_PNG9401a.jpg,Padlock,Padlock.
data/thin/hq/padlock_PNG9402.jpg,Padlock,Padlock.
data/thin/hq/padlock_PNG9420a.jpg,Padlock,Padlock.
data/thin/hq/padlock_PNG9421.jpg,Padlock,Padlock.
data/thin/hq/padlock_PNG9422.jpg,Padlock,Padlock.
data/thin/hq/padlock_PNG9424a.jpg,Padlock,Padlock.
data/thin/hq/padlock_PNG9425.jpg,Padlock,Padlock.
data/thin/hq/padlock_PNG9427.jpg,Padlock,Padlock.
data/thin/hq/padlock_PNG9428.jpg,Padlock,Padlock.
data/thin/hq/padlock_PNG9429a.jpg,Padlock,Padlock.
data/thin/hq/padlock_PNG9429b.jpg,Padlock,Padlock.
data/thin/hq/padlock_PNG9429c.jpg,Padlock,Padlock.
data/thin/hq/padlock_PNG9429d.jpg,Padlock,Padlock.
data/thin/hq/padlock_PNG9430a.jpg,Padlock,Padlock.
data/thin/hq/padlock_PNG9431.jpg,Padlock,Padlock.
data/thin/hq/padlock_PNG9432.jpg,Padlock,Padlock.
data/thin/hq/padlock_PNG9433.jpg,Padlock,Padlock.
data/thin/hq/padlock_PNG9434.jpg,Padlock,Padlock.
data/thin/hq/padlock_PNG9435.jpg,Padlock,Padlock.
data/thin/hq/padlock_PNG9436.jpg,Padlock,Padlock.
data/thin/hq/palm_tree_PNG2487.jpg,Palm Tree,Palm Tree.
data/thin/hq/parachute_PNG19417.jpg,Parachute,Parachute.
data/thin/hq/parachute_PNG19424.jpg,Parachute,Parachute.
data/thin/hq/parachute_PNG19425.jpg,Parachute,Parachute.
data/thin/hq/parachute_PNG19426.jpg,Parachute,Parachute.
data/thin/hq/pear_PNG3443.jpg,Pear,Pear.
data/thin/hq/pear_PNG3452.jpg,Pear,Pear.
data/thin/hq/pear_PNG3459.jpg,Pear,Pear.
data/thin/hq/pear_PNG3460.jpg,Pear,Pear.
data/thin/hq/pear_PNG3462.jpg,Pear,Pear.
data/thin/hq/piano_PNG10871.jpg,Piano,Piano.
data/thin/hq/piano_PNG10875.jpg,Piano,Piano.
data/thin/hq/piano_PNG10880.jpg,Piano,Piano.
data/thin/hq/piano_PNG10881.jpg,Piano,Piano.
data/thin/hq/piano_PNG10883.jpg,Piano,Piano.
data/thin/hq/piano_PNG10885.jpg,Piano,Piano.
data/thin/hq/piano_PNG10887.jpg,Piano,Piano.
data/thin/hq/piano_PNG10892.jpg,Piano,Piano.
data/thin/hq/piano_PNG10894.jpg,Piano,Piano.
data/thin/hq/pineapple_PNG2728.jpg,Pineapple,Pineapple.
data/thin/hq/pineapple_PNG2731a.jpg,Pineapple,Pineapple.
data/thin/hq/pineapple_PNG2731b.jpg,Pineapple,Pineapple.
data/thin/hq/pineapple_PNG2734.jpg,Pineapple,Pineapple.
data/thin/hq/pineapple_PNG2742.jpg,Pineapple,Pineapple.
data/thin/hq/pineapple_PNG2746.jpg,Pineapple,Pineapple.
data/thin/hq/pineapple_PNG2749.jpg,Pineapple,Pineapple.
data/thin/hq/pineapple_PNG2750.jpg,Pineapple,Pineapple.
data/thin/hq/plier_PNG10043.jpg,Plier,Plier.
data/thin/hq/plier_PNG10045.jpg,Plier,Plier.
data/thin/hq/plier_PNG10068.jpg,Plier,Plier.
data/thin/hq/plier_PNG10071.jpg,Plier,Plier.
data/thin/hq/plier_PNG10072.jpg,Plier,Plier.
data/thin/hq/plier_PNG10073.jpg,Plier,Plier.
data/thin/hq/plunger_PNG10.jpg,Plunger,Plunger.
data/thin/hq/plunger_PNG12.jpg,Plunger,Plunger.
data/thin/hq/plunger_PNG13.jpg,Plunger,Plunger.
data/thin/hq/plunger_PNG16.jpg,Plunger,Plunger.
data/thin/hq/plunger_PNG17.jpg,Plunger,Plunger.
data/thin/hq/plunger_PNG18.jpg,Plunger,Plunger.
data/thin/hq/plunger_PNG23.jpg,Plunger,Plunger.
data/thin/hq/plunger_PNG27.jpg,Plunger,Plunger.
data/thin/hq/plunger_PNG29.jpg,Plunger,Plunger.
data/thin/hq/plunger_PNG3.jpg,Plunger,Plunger.
data/thin/hq/plunger_PNG30.jpg,Plunger,Plunger.
data/thin/hq/plunger_PNG33.jpg,Plunger,Broom.
data/thin/hq/plunger_PNG4.jpg,Plunger,Megaphone.
data/thin/hq/plunger_PNG7.jpg,Plunger,Plunger.
data/thin/hq/pram_PNG17877.jpg,Pram,Pram.
data/thin/hq/pram_PNG17878.jpg,Pram,Bassinet.
data/thin/hq/pram_PNG17880.jpg,Pram,Bassinet.
data/thin/hq/pram_PNG17881.jpg,Pram,Bassinet.
data/thin/hq/pram_PNG17882.jpg,Pram,Bassinet.
data/thin/hq/pram_PNG17883.jpg,Pram,Bassinet.
data/thin/hq/pram_PNG17884.jpg,Pram,Bassinet.
data/thin/hq/pram_PNG17885.jpg,Pram,Bassinet.
data/thin/hq/pram_PNG17886.jpg,Pram,Pram.
data/thin/hq/pram_PNG17891.jpg,Pram,Bassinet.
data/thin/hq/pram_PNG17893.jpg,Pram,Shopping Cart.
data/thin/hq/pram_PNG17897.jpg,Pram,Pram.
data/thin/hq/pram_PNG17899.jpg,Pram,Pram.
data/thin/hq/pram_PNG17902.jpg,Pram,Bassinet.
data/thin/hq/pram_PNG17905.jpg,Pram,Bassinet.
data/thin/hq/pram_PNG17907.jpg,Pram,Bassinet.
data/thin/hq/pram_PNG17909.jpg,Pram,Pram.
data/thin/hq/punching_bag_PNG1.jpg,Punching Bag,Punching Bag.
data/thin/hq/punching_bag_PNG12.jpg,Punching Bag,Punching Bag.
data/thin/hq/punching_bag_PNG14.jpg,Punching Bag,Punching Bag.
data/thin/hq/punching_bag_PNG19.jpg,Punching Bag,Punching Bag.
data/thin/hq/punching_bag_PNG2.jpg,Punching Bag,Punching Bag.
data/thin/hq/punching_bag_PNG21.jpg,Punching Bag,Punching Bag.
data/thin/hq/punching_bag_PNG23.jpg,Punching Bag,Punching Bag.
data/thin/hq/punching_bag_PNG27.jpg,Punching Bag,Punching Bag.
data/thin/hq/punching_bag_PNG29.jpg,Punching Bag,Punching Bag.
data/thin/hq/punching_bag_PNG30.jpg,Punching Bag,Punching Bag.
data/thin/hq/punching_bag_PNG32.jpg,Punching Bag,Punching Bag.
data/thin/hq/punching_bag_PNG38.jpg,Punching Bag,Dry Bag.
data/thin/hq/punching_bag_PNG4.jpg,Punching Bag,Punching Bag.
data/thin/hq/punching_bag_PNG43.jpg,Punching Bag,Punching Bag.
data/thin/hq/punching_bag_PNG46.jpg,Punching Bag,Punching Bag.
data/thin/hq/punching_bag_PNG55.jpg,Punching Bag,Punching Bag.
data/thin/hq/punching_bag_PNG56.jpg,Punching Bag,Punching Bag.
data/thin/hq/punching_bag_PNG58.jpg,Punching Bag,Punching Bag.
data/thin/hq/punching_bag_PNG59.jpg,Punching Bag,Punching Bag.
data/thin/hq/punching_bag_PNG6.jpg,Punching Bag,Punching Bag.
data/thin/hq/punching_bag_PNG60.jpg,Punching Bag,Punching bag.
data/thin/hq/punching_bag_PNG64.jpg,Punching Bag,Punching Bag.
data/thin/hq/punching_bag_PNG67.jpg,Punching Bag,Punching Bag.
data/thin/hq/punching_bag_PNG70.jpg,Punching Bag,Punching Bag.
data/thin/hq/punching_bag_PNG76.jpg,Punching Bag,Punching Bag.
data/thin/hq/punching_bag_PNG77.jpg,Punching Bag,Punching Bag.
data/thin/hq/punching_bag_PNG78.jpg,Punching Bag,Punching Bag.
data/thin/hq/punching_bag_PNG79a.jpg,Punching Bag,Punching Bag.
data/thin/hq/punching_bag_PNG79b.jpg,Punching Bag,Punching Bag.
data/thin/hq/punching_bag_PNG79c.jpg,Punching Bag,Punching Bag.
data/thin/hq/punching_bag_PNG81.jpg,Punching Bag,Punching Bag.
data/thin/hq/punching_bag_PNG82.jpg,Punching Bag,Punching Bag.
data/thin/hq/radio_PNG19272.jpg,Radio,Radio.
data/thin/hq/radio_PNG19281.jpg,Radio,Radio.
data/thin/hq/radio_PNG19290.jpg,Radio,Radio.
data/thin/hq/radio_PNG19297.jpg,Radio,Radio.
data/thin/hq/rat_mouse_PNG23530.jpg,Rat Mouse,Rat Mouse.
data/thin/hq/rat_mouse_PNG23531.jpg,Rat Mouse,Rat Mouse.
data/thin/hq/rat_mouse_PNG23537.jpg,Rat Mouse,Rat Mouse.
data/thin/hq/rat_mouse_PNG23538.jpg,Rat Mouse,Rat Mouse.
data/thin/hq/rat_mouse_PNG23550.jpg,Rat Mouse,Mouse.
data/thin/hq/rat_mouse_PNG23551.jpg,Rat Mouse,Dog.
data/thin/hq/rat_mouse_PNG23552.jpg,Rat Mouse,Rat Mouse.
data/thin/hq/rat_mouse_PNG23553.jpg,Rat Mouse,Rat Mouse.
data/thin/hq/rat_mouse_PNG23554.jpg,Rat Mouse,Rat Mouse.
data/thin/hq/rat_mouse_PNG23555.jpg,Rat Mouse,Rat Mouse.
data/thin/hq/raven_PNG14.jpg,Raven,Crow.
data/thin/hq/raven_PNG22.jpg,Raven,Crow.
data/thin/hq/raven_PNG31.jpg,Raven,Crow.
data/thin/hq/raven_PNG35.jpg,Raven,Crow.
data/thin/hq/raven_PNG37.jpg,Raven,Crow.
data/thin/hq/raven_PNG42.jpg,Raven,Crow.
data/thin/hq/raven_PNG47.jpg,Raven,Birds.
data/thin/hq/raven_PNG49.jpg,Raven,Crow.
data/thin/hq/raven_PNG50.jpg,Raven,Crow.
data/thin/hq/raven_PNG52.jpg,Raven,Birds.
data/thin/hq/raven_PNG53.jpg,Raven,Crow.
data/thin/hq/raven_PNG55.jpg,Raven,Crow.
data/thin/hq/raven_PNG60.jpg,Raven,Birds.
data/thin/hq/raven_PNG7.jpg,Raven,Crow.
data/thin/hq/raven_PNG70.jpg,Raven,Crow.
data/thin/hq/raven_PNG95.jpg,Raven,Crow.
data/thin/hq/raven_PNG98.jpg,Raven,Birds.
data/thin/hq/roller_skates_PNG44.jpg,Roller Skates,Roller Skates.
data/thin/hq/roller_skates_PNG73.jpg,Roller Skates,Roller Skates.
data/thin/hq/roller_skates_PNG86.jpg,Roller Skates,Roller Skates.
data/thin/hq/roller_skates_PNG87.jpg,Roller Skates,Roller Skates.
data/thin/hq/roller_skates_PNG94.jpg,Roller Skates,Roller Skates.
data/thin/hq/rose_PNG66693.jpg,Rose,Rose.
data/thin/hq/rose_PNG66694.jpg,Rose,Rose.
data/thin/hq/rose_PNG66696.jpg,Rose,Rose.
data/thin/hq/rose_PNG66700.jpg,Rose,Rose.
data/thin/hq/rose_PNG66758.jpg,Rose,Rose.
data/thin/hq/rose_PNG66768.jpg,Rose,Rose.
data/thin/hq/rose_PNG66783.jpg,Rose,Rose.
data/thin/hq/rose_PNG66787a.jpg,Rose,Rose.
data/thin/hq/rose_PNG66787b.jpg,Rose,Rose.
data/thin/hq/rose_PNG66788a.jpg,Rose,Rose.
data/thin/hq/rose_PNG66788b.jpg,Rose,Rose.
data/thin/hq/rose_PNG66789.jpg,Rose,Rose.
data/thin/hq/rose_PNG66794.jpg,Rose,Rose.
data/thin/hq/rose_PNG66819.jpg,Rose,Rose.
data/thin/hq/rose_PNG66828.jpg,Rose,Rose.
data/thin/hq/rose_PNG66878.jpg,Rose,Rose.
data/thin/hq/rose_PNG66948.jpg,Rose,Rose.
data/thin/hq/rose_PNG66993.jpg,Rose,Rose.
data/thin/hq/rose_PNG67008.jpg,Rose,Rose.
data/thin/hq/samovar_PNG1.jpg,Samovar,Samovar.
data/thin/hq/samovar_PNG12.jpg,Samovar,Samovar.
data/thin/hq/samovar_PNG13.jpg,Samovar,Golden Cup.
data/thin/hq/samovar_PNG2.jpg,Samovar,Samovar.
data/thin/hq/samovar_PNG23.jpg,Samovar,Cat.
data/thin/hq/samovar_PNG36.jpg,Samovar,Samovar.
data/thin/hq/samovar_PNG39.jpg,Samovar,Golden Cup.
data/thin/hq/samovar_PNG42.jpg,Samovar,Samovar.
data/thin/hq/samovar_PNG43.jpg,Samovar,Samovar.
data/thin/hq/samovar_PNG45.jpg,Samovar,Samovar.
data/thin/hq/samovar_PNG55.jpg,Samovar,Samovar.
data/thin/hq/samovar_PNG6.jpg,Samovar,Kettle.
data/thin/hq/samovar_PNG66.jpg,Samovar,Samovar.
data/thin/hq/samovar_PNG67.jpg,Samovar,Samovar.
data/thin/hq/samovar_PNG68.jpg,Samovar,Samovar.
data/thin/hq/samovar_PNG88.jpg,Samovar,Vase.
data/thin/hq/samovar_PNG90.jpg,Samovar,Samovar.
data/thin/hq/samovar_PNG93.jpg,Samovar,Golden Cup.
data/thin/hq/samovar_PNG94.jpg,Samovar,Golden Cup.
data/thin/hq/samovar_PNG95.jpg,Samovar,Samovar.
data/thin/hq/sandals_PNG9671.jpg,Sandals,Sandals.
data/thin/hq/sandals_PNG9681a.jpg,Sandals,Sandals.
data/thin/hq/sandals_PNG9691.jpg,Sandals,Sandals.
data/thin/hq/sandals_PNG9695.jpg,Sandals,Sandals.
data/thin/hq/sandals_PNG9708.jpg,Sandals,Sandals.
data/thin/hq/scales_PNG22.jpg,Scales,Scales.
data/thin/hq/scales_PNG35.jpg,Scales,Scales.
data/thin/hq/scales_PNG4.jpg,Scales,Scales.
data/thin/hq/scales_PNG5.jpg,Scales,Scales.
data/thin/hq/scales_PNG61.jpg,Scales,Scales.
data/thin/hq/scales_PNG78.jpg,Scales,Scales.
data/thin/hq/scissors_PNG0.jpg,Scissors,Scissors.
data/thin/hq/scissors_PNG10.jpg,Scissors,Scissors.
data/thin/hq/scissors_PNG11.jpg,Scissors,Scissors.
data/thin/hq/scissors_PNG12.jpg,Scissors,Scissors.
data/thin/hq/scissors_PNG13.jpg,Scissors,Scissors.
data/thin/hq/scissors_PNG14.jpg,Scissors,Scissors.
data/thin/hq/scissors_PNG15.jpg,Scissors,Scissors.
data/thin/hq/scissors_PNG17.jpg,Scissors,Scissors.
data/thin/hq/scissors_PNG18.jpg,Scissors,Scissors.
data/thin/hq/scissors_PNG2.jpg,Scissors,Scissors.
data/thin/hq/scissors_PNG20.jpg,Scissors,Scissors.
data/thin/hq/scissors_PNG21.jpg,Scissors,Scissors.
data/thin/hq/scissors_PNG22a.jpg,Scissors,Scissors.
data/thin/hq/scissors_PNG22b.jpg,Scissors,Scissors.
data/thin/hq/scissors_PNG24a.jpg,Scissors,Scissors.
data/thin/hq/scissors_PNG24b.jpg,Scissors,Scissors.
data/thin/hq/scissors_PNG26.jpg,Scissors,Scissors.
data/thin/hq/scissors_PNG27.jpg,Scissors,Scissors.
data/thin/hq/scissors_PNG28.jpg,Scissors,Scissors.
data/thin/hq/scissors_PNG31.jpg,Scissors,Scissors.
data/thin/hq/scissors_PNG32.jpg,Scissors,Scissors.
data/thin/hq/scissors_PNG33.jpg,Scissors,Scissors.
data/thin/hq/scissors_PNG34.jpg,Scissors,Scissors.
data/thin/hq/scissors_PNG35.jpg,Scissors,Scissors.
data/thin/hq/scissors_PNG36.jpg,Scissors,Scissors.
data/thin/hq/scissors_PNG37.jpg,Scissors,Scissors.
data/thin/hq/scissors_PNG39b.jpg,Scissors,Scissors.
data/thin/hq/scissors_PNG41.jpg,Scissors,Scissors.
data/thin/hq/scissors_PNG5.jpg,Scissors,Scissors.
data/thin/hq/scissors_PNG6.jpg,Scissors,Scissors.
data/thin/hq/scissors_PNG8.jpg,Scissors,Scissors.
data/thin/hq/scissors_PNG9.jpg,Scissors,Scissors.
data/thin/hq/scooter_PNG11285.jpg,Scooter,Scooter.
data/thin/hq/scooter_PNG11286.jpg,Scooter,Motorcycle.
data/thin/hq/scooter_PNG11287.jpg,Scooter,Kick Scooter.
data/thin/hq/scooter_PNG11289.jpg,Scooter,Scooter.
data/thin/hq/scooter_PNG11290.jpg,Scooter,Scooter.
data/thin/hq/scooter_PNG11291.jpg,Scooter,Scooter.
data/thin/hq/scooter_PNG11298.jpg,Scooter,Scooter.
data/thin/hq/scooter_PNG11301.jpg,Scooter,Scooter.
data/thin/hq/scooter_PNG11302.jpg,Scooter,Kick Scooter.
data/thin/hq/scooter_PNG11303.jpg,Scooter,Motorcycle.
data/thin/hq/scooter_PNG11306.jpg,Scooter,Scooter.
data/thin/hq/scooter_PNG11309.jpg,Scooter,Kick Scooter.
data/thin/hq/scooter_PNG11311.jpg,Scooter,Scooter.
data/thin/hq/scooter_PNG11312.jpg,Scooter,Scooter.
data/thin/hq/scooter_PNG11316.jpg,Scooter,Scooter.
data/thin/hq/scooter_PNG11321.jpg,Scooter,Scooter.
data/thin/hq/scooter_PNG11325.jpg,Scooter,Scooter.
data/thin/hq/scooter_PNG11327.jpg,Scooter,Motorcycle.
data/thin/hq/scooter_PNG11328.jpg,Scooter,Scooter.
data/thin/hq/scooter_PNG11330.jpg,Scooter,Kick Scooter.
data/thin/hq/scooter_PNG11331.jpg,Scooter,Scooter.
data/thin/hq/scooter_PNG11332.jpg,Scooter,Scooter.
data/thin/hq/scooter_PNG11338.jpg,Scooter,Scooter.
data/thin/hq/scorpion_PNG12113a.jpg,Scorpion,Scorpion.
data/thin/hq/scorpion_PNG12113b.jpg,Scorpion,Scorpion.
data/thin/hq/scorpion_PNG12114.jpg,Scorpion,Scorpion.
data/thin/hq/scorpion_PNG12115.jpg,Scorpion,Scorpion.
data/thin/hq/scorpion_PNG12116.jpg,Scorpion,Scorpion.
data/thin/hq/scorpion_PNG12117.jpg,Scorpion,Scorpion.
data/thin/hq/scorpion_PNG12122.jpg,Scorpion,Scorpion.
data/thin/hq/scorpion_PNG12125.jpg,Scorpion,Scorpion.
data/thin/hq/scorpion_PNG12128.jpg,Scorpion,Scorpion.
data/thin/hq/scorpion_PNG12130.jpg,Scorpion,Scorpion.
data/thin/hq/scorpion_PNG12136.jpg,Scorpion,Scorpion.
data/thin/hq/scorpion_PNG12138.jpg,Scorpion,Scorpion.
data/thin/hq/screwdriver_PNG9494.jpg,Screwdriver,Screwdriver.
data/thin/hq/screwdriver_PNG9496.jpg,Screwdriver,Screwdriver.
data/thin/hq/screwdriver_PNG9497.jpg,Screwdriver,Screwdriver.
data/thin/hq/screwdriver_PNG9499.jpg,Screwdriver,Screwdriver.
data/thin/hq/screwdriver_PNG9502.jpg,Screwdriver,Screwdriver.
data/thin/hq/screwdriver_PNG9503.jpg,Screwdriver,Screwdriver.
data/thin/hq/screwdriver_PNG9510.jpg,Screwdriver,Screwdriver.
data/thin/hq/screwdriver_PNG9511.jpg,Screwdriver,Screwdriver.
data/thin/hq/screwdriver_PNG9512.jpg,Screwdriver,Screwdriver.
data/thin/hq/screwdriver_PNG9513b.jpg,Screwdriver,Screwdriver.
data/thin/hq/screwdriver_PNG9513c.jpg,Screwdriver,Screwdriver.
data/thin/hq/screwdriver_PNG9513d.jpg,Screwdriver,Screwdriver.
data/thin/hq/screwdriver_PNG9513e.jpg,Screwdriver,Screwdriver.
data/thin/hq/screwdriver_PNG9513f.jpg,Screwdriver,Screwdriver.
data/thin/hq/screwdriver_PNG9513g.jpg,Screwdriver,Screwdriver.
data/thin/hq/screwdriver_PNG9513h.jpg,Screwdriver,Screwdriver.
data/thin/hq/screwdriver_PNG9513i.jpg,Screwdriver,Screwdriver.
data/thin/hq/screwdriver_PNG9514a.jpg,Screwdriver,Screwdriver.
data/thin/hq/screwdriver_PNG9514b.jpg,Screwdriver,Screwdriver.
data/thin/hq/screwdriver_PNG9514e.jpg,Screwdriver,Screwdriver.
data/thin/hq/screwdriver_PNG9514f.jpg,Screwdriver,Screwdriver.
data/thin/hq/screwdriver_PNG9514h.jpg,Screwdriver,Screwdriver.
data/thin/hq/screwdriver_PNG9516b.jpg,Screwdriver,Screwdriver.
data/thin/hq/screwdriver_PNG9516c.jpg,Screwdriver,Screwdriver.
data/thin/hq/screwdriver_PNG9516d.jpg,Screwdriver,Screwdriver.
data/thin/hq/screwdriver_PNG9516e.jpg,Screwdriver,Screwdriver.
data/thin/hq/screwdriver_PNG9518.jpg,Screwdriver,Screwdriver.
data/thin/hq/screwdriver_PNG9519.jpg,Screwdriver,Screwdriver.
data/thin/hq/screwdriver_PNG9522.jpg,Screwdriver,Screwdriver.
data/thin/hq/screwdriver_PNG9523.jpg,Screwdriver,Screwdriver.
data/thin/hq/screwdriver_PNG9527.jpg,Screwdriver,Screwdriver.
data/thin/hq/screwdriver_PNG9528.jpg,Screwdriver,Screwdriver.
data/thin/hq/screwdriver_PNG9529.jpg,Screwdriver,Screwdriver.
data/thin/hq/seahorse_PNG11.jpg,Seahorse,Seahorse.
data/thin/hq/seahorse_PNG12.jpg,Seahorse,Seahorse.
data/thin/hq/seahorse_PNG2.jpg,Seahorse,Seahorse.
data/thin/hq/seahorse_PNG3a.jpg,Seahorse,Seahorse.
data/thin/hq/seahorse_PNG3b.jpg,Seahorse,Crocodile.
data/thin/hq/seahorse_PNG5.jpg,Seahorse,Seahorse.
data/thin/hq/seahorse_PNG8.jpg,Seahorse,Seahorse.
data/thin/hq/sewing_machine_PNG31.jpg,Sewing Machine,Sewing Machine.
data/thin/hq/sewing_machine_PNG66.jpg,Sewing Machine,Sewing Machine.
data/thin/hq/sewing_machine_PNG69.jpg,Sewing Machine,Sewing Machine.
data/thin/hq/ship_PNG5403.jpg,Ship,Ship.
data/thin/hq/ship_PNG5407.jpg,Ship,Boat.
data/thin/hq/ship_PNG5416.jpg,Ship,Boat.
data/thin/hq/shopping_cart_PNG1.jpg,Shopping Cart,Shopping cart.
data/thin/hq/shopping_cart_PNG21.jpg,Shopping Cart,Shopping Cart.
data/thin/hq/shopping_cart_PNG28.jpg,Shopping Cart,Shopping Cart.
data/thin/hq/shopping_cart_PNG30.jpg,Shopping Cart,Shopping Cart.
data/thin/hq/shopping_cart_PNG32.jpg,Shopping Cart,Shopping Cart.
data/thin/hq/shopping_cart_PNG36.jpg,Shopping Cart,Shopping cart.
data/thin/hq/shopping_cart_PNG43.jpg,Shopping Cart,Shopping Cart.
data/thin/hq/shopping_cart_PNG47.jpg,Shopping Cart,Shopping Cart.
data/thin/hq/shopping_cart_PNG49.jpg,Shopping Cart,Shopping Cart.
data/thin/hq/shopping_cart_PNG63.jpg,Shopping Cart,Shopping Cart.
data/thin/hq/shopping_cart_PNG67.jpg,Shopping Cart,Shopping Cart.
data/thin/hq/shopping_cart_PNG70.jpg,Shopping Cart,Shopping Cart.
data/thin/hq/shopping_cart_PNG72.jpg,Shopping Cart,Shopping Cart.
data/thin/hq/shopping_cart_PNG74.jpg,Shopping Cart,Shopping Cart.
data/thin/hq/shovel_PNG7595.jpg,Shovel,Shovel.
data/thin/hq/shovel_PNG7598.jpg,Shovel,Shovel.
data/thin/hq/shovel_PNG7599.jpg,Shovel,Shovel.
data/thin/hq/shovel_PNG7601.jpg,Shovel,Shovel.
data/thin/hq/shovel_PNG7604.jpg,Shovel,Shovel.
data/thin/hq/shovel_PNG7608.jpg,Shovel,Shovel.
data/thin/hq/shovel_PNG7609a.jpg,Shovel,Shovel.
data/thin/hq/shovel_PNG7609b.jpg,Shovel,Shovel.
data/thin/hq/shovel_PNG7609c.jpg,Shovel,Shovel.
data/thin/hq/shovel_PNG7611.jpg,Shovel,Shovel.
data/thin/hq/shovel_PNG7617.jpg,Shovel,Shovel.
data/thin/hq/shovel_PNG7618.jpg,Shovel,Shovel.
data/thin/hq/shrimps_PNG18255.jpg,Shrimps,Shrimps.
data/thin/hq/shrimps_PNG18257.jpg,Shrimps,Shrimps.
data/thin/hq/shrimps_PNG18261b.jpg,Shrimps,Shrimps.
data/thin/hq/shrimps_PNG18265.jpg,Shrimps,Shrimps.
data/thin/hq/shrimps_PNG18267.jpg,Shrimps,Shrimps.
data/thin/hq/shrimps_PNG18274.jpg,Shrimps,Shrimps.
data/thin/hq/shrimps_PNG18277.jpg,Shrimps,Shrimps.
data/thin/hq/skeleton_PNG42614.jpg,Skeleton,Skeleton.
data/thin/hq/skeleton_PNG42616.jpg,Skeleton,Duck.
data/thin/hq/skeleton_PNG42618b.jpg,Skeleton,Skeleton.
data/thin/hq/skeleton_PNG42619.jpg,Skeleton,Skeleton.
data/thin/hq/skeleton_PNG42621.jpg,Skeleton,Skeleton.
data/thin/hq/skeleton_PNG42624.jpg,Skeleton,Skeleton.
data/thin/hq/skeleton_PNG42627.jpg,Skeleton,Skeleton.
data/thin/hq/skeleton_PNG42629.jpg,Skeleton,Cat.
data/thin/hq/skeleton_PNG42633.jpg,Skeleton,Skeleton.
data/thin/hq/skeleton_PNG42637a.jpg,Skeleton,Skeleton.
data/thin/hq/skeleton_PNG42637b.jpg,Skeleton,Skeleton.
data/thin/hq/skeleton_PNG42639.jpg,Skeleton,Scooter.
data/thin/hq/skeleton_PNG42645.jpg,Skeleton,Skeleton.
data/thin/hq/skeleton_PNG42647.jpg,Skeleton,Skeleton.
data/thin/hq/skeleton_PNG42648.jpg,Skeleton,Skeleton.
data/thin/hq/skeleton_PNG42649.jpg,Skeleton,Skeleton.
data/thin/hq/skeleton_PNG42652.jpg,Skeleton,Skeleton.
data/thin/hq/skeleton_PNG42654.jpg,Skeleton,Skeleton.
data/thin/hq/skeleton_PNG42655.jpg,Skeleton,Skeleton.
data/thin/hq/skeleton_PNG42656.jpg,Skeleton,Skeleton.
data/thin/hq/skeleton_PNG42657.jpg,Skeleton,Skeleton.
data/thin/hq/skeleton_PNG42660.jpg,Skeleton,Skeleton.
data/thin/hq/skeleton_PNG42661.jpg,Skeleton,Skeletal Structure
data/thin/hq/skeleton_PNG42662.jpg,Skeleton,Skeleton.
data/thin/hq/skeleton_PNG42663.jpg,Skeleton,Cage.
data/thin/hq/skeleton_PNG42666a.jpg,Skeleton,Skeleton.
data/thin/hq/skeleton_PNG5531.jpg,Skeleton,Skeleton.
data/thin/hq/skeleton_PNG5532.jpg,Skeleton,Skeleton.
data/thin/hq/skeleton_PNG5536.jpg,Skeleton,Skeleton.
data/thin/hq/skeleton_PNG5538.jpg,Skeleton,Skeleton.
data/thin/hq/skeleton_PNG5539.jpg,Skeleton,Skeleton.
data/thin/hq/skeleton_PNG5545.jpg,Skeleton,Skeleton.
data/thin/hq/skeleton_PNG5557.jpg,Skeleton,Skeleton.
data/thin/hq/skeleton_PNG5558.jpg,Skeleton,Skeleton.
data/thin/hq/skeleton_PNG5565a.jpg,Skeleton,Skeleton.
data/thin/hq/skeleton_PNG5565b.jpg,Skeleton,Skeleton.
data/thin/hq/sled_PNG11.jpg,Sled,Sled.
data/thin/hq/sled_PNG15.jpg,Sled,Chair.
data/thin/hq/sled_PNG23.jpg,Sled,Toothbrush.
data/thin/hq/sled_PNG24.jpg,Sled,Sled.
data/thin/hq/sled_PNG26.jpg,Sled,Sled.
data/thin/hq/sled_PNG30.jpg,Sled,Sled.
data/thin/hq/sled_PNG33.jpg,Sled,Sled.
data/thin/hq/sled_PNG37a.jpg,Sled,Car.
data/thin/hq/sled_PNG37b.jpg,Sled,Lawnmower.
data/thin/hq/sled_PNG37c.jpg,Sled,The main object in this image is a tent.
data/thin/hq/sled_PNG37d.jpg,Sled,Wall.
data/thin/hq/sled_PNG5.jpg,Sled,Sled.
data/thin/hq/sled_PNG6.jpg,Sled,Bicycle.
data/thin/hq/snails_PNG13189.jpg,Snails,Snails.
data/thin/hq/snails_PNG13190.jpg,Snails,Snails.
data/thin/hq/snails_PNG13192.jpg,Snails,Snails.
data/thin/hq/snails_PNG13193.jpg,Snails,Snails.
data/thin/hq/snails_PNG13194.jpg,Snails,Snails.
data/thin/hq/snails_PNG13196.jpg,Snails,Snails.
data/thin/hq/snails_PNG13197.jpg,Snails,Snails.
data/thin/hq/snails_PNG13198b.jpg,Snails,Snails.
data/thin/hq/snails_PNG13198c.jpg,Snails,Snails.
data/thin/hq/snails_PNG13204.jpg,Snails,Snails.
data/thin/hq/snails_PNG13205.jpg,Snails,Snails.
data/thin/hq/snails_PNG13207.jpg,Snails,Snails.
data/thin/hq/snails_PNG13209.jpg,Snails,Snails.
data/thin/hq/snails_PNG13211.jpg,Snails,Snails.
data/thin/hq/snails_PNG13212.jpg,Snails,Snails.
data/thin/hq/snails_PNG13213.jpg,Snails,Snails.
data/thin/hq/snails_PNG13214.jpg,Snails,Snails.
data/thin/hq/snails_PNG13215.jpg,Snails,Snails.
data/thin/hq/snake_PNG4044.jpg,Snake,Snake.
data/thin/hq/snake_PNG4077.jpg,Snake,Snake.
data/thin/hq/snake_PNG4080.jpg,Snake,Snake.
data/thin/hq/snake_PNG4086.jpg,Snake,Snake.
data/thin/hq/sofa_PNG6953.jpg,Sofa,Sofa.
data/thin/hq/spear_PNG10.jpg,Spear,Spear.
data/thin/hq/spear_PNG14.jpg,Spear,Bee.
data/thin/hq/spear_PNG16.jpg,Spear,Spear.
data/thin/hq/spear_PNG17.jpg,Spear,Spear.
data/thin/hq/spear_PNG19.jpg,Spear,Spear.
data/thin/hq/spear_PNG2.jpg,Spear,Birds.
data/thin/hq/spear_PNG23.jpg,Spear,Spear.
data/thin/hq/spear_PNG27.jpg,Spear,Spear.
data/thin/hq/spear_PNG28.jpg,Spear,Spear.
data/thin/hq/spear_PNG29.jpg,Spear,Arrow Bow.
data/thin/hq/spear_PNG31.jpg,Spear,Submarine.
data/thin/hq/spear_PNG32.jpg,Spear,Spear.
data/thin/hq/spear_PNG33.jpg,Spear,Spear.
data/thin/hq/spear_PNG4.jpg,Spear,Arrow Bow.
data/thin/hq/spear_PNG40.jpg,Spear,Spear.
data/thin/hq/spear_PNG45.jpg,Spear,Umbrella.
data/thin/hq/spear_PNG5.jpg,Spear,Katana.
data/thin/hq/spear_PNG51.jpg,Spear,Spear.
data/thin/hq/spear_PNG6.jpg,Spear,Umbrella.
data/thin/hq/spear_PNG9.jpg,Spear,Tram.
data/thin/hq/spider_PNG13.jpg,Spider,Spider.
data/thin/hq/spider_PNG20.jpg,Spider,Spider.
data/thin/hq/spider_PNG22.jpg,Spider,Spider.
data/thin/hq/spider_PNG27a.jpg,Spider,Tiger.
data/thin/hq/spider_PNG27b.jpg,Spider,Spider.
data/thin/hq/spider_PNG27d.jpg,Spider,Crowd.
data/thin/hq/spider_PNG27e.jpg,Spider,Spider.
data/thin/hq/spider_PNG29.jpg,Spider,Spider.
data/thin/hq/spider_PNG2a.jpg,Spider,Gopher.
data/thin/hq/spider_PNG2b.jpg,Spider,Spider.
data/thin/hq/spider_PNG2c.jpg,Spider,Spider.
data/thin/hq/spider_PNG2d.jpg,Spider,Grenade Launcher.
data/thin/hq/spider_PNG2e.jpg,Spider,Spider.
data/thin/hq/spider_PNG2g.jpg,Spider,Canola
data/thin/hq/spider_PNG2h.jpg,Spider,House.
data/thin/hq/spider_PNG2i.jpg,Spider,Lion.
data/thin/hq/spider_PNG32.jpg,Spider,Tarantula.
data/thin/hq/spider_PNG33.jpg,Spider,Spider.
data/thin/hq/spider_PNG37.jpg,Spider,Spider.
data/thin/hq/spider_PNG39.jpg,Spider,Spider.
data/thin/hq/spider_PNG41.jpg,Spider,Spider.
data/thin/hq/spider_PNG42.jpg,Spider,Cat.
data/thin/hq/spider_PNG43.jpg,Spider,Spider.
data/thin/hq/spider_PNG44.jpg,Spider,Spider.
data/thin/hq/spider_PNG5.jpg,Spider,Spider.
data/thin/hq/spider_PNG6.jpg,Spider,Spider.
data/thin/hq/spider_PNG7.jpg,Spider,Tarantula.
data/thin/hq/spider_PNG8.jpg,Spider,Spider.
data/thin/hq/spoon_PNG3035.jpg,Spoon,Spoon.
data/thin/hq/spoon_PNG3037.jpg,Spoon,Spoon.
data/thin/hq/spoon_PNG3038.jpg,Spoon,Spoon.
data/thin/hq/spoon_PNG3039.jpg,Spoon,Spoon.
data/thin/hq/spoon_PNG3041.jpg,Spoon,Spoon.
data/thin/hq/spoon_PNG3043.jpg,Spoon,Spoon.
data/thin/hq/spoon_PNG3045.jpg,Spoon,Spoon.
data/thin/hq/spoon_PNG3046.jpg,Spoon,Spoon.
data/thin/hq/spoon_PNG3048 - Copy.jpg,Spoon,Camel.
data/thin/hq/spoon_PNG3048.jpg,Spoon,Fork.
data/thin/hq/squid_PNG3.jpg,Squid,Squid.
data/thin/hq/starfish_PNG16a.jpg,Starfish,Starfish.
data/thin/hq/starfish_PNG16b.jpg,Starfish,Starfish.
data/thin/hq/starfish_PNG4.jpg,Starfish,Starfish.
data/thin/hq/starfish_PNG6.jpg,Starfish,Starfish.
data/thin/hq/statue_of_liberty_PNG1.jpg,Statue Of Liberty,Statue Of Liberty.
data/thin/hq/statue_of_liberty_PNG11.jpg,Statue Of Liberty,Statue Of Liberty.
data/thin/hq/statue_of_liberty_PNG17.jpg,Statue Of Liberty,Statue Of Liberty.
data/thin/hq/statue_of_liberty_PNG2.jpg,Statue Of Liberty,Statue Of Liberty.
data/thin/hq/statue_of_liberty_PNG30.jpg,Statue Of Liberty,Statue Of Liberty.
data/thin/hq/statue_of_liberty_PNG5.jpg,Statue Of Liberty,Statue Of Liberty.
data/thin/hq/statue_of_liberty_PNG6.jpg,Statue Of Liberty,Statue Of Liberty.
data/thin/hq/statue_of_liberty_PNG9.jpg,Statue Of Liberty,Statue Of Liberty.
data/thin/hq/stethoscope_PNG103.jpg,Stethoscope,Stethoscope.
data/thin/hq/stethoscope_PNG111.jpg,Stethoscope,Stethoscope.
data/thin/hq/stethoscope_PNG114.jpg,Stethoscope,Stethoscope.
data/thin/hq/stethoscope_PNG117.jpg,Stethoscope,Stethoscope.
data/thin/hq/stethoscope_PNG122.jpg,Stethoscope,Stethoscope.
data/thin/hq/stethoscope_PNG13.jpg,Stethoscope,Stethoscope.
data/thin/hq/stethoscope_PNG19.jpg,Stethoscope,Stethoscope.
data/thin/hq/stethoscope_PNG33.jpg,Stethoscope,Stethoscope.
data/thin/hq/stethoscope_PNG36.jpg,Stethoscope,Stethoscope.
data/thin/hq/stethoscope_PNG38.jpg,Stethoscope,Stethoscope.
data/thin/hq/stethoscope_PNG5.jpg,Stethoscope,Stethoscope.
data/thin/hq/stethoscope_PNG62.jpg,Stethoscope,Stethoscope.
data/thin/hq/stethoscope_PNG63.jpg,Stethoscope,Stethoscope.
data/thin/hq/stethoscope_PNG65.jpg,Stethoscope,Stethoscope.
data/thin/hq/stethoscope_PNG73.jpg,Stethoscope,Stethoscope.
data/thin/hq/stethoscope_PNG75.jpg,Stethoscope,Stethoscope.
data/thin/hq/stethoscope_PNG81.jpg,Stethoscope,Cooking Pan.
data/thin/hq/stethoscope_PNG82.jpg,Stethoscope,Stethoscope.
data/thin/hq/stethoscope_PNG85.jpg,Stethoscope,Stethoscope.
data/thin/hq/stethoscope_PNG86.jpg,Stethoscope,Stethoscope.
data/thin/hq/stethoscope_PNG88.jpg,Stethoscope,Stethoscope.
data/thin/hq/stork_PNG1.jpg,Stork,Birds.
data/thin/hq/stork_PNG11.jpg,Stork,Stork.
data/thin/hq/stork_PNG12.jpg,Stork,Stork.
data/thin/hq/stork_PNG19.jpg,Stork,Stork.
data/thin/hq/stork_PNG27.jpg,Stork,Stork.
data/thin/hq/stork_PNG31.jpg,Stork,Stork.
data/thin/hq/stork_PNG39.jpg,Stork,Stork.
data/thin/hq/stork_PNG40.jpg,Stork,Crane.
data/thin/hq/stork_PNG46.jpg,Stork,Stork.
data/thin/hq/street_light_PNG11509.jpg,Street Light,Street Light.
data/thin/hq/street_light_PNG11510a.jpg,Street Light,Tennis.
data/thin/hq/street_light_PNG11510b.jpg,Street Light,Cakes.
data/thin/hq/street_light_PNG11510c.jpg,Street Light,Street Light.
data/thin/hq/street_light_PNG11510d.jpg,Street Light,Wineglass.
data/thin/hq/street_light_PNG11515.jpg,Street Light,Spear.
data/thin/hq/street_light_PNG11518.jpg,Street Light,Street Light.
data/thin/hq/street_light_PNG11519.jpg,Street Light,Street Light.
data/thin/hq/street_light_PNG11520.jpg,Street Light,Street Light.
data/thin/hq/street_light_PNG11525.jpg,Street Light,Street Light.
data/thin/hq/street_light_PNG11527.jpg,Street Light,Street Light.
data/thin/hq/street_light_PNG11531.jpg,Street Light,Street Light.
data/thin/hq/street_light_PNG11532.jpg,Street Light,Street Light.
data/thin/hq/street_light_PNG11538.jpg,Street Light,Street Light.
data/thin/hq/street_light_PNG11542.jpg,Street Light,Street Light.
data/thin/hq/street_light_PNG11543.jpg,Street Light,Street Light.
data/thin/hq/street_light_PNG11545.jpg,Street Light,Street Light.
data/thin/hq/submarine_PNG44.jpg,Submarine,Submarine.
data/thin/hq/submarine_PNG68.jpg,Submarine,Boat.
data/thin/hq/suitcase_PNG10749.jpg,Suitcase,Suitcase.
data/thin/hq/suitcase_PNG10750.jpg,Suitcase,Suitcase.
data/thin/hq/suitcase_PNG10751.jpg,Suitcase,Suitcase.
data/thin/hq/suitcase_PNG10752.jpg,Suitcase,Briefcase.
data/thin/hq/suitcase_PNG10753.jpg,Suitcase,Suitcase.
data/thin/hq/suitcase_PNG10754.jpg,Suitcase,Suitcase.
data/thin/hq/suitcase_PNG10755.jpg,Suitcase,Suitcase.
data/thin/hq/suitcase_PNG10756.jpg,Suitcase,Suitcase.
data/thin/hq/suitcase_PNG10757.jpg,Suitcase,Suitcase.
data/thin/hq/suitcase_PNG10758.jpg,Suitcase,Suitcase.
data/thin/hq/suitcase_PNG10759.jpg,Suitcase,SUITCASE.
data/thin/hq/suitcase_PNG10761.jpg,Suitcase,Suitcase.
data/thin/hq/suitcase_PNG10762.jpg,Suitcase,Suitcase.
data/thin/hq/suitcase_PNG10763.jpg,Suitcase,Suitcase.
data/thin/hq/suitcase_PNG10764.jpg,Suitcase,Suitcase.
data/thin/hq/suitcase_PNG10770.jpg,Suitcase,Suitcase.
data/thin/hq/suitcase_PNG10773.jpg,Suitcase,Suitcase.
data/thin/hq/suitcase_PNG10774.jpg,Suitcase,Suitcase.
data/thin/hq/suitcase_PNG10775.jpg,Suitcase,Suitcase.
data/thin/hq/sunflower_PNG13366a.jpg,Sunflower,Sunflower.
data/thin/hq/sunflower_PNG13366b.jpg,Sunflower,Sunflower.
data/thin/hq/sunflower_PNG13385.jpg,Sunflower,Sunflower.
data/thin/hq/sunflower_PNG13390.jpg,Sunflower,Sunflower.
data/thin/hq/sunflower_PNG13393.jpg,Sunflower,Sunflower.
data/thin/hq/sunflower_PNG13403.jpg,Sunflower,Sunflower.
data/thin/hq/sunglasses_PNG101.jpg,Sunglasses,Sunglasses.
data/thin/hq/sunglasses_PNG114a.jpg,Sunglasses,Sunglasses.
data/thin/hq/sunglasses_PNG114b.jpg,Sunglasses,Sunglasses.
data/thin/hq/sunglasses_PNG116.jpg,Sunglasses,Tiger.
data/thin/hq/sunglasses_PNG117a.jpg,Sunglasses,Sunglasses.
data/thin/hq/sunglasses_PNG117b.jpg,Sunglasses,Sunglasses.
data/thin/hq/sunglasses_PNG119.jpg,Sunglasses,Sunglasses.
data/thin/hq/sunglasses_PNG120.jpg,Sunglasses,Sunglasses.
data/thin/hq/sunglasses_PNG122.jpg,Sunglasses,Sunglasses.
data/thin/hq/sunglasses_PNG124.jpg,Sunglasses,Sunglasses.
data/thin/hq/sunglasses_PNG127.jpg,Sunglasses,Sunglasses.
data/thin/hq/sunglasses_PNG128.jpg,Sunglasses,Sunglasses.
data/thin/hq/sunglasses_PNG129.jpg,Sunglasses,Sunglasses.
data/thin/hq/sunglasses_PNG13.jpg,Sunglasses,Sunglasses.
data/thin/hq/sunglasses_PNG132.jpg,Sunglasses,Sunglasses.
data/thin/hq/sunglasses_PNG137.jpg,Sunglasses,Sunglasses.
data/thin/hq/sunglasses_PNG17.jpg,Sunglasses,Sunglasses.
data/thin/hq/sunglasses_PNG29.jpg,Sunglasses,Sunglasses.
data/thin/hq/sunglasses_PNG45.jpg,Sunglasses,Sunglasses.
data/thin/hq/sunglasses_PNG50.jpg,Sunglasses,Sunglasses.
data/thin/hq/sunglasses_PNG55.jpg,Sunglasses,Sunglasses.
data/thin/hq/sunglasses_PNG8.jpg,Sunglasses,Sunglasses.
data/thin/hq/sunglasses_PNG88.jpg,Sunglasses,Sunglasses.
data/thin/hq/sunglasses_PNG89.jpg,Sunglasses,Sunglasses.
data/thin/hq/sunglasses_PNG94.jpg,Sunglasses,Sunglasses.
data/thin/hq/sunglasses_PNG97.jpg,Sunglasses,Sunglasses.
data/thin/hq/sunglasses_PNG98.jpg,Sunglasses,Sunglasses.
data/thin/hq/swan_PNG30.jpg,Swan,Swan.
data/thin/hq/swan_PNG46.jpg,Swan,Swan.
data/thin/hq/swan_PNG51.jpg,Swan,Swan.
data/thin/hq/swan_PNG53.jpg,Swan,Swan.
data/thin/hq/sword_PNG5499.jpg,Sword,Sword.
data/thin/hq/sword_PNG5500.jpg,Sword,Sword.
data/thin/hq/sword_PNG5503.jpg,Sword,Sword.
data/thin/hq/sword_PNG5506.jpg,Sword,Sword.
data/thin/hq/sword_PNG5507.jpg,Sword,Sword.
data/thin/hq/sword_PNG5509.jpg,Sword,Sword.
data/thin/hq/sword_PNG5513.jpg,Sword,Sword.
data/thin/hq/sword_PNG5521.jpg,Sword,Sword.
data/thin/hq/sword_PNG5522.jpg,Sword,Sword.
data/thin/hq/sword_PNG5523.jpg,Sword,Sword.
data/thin/hq/sword_PNG5525.jpg,Sword,Sword.
data/thin/hq/sword_PNG5526.jpg,Sword,Sword.
data/thin/hq/syringe_PNG12375a.jpg,Syringe,Syringe.
data/thin/hq/syringe_PNG12376.jpg,Syringe,Syringe.
data/thin/hq/syringe_PNG12384.jpg,Syringe,Syringe.
data/thin/hq/syringe_PNG12386.jpg,Syringe,Syringe.
data/thin/hq/syringe_PNG12393.jpg,Syringe,Syringe.
data/thin/hq/syringe_PNG12394.jpg,Syringe,Syringe.
data/thin/hq/table_PNG6972.jpg,Table,Table.
data/thin/hq/table_PNG6973.jpg,Table,Table.
data/thin/hq/table_PNG6974.jpg,Table,Table.
data/thin/hq/table_PNG6975.jpg,Table,Dresser.
data/thin/hq/table_PNG6977.jpg,Table,Table.
data/thin/hq/table_PNG6979.jpg,Table,Table
data/thin/hq/table_PNG6981.jpg,Table,Table.
data/thin/hq/table_PNG6983.jpg,Table,Table.
data/thin/hq/table_PNG6984.jpg,Table,Table.
data/thin/hq/table_PNG6985.jpg,Table,Table.
data/thin/hq/table_PNG6986.jpg,Table,Table.
data/thin/hq/table_PNG6988.jpg,Table,Table.
data/thin/hq/table_PNG6989.jpg,Table,Dresser.
data/thin/hq/table_PNG6990.jpg,Table,Table.
data/thin/hq/table_PNG6991.jpg,Table,Table.
data/thin/hq/table_PNG6993.jpg,Table,Table.
data/thin/hq/table_PNG6995.jpg,Table,Dresser.
data/thin/hq/table_PNG6996.jpg,Table,Dresser.
data/thin/hq/table_PNG6997a.jpg,Table,Table.
data/thin/hq/table_PNG6997b.jpg,Table,Building.
data/thin/hq/table_PNG6997c.jpg,Table,Table.
data/thin/hq/table_PNG6997e.jpg,Table,Table.
data/thin/hq/table_PNG6997f.jpg,Table,Table.
data/thin/hq/table_PNG6997g.jpg,Table,Table.
data/thin/hq/table_PNG6997i.jpg,Table,Bridge.
data/thin/hq/table_PNG6998.jpg,Table,Table.
data/thin/hq/table_PNG7000.jpg,Table,Table.
data/thin/hq/table_PNG7005.jpg,Table,Table.
data/thin/hq/table_PNG7006.jpg,Table,Table.
data/thin/hq/table_PNG7007.jpg,Table,Table.
data/thin/hq/table_PNG7008.jpg,Table,Table.
data/thin/hq/tank_PNG1285.jpg,Tank,Tank.
data/thin/hq/tank_PNG1297.jpg,Tank,Tank.
data/thin/hq/tank_PNG1299.jpg,Tank,Tank.
data/thin/hq/tank_PNG1302.jpg,Tank,Tank.
data/thin/hq/tank_PNG1307.jpg,Tank,Tank.
data/thin/hq/tank_PNG1308.jpg,Tank,Tank.
data/thin/hq/tank_PNG1309.jpg,Tank,Tank.
data/thin/hq/tank_PNG1310.jpg,Tank,Tank.
data/thin/hq/tank_PNG1320.jpg,Tank,Tank.
data/thin/hq/tank_PNG1322.jpg,Tank,Tank.
data/thin/hq/tank_PNG1324.jpg,Tank,Tank.
data/thin/hq/tap_PNG1.jpg,Tap,Tap.
data/thin/hq/tap_PNG101.jpg,Tap,Bathtub.
data/thin/hq/tap_PNG11.jpg,Tap,Faucet.
data/thin/hq/tap_PNG114.jpg,Tap,Faucet.
data/thin/hq/tap_PNG115.jpg,Tap,Tap.
data/thin/hq/tap_PNG12.jpg,Tap,Birds.
data/thin/hq/tap_PNG130.jpg,Tap,Faucet.
data/thin/hq/tap_PNG131.jpg,Tap,Tap.
data/thin/hq/tap_PNG16.jpg,Tap,Tap.
data/thin/hq/tap_PNG17.jpg,Tap,Turtle.
data/thin/hq/tap_PNG19.jpg,Tap,Tap.
data/thin/hq/tap_PNG2.jpg,Tap,Tap.
data/thin/hq/tap_PNG27.jpg,Tap,Tap.
data/thin/hq/tap_PNG30.jpg,Tap,Umbrella.
data/thin/hq/tap_PNG38.jpg,Tap,Tap.
data/thin/hq/tap_PNG47.jpg,Tap,Faucet.
data/thin/hq/tap_PNG48.jpg,Tap,Tap.
data/thin/hq/tap_PNG55.jpg,Tap,Boat.
data/thin/hq/tap_PNG58.jpg,Tap,Tap.
data/thin/hq/tap_PNG6.jpg,Tap,Faucet.
data/thin/hq/tap_PNG60.jpg,Tap,Faucet.
data/thin/hq/tap_PNG61.jpg,Tap,Faucet.
data/thin/hq/tap_PNG66.jpg,Tap,Teddy bear.
data/thin/hq/tap_PNG68.jpg,Tap,Faucet.
data/thin/hq/tap_PNG73.jpg,Tap,Bicycle.
data/thin/hq/tap_PNG76.jpg,Tap,Ladder.
data/thin/hq/tap_PNG9.jpg,Tap,Kitchen Sink Faucet.
data/thin/hq/tap_PNG91.jpg,Tap,Faucet.
data/thin/hq/tap_PNG95.jpg,Tap,Faucet.
data/thin/hq/tap_PNG99.jpg,Tap,Tap.
data/thin/hq/telephone_booth_PNG37.jpg,Telephone Booth,Telephone Booth.
data/thin/hq/telephone_booth_PNG39.jpg,Telephone Booth,Telephone Booth.
data/thin/hq/telephone_booth_PNG43.jpg,Telephone Booth,Telephone booth.
data/thin/hq/telephone_booth_PNG7.jpg,Telephone Booth,Telephone Booth.
data/thin/hq/telescope_PNG1.jpg,Telescope,Telescope.
data/thin/hq/telescope_PNG101.jpg,Telescope,Telescope.
data/thin/hq/telescope_PNG102.jpg,Telescope,Telescope.
data/thin/hq/telescope_PNG105.jpg,Telescope,Telescope.
data/thin/hq/telescope_PNG107.jpg,Telescope,Telescope.
data/thin/hq/telescope_PNG112.jpg,Telescope,Telescope.
data/thin/hq/telescope_PNG114.jpg,Telescope,Telescope.
data/thin/hq/telescope_PNG13.jpg,Telescope,Telescope.
data/thin/hq/telescope_PNG17.jpg,Telescope,Tripod.
data/thin/hq/telescope_PNG18.jpg,Telescope,Telescope.
data/thin/hq/telescope_PNG19.jpg,Telescope,Telescope.
data/thin/hq/telescope_PNG2.jpg,Telescope,Telescope.
data/thin/hq/telescope_PNG35.jpg,Telescope,Telescope.
data/thin/hq/telescope_PNG40.jpg,Telescope,Telescope.
data/thin/hq/telescope_PNG41.jpg,Telescope,Telescope.
data/thin/hq/telescope_PNG43.jpg,Telescope,Telescope.
data/thin/hq/telescope_PNG52.jpg,Telescope,Telescope.
data/thin/hq/telescope_PNG53.jpg,Telescope,Telescope.
data/thin/hq/telescope_PNG57.jpg,Telescope,Telescope.
data/thin/hq/telescope_PNG60.jpg,Telescope,Telescope.
data/thin/hq/telescope_PNG61.jpg,Telescope,Telescope.
data/thin/hq/telescope_PNG63.jpg,Telescope,Telescope.
data/thin/hq/telescope_PNG67.jpg,Telescope,Telescope.
data/thin/hq/telescope_PNG69.jpg,Telescope,Telescope.
data/thin/hq/telescope_PNG75.jpg,Telescope,Cow.
data/thin/hq/telescope_PNG80.jpg,Telescope,Telescope.
data/thin/hq/telescope_PNG87.jpg,Telescope,Cow.
data/thin/hq/telescope_PNG97.jpg,Telescope,Telescope.
data/thin/hq/telescope_PNG99.jpg,Telescope,Telescope.
data/thin/hq/tent_PNG2.jpg,Tent,Tent.
data/thin/hq/tent_PNG24.jpg,Tent,Tent.
data/thin/hq/tent_PNG3.jpg,Tent,Tent.
data/thin/hq/tent_PNG30.jpg,Tent,Umbrella.
data/thin/hq/tent_PNG33.jpg,Tent,Tent.
data/thin/hq/tent_PNG34.jpg,Tent,Tent.
data/thin/hq/tent_PNG35.jpg,Tent,Tent.
data/thin/hq/tent_PNG36.jpg,Tent,Tent.
data/thin/hq/tent_PNG38.jpg,Tent,Tent.
data/thin/hq/tent_PNG4.jpg,Tent,Tent.
data/thin/hq/tent_PNG40.jpg,Tent,Tent.
data/thin/hq/tent_PNG5.jpg,Tent,Tent.
data/thin/hq/tent_PNG50.jpg,Tent,Umbrella.
data/thin/hq/tent_PNG6.jpg,Tent,Tent.
data/thin/hq/tent_PNG9.jpg,Tent,Tent.
data/thin/hq/tie_PNG8174.jpg,Tie,Tie.
data/thin/hq/tie_PNG8175.jpg,Tie,Tie.
data/thin/hq/tie_PNG8180.jpg,Tie,Tie.
data/thin/hq/tie_PNG8182.jpg,Tie,Tie.
data/thin/hq/tie_PNG8192.jpg,Tie,Tie.
data/thin/hq/tie_PNG8194.jpg,Tie,Tie.
data/thin/hq/tie_PNG8196.jpg,Tie,Tie.
data/thin/hq/tie_PNG8197.jpg,Tie,Tie.
data/thin/hq/time_bomb_PNG1.jpg,Time Bomb,Time bomb.
data/thin/hq/time_bomb_PNG11.jpg,Time Bomb,Time bomb.
data/thin/hq/time_bomb_PNG2.jpg,Time Bomb,Time bomb.
data/thin/hq/time_bomb_PNG3.jpg,Time Bomb,Time bomb.
data/thin/hq/time_bomb_PNG6.jpg,Time Bomb,Time Bomb.
data/thin/hq/time_bomb_PNG8.jpg,Time Bomb,Time bomb.
data/thin/hq/time_bomb_PNG9.jpg,Time Bomb,Time bomb.
data/thin/hq/titanic_PNG19.jpg,Titanic,Ship.
data/thin/hq/titanic_PNG3.jpg,Titanic,Ship.
data/thin/hq/titanic_PNG35.jpg,Titanic,Ship.
data/thin/hq/titanic_PNG37.jpg,Titanic,Ship.
data/thin/hq/titanic_PNG40.jpg,Titanic,Boat.
data/thin/hq/titanic_PNG5.jpg,Titanic,Ship.
data/thin/hq/titanic_PNG7.jpg,Titanic,Ship.
data/thin/hq/toothbrush_PNG102.jpg,Toothbrush,Toothbrush.
data/thin/hq/toothbrush_PNG114.jpg,Toothbrush,Toothbrush.
data/thin/hq/toothbrush_PNG119.jpg,Toothbrush,Toothbrush.
data/thin/hq/toothbrush_PNG120.jpg,Toothbrush,Toothbrush.
data/thin/hq/toothbrush_PNG121.jpg,Toothbrush,Toothbrush.
data/thin/hq/toothbrush_PNG122.jpg,Toothbrush,Toothbrush.
data/thin/hq/toothbrush_PNG124.jpg,Toothbrush,Toothbrush.
data/thin/hq/toothbrush_PNG125.jpg,Toothbrush,Toothbrush.
data/thin/hq/toothbrush_PNG126.jpg,Toothbrush,Toothbrush.
data/thin/hq/toothbrush_PNG127a.jpg,Toothbrush,Toothbrush.
data/thin/hq/toothbrush_PNG127b.jpg,Toothbrush,Toothbrush.
data/thin/hq/toothbrush_PNG128.jpg,Toothbrush,Toothbrush.
data/thin/hq/toothbrush_PNG130.jpg,Toothbrush,Toothbrush.
data/thin/hq/toothbrush_PNG132.jpg,Toothbrush,Toothbrush.
data/thin/hq/toothbrush_PNG135.jpg,Toothbrush,Toothbrush.
data/thin/hq/toothbrush_PNG137b.jpg,Toothbrush,Toothbrush.
data/thin/hq/toothbrush_PNG137c.jpg,Toothbrush,Toothbrush.
data/thin/hq/toothbrush_PNG13a.jpg,Toothbrush,Toothbrush.
data/thin/hq/toothbrush_PNG140.jpg,Toothbrush,Toothbrush.
data/thin/hq/toothbrush_PNG142.jpg,Toothbrush,Toothbrush.
data/thin/hq/toothbrush_PNG153.jpg,Toothbrush,Toothbrush.
data/thin/hq/toothbrush_PNG16.jpg,Toothbrush,Toothbrush.
data/thin/hq/toothbrush_PNG163.jpg,Toothbrush,Toothbrush.
data/thin/hq/toothbrush_PNG166.jpg,Toothbrush,Toothbrush.
data/thin/hq/toothbrush_PNG167.jpg,Toothbrush,Toothbrush.
data/thin/hq/toothbrush_PNG169.jpg,Toothbrush,Toothbrush.
data/thin/hq/toothbrush_PNG17.jpg,Toothbrush,Toothbrush.
data/thin/hq/toothbrush_PNG170.jpg,Toothbrush,Toothbrush.
data/thin/hq/toothbrush_PNG171.jpg,Toothbrush,Toothbrush.
data/thin/hq/toothbrush_PNG174.jpg,Toothbrush,Toothbrush.
data/thin/hq/toothbrush_PNG179.jpg,Toothbrush,Toothbrush.
data/thin/hq/toothbrush_PNG18.jpg,Toothbrush,Toothbrush.
data/thin/hq/toothbrush_PNG181.jpg,Toothbrush,Toothbrush.
data/thin/hq/toothbrush_PNG182a.jpg,Toothbrush,Toothbrush.
data/thin/hq/toothbrush_PNG182c.jpg,Toothbrush,Toothbrush.
data/thin/hq/toothbrush_PNG183.jpg,Toothbrush,Toothbrush.
data/thin/hq/toothbrush_PNG184.jpg,Toothbrush,Toothbrush.
data/thin/hq/toothbrush_PNG2.jpg,Toothbrush,Toothbrush.
data/thin/hq/toothbrush_PNG21.jpg,Toothbrush,Toothbrush.
data/thin/hq/toothbrush_PNG22.jpg,Toothbrush,Toothbrush.
data/thin/hq/toothbrush_PNG25.jpg,Toothbrush,Toothbrush.
data/thin/hq/toothbrush_PNG28.jpg,Toothbrush,Toothbrush.
data/thin/hq/toothbrush_PNG30.jpg,Toothbrush,Toothbrush.
data/thin/hq/toothbrush_PNG33.jpg,Toothbrush,Toothbrush.
data/thin/hq/toothbrush_PNG34.jpg,Toothbrush,Tennis Racket.
data/thin/hq/toothbrush_PNG38.jpg,Toothbrush,Toothbrush.
data/thin/hq/toothbrush_PNG42.jpg,Toothbrush,Bridge.
data/thin/hq/toothbrush_PNG45.jpg,Toothbrush,Toothbrush.
data/thin/hq/toothbrush_PNG49.jpg,Toothbrush,Toothbrush.
data/thin/hq/toothbrush_PNG51.jpg,Toothbrush,Toothbrush.
data/thin/hq/toothbrush_PNG52.jpg,Toothbrush,Toothbrush.
data/thin/hq/toothbrush_PNG54.jpg,Toothbrush,Toothbrush.
data/thin/hq/toothbrush_PNG55.jpg,Toothbrush,Toothbrush.
data/thin/hq/toothbrush_PNG56.jpg,Toothbrush,Toothbrush.
data/thin/hq/toothbrush_PNG59.jpg,Toothbrush,Toothbrush.
data/thin/hq/toothbrush_PNG65.jpg,Toothbrush,Toothbrush.
data/thin/hq/toothbrush_PNG70.jpg,Toothbrush,Toothbrush.
data/thin/hq/toothbrush_PNG77.jpg,Toothbrush,Toothbrush.
data/thin/hq/toothbrush_PNG78b.jpg,Toothbrush,Toothbrush.
data/thin/hq/toothbrush_PNG79.jpg,Toothbrush,Toothbrush.
data/thin/hq/toothbrush_PNG80.jpg,Toothbrush,Toothbrush.
data/thin/hq/toothbrush_PNG81a.jpg,Toothbrush,Toothbrush.
data/thin/hq/toothbrush_PNG81b.jpg,Toothbrush,Toothbrush.
data/thin/hq/toothbrush_PNG84.jpg,Toothbrush,Toothbrush.
data/thin/hq/toothbrush_PNG87.jpg,Toothbrush,Toothbrush.
data/thin/hq/toothbrush_PNG92.jpg,Toothbrush,Toothbrush.
data/thin/hq/toothbrush_PNG94b.jpg,Toothbrush,Toothbrush.
data/thin/hq/toothbrush_PNG98.jpg,Toothbrush,Toothbrush.
data/thin/hq/tractor_PNG16106.jpg,Tractor,Tractor.
data/thin/hq/tractor_PNG16107.jpg,Tractor,Tractor.
data/thin/hq/tractor_PNG16127.jpg,Tractor,Tractor.
data/thin/hq/tractor_PNG16128.jpg,Tractor,Tractor.
data/thin/hq/tractor_PNG16131.jpg,Tractor,Tractor.
data/thin/hq/tractor_PNG16132.jpg,Tractor,Tractor.
data/thin/hq/tractor_PNG16139.jpg,Tractor,Tractor.
data/thin/hq/tractor_PNG16164.jpg,Tractor,Tractor.
data/thin/hq/tractor_PNG16165.jpg,Tractor,Tractor.
data/thin/hq/tractor_PNG16167.jpg,Tractor,Tractor.
data/thin/hq/tractor_PNG16171.jpg,Tractor,Tractor.
data/thin/hq/tractor_PNG16174.jpg,Tractor,Tractor.
data/thin/hq/tractor_PNG16175.jpg,Tractor,Tractor.
data/thin/hq/tram_PNG15.jpg,Tram,Tram.
data/thin/hq/tram_PNG33.jpg,Tram,Tram.
data/thin/hq/trampoline_PNG1.jpg,Trampoline,Trampoline.
data/thin/hq/trampoline_PNG11.jpg,Trampoline,Trampoline.
data/thin/hq/trampoline_PNG12.jpg,Trampoline,Trampoline.
data/thin/hq/trampoline_PNG2.jpg,Trampoline,Trampoline.
data/thin/hq/trampoline_PNG27.jpg,Trampoline,Trampoline.
data/thin/hq/trampoline_PNG29.jpg,Trampoline,Trampoline.
data/thin/hq/trampoline_PNG34.jpg,Trampoline,Trampoline.
data/thin/hq/trampoline_PNG5.jpg,Trampoline,Trampoline.
data/thin/hq/trampoline_PNG57.jpg,Trampoline,Trampoline.
data/thin/hq/trampoline_PNG6.jpg,Trampoline,Trampoline.
data/thin/hq/trampoline_PNG61.jpg,Trampoline,Trampoline.
data/thin/hq/trampoline_PNG62.jpg,Trampoline,Table.
data/thin/hq/trampoline_PNG64.jpg,Trampoline,Trampoline.
data/thin/hq/trampoline_PNG65.jpg,Trampoline,Trampoline.
data/thin/hq/trampoline_PNG67.jpg,Trampoline,Trampoline.
data/thin/hq/trampoline_PNG72.jpg,Trampoline,Trampoline.
data/thin/hq/trampoline_PNG75.jpg,Trampoline,Trampoline.
data/thin/hq/trampoline_PNG82.jpg,Trampoline,Trampoline.
data/thin/hq/trampoline_PNG84.jpg,Trampoline,Trampoline.
data/thin/hq/trampoline_PNG85.jpg,Trampoline,Trampoline.
data/thin/hq/trampoline_PNG9.jpg,Trampoline,Trampoline.
data/thin/hq/treadmill_PNG101.jpg,Treadmill,Treadmill.
data/thin/hq/treadmill_PNG14.jpg,Treadmill,Treadmill.
data/thin/hq/treadmill_PNG18.jpg,Treadmill,Treadmill.
data/thin/hq/treadmill_PNG19.jpg,Treadmill,Treadmill.
data/thin/hq/treadmill_PNG28.jpg,Treadmill,Treadmill.
data/thin/hq/treadmill_PNG36.jpg,Treadmill,Treadmill.
data/thin/hq/treadmill_PNG38.jpg,Treadmill,Treadmill.
data/thin/hq/treadmill_PNG43.jpg,Treadmill,Treadmill.
data/thin/hq/treadmill_PNG6.jpg,Treadmill,Treadmill.
data/thin/hq/treadmill_PNG7.jpg,Treadmill,Treadmill.
data/thin/hq/treadmill_PNG75.jpg,Treadmill,Treadmill.
data/thin/hq/treadmill_PNG8.jpg,Treadmill,Treadmill.
data/thin/hq/treadmill_PNG9.jpg,Treadmill,Treadmill.
data/thin/hq/treadmill_PNG94.jpg,Treadmill,Treadmill.
data/thin/hq/treadmill_PNG99.jpg,Treadmill,Treadmill.
data/thin/hq/tripod_PNG1.jpg,Tripod,Tripod.
data/thin/hq/tripod_PNG100.jpg,Tripod,Tripod.
data/thin/hq/tripod_PNG102.jpg,Tripod,Tripod.
data/thin/hq/tripod_PNG109.jpg,Tripod,Tripod.
data/thin/hq/tripod_PNG112.jpg,Tripod,Tripod.
data/thin/hq/tripod_PNG114.jpg,Tripod,Tripod.
data/thin/hq/tripod_PNG115.jpg,Tripod,Tripod.
data/thin/hq/tripod_PNG116.jpg,Tripod,Tripod.
data/thin/hq/tripod_PNG117.jpg,Tripod,Tripod.
data/thin/hq/tripod_PNG12.jpg,Tripod,Tripod.
data/thin/hq/tripod_PNG120.jpg,Tripod,Tripod.
data/thin/hq/tripod_PNG131.jpg,Tripod,Tripod.
data/thin/hq/tripod_PNG132.jpg,Tripod,Tripod.
data/thin/hq/tripod_PNG133.jpg,Tripod,Tripod.
data/thin/hq/tripod_PNG135.jpg,Tripod,Tripod.
data/thin/hq/tripod_PNG139.jpg,Tripod,Camera.
data/thin/hq/tripod_PNG141.jpg,Tripod,Tripod.
data/thin/hq/tripod_PNG144.jpg,Tripod,Tripod.
data/thin/hq/tripod_PNG146.jpg,Tripod,Tripod.
data/thin/hq/tripod_PNG16.jpg,Tripod,Tripod.
data/thin/hq/tripod_PNG17.jpg,Tripod,Tripod.
data/thin/hq/tripod_PNG2.jpg,Tripod,Tripod.
data/thin/hq/tripod_PNG30.jpg,Tripod,Boat.
data/thin/hq/tripod_PNG33.jpg,Tripod,Tripod.
data/thin/hq/tripod_PNG36.jpg,Tripod,Tripod.
data/thin/hq/tripod_PNG40.jpg,Tripod,Tripod.
data/thin/hq/tripod_PNG43.jpg,Tripod,Tripod.
data/thin/hq/tripod_PNG46.jpg,Tripod,Tripod.
data/thin/hq/tripod_PNG48.jpg,Tripod,Tripod.
data/thin/hq/tripod_PNG49.jpg,Tripod,Video Camera.
data/thin/hq/tripod_PNG52.jpg,Tripod,Tripod.
data/thin/hq/tripod_PNG54.jpg,Tripod,Tripod.
data/thin/hq/tripod_PNG58.jpg,Tripod,Video Camera.
data/thin/hq/tripod_PNG63.jpg,Tripod,Tripod.
data/thin/hq/tripod_PNG65.jpg,Tripod,Tripod.
data/thin/hq/tripod_PNG67.jpg,Tripod,Tripod.
data/thin/hq/tripod_PNG72.jpg,Tripod,Tripod.
data/thin/hq/tripod_PNG73.jpg,Tripod,Tripod.
data/thin/hq/tripod_PNG74.jpg,Tripod,Tripod.
data/thin/hq/tripod_PNG76.jpg,Tripod,Tripod.
data/thin/hq/tripod_PNG77.jpg,Tripod,Tripod.
data/thin/hq/tripod_PNG78.jpg,Tripod,Tripod.
data/thin/hq/tripod_PNG86.jpg,Tripod,Tripod.
data/thin/hq/tripod_PNG88.jpg,Tripod,Tripod.
data/thin/hq/tripod_PNG91.jpg,Tripod,Tripod.
data/thin/hq/tripod_PNG92.jpg,Tripod,Tripod.
data/thin/hq/tripod_PNG93.jpg,Tripod,Tripod.
data/thin/hq/tripod_PNG94.jpg,Tripod,Tripod.
data/thin/hq/tripod_PNG95.jpg,Tripod,Tripod.
data/thin/hq/tripod_PNG97.jpg,Tripod,Tripod.
data/thin/hq/tripod_PNG99.jpg,Tripod,Tripod.
data/thin/hq/trolleybus_PNG10.jpg,Trolleybus,Trolleybus.
data/thin/hq/trolleybus_PNG11.jpg,Trolleybus,Trolleybus.
data/thin/hq/trolleybus_PNG2.jpg,Trolleybus,Tram.
data/thin/hq/trolleybus_PNG26.jpg,Trolleybus,Trolleybus.
data/thin/hq/trolleybus_PNG30.jpg,Trolleybus,Trolleybus.
data/thin/hq/trombone_PNG1.jpg,Trombone,Trombone.
data/thin/hq/trombone_PNG10.jpg,Trombone,Trombone.
data/thin/hq/trombone_PNG12.jpg,Trombone,Trombone.
data/thin/hq/trombone_PNG13.jpg,Trombone,Trombone.
data/thin/hq/trombone_PNG14.jpg,Trombone,Trombone.
data/thin/hq/trombone_PNG16.jpg,Trombone,Trombone.
data/thin/hq/trombone_PNG17.jpg,Trombone,Trombone.
data/thin/hq/trombone_PNG18.jpg,Trombone,Trombone.
data/thin/hq/trombone_PNG2.jpg,Trombone,Trombone.
data/thin/hq/trombone_PNG20.jpg,Trombone,Trombone.
data/thin/hq/trombone_PNG29.jpg,Trombone,Trombone.
data/thin/hq/trombone_PNG3.jpg,Trombone,Trombone.
data/thin/hq/trombone_PNG31.jpg,Trombone,Trombone.
data/thin/hq/trombone_PNG33.jpg,Trombone,Trombone.
data/thin/hq/trombone_PNG37.jpg,Trombone,Trombone.
data/thin/hq/trombone_PNG38.jpg,Trombone,Trombone.
data/thin/hq/trombone_PNG39.jpg,Trombone,Trombone.
data/thin/hq/trombone_PNG4.jpg,Trombone,Trombone.
data/thin/hq/trombone_PNG40.jpg,Trombone,Trombone.
data/thin/hq/trombone_PNG45.jpg,Trombone,Trombone.
data/thin/hq/trombone_PNG46.jpg,Trombone,Trombone.
data/thin/hq/trombone_PNG5.jpg,Trombone,Trombone.
data/thin/hq/trombone_PNG52.jpg,Trombone,Trombone.
data/thin/hq/trombone_PNG54.jpg,Trombone,Trombone.
data/thin/hq/trombone_PNG55.jpg,Trombone,Trumpet Saxophone.
data/thin/hq/trombone_PNG56.jpg,Trombone,Trumpet Saxophone.
data/thin/hq/trombone_PNG7.jpg,Trombone,Trombone.
data/thin/hq/trombone_PNG8.jpg,Trombone,Trombone.
data/thin/hq/trombone_PNG9.jpg,Trombone,Trombone.
data/thin/hq/trumpet_saxophone_PNG14721.jpg,Trumpet Saxophone,Trombone.
data/thin/hq/trumpet_saxophone_PNG14723.jpg,Trumpet Saxophone,Trombone.
data/thin/hq/trumpet_saxophone_PNG14724.jpg,Trumpet Saxophone,Trombone.
data/thin/hq/trumpet_saxophone_PNG14726.jpg,Trumpet Saxophone,Trumpet Saxophone.
data/thin/hq/trumpet_saxophone_PNG14727.jpg,Trumpet Saxophone,Trumpet Saxophone.
data/thin/hq/trumpet_saxophone_PNG14728.jpg,Trumpet Saxophone,Trumpet Saxophone.
data/thin/hq/trumpet_saxophone_PNG14729.jpg,Trumpet Saxophone,Trombone.
data/thin/hq/trumpet_saxophone_PNG14730.jpg,Trumpet Saxophone,Trumpet Saxophone.
data/thin/hq/trumpet_saxophone_PNG14731.jpg,Trumpet Saxophone,Saxophone.
data/thin/hq/trumpet_saxophone_PNG14734.jpg,Trumpet Saxophone,Saxophone.
data/thin/hq/trumpet_saxophone_PNG14735.jpg,Trumpet Saxophone,Trumpet Saxophone.
data/thin/hq/trumpet_saxophone_PNG14738.jpg,Trumpet Saxophone,Trumpet Saxophone.
data/thin/hq/trumpet_saxophone_PNG14739.jpg,Trumpet Saxophone,Saxophone.
data/thin/hq/trumpet_saxophone_PNG14740.jpg,Trumpet Saxophone,Trumpet Saxophone.
data/thin/hq/trumpet_saxophone_PNG14743.jpg,Trumpet Saxophone,Trumpet Saxophone.
data/thin/hq/trumpet_saxophone_PNG14744.jpg,Trumpet Saxophone,Trumpet Saxophone.
data/thin/hq/trumpet_saxophone_PNG14745.jpg,Trumpet Saxophone,Trumpet Saxophone.
data/thin/hq/trumpet_saxophone_PNG14746.jpg,Trumpet Saxophone,Saxophone.
data/thin/hq/trumpet_saxophone_PNG14747.jpg,Trumpet Saxophone,Trumpet Saxophone.
data/thin/hq/trumpet_saxophone_PNG14748.jpg,Trumpet Saxophone,Trumpet Saxophone.
data/thin/hq/trumpet_saxophone_PNG14753.jpg,Trumpet Saxophone,Saxophone.
data/thin/hq/trumpet_saxophone_PNG14754.jpg,Trumpet Saxophone,Trumpet Saxophone.
data/thin/hq/trumpet_saxophone_PNG14755.jpg,Trumpet Saxophone,Trombone.
data/thin/hq/trumpet_saxophone_PNG14756.jpg,Trumpet Saxophone,Trumpet Saxophone.
data/thin/hq/trumpet_saxophone_PNG14757.jpg,Trumpet Saxophone,Trombone.
data/thin/hq/trumpet_saxophone_PNG14758.jpg,Trumpet Saxophone,Saxophone.
data/thin/hq/trumpet_saxophone_PNG14759.jpg,Trumpet Saxophone,Trumpet Saxophone.
data/thin/hq/trumpet_saxophone_PNG14760.jpg,Trumpet Saxophone,Saxophone.
data/thin/hq/trumpet_saxophone_PNG14769.jpg,Trumpet Saxophone,Trombone.
data/thin/hq/tulip_PNG8978.jpg,Tulip,Tulip.
data/thin/hq/tulip_PNG8979.jpg,Tulip,Tulip.
data/thin/hq/tulip_PNG8980.jpg,Tulip,Tulip.
data/thin/hq/tulip_PNG8983.jpg,Tulip,Tulip.
data/thin/hq/tulip_PNG8995.jpg,Tulip,Tulip.
data/thin/hq/tulip_PNG8997.jpg,Tulip,Tulip.
data/thin/hq/tulip_PNG9000.jpg,Tulip,Tulip.
data/thin/hq/tulip_PNG9003.jpg,Tulip,Tulip.
data/thin/hq/tulip_PNG9004.jpg,Tulip,Tulip.
data/thin/hq/tulip_PNG9005.jpg,Tulip,Tulip.
data/thin/hq/tulip_PNG9006.jpg,Tulip,Tulip.
data/thin/hq/tulip_PNG9009.jpg,Tulip,Tulip.
data/thin/hq/tulip_PNG9019.jpg,Tulip,Tulip.
data/thin/hq/tulip_PNG9020.jpg,Tulip,Tulip.
data/thin/hq/tulip_PNG9022.jpg,Tulip,Tulip.
data/thin/hq/tulip_PNG9023.jpg,Tulip,Tulip.
data/thin/hq/tulip_PNG9024.jpg,Tulip,Tulip.
data/thin/hq/tulip_PNG9025.jpg,Tulip,Tulip.
data/thin/hq/tulip_PNG9026.jpg,Tulip,Tulip.
data/thin/hq/turkey_PNG58546.jpg,Turkey,Birds.
data/thin/hq/turkey_PNG58547.jpg,Turkey,Birds.
data/thin/hq/turkey_PNG58548.jpg,Turkey,Birds.
data/thin/hq/turkey_PNG58549.jpg,Turkey,Turkey.
data/thin/hq/turkey_PNG58559.jpg,Turkey,Turkey.
data/thin/hq/turkey_PNG58579.jpg,Turkey,Turkey.
data/thin/hq/turkey_PNG58588.jpg,Turkey,Birds.
data/thin/hq/turkey_PNG58599.jpg,Turkey,Turkey.
data/thin/hq/turkey_PNG58605.jpg,Turkey,Turkey.
data/thin/hq/turtle_PNG55.jpg,Turtle,Turtle.
data/thin/hq/turtle_PNG63.jpg,Turtle,Turtle.
data/thin/hq/typewriter_PNG10.jpg,Typewriter,Typewriter.
data/thin/hq/typewriter_PNG11.jpg,Typewriter,Typewriter.
data/thin/hq/typewriter_PNG19.jpg,Typewriter,Typewriter.
data/thin/hq/typewriter_PNG2.jpg,Typewriter,Typewriter.
data/thin/hq/typewriter_PNG21.jpg,Typewriter,Typewriter.
data/thin/hq/typewriter_PNG27.jpg,Typewriter,Typewriter.
data/thin/hq/typewriter_PNG3.jpg,Typewriter,Typewriter.
data/thin/hq/typewriter_PNG33.jpg,Typewriter,Typewriter.
data/thin/hq/typewriter_PNG4.jpg,Typewriter,Typewriter.
data/thin/hq/typewriter_PNG43.jpg,Typewriter,Typewriter.
data/thin/hq/typewriter_PNG45.jpg,Typewriter,Typewriter.
data/thin/hq/typewriter_PNG5.jpg,Typewriter,Typewriter.
data/thin/hq/typewriter_PNG55.jpg,Typewriter,Typewriter.
data/thin/hq/typewriter_PNG56.jpg,Typewriter,Typewriter.
data/thin/hq/typewriter_PNG58.jpg,Typewriter,Typewriter.
data/thin/hq/typewriter_PNG59.jpg,Typewriter,Typewriter.
data/thin/hq/typewriter_PNG6.jpg,Typewriter,Typewriter.
data/thin/hq/typewriter_PNG60.jpg,Typewriter,Typewriter.
data/thin/hq/typewriter_PNG62.jpg,Typewriter,Typewriter.
data/thin/hq/typewriter_PNG63.jpg,Typewriter,Typewriter.
data/thin/hq/typewriter_PNG64.jpg,Typewriter,Typewriter.
data/thin/hq/typewriter_PNG68.jpg,Typewriter,Typewriter.
data/thin/hq/typewriter_PNG75.jpg,Typewriter,Typewriter.
data/thin/hq/typewriter_PNG76.jpg,Typewriter,Typewriter.
data/thin/hq/typewriter_PNG77.jpg,Typewriter,Typewriter.
data/thin/hq/typewriter_PNG78b.jpg,Typewriter,Typewriter.
data/thin/hq/typewriter_PNG81.jpg,Typewriter,Typewriter.
data/thin/hq/typewriter_PNG87.jpg,Typewriter,Typewriter.
data/thin/hq/typewriter_PNG9.jpg,Typewriter,Typewriter.
data/thin/hq/typewriter_PNG93.jpg,Typewriter,Typewriter.
data/thin/hq/typewriter_PNG98.jpg,Typewriter,Typewriter.
data/thin/hq/umbrella_PNG500.jpg,Umbrella,Umbrella.
data/thin/hq/umbrella_PNG69117.jpg,Umbrella,Umbrella.
data/thin/hq/umbrella_PNG69123.jpg,Umbrella,Umbrella.
data/thin/hq/umbrella_PNG69124.jpg,Umbrella,Umbrella.
data/thin/hq/umbrella_PNG69129a.jpg,Umbrella,Umbrella.
data/thin/hq/umbrella_PNG69129b.jpg,Umbrella,Umbrella.
data/thin/hq/umbrella_PNG69129c.jpg,Umbrella,Umbrella.
data/thin/hq/umbrella_PNG69129d.jpg,Umbrella,Umbrella.
data/thin/hq/umbrella_PNG69129e.jpg,Umbrella,Market.
data/thin/hq/umbrella_PNG69129f.jpg,Umbrella,Umbrella.
data/thin/hq/umbrella_PNG69130.jpg,Umbrella,Umbrella.
data/thin/hq/umbrella_PNG69145.jpg,Umbrella,Umbrella.
data/thin/hq/umbrella_PNG69217.jpg,Umbrella,Umbrella.
data/thin/hq/umbrella_PNG69225.jpg,Umbrella,Umbrella.
data/thin/hq/umbrella_PNG69226a.jpg,Umbrella,Umbrella.
data/thin/hq/umbrella_PNG69226b.jpg,Umbrella,Flamingo.
data/thin/hq/umbrella_PNG69226c.jpg,Umbrella,Ship.
data/thin/hq/umbrella_PNG69226e.jpg,Umbrella,Tiger.
data/thin/hq/umbrella_PNG69226f.jpg,Umbrella,Umbrella.
data/thin/hq/umbrella_PNG69226g.jpg,Umbrella,Umbrella.
data/thin/hq/umbrella_PNG69226h.jpg,Umbrella,Building.
data/thin/hq/umbrella_PNG69227b.jpg,Umbrella,Umbrella.
data/thin/hq/umbrella_PNG69227d.jpg,Umbrella,Umbrella.
data/thin/hq/umbrella_PNG69227e.jpg,Umbrella,Sunflower.
data/thin/hq/umbrella_PNG69230.jpg,Umbrella,Umbrella.
data/thin/hq/umbrella_PNG69231.jpg,Umbrella,Umbrella.
data/thin/hq/umbrella_PNG69232.jpg,Umbrella,Umbrella.
data/thin/hq/umbrella_PNG69233.jpg,Umbrella,Umbrella.
data/thin/hq/umbrella_PNG69234.jpg,Umbrella,Umbrella.
data/thin/hq/vacuum_cleaner_PNG1.jpg,Vacuum Cleaner,Vacuum Cleaner.
data/thin/hq/vacuum_cleaner_PNG10.jpg,Vacuum Cleaner,Vacuum Cleaner.
data/thin/hq/vacuum_cleaner_PNG17.jpg,Vacuum Cleaner,Vacuum Cleaner.
data/thin/hq/vacuum_cleaner_PNG19.jpg,Vacuum Cleaner,Vacuum Cleaner.
data/thin/hq/vacuum_cleaner_PNG20.jpg,Vacuum Cleaner,Vacuum Cleaner.
data/thin/hq/vacuum_cleaner_PNG21.jpg,Vacuum Cleaner,Vacuum Cleaner.
data/thin/hq/vacuum_cleaner_PNG23.jpg,Vacuum Cleaner,Vacuum Cleaner.
data/thin/hq/vacuum_cleaner_PNG28.jpg,Vacuum Cleaner,Vacuum Cleaner.
data/thin/hq/vacuum_cleaner_PNG29.jpg,Vacuum Cleaner,Vacuum Cleaner.
data/thin/hq/vacuum_cleaner_PNG33.jpg,Vacuum Cleaner,Vacuum Cleaner.
data/thin/hq/vacuum_cleaner_PNG43.jpg,Vacuum Cleaner,Backpack.
data/thin/hq/vacuum_cleaner_PNG44.jpg,Vacuum Cleaner,Vacuum Cleaner.
data/thin/hq/vacuum_cleaner_PNG45.jpg,Vacuum Cleaner,Vacuum Cleaner.
data/thin/hq/vacuum_cleaner_PNG46.jpg,Vacuum Cleaner,Vacuum Cleaner.
data/thin/hq/vacuum_cleaner_PNG47.jpg,Vacuum Cleaner,Vacuum Cleaner.
data/thin/hq/vacuum_cleaner_PNG48.jpg,Vacuum Cleaner,Vacuum Cleaner.
data/thin/hq/vacuum_cleaner_PNG49.jpg,Vacuum Cleaner,Vacuum Cleaner.
data/thin/hq/vacuum_cleaner_PNG50.jpg,Vacuum Cleaner,Vacuum Cleaner.
data/thin/hq/vacuum_cleaner_PNG52.jpg,Vacuum Cleaner,Vacuum Cleaner.
data/thin/hq/vacuum_cleaner_PNG53.jpg,Vacuum Cleaner,Vacuum Cleaner.
data/thin/hq/vacuum_cleaner_PNG54.jpg,Vacuum Cleaner,Vacuum Cleaner.
data/thin/hq/vacuum_cleaner_PNG56.jpg,Vacuum Cleaner,Vacuum Cleaner.
data/thin/hq/vacuum_cleaner_PNG7.jpg,Vacuum Cleaner,Vacuum Cleaner.
data/thin/hq/vacuum_cleaner_PNG8.jpg,Vacuum Cleaner,Vacuum Cleaner.
data/thin/hq/vase_PNG123.jpg,Vase,Vase.
data/thin/hq/vase_PNG153.jpg,Vase,Vase.
data/thin/hq/vase_PNG179a.jpg,Vase,Vase.
data/thin/hq/vase_PNG179b.jpg,Vase,Vase.
data/thin/hq/vase_PNG81.jpg,Vase,Vase.
data/thin/hq/vase_PNG94.jpg,Vase,Tulip.
data/thin/hq/vase_PNG96.jpg,Vase,Vase.
data/thin/hq/video_camera_PNG7856.jpg,Video Camera,Video Camera.
data/thin/hq/video_camera_PNG7864.jpg,Video Camera,Video Camera.
data/thin/hq/video_camera_PNG7868.jpg,Video Camera,Video Camera.
data/thin/hq/video_camera_PNG7870.jpg,Video Camera,Video Camera.
data/thin/hq/video_camera_PNG7875.jpg,Video Camera,Video Camera.
data/thin/hq/video_camera_PNG7880.jpg,Video Camera,Video Camera.
data/thin/hq/video_camera_PNG7891.jpg,Video Camera,Video Camera.
data/thin/hq/violin_PNG12820.jpg,Violin,Violin.
data/thin/hq/violin_PNG12821.jpg,Violin,Spear.
data/thin/hq/violin_PNG12822.jpg,Violin,Violin.
data/thin/hq/violin_PNG12839.jpg,Violin,Violin.
data/thin/hq/wedding_cake_PNG19427.jpg,Wedding Cake,Wedding Cake.
data/thin/hq/wedding_cake_PNG19465.jpg,Wedding Cake,Wedding Cake.
data/thin/hq/wedding_cake_PNG19467.jpg,Wedding Cake,Wedding Cake.
data/thin/hq/wheelchair_PNG17838.jpg,Wheelchair,Wheelchair.
data/thin/hq/wheelchair_PNG17840.jpg,Wheelchair,Wheelchair.
data/thin/hq/wheelchair_PNG17845.jpg,Wheelchair,Wheelchair.
data/thin/hq/wheelchair_PNG17846.jpg,Wheelchair,Wheelchair.
data/thin/hq/wheelchair_PNG17849.jpg,Wheelchair,Wheelchair.
data/thin/hq/wheelchair_PNG17852.jpg,Wheelchair,Wheelchair.
data/thin/hq/wheelchair_PNG17854.jpg,Wheelchair,Wheelchair.
data/thin/hq/wheelchair_PNG17855.jpg,Wheelchair,Wheelchair.
data/thin/hq/wheelchair_PNG17858.jpg,Wheelchair,Wheelchair.
data/thin/hq/wheelchair_PNG17861.jpg,Wheelchair,Wheelchair.
data/thin/hq/wheelchair_PNG17863.jpg,Wheelchair,Wheelchair.
data/thin/hq/wheelchair_PNG17865.jpg,Wheelchair,Wheelchair.
data/thin/hq/wheelchair_PNG17869.jpg,Wheelchair,Wheelchair.
data/thin/hq/wheelchair_PNG17875.jpg,Wheelchair,Wheelchair.
data/thin/hq/wheelchair_PNG82761.jpg,Wheelchair,Wheelchair.
data/thin/hq/wheelchair_PNG82762.jpg,Wheelchair,Wheelchair.
data/thin/hq/wheelchair_PNG82763.jpg,Wheelchair,Wheelchair.
data/thin/hq/wheelchair_PNG82765.jpg,Wheelchair,Wheelchair.
data/thin/hq/wheelchair_PNG82771.jpg,Wheelchair,Wheelchair.
data/thin/hq/wheelchair_PNG82773.jpg,Wheelchair,Wheelchair.
data/thin/hq/wheelchair_PNG82774.jpg,Wheelchair,Wheelchair.
data/thin/hq/wheelchair_PNG82775.jpg,Wheelchair,Wheelchair.
data/thin/hq/wheelchair_PNG82777.jpg,Wheelchair,Wheelchair.
data/thin/hq/wheelchair_PNG82778.jpg,Wheelchair,Wheelchair.
data/thin/hq/wheelchair_PNG82783.jpg,Wheelchair,Wheelchair.
data/thin/hq/wheelchair_PNG82784.jpg,Wheelchair,Wheelchair.
data/thin/hq/wheelchair_PNG82790.jpg,Wheelchair,Wheelchair.
data/thin/hq/wheelchair_PNG82792.jpg,Wheelchair,Wheelchair.
data/thin/hq/wheelchair_PNG82794.jpg,Wheelchair,Wheelchair.
data/thin/hq/wheelchair_PNG82799.jpg,Wheelchair,Wheelchair.
data/thin/hq/wheelchair_PNG82800.jpg,Wheelchair,Wheelchair.
data/thin/hq/wheelchair_PNG82801.jpg,Wheelchair,Wheelchair.
data/thin/hq/wheelchair_PNG82803.jpg,Wheelchair,Wheelchair.
data/thin/hq/wheelchair_PNG82804.jpg,Wheelchair,Wheelchair.
data/thin/hq/wheelchair_PNG82810.jpg,Wheelchair,Wheelchair.
data/thin/hq/wheelchair_PNG82812.jpg,Wheelchair,Wheelchair.
data/thin/hq/wheelchair_PNG82814.jpg,Wheelchair,Wheelchair.
data/thin/hq/wheelchair_PNG82816.jpg,Wheelchair,Wheelchair.
data/thin/hq/wineglass_PNG2833.jpg,Wineglass,Wineglass.
data/thin/hq/wineglass_PNG2837.jpg,Wineglass,Wineglass.
data/thin/hq/wineglass_PNG2838.jpg,Wineglass,Wineglass.
data/thin/hq/wineglass_PNG2845a.jpg,Wineglass,Wineglass.
data/thin/hq/wineglass_PNG2845b.jpg,Wineglass,Wineglass.
data/thin/hq/wineglass_PNG2856.jpg,Wineglass,Wineglass.
data/thin/hq/wineglass_PNG2857.jpg,Wineglass,Cocktail.
data/thin/hq/wineglass_PNG2861.jpg,Wineglass,Wineglass.
data/thin/hq/wineglass_PNG2863.jpg,Wineglass,Wineglass.
data/thin/hq/wineglass_PNG2870.jpg,Wineglass,Wineglass.
data/thin/hq/wineglass_PNG2871.jpg,Wineglass,Goblet
data/thin/hq/wineglass_PNG2872.jpg,Wineglass,Wineglass.
data/thin/hq/wineglass_PNG2873.jpg,Wineglass,Wineglass.
data/thin/hq/wineglass_PNG2874.jpg,Wineglass,Wineglass.
data/thin/hq/wineglass_PNG2875.jpg,Wineglass,Wineglass.
data/thin/hq/wineglass_PNG2876.jpg,Wineglass,Wineglass.
data/thin/hq/wineglass_PNG2877.jpg,Wineglass,Wineglass.
data/thin/hq/wineglass_PNG2878.jpg,Wineglass,Wineglass.
data/thin/hq/wineglass_PNG2879.jpg,Wineglass,Wineglass.
data/thin/hq/wineglass_PNG2880.jpg,Wineglass,Glass
data/thin/hq/wineglass_PNG2881.jpg,Wineglass,Wineglass.
data/thin/hq/wineglass_PNG2887.jpg,Wineglass,Wineglass.
data/thin/hq/wineglass_PNG2891.jpg,Wineglass,Wineglass.
data/thin/hq/wineglass_PNG2896.jpg,Wineglass,Wineglass.
data/thin/hq/wineglass_PNG2898a.jpg,Wineglass,Wineglass.
data/thin/hq/wineglass_PNG2898b.jpg,Wineglass,Wineglass.
data/thin/hq/wineglass_PNG2900.jpg,Wineglass,Wineglass.
data/thin/hq/wineglass_PNG2901.jpg,Wineglass,Wineglass.
data/thin/hq/wineglass_PNG2902.jpg,Wineglass,Wineglass.
data/thin/hq/wineglass_PNG2909a.jpg,Wineglass,Wineglass.
data/thin/hq/wineglass_PNG2909b.jpg,Wineglass,Wineglass.
data/thin/hq/wineglass_PNG2917b.jpg,Wineglass,Rabbit.
data/thin/hq/wrench_PNG1107.jpg,Wrench,Wrench.
data/thin/hq/wrench_PNG1108.jpg,Wrench,Wrench.
data/thin/hq/wrench_PNG1109.jpg,Wrench,Wrench.
data/thin/hq/wrench_PNG1112.jpg,Wrench,Plier.
data/thin/hq/wrench_PNG1113.jpg,Wrench,Wrench.
data/thin/hq/wrench_PNG1115.jpg,Wrench,Wrench.
data/thin/hq/wrench_PNG1117.jpg,Wrench,Wrench.
data/thin/hq/wrench_PNG1119.jpg,Wrench,Wrench.
data/thin/hq/wrench_PNG3117.jpg,Wrench,Wrench.
data/thin/hq/wrench_PNG3118a.jpg,Wrench,Wrench.
data/thin/hq/wrench_PNG3118c.jpg,Wrench,Wrench.
data/thin/hq/wrench_PNG3118e.jpg,Wrench,Wrench.
data/thin/hq/wrench_PNG3120.jpg,Wrench,Wrench.
data/thin/hq/wrench_PNG3122.jpg,Wrench,Wrench.
data/thin/hq/wrench_PNG3124.jpg,Wrench,Wrench.
data/thin/hq/wrench_PNG3125.jpg,Wrench,Wrench.
data/thin/hq/wrench_PNG3127.jpg,Wrench,Wrench.
data/thin/hq/wrench_PNG3128.jpg,Wrench,Wrench.
